gesture,collector,source_dataset,session_dir,mmwave_frame_count,mmwave_energy_mean,mmwave_energy_std,mmwave_energy_min,mmwave_energy_max,mmwave_energy_first,mmwave_energy_last,mmwave_energy_delta,mmwave_point_count_mean,mmwave_point_count_std,mmwave_velocity_abs_mean,mmwave_velocity_std,mmwave_velocity_abs_max,imu_line_count,imu_record_count,imu_ax_mean,imu_ax_std,imu_ax_min,imu_ax_max,imu_ay_mean,imu_ay_std,imu_ay_min,imu_ay_max,imu_az_mean,imu_az_std,imu_az_min,imu_az_max,imu_gx_mean,imu_gx_std,imu_gx_min,imu_gx_max,imu_gy_mean,imu_gy_std,imu_gy_min,imu_gy_max,imu_gz_mean,imu_gz_std,imu_gz_min,imu_gz_max,imu_accel_mag_mean,imu_accel_mag_std,uwb_count,uwb_mean_cm,uwb_std_cm,uwb_min_cm,uwb_max_cm,uwb_median_cm,uwb_range_cm,uwb_q25_cm,uwb_q75_cm,uwb_iqr_cm,uwb_first_cm,uwb_last_cm,uwb_delta_cm,uwb_abs_delta_cm,uwb_mean_abs_step_cm,uwb_max_abs_step_cm,uwb_slope_cm_per_sample
pull,andrew,combined_augmented,/Users/vibha/COSMOS-Cluster10/labs/Cosmos-Gesture-Recognition-/data/processed/combined_augmented/sessions/andrew_pull_001,31.0,351651.4354838709,72343.29074283948,259070.66666666663,474842.3333333333,300984.5,268104.0,-32880.5,4.290322580645161,2.3898560048460484,2.6086703211301376,3.5514965930357545,11.537918945958369,301.0,301.0,0.7762895902547065,0.1069874460339905,0.5259999999999999,0.9713333333333332,-0.0514573643410852,0.0698541565853414,-0.2266666666666666,0.1026666666666666,-0.6048433001107419,0.1272633708914402,-0.831,-0.3633333333333333,6.63437984496124,11.58200265121494,-22.736666666666665,41.873333333333335,6.474761904761905,10.38272012949155,-17.233333333333334,32.46333333333333,-3.599468438538206,9.029152649968378,-27.47666666666667,12.86,1.0013584142071,0.0301995801299251,151.0,63.65562913907285,6.747445850761061,55.0,78.0,61.0,23.0,58.5,69.33333333333333,10.833333333333329,69.0,56.0,-13.0,13.0,0.8066666666666664,4.0,-0.1390682003020799
pull,andrew,combined_augmented,/Users/vibha/COSMOS-Cluster10/labs/Cosmos-Gesture-Recognition-/data/processed/combined_augmented/sessions/andrew_pull_002,31.0,368338.0322580645,81355.3111727066,258466.3333333333,537796.3333333334,326138.5,262416.5,-63722.0,3.887096774193549,2.214884115019228,2.278856914925054,1.520579348620396,6.243223648489442,301.0,301.0,0.7546561461794019,0.1249685902953846,0.4436666666666666,0.9113333333333332,0.0579114064230343,0.0742045992637922,-0.128,0.2183333333333333,-0.6223333333333333,0.1405905024131102,-0.8916666666666666,-0.331,3.8654485049833887,8.149025792439375,-21.87333333333333,31.77,8.201827242524917,11.248167839900734,-20.30666666666667,42.64333333333333,-5.403842746400885,7.79677342131465,-26.07333333333333,9.91,1.000183273917732,0.0260957236786452,151.0,66.15728476821192,6.079104641724233,55.333333333333336,77.66666666666667,63.66666666666666,22.333333333333336,61.5,72.875,11.375,72.75,64.5,-8.25,8.25,0.8683333333333332,3.333333333333336,-0.1169347624026958
pull,andrew,combined_augmented,/Users/vibha/COSMOS-Cluster10/labs/Cosmos-Gesture-Recognition-/data/processed/combined_augmented/sessions/andrew_pull_003,30.0,309838.68333333335,61953.66902862215,254512.66666666663,435316.3333333333,325523.0,431919.5,106396.5,2.183333333333333,2.6006943517282286,2.3397663898639567,1.2784488534345992,4.733885006266959,301.0,301.0,0.6077098560354374,0.0394349553789256,0.4073333333333333,0.7086666666666667,0.0204496124031007,0.0473209214775486,-0.0883333333333333,0.1756666666666666,-0.7879911406423035,0.0341908405817732,-0.9715,-0.7056666666666667,1.0526965669988926,7.349685658901079,-27.656666666666663,21.75,1.238028792912514,9.515969497608848,-37.88333333333333,34.803333333333335,-5.10030454042082,8.514465171419586,-36.36666666666667,8.036666666666667,0.9976153931655526,0.0196575612642499,151.0,72.51434878587195,2.055610245280065,68.16666666666667,77.0,72.66666666666667,8.833333333333329,71.33333333333333,73.83333333333334,2.500000000000014,70.5,68.5,-2.0,2.0,0.8466666666666667,2.6666666666666714,0.0025508307191817
pull,andrew,combined_augmented,/Users/vibha/COSMOS-Cluster10/labs/Cosmos-Gesture-Recognition-/data/processed/combined_augmented/sessions/andrew_pull_004,31.0,374357.9247311828,53826.78605303306,300415.0,474429.0,317652.5,317274.5,-378.0,4.220430107526881,2.3200030499818483,1.7410650026924213,1.2455622175652887,4.603227225668634,300.0,300.0,0.7488922222222222,0.0955665060973472,0.5323333333333334,0.874,0.0935227777777777,0.08410094442752,-0.1296666666666666,0.269,-0.6297216666666666,0.1263421906798433,-0.8650000000000001,-0.3756666666666666,3.792233333333333,9.673936787843155,-24.32333333333333,42.46,7.347016666666667,10.186176099739658,-15.24,29.65333333333333,-6.30662037037037,9.35958787469142,-31.61666666666667,18.726666666666667,0.9985585216994348,0.0344180441938612,150.0,68.20666666666666,4.2595543349030125,61.333333333333336,77.33333333333333,68.0,15.999999999999991,64.66666666666667,72.25,7.583333333333329,75.5,65.0,-10.5,10.5,0.7438478747203581,3.333333333333343,-0.07275701142273
pull,andrew,combined_augmented,/Users/vibha/COSMOS-Cluster10/labs/Cosmos-Gesture-Recognition-/data/processed/combined_augmented/sessions/andrew_pull_005,30.0,367775.5388888888,67328.87175517899,286134.3333333333,501341.0,286911.5,291656.0,4744.5,3.627777777777778,2.946335870488698,2.4127225423216747,2.74463719410598,12.376504463657389,300.0,300.0,0.7120183333333333,0.0514650289121256,0.5966666666666667,0.8593333333333333,0.2028377777777777,0.1146201628837883,0.01,0.4243333333333333,-0.6503294444444445,0.0902977381654621,-0.925,-0.4593333333333333,2.3104666666666667,13.10152122934444,-34.88333333333333,39.54,4.8908,9.30102323964651,-14.69,32.62333333333333,-7.9664222222222225,9.579867227075493,-39.81333333333334,6.706666666666667,0.9970916204207132,0.0281081901418628,151.0,72.67439293598233,3.751954441223458,62.0,80.33333333333333,73.66666666666667,18.33333333333333,69.66666666666667,75.41666666666666,5.749999999999986,76.5,71.5,-5.0,5.0,1.106666666666667,5.666666666666671,-0.0157819216916466
pull,andrew,combined_augmented,/Users/vibha/COSMOS-Cluster10/labs/Cosmos-Gesture-Recognition-/data/processed/combined_augmented/sessions/andrew_pull_006,30.0,396936.4722222222,60344.52064392092,305294.0,517902.3333333333,405712.5,305294.0,-100418.5,5.061111111111112,2.5692207109799647,2.233068111971958,1.7535296732695635,7.272604437776565,301.0,301.0,0.695718715393134,0.0683185751319373,0.4233333333333333,0.8450000000000001,0.2397740863787375,0.1061518223641875,-0.0126666666666666,0.4393333333333333,-0.6520498338870432,0.1084916031507488,-1.0313333333333332,-0.4733333333333333,1.971378737541528,9.591008345121804,-31.516666666666666,27.26333333333333,6.667115171650056,10.611448527875512,-57.803333333333335,29.796666666666663,-7.661561461794021,9.59368447851977,-31.746666666666663,13.02,0.9965071859176216,0.0369408011176001,151.0,73.2251655629139,3.262354095121115,66.33333333333333,80.0,73.66666666666667,13.666666666666671,70.5,76.16666666666666,5.666666666666657,73.0,76.5,3.5,3.5,0.714444444444444,3.3333333333333286,-0.0175113279888465
pull,andrew,combined_augmented,/Users/vibha/COSMOS-Cluster10/labs/Cosmos-Gesture-Recognition-/data/processed/combined_augmented/sessions/andrew_pull_007,30.0,367219.7611111112,46853.395050149134,306094.3333333333,465331.3333333333,315561.0,342008.5,26447.5,4.666666666666668,2.0362456375143685,2.3047165279720887,1.7252400136000254,6.788227634462039,302.0,302.0,0.792567880794702,0.0667162190241175,0.6416666666666667,0.9125,0.215796357615894,0.0487977744019732,0.0463333333333333,0.3393333333333333,-0.5551363134657836,0.0969016488635734,-0.7673333333333333,-0.3656666666666666,3.410568432671082,6.251430242438516,-19.826666666666664,16.55333333333333,6.602417218543046,7.388133989581115,-12.713333333333331,28.106666666666666,-2.67953642384106,8.738112215067417,-33.666666666666664,20.883333333333336,0.9992181903010078,0.0263335251645294,151.0,70.52207505518763,4.543398772524927,60.333333333333336,78.33333333333333,71.0,17.999999999999993,66.83333333333334,74.16666666666666,7.333333333333314,77.0,75.0,-2.0,2.0,0.92,4.333333333333329,-0.0269501568490766
pull,andrew,combined_augmented,/Users/vibha/COSMOS-Cluster10/labs/Cosmos-Gesture-Recognition-/data/processed/combined_augmented/sessions/andrew_pull_008,30.0,368211.8777777779,44154.904018230365,297394.3333333333,475177.6666666667,310488.0,344877.5,34389.5,5.222222222222222,1.7348995772694962,2.729103230364396,2.408675225681243,8.406728615282592,301.0,301.0,0.6979125138427463,0.1076548559975471,0.477,0.9213333333333334,0.1369878183831672,0.0692560386669961,0.009,0.3436666666666667,-0.6746057585825027,0.135807537788245,-0.9163333333333332,-0.3806666666666666,2.909241417497232,8.136575281709009,-13.316666666666665,30.51,9.797281284606866,10.685788028093391,-29.916666666666668,29.08333333333333,-6.205177187153931,7.878740576347206,-17.30333333333333,15.443333333333332,0.99751858644185,0.0269590951482427,150.0,66.83,3.847991137487643,55.333333333333336,74.66666666666667,66.66666666666667,19.333333333333336,64.33333333333333,69.33333333333333,5.0,74.0,57.0,-17.0,17.0,0.8053691275167785,3.333333333333336,-0.0733760018963807
push,andrew,combined_augmented,/Users/vibha/COSMOS-Cluster10/labs/Cosmos-Gesture-Recognition-/data/processed/combined_augmented/sessions/andrew_push_001,30.0,386248.1222222222,107050.76998646167,273208.0,604894.0,281126.5,278927.5,-2199.0,3.783333333333333,3.0231054673409368,2.8919396914838384,2.386667234331953,8.86225912744804,301.0,301.0,0.6981866002214839,0.1173595088145275,0.4976666666666666,1.017,0.2044767441860465,0.0566175786828076,0.0146666666666666,0.3506666666666667,-0.659046511627907,0.1565663443724111,-0.866,-0.2346666666666666,-6.869208194905871,15.498639185378442,-54.28333333333333,23.896666666666665,-9.067275747508306,14.807607164407308,-54.03666666666667,12.453333333333331,3.6247674418604654,9.225249789859564,-23.71333333333333,47.18000000000001,1.0020356499593397,0.0321551404361448,151.0,71.09381898454744,5.658444235828248,60.0,78.0,73.66666666666667,18.0,65.33333333333333,76.0,10.666666666666671,64.0,76.0,12.0,12.0,0.6711111111111115,3.0,0.1107511327988843
push,andrew,combined_augmented,/Users/vibha/COSMOS-Cluster10/labs/Cosmos-Gesture-Recognition-/data/processed/combined_augmented/sessions/andrew_push_002,31.0,466970.3440860215,187509.6095750443,291386.6666666667,905330.0,295834.0,316229.5,20395.5,5.016129032258066,3.05925789215852,2.0895614899974606,1.9741070410154573,6.037034105080307,301.0,301.0,0.7192303433001108,0.1094842858250646,0.5493333333333333,0.9306666666666668,0.2133139534883721,0.0615064565559179,0.017,0.454,-0.6295016611295682,0.1547629341813747,-0.8996666666666666,-0.302,-6.097098560354375,9.899233348666773,-44.05666666666667,12.409999999999998,-10.21016057585825,11.98459369482151,-45.32666666666668,11.06,5.526085271317829,9.25385668423773,-19.00333333333333,27.1,0.998800079961717,0.0344570739748167,151.0,70.1832229580574,6.162964503322858,59.66666666666666,77.0,73.33333333333333,17.333333333333336,63.41666666666667,75.66666666666667,12.25,61.5,74.5,13.0,13.0,0.5377777777777777,2.3333333333333286,0.1245980016265828
push,andrew,combined_augmented,/Users/vibha/COSMOS-Cluster10/labs/Cosmos-Gesture-Recognition-/data/processed/combined_augmented/sessions/andrew_push_003,31.0,403476.7419354838,144647.61326308706,256281.0,742271.3333333334,292987.0,256281.0,-36706.0,3.897849462365592,2.4321168779078794,1.8920403320236148,3.729400593900481,18.44589465234476,302.0,302.0,0.7442091611479029,0.1205315647853209,0.5866666666666667,0.982,0.1679817880794702,0.0778213845844595,-0.0091666666666666,0.41,-0.6064580573951435,0.1717860541137869,-0.8329999999999999,-0.2836666666666667,-5.672119205298013,12.14034647425424,-30.926666666666662,38.50666666666666,-10.83737306843267,15.716836639502215,-57.71,28.67,3.0188410596026487,12.645817997333516,-33.833333333333336,35.04333333333333,0.9996576484587684,0.0252109562778424,150.0,68.7911111111111,5.675121560182094,59.0,77.0,70.66666666666667,18.0,62.66666666666666,74.0,11.333333333333336,61.5,75.0,13.5,13.5,0.9004474272930646,2.6666666666666714,0.117566114049513
push,andrew,combined_augmented,/Users/vibha/COSMOS-Cluster10/labs/Cosmos-Gesture-Recognition-/data/processed/combined_augmented/sessions/andrew_push_004,30.0,359422.1944444443,98443.44232297268,243858.0,546085.6666666666,285261.5,243858.0,-41403.5,4.016666666666668,3.0859148352426007,1.8390439282704656,1.1938808664929148,5.143996067108265,301.0,301.0,0.6893111849390919,0.1505847997707039,0.4961111111111111,0.9556666666666668,0.1156926910299003,0.058117478862306,-0.0876666666666666,0.2413333333333333,-0.6709285714285715,0.1913398884401658,-0.955,-0.2893333333333333,-6.40454042081949,8.786253255667592,-39.00333333333334,15.543333333333337,-12.055974529346624,15.496790767058128,-68.13666666666667,8.586666666666668,5.415354374307863,10.872818146215794,-11.926666666666668,40.986666666666665,1.000123073480068,0.0331371463984121,150.0,68.52111111111113,5.678139276139766,56.5,77.0,70.5,20.5,63.66666666666666,73.66666666666667,10.000000000000009,68.5,74.5,6.0,6.0,0.8702460850111862,3.333333333333336,0.1112567965983671
push,andrew,combined_augmented,/Users/vibha/COSMOS-Cluster10/labs/Cosmos-Gesture-Recognition-/data/processed/combined_augmented/sessions/andrew_push_005,30.0,381167.1833333334,108142.42385506624,262580.6666666667,576194.6666666666,321790.0,262908.5,-58881.5,3.933333333333333,3.167426809350548,2.2022822636097583,1.563206950336954,5.371915479533744,301.0,301.0,0.7346146179401993,0.1393524537701856,0.5016666666666666,0.9926666666666666,0.1407308970099667,0.094841350740237,-0.0656666666666666,0.325,-0.5971616832779624,0.2328492706207543,-0.8930000000000001,-0.0733333333333333,-5.333246585455888,11.02123839868625,-40.906666666666666,35.11666666666667,-15.02280177187154,15.342131277355744,-52.06333333333333,7.516666666666667,5.802585825027686,12.270142329552847,-9.410000000000002,51.36333333333334,0.9989635423053428,0.027758069014384,151.0,69.08057395143489,6.515873901896862,56.333333333333336,78.0,70.0,21.666666666666664,62.58333333333333,75.0,12.416666666666671,62.5,74.5,12.0,12.0,0.8133333333333329,2.333333333333343,0.1286876960613451
push,andrew,combined_augmented,/Users/vibha/COSMOS-Cluster10/labs/Cosmos-Gesture-Recognition-/data/processed/combined_augmented/sessions/andrew_push_006,30.0,401876.4611111112,94719.57589488468,289552.0,608481.6666666666,303052.5,304050.0,997.5,4.6,3.3237640420775065,1.6943926908840734,1.366237329662337,6.666405556956295,302.0,302.0,0.6620717439293599,0.1326192786592035,0.4603333333333333,0.904,0.1321396247240618,0.0851558914625345,-0.059,0.3573333333333333,-0.7002008830022075,0.1651080056768523,-0.96,-0.3486666666666667,-4.2815452538631344,9.373505896343746,-32.92,14.486666666666666,-10.220745033112582,13.151558763115183,-51.52666666666666,7.48,7.681903973509935,9.772750880703086,-7.739999999999999,39.49333333333333,0.9985623775614664,0.0324712437272822,151.0,70.15673289183222,5.086373655026531,61.66666666666666,77.66666666666667,70.33333333333333,16.000000000000007,65.58333333333334,75.16666666666666,9.583333333333314,64.5,75.0,10.5,10.5,0.6966666666666667,3.666666666666672,0.1032915069129774
push,andrew,combined_augmented,/Users/vibha/COSMOS-Cluster10/labs/Cosmos-Gesture-Recognition-/data/processed/combined_augmented/sessions/andrew_push_007,30.0,357309.2,67858.9013866327,252892.0,472171.6666666667,303113.5,252892.0,-50221.5,4.822222222222221,2.427822272666252,1.5595935903085134,1.225730087080655,6.298284453957857,302.0,302.0,0.6707251655629138,0.1132462035201514,0.4726666666666666,0.8553333333333333,0.023871412803532,0.0614158966820425,-0.1773333333333333,0.1676666666666666,-0.7204459161147903,0.1208874873695668,-0.952,-0.4526666666666667,-6.166407284768213,8.755271128415087,-31.55333333333333,27.75333333333333,-7.792731788079469,9.072021322516058,-37.193333333333335,14.253333333333332,6.044740618101546,9.841505667769177,-22.906666666666663,34.71,0.9995560775978288,0.03978011352261,151.0,67.36423841059603,7.633246092987885,55.333333333333336,79.66666666666667,67.0,24.333333333333336,60.16666666666667,75.66666666666667,15.5,63.0,73.5,10.5,10.5,0.8433333333333334,2.6666666666666714,0.1498727779714183
push,andrew,combined_augmented,/Users/vibha/COSMOS-Cluster10/labs/Cosmos-Gesture-Recognition-/data/processed/combined_augmented/sessions/andrew_push_008,30.0,359515.76666666666,90040.99527007232,251595.5,494147.0,290526.5,251595.5,-38931.0,4.205555555555555,2.842365776932403,1.9170576462994355,1.8137287487423923,6.775954992798253,301.0,301.0,0.6383875968992249,0.1294194910666494,0.4306666666666667,0.898,0.0976843853820598,0.056151465098887,-0.077,0.2366666666666666,-0.7389916943521595,0.1274574532375277,-0.9163333333333332,-0.4586666666666666,-7.364396456256921,11.07321867776676,-38.446666666666665,12.696666666666664,-8.803244739756368,12.38497516616984,-58.303333333333335,10.956666666666663,8.033637873754152,11.564058039630709,-9.42,45.34666666666666,0.99938030793209,0.0240100301493536,151.0,69.03421633554082,8.976704787656704,50.0,80.33333333333333,72.0,30.33333333333333,60.0,77.83333333333334,17.833333333333343,59.5,77.0,17.5,17.5,0.8166666666666665,4.0,0.1924021145579179
clockwise,andrew,combined_augmented,/Users/vibha/COSMOS-Cluster10/labs/Cosmos-Gesture-Recognition-/data/processed/combined_augmented/sessions/andrew_clockwise_001,30.0,541743.9166666666,58745.54317255417,440024.6666666667,651023.8333333334,562392.5,454974.5,-107418.0,8.05,1.2180357593728974,2.084614438028669,1.360402793197358,5.765753582316671,302.0,302.0,0.311099889624724,0.6055559977035502,-0.9353333333333332,1.0623333333333334,0.1725789183222958,0.3075047498822652,-0.289,1.143,-0.56716059602649,0.6644957217130794,-1.657,0.3593333333333333,-42.42587748344371,85.70297740770773,-253.91666666666663,119.01,-12.112615894039738,85.66430940809211,-238.93,142.07000000000002,-39.74704194260486,89.30953332794348,-220.34333333333333,155.03333333333333,1.085853949776438,0.4146935827134582,151.0,133.42825607064017,72.9652904092228,27.0,345.6666666666667,124.66666666666669,318.6666666666667,84.66666666666667,152.5,67.83333333333333,124.5,127.5,3.0,3.0,8.06074074074074,66.99999999999997,-0.1444324387126762
clockwise,andrew,combined_augmented,/Users/vibha/COSMOS-Cluster10/labs/Cosmos-Gesture-Recognition-/data/processed/combined_augmented/sessions/andrew_clockwise_002,30.0,485538.59444444446,99450.5342014374,295166.0,596596.6666666666,301294.5,363238.0,61943.5,6.75,1.2101040665380196,3.807283926315885,3.462382192585697,15.913383070160254,301.0,301.0,0.3135287929125139,0.5406180338544625,-0.9456666666666664,1.0473333333333332,0.1584961240310077,0.3096914134742216,-0.288,1.2033333333333334,-0.5802763012181616,0.6669271153592272,-1.647333333333333,0.3816666666666666,-37.300348837209306,78.77206714859531,-215.9466666666667,113.33666666666666,-8.396306755260248,88.28057177209661,-250.42666666666665,143.17333333333332,-36.82095238095238,81.01194942402365,-230.0,122.75666666666666,1.0759248178494918,0.3680979553307857,148.0,106.13513513513512,45.222895507458745,27.0,253.66666666666663,113.33333333333331,226.66666666666663,66.91666666666667,138.58333333333334,71.66666666666667,113.0,135.5,22.5,22.5,4.812925170068027,48.66666666666666,-0.0664921872975563
clockwise,andrew,combined_augmented,/Users/vibha/COSMOS-Cluster10/labs/Cosmos-Gesture-Recognition-/data/processed/combined_augmented/sessions/andrew_clockwise_003,30.0,479005.0500000001,56579.31275889445,383628.3333333333,575250.3333333334,425028.0,514593.5,89565.5,7.883333333333334,1.5771223208156095,2.7493055044505312,1.8012568830742175,6.755767264189807,301.0,301.0,0.330157253599114,0.5656301792112398,-0.8456666666666667,1.285,0.0583372093023256,0.3664135065384856,-0.8473333333333333,0.8303333333333333,-0.6132879291251385,0.5639425666675203,-1.5483333333333331,0.267,-45.48401993355481,78.26263658410193,-252.94,85.32000000000001,-22.15087486157254,78.24481234902171,-196.2266666666667,105.28666666666668,-30.916367663344406,88.96596594119607,-214.4033333333333,156.95666666666668,1.0743752501985486,0.3263043422521651,149.0,143.2639821029083,69.29706099164974,37.0,299.6666666666667,143.0,262.6666666666667,84.66666666666667,200.66666666666663,116.0,223.5,172.5,-51.0,51.0,10.862612612612615,82.33333333333334,-0.657287623193663
clockwise,andrew,combined_augmented,/Users/vibha/COSMOS-Cluster10/labs/Cosmos-Gesture-Recognition-/data/processed/combined_augmented/sessions/andrew_clockwise_004,30.0,487745.53888888896,92761.8910265206,302587.0,675514.3333333334,302587.0,428104.0,125517.0,5.65,1.5470102587703616,2.665947158822109,2.0834902763212013,9.050659750713107,302.0,302.0,0.2263173289183223,0.6810651014324447,-1.1713333333333331,1.002,0.2317279249448123,0.1942279607682525,-0.174,0.65,-0.531103200883002,0.5670409953092908,-1.4863333333333335,0.257,-49.76595474613687,59.38455791022258,-178.26999999999998,64.04,-4.906942604856509,89.5471447112393,-200.8633333333333,160.76,-37.6064238410596,83.23781087624843,-239.33,106.42666666666666,1.0490595816182238,0.3310160604349159,150.0,146.9588888888889,77.31707124941505,39.66666666666666,347.0,127.58333333333334,307.3333333333333,96.41666666666669,208.41666666666663,112.0,130.5,115.0,-15.5,15.5,8.663310961968682,61.0,-0.7273683274812213
clockwise,andrew,combined_augmented,/Users/vibha/COSMOS-Cluster10/labs/Cosmos-Gesture-Recognition-/data/processed/combined_augmented/sessions/andrew_clockwise_005,30.0,502300.8666666666,114174.25647679306,280233.5,712964.6666666666,280233.5,493552.5,213319.0,6.3611111111111125,2.4780829408493164,2.369669379218196,2.140382363010063,8.904207357477915,302.0,302.0,0.293591059602649,0.5943747491487068,-1.021,1.0496666666666667,0.1527753863134657,0.2610840363438699,-0.3723333333333333,0.8103333333333333,-0.5586225165562915,0.6039367204040391,-1.6023333333333334,0.1806666666666666,-40.778962472406185,69.90638866969357,-205.84666666666664,100.25333333333332,-15.061754966887417,83.68241981857349,-174.17999999999998,148.59333333333333,-40.32705849889625,73.12289830192368,-206.8766666666667,72.54333333333334,1.0451162776691525,0.3398718726344912,143.0,136.4114219114219,79.16010796700154,35.666666666666664,341.0,121.16666666666669,305.3333333333333,84.66666666666666,173.66666666666669,89.00000000000003,176.0,124.0,-52.0,52.0,10.443661971830986,78.33333333333333,-0.9875905588933762
clockwise,andrew,combined_augmented,/Users/vibha/COSMOS-Cluster10/labs/Cosmos-Gesture-Recognition-/data/processed/combined_augmented/sessions/andrew_clockwise_006,30.0,477359.25,110434.65282731807,261152.0,605305.3333333334,261152.0,575241.5,314089.5,6.222222222222223,2.8510340337723776,2.8484677962301803,2.0463033252119365,7.786166664639205,303.0,303.0,0.2199251925192519,0.5864203049137499,-0.9026666666666668,0.938,0.2480082508250825,0.2469870047492017,-0.2296666666666666,0.921,-0.592958195819582,0.5491575051225849,-1.462,0.173,-46.92556105610561,71.18491629030436,-194.38333333333333,85.68666666666665,-10.805775577557757,81.54184937435079,-208.22000000000003,118.95333333333332,-42.219449944994494,79.46707523956394,-193.99666666666667,100.91333333333334,1.0372148503752523,0.3035214636482624,151.0,127.19757174392936,78.25284139669853,34.0,346.0,120.5,312.0,78.83333333333334,132.66666666666666,53.833333333333314,120.5,125.0,4.5,4.5,7.092222222222223,76.66666666666669,-0.531437202277217
clockwise,andrew,combined_augmented,/Users/vibha/COSMOS-Cluster10/labs/Cosmos-Gesture-Recognition-/data/processed/combined_augmented/sessions/andrew_clockwise_007,30.0,521164.0,112518.84127551789,294359.6666666667,678282.3333333334,339992.5,617828.0,277835.5,7.422222222222221,2.108067982130545,2.4898565086516897,2.9214753195135,11.423171741984111,301.0,301.0,0.1578709856035437,0.7422265230884915,-1.3896666666666668,1.0733333333333333,0.1891943521594684,0.212676161953102,-0.2206666666666666,0.7963333333333334,-0.5400708748615726,0.5529009590432825,-1.5933333333333335,0.2004999999999999,-54.05874861572536,55.61359967549242,-168.69666666666666,51.96333333333334,-4.000083056478404,96.27434971378142,-200.6266666666667,172.54,-39.02818936877077,86.31051436321856,-235.20666666666668,83.21333333333332,1.0591664653959962,0.3638564708630127,148.0,137.96396396396398,85.59086581883454,29.33333333333333,344.8333333333333,111.08333333333334,315.5,74.83333333333333,199.66666666666663,124.83333333333331,106.0,107.5,1.5,1.5,8.517006802721088,53.99999999999999,-0.9254933607761984
clockwise,andrew,combined_augmented,/Users/vibha/COSMOS-Cluster10/labs/Cosmos-Gesture-Recognition-/data/processed/combined_augmented/sessions/andrew_clockwise_008,30.0,510961.45,75728.53771584335,381412.0,648445.0,381412.0,398903.5,17491.5,7.244444444444444,2.0292916723226417,2.11001552119191,1.4767632733753835,7.544492833765151,301.0,301.0,0.1982087486157253,0.7427375638891173,-1.2906666666666666,1.0193333333333332,0.124890919158361,0.2395082015042791,-0.3883333333333333,0.6523333333333333,-0.5289667774086378,0.563259112177763,-1.5723333333333336,0.2566666666666666,-60.893344407530456,61.60556287608544,-244.67,78.75,-12.913864894795127,98.178711154369,-210.1233333333333,126.88333333333333,-36.78362679955703,85.30913406373006,-206.91666666666663,68.15666666666665,1.0578565973620444,0.3767145014287947,149.0,105.7248322147651,47.15695292168088,32.0,258.0,110.0,226.0,75.33333333333333,128.5,53.16666666666667,110.0,132.5,22.5,22.5,4.702327327327327,52.66666666666666,-0.1445673861781243
anti_clockwise,andrew,combined_augmented,/Users/vibha/COSMOS-Cluster10/labs/Cosmos-Gesture-Recognition-/data/processed/combined_augmented/sessions/andrew_anti_clockwise_001,30.0,460029.1111111111,95911.69580270498,278594.0,647432.6666666666,282461.0,403049.0,120588.0,5.677777777777779,2.612623675376115,2.669054935556121,2.733831666004075,13.245558886753898,301.0,301.0,0.2569501661129568,0.6070007293921671,-1.2539999999999998,1.1506666666666667,0.0107336655592469,0.5510559451473365,-0.9756666666666668,1.0253333333333332,-0.5342486157253599,0.579633338954453,-1.988222222222222,0.157,57.20676633444076,65.94008547515455,-54.28333333333333,252.27666666666667,26.77957918050941,101.12135739322557,-242.14666666666668,201.55666666666664,13.774999999999997,109.64922503238692,-151.42333333333332,362.52,1.092496658219195,0.4075519383078717,151.0,107.88852097130244,41.16474212359914,35.0,287.5,111.0,252.5,85.66666666666666,123.33333333333331,37.66666666666667,287.5,135.0,-152.5,152.5,6.63088888888889,46.0,0.1264842570001154
anti_clockwise,andrew,combined_augmented,/Users/vibha/COSMOS-Cluster10/labs/Cosmos-Gesture-Recognition-/data/processed/combined_augmented/sessions/andrew_anti_clockwise_002,30.0,446956.8944444445,83204.78063283689,271648.5,631925.6666666666,271648.5,465433.5,193785.0,6.616666666666668,3.077441818807977,2.3407412028167864,1.9645367637381688,7.915533659449599,301.0,301.0,0.3216256921373199,0.5406415246682226,-0.952,1.1073333333333333,0.0223809523809523,0.4684151833581207,-0.8146666666666667,0.799,-0.5783100775193798,0.5545347825344795,-1.718,0.1139999999999999,47.42616279069768,61.770203253215854,-41.29333333333333,252.32666666666668,25.15571428571429,92.98839520985148,-214.57666666666668,174.97333333333336,30.586943521594684,90.6835199185912,-108.38333333333333,258.32,1.0688744134491814,0.3392770168210531,150.0,97.71777777777775,28.14184261896428,38.66666666666666,148.66666666666666,107.0,110.0,80.75,116.58333333333334,35.83333333333334,121.5,100.5,-21.0,21.0,3.361073825503356,21.0,0.1871620960931591
anti_clockwise,andrew,combined_augmented,/Users/vibha/COSMOS-Cluster10/labs/Cosmos-Gesture-Recognition-/data/processed/combined_augmented/sessions/andrew_anti_clockwise_003,30.0,439437.7388888888,82093.90315843467,283096.6666666667,621378.0,285593.0,413450.0,127857.0,5.05,2.1709999402903586,3.1683162209937623,2.7036310220526536,10.145944988583093,300.0,300.0,0.2440527777777777,0.553972815294105,-0.9933333333333332,1.243,-0.1522177777777778,0.4754312687198258,-1.0056666666666667,0.71,-0.6241511111111112,0.4334510422808105,-1.374666666666667,0.023,52.80830555555556,58.93779733933218,-31.903333333333336,235.2266666666667,31.3066,78.39911135925892,-138.5533333333333,150.36333333333334,19.902766666666665,95.11717640622908,-97.39666666666666,269.9866666666667,1.0548620248348195,0.2834842247657069,150.0,94.62777777777778,36.759973392239566,28.0,190.3333333333333,99.0,162.33333333333334,68.75,116.91666666666669,48.16666666666667,112.0,163.0,51.0,51.0,3.459731543624161,32.0,0.2362573151399319
anti_clockwise,andrew,combined_augmented,/Users/vibha/COSMOS-Cluster10/labs/Cosmos-Gesture-Recognition-/data/processed/combined_augmented/sessions/andrew_anti_clockwise_004,30.0,450749.6055555556,89896.5584555741,285698.0,601339.6666666666,320698.0,405051.5,84353.5,5.988888888888888,2.3932518298306293,2.484005484851868,2.3070667475190896,9.548148792276123,300.0,300.0,0.2384283333333333,0.5588747391973089,-0.934,1.0526666666666666,-0.0315388888888888,0.4531153512439429,-0.7720000000000001,0.8966666666666666,-0.6139733333333334,0.4752778482031248,-1.4783333333333335,0.0583333333333333,49.766466666666666,55.703821621896594,-84.62666666666667,186.5666666666667,27.33963888888889,90.90575279635196,-184.73,166.7,22.74855555555555,91.1089005270898,-112.21666666666664,238.99,1.0476249993980162,0.2843086614360915,149.0,93.04642058165548,37.426298172662,33.666666666666664,194.66666666666663,99.0,161.0,58.333333333333336,115.33333333333331,56.99999999999999,108.75,123.5,14.75,14.75,3.703265765765765,29.0,0.2844198560977085
anti_clockwise,andrew,combined_augmented,/Users/vibha/COSMOS-Cluster10/labs/Cosmos-Gesture-Recognition-/data/processed/combined_augmented/sessions/andrew_anti_clockwise_005,30.0,453871.4277777778,113780.68940723024,267038.3333333333,604832.6666666666,277019.0,452419.5,175400.5,5.777777777777778,2.41228849901274,2.317675076773052,1.4524120055949457,5.709841229982314,302.0,302.0,0.252169426048565,0.6074388289497626,-1.333,0.9476666666666668,-0.1070932671081678,0.5086522643722945,-1.0216666666666667,0.809,-0.5816926048565121,0.4311185809488517,-1.703,0.1296666666666666,55.84550220750552,68.54166671885515,-40.88333333333333,256.3433333333333,31.43679911699779,89.39211202830845,-165.36666666666665,194.88,16.85055187637969,109.21825506561484,-135.6833333333333,324.7533333333333,1.0633199871530776,0.3103990440793434,150.0,94.0211111111111,31.87469814842478,25.33333333333333,194.0,105.5,168.66666666666666,72.33333333333333,116.25,43.91666666666667,125.0,194.0,69.0,69.0,3.648769574944072,28.0,-0.0252725306309914
anti_clockwise,andrew,combined_augmented,/Users/vibha/COSMOS-Cluster10/labs/Cosmos-Gesture-Recognition-/data/processed/combined_augmented/sessions/andrew_anti_clockwise_006,30.0,446730.7194444445,85433.25264240995,284443.25,573668.3333333334,284443.25,439168.0,154724.75,6.183333333333335,1.952372725495636,2.3494607310532265,1.4594782788484078,5.716334539310851,300.0,300.0,0.1689394444444444,0.6043086157687014,-1.079,1.1506666666666667,-0.2708538888888889,0.5237893790840505,-1.1523333333333334,0.9655,-0.5407738888888889,0.3678605465990282,-1.1736666666666666,0.062,60.06861666666666,70.0832614042655,-54.74,279.6533333333333,34.26527222222223,84.7460935628149,-127.90333333333332,201.925,6.056383333333333,97.34949722008356,-144.42333333333332,199.36,1.047505905195043,0.26820839095493,150.0,84.92555555555555,31.34350313723317,21.33333333333333,121.66666666666669,95.5,100.33333333333334,59.0,113.0,54.0,114.5,118.0,3.5,3.5,1.949664429530201,9.666666666666671,0.1090155118005242
anti_clockwise,andrew,combined_augmented,/Users/vibha/COSMOS-Cluster10/labs/Cosmos-Gesture-Recognition-/data/processed/combined_augmented/sessions/andrew_anti_clockwise_007,30.0,442211.43333333335,90844.4100999942,273017.6666666667,604480.0,305685.0,434958.0,129273.0,6.144444444444444,2.1844286198138243,1.65561143993065,1.0414781243172118,3.8914744271211608,302.0,302.0,0.0827704194260485,0.6010339433389095,-1.0136666666666667,1.0583333333333331,-0.2148598233995584,0.474157891496029,-1.102666666666667,0.6325000000000001,-0.5957588300220751,0.4312115526208867,-1.465,0.12,71.54887417218544,69.63408670670691,-21.18,252.75333333333333,24.052235099337747,91.36618209939044,-169.42666666666668,183.22666666666663,1.425480132450324,98.23286889164822,-152.91666666666666,244.05333333333337,1.0525486509620998,0.268507946209389,151.0,91.3233995584989,42.09310329622534,33.666666666666664,275.3333333333333,101.33333333333331,241.66666666666663,57.5,113.58333333333334,56.08333333333334,110.5,123.0,12.5,12.5,4.712222222222222,50.0,0.2500313698152662
anti_clockwise,andrew,combined_augmented,/Users/vibha/COSMOS-Cluster10/labs/Cosmos-Gesture-Recognition-/data/processed/combined_augmented/sessions/andrew_anti_clockwise_008,31.0,501709.6774193549,140093.0458262068,298572.0,823915.3333333334,298572.0,455340.0,156768.0,6.327956989247311,1.940182468863945,2.030095700843888,1.2516334275811531,4.844878907054358,303.0,303.0,0.2570198019801981,0.5669856949715907,-0.8370000000000001,1.092666666666667,-0.3555203520352036,0.5504749489859784,-1.235,0.4076666666666666,-0.5015687568756877,0.3089587958531876,-1.146,0.0843333333333333,46.948228822882285,67.62142634595698,-103.6,181.19000000000003,43.291144114411445,72.60524548868156,-99.92666666666666,184.5133333333333,15.113140814081412,88.65414333303953,-94.26,215.73666666666668,1.037841190672521,0.2947232013890791,151.0,86.75055187637969,30.0086646386857,23.0,133.0,95.33333333333331,110.0,64.83333333333333,111.83333333333334,47.000000000000014,111.0,114.5,3.5,3.5,2.114444444444445,11.666666666666655,0.0245480422911579
right,andrew,combined_augmented,/Users/vibha/COSMOS-Cluster10/labs/Cosmos-Gesture-Recognition-/data/processed/combined_augmented/sessions/andrew_right_001,30.0,415386.7611111111,110189.85510762846,268928.5,629683.3333333334,304854.0,268928.5,-35925.5,3.65,2.882084222402353,1.9277648799880367,1.425646328322598,6.176491798800156,302.0,302.0,0.6950535320088299,0.1352158264646111,0.4093333333333333,0.8563333333333333,0.0386407284768211,0.1711860101802754,-0.3013333333333333,0.422,-0.7011296909492274,0.1295620645208001,-1.0046666666666668,-0.5243333333333334,-23.11328918322296,38.11268454531172,-101.61666666666667,15.576666666666668,-2.9623013245033105,7.878795800343361,-28.78,9.058333333333332,29.480551876379685,39.44062022810992,-5.16,113.83333333333331,1.019490990911257,0.0344641786113188,149.0,88.7930648769575,16.538611987729325,58.66666666666666,111.33333333333331,95.33333333333331,52.66666666666666,76.0,101.0,25.0,59.5,93.5,34.0,34.0,1.6433933933933935,8.333333333333329,0.325613398633533
right,andrew,combined_augmented,/Users/vibha/COSMOS-Cluster10/labs/Cosmos-Gesture-Recognition-/data/processed/combined_augmented/sessions/andrew_right_002,31.0,388907.2150537634,69332.38614828343,309372.6666666667,534774.6666666666,309703.0,326532.0,16829.0,4.381720430107526,2.0492124321532827,2.1195085938710205,1.537498810619551,6.151523145326112,303.0,303.0,0.6050572057205721,0.0892545772820047,0.445,0.7626666666666667,0.1524735973597359,0.1182397820774591,-0.1663333333333333,0.4276666666666666,-0.7738734873487348,0.073356010477967,-0.9506666666666668,-0.621,-25.060478547854785,26.01100184214104,-70.86333333333333,14.466666666666669,-9.246287128712872,10.723583198203524,-40.42666666666667,8.27,32.31427392739274,34.43224180196165,-11.05,92.15666666666668,1.007144670540942,0.0347898981492199,151.0,89.12472406181016,23.428284729922364,50.66666666666666,123.66666666666669,99.0,73.0,64.0,106.83333333333334,42.83333333333334,51.0,123.5,72.5,72.5,1.41,9.666666666666671,0.5123231090972463
right,andrew,combined_augmented,/Users/vibha/COSMOS-Cluster10/labs/Cosmos-Gesture-Recognition-/data/processed/combined_augmented/sessions/andrew_right_003,30.0,427294.9555555555,78498.59852132927,295274.0,606098.6666666666,356610.0,295274.0,-61336.0,5.066666666666666,2.141996299751274,2.331981561906608,1.2479205222842285,4.692034212044804,301.0,301.0,0.6228183831672204,0.1085305363219466,0.3960000000000001,0.7746666666666667,0.1621760797342193,0.1041762762324632,-0.0626666666666666,0.4176666666666666,-0.7598089700996679,0.102917080185371,-1.057,-0.5636666666666666,-27.595897009966777,34.47812052520068,-89.01333333333332,35.57666666666666,-10.172807308970098,15.996348737539131,-43.173333333333325,37.27333333333333,32.482934662236985,37.45751821721212,-14.686666666666667,111.49666666666668,1.010539820163436,0.0595504944969588,151.0,96.0126931567329,22.21071895210361,59.66666666666666,127.66666666666669,105.66666666666669,68.0,74.33333333333333,113.0,38.66666666666667,63.5,115.75,52.25,52.25,1.6594444444444445,10.0,0.4627428256070636
right,andrew,combined_augmented,/Users/vibha/COSMOS-Cluster10/labs/Cosmos-Gesture-Recognition-/data/processed/combined_augmented/sessions/andrew_right_004,30.0,420933.0444444445,116027.60385955844,269866.3333333333,617318.0,320054.0,279425.0,-40629.0,3.844444444444444,2.2799176939876635,3.810041745718983,5.76966635667574,19.932642780711,301.0,301.0,0.6164983388704319,0.070107908685752,0.43175,0.7256666666666667,0.1420099667774086,0.089652278565409,-0.008,0.399,-0.7746046511627908,0.0663358488573909,-0.9036666666666668,-0.5943333333333333,-28.17183831672204,28.55460137472921,-73.98,16.753333333333334,-9.853571428571428,10.109178097615697,-31.96333333333333,7.313333333333333,30.199125138427465,32.40678896117186,-10.326666666666668,96.92666666666666,1.007975322312302,0.0398527597846347,148.0,95.1644144144144,17.109407742737037,62.5,121.33333333333331,103.83333333333334,58.83333333333333,79.66666666666667,108.0,28.33333333333333,62.5,115.0,52.5,52.5,1.2256235827664397,8.0,0.3515117637840552
right,andrew,combined_augmented,/Users/vibha/COSMOS-Cluster10/labs/Cosmos-Gesture-Recognition-/data/processed/combined_augmented/sessions/andrew_right_005,30.0,391882.51666666666,95734.02528938212,246282.0,527121.0,336020.5,246282.0,-89738.5,4.355555555555555,2.559200299476285,2.476968978502593,2.198403580593153,8.90939890495977,300.0,300.0,0.6267461111111112,0.1077352576267646,0.3636666666666666,0.7933333333333333,0.18097,0.1252724535503257,-0.0666666666666666,0.5576666666666666,-0.7434766666666667,0.0775943870392697,-0.931,-0.5893333333333333,-24.96976111111111,27.543378640831108,-94.59666666666664,28.2,-10.582183333333337,13.021056841875463,-38.2,11.82,33.374605555555554,31.615825952360776,-7.763333333333333,112.66333333333334,1.005310195733904,0.0314762637325638,150.0,92.86111111111111,19.22900005724663,61.0,115.0,98.5,54.0,74.66666666666667,110.0,35.33333333333333,64.0,109.0,45.0,45.0,0.9776286353467568,7.0,0.410787738714313
right,andrew,combined_augmented,/Users/vibha/COSMOS-Cluster10/labs/Cosmos-Gesture-Recognition-/data/processed/combined_augmented/sessions/andrew_right_006,30.0,430767.7777777778,111938.64592085728,276128.0,654632.0,322257.0,276515.0,-45742.0,5.688888888888889,2.3188971410171004,2.913857979264441,1.804733845755674,8.778493613756376,301.0,301.0,0.6341279069767441,0.0706187791688084,0.4933333333333333,0.775,0.1964213732004429,0.0894221890217385,-0.0066666666666666,0.4166666666666667,-0.7406672203765227,0.0468112822103967,-0.851,-0.6243333333333334,-26.51843300110741,24.11377910562598,-63.74333333333334,12.613333333333337,-12.277430786267995,11.838036170576816,-37.26333333333333,12.636666666666668,29.459590254706537,27.83840313536413,-13.079999999999998,74.51666666666667,1.0018570509458848,0.0272869028998787,150.0,92.95777777777778,17.43377997069531,62.333333333333336,114.0,100.16666666666666,51.66666666666666,75.75,108.33333333333331,32.58333333333333,66.5,111.5,45.0,45.0,1.3109619686800886,7.0,0.3744806435841591
right,andrew,combined_augmented,/Users/vibha/COSMOS-Cluster10/labs/Cosmos-Gesture-Recognition-/data/processed/combined_augmented/sessions/andrew_right_007,30.0,419200.1166666666,78240.47071159848,280938.0,558226.3333333334,349587.5,280938.0,-68649.5,4.933333333333333,2.0315110231148235,2.018859802778661,1.4429886166492136,5.633931563106975,302.0,302.0,0.6124514348785872,0.0618408511563787,0.45,0.7193333333333333,0.2458824503311258,0.0981884492053484,0.0223333333333333,0.4596666666666666,-0.7448912803532008,0.0430287270066036,-0.8693333333333334,-0.635,-22.64515452538631,19.57497744128323,-51.64333333333334,11.64,-12.599773730684326,10.79231810721136,-36.07333333333333,6.243333333333333,28.590441501103754,25.82054091348256,-19.64,64.81,1.0025404122617136,0.0254443426114451,151.0,89.01545253863134,15.197564726591771,65.33333333333333,119.0,91.33333333333331,53.66666666666667,76.33333333333333,100.5,24.16666666666667,68.0,99.0,31.0,31.0,1.4385185185185183,12.0,0.3000145230626231
right,andrew,combined_augmented,/Users/vibha/COSMOS-Cluster10/labs/Cosmos-Gesture-Recognition-/data/processed/combined_augmented/sessions/andrew_right_008,30.0,422270.5111111112,90427.49360559882,292400.0,568713.3333333334,322022.0,360636.0,38614.0,4.466666666666667,2.4276188608044165,2.446741280231743,1.6532925841846575,5.843849487489732,302.0,302.0,0.6488719646799117,0.134734537794337,0.361,0.9113333333333332,0.093583885209713,0.1434455495277597,-0.2926666666666667,0.4586666666666667,-0.7354900662251656,0.1066242771245283,-0.9733333333333332,-0.5683333333333332,-22.312135761589406,31.41290517136179,-79.3,38.02666666666667,-6.209850993377484,13.872657231360272,-41.77,30.60333333333333,29.684922737306835,39.46914148398246,-17.80333333333333,110.08,1.009688394757636,0.0369663489198287,150.0,88.18555555555555,17.044394556033808,57.333333333333336,107.66666666666669,95.33333333333331,50.333333333333336,70.75,102.58333333333334,31.833333333333343,59.5,103.5,44.0,44.0,1.5123042505592847,9.666666666666655,0.3502529001288944
left,andrew,combined_augmented,/Users/vibha/COSMOS-Cluster10/labs/Cosmos-Gesture-Recognition-/data/processed/combined_augmented/sessions/andrew_left_001,30.0,408092.7166666667,119320.9269794199,284916.0,665058.0,284916.0,328371.5,43455.5,4.383333333333334,2.179513197431431,4.579049558744136,5.21142540923178,18.29516557159165,301.0,301.0,0.7225847176079735,0.0955314215459787,0.4703333333333333,0.9153333333333332,0.0683792912513842,0.2742323777754752,-0.6173333333333333,0.661,-0.6496375968992248,0.1281259409541561,-1.103,-0.409,27.763615725359912,37.67336925542179,-17.923333333333332,130.07666666666668,1.0289313399778517,14.425596411635384,-26.12333333333333,45.59666666666666,-28.519667774086383,47.7327063908488,-153.41666666666666,45.68666666666667,1.0222435220598065,0.067804843284034,151.0,71.7924944812362,15.914749353833372,58.5,111.66666666666669,63.0,53.16666666666667,61.66666666666666,77.66666666666666,15.999999999999991,107.0,64.5,-42.5,42.5,0.8344444444444444,8.0,-0.2819611943766705
left,andrew,combined_augmented,/Users/vibha/COSMOS-Cluster10/labs/Cosmos-Gesture-Recognition-/data/processed/combined_augmented/sessions/andrew_left_002,30.0,422765.1833333334,107246.81425252436,262206.0,594134.0,294218.5,262206.0,-32012.5,4.344444444444446,2.438477565922265,3.3852683503052736,2.29143617888931,8.49649803182383,301.0,301.0,0.7009280177187154,0.0509594942014108,0.5393333333333334,0.8023333333333333,0.1319274640088593,0.1375339951070356,-0.2503333333333333,0.4039999999999999,-0.6915509413067553,0.0721345359537362,-0.918,-0.5733333333333334,27.93855481727575,28.211943360226293,-9.295000000000002,75.44,6.301860465116278,11.47469482578387,-18.42333333333333,60.06,-27.71145625692137,29.62984401387353,-86.82333333333334,13.336666666666668,1.0059547382495464,0.041455662279951,151.0,79.91832229580575,16.41819076455621,62.66666666666666,111.33333333333331,71.33333333333333,48.66666666666666,65.33333333333333,94.33333333333331,29.0,107.5,65.5,-42.0,42.0,1.1711111111111103,8.666666666666671,-0.342296967584525
left,andrew,combined_augmented,/Users/vibha/COSMOS-Cluster10/labs/Cosmos-Gesture-Recognition-/data/processed/combined_augmented/sessions/andrew_left_003,30.0,423197.0722222222,104981.06316703452,289499.0,613394.0,295586.0,320443.5,24857.5,4.316666666666666,2.0540610182432912,2.698763799401538,1.7693222477285877,8.26088752062344,302.0,302.0,0.690483995584989,0.0674366810530143,0.522,0.8483333333333333,0.1858681015452539,0.1637368045275145,-0.1253333333333333,0.5233333333333333,-0.6820066225165563,0.0458980934451149,-0.8316666666666667,-0.5933333333333333,27.34522075055188,24.769868689363584,-8.716666666666667,75.14666666666666,6.51108719646799,8.812127876929672,-10.203333333333331,32.593333333333334,-27.17486754966887,28.56651987169517,-81.92,10.21,1.004397508126999,0.0331339741954994,151.0,84.64900662251654,18.833148006146963,62.66666666666666,121.33333333333331,77.66666666666667,58.66666666666666,67.33333333333333,103.0,35.66666666666667,113.5,67.5,-46.0,46.0,1.2955555555555558,6.333333333333343,-0.4076205414197751
left,andrew,combined_augmented,/Users/vibha/COSMOS-Cluster10/labs/Cosmos-Gesture-Recognition-/data/processed/combined_augmented/sessions/andrew_left_004,30.0,421156.0888888889,107316.03913022278,265841.3333333333,593558.0,306079.0,271228.0,-34851.0,4.71111111111111,2.92211660138653,3.896075266926791,3.886826649598489,16.25922429695686,303.0,303.0,0.7294416941694168,0.0404000563187536,0.6293333333333333,0.8503333333333334,0.0853492849284928,0.1010678369025106,-0.1893333333333333,0.2809999999999999,-0.6728547854785478,0.0336991199763356,-0.743,-0.5783333333333333,30.397700770077005,23.698562808399487,-4.72,75.36,4.328047304730473,7.694166124133513,-14.006666666666666,26.813333333333333,-24.278833883388337,22.262781474414627,-64.45666666666666,13.866666666666664,1.0023403841225775,0.0199876267433352,151.0,84.17549668874172,18.03465581595068,62.66666666666666,117.0,83.0,54.333333333333336,66.66666666666666,100.33333333333331,33.66666666666667,115.5,64.0,-51.5,51.5,1.2655555555555555,6.333333333333329,-0.3985174857673988
left,andrew,combined_augmented,/Users/vibha/COSMOS-Cluster10/labs/Cosmos-Gesture-Recognition-/data/processed/combined_augmented/sessions/andrew_left_005,30.0,413866.6222222222,104640.43516008744,273655.0,602308.6666666666,370459.5,281283.5,-89176.0,4.283333333333333,2.39565579052306,3.0667710209193424,1.954611633544443,8.5361815449298,301.0,301.0,0.7259136212624585,0.0509526730783213,0.5796666666666667,0.8306666666666667,0.1630227021040974,0.1205205530657172,-0.0763333333333333,0.4326666666666667,-0.6571926910299003,0.0405650060731194,-0.7623333333333333,-0.581,27.861816168327792,22.41292569206471,-3.8166666666666655,62.39666666666667,6.208632336655593,8.389594414947986,-15.383333333333333,23.35666666666667,-25.299529346622368,23.89464192002313,-72.33666666666666,4.853333333333333,1.0018723891013084,0.0211620972037362,150.0,82.23777777777778,21.07706065150413,58.5,170.66666666666666,83.0,112.16666666666666,62.0,96.0,34.0,105.0,64.0,-41.0,41.0,2.252796420581656,26.0,-0.4333845948708836
left,andrew,combined_augmented,/Users/vibha/COSMOS-Cluster10/labs/Cosmos-Gesture-Recognition-/data/processed/combined_augmented/sessions/andrew_left_006,31.0,412465.7849462366,86023.67428163327,302805.5,575597.3333333334,302805.5,322163.5,19358.0,4.279569892473119,2.269237590366159,2.5599515085831035,2.947616346061022,15.93244964051264,301.0,301.0,0.6830343300110743,0.0790216333260786,0.5156666666666667,0.8203333333333332,0.1640874861572536,0.1258510229596307,-0.0796666666666666,0.471,-0.6993992248062015,0.0643579313894752,-0.8770000000000001,-0.5903333333333333,24.86707641196013,21.541191719920075,-12.503333333333336,63.04,6.315592469545958,8.753855064372202,-9.316666666666668,30.08,-26.38435215946844,28.38246637555062,-93.65333333333332,22.50333333333333,1.003662214702347,0.0388184926500064,150.0,84.17333333333333,20.03143106696997,57.66666666666666,136.33333333333334,84.33333333333333,78.66666666666669,64.3125,99.91666666666669,35.60416666666667,106.75,64.25,-42.5,42.5,1.9093959731543624,11.333333333333329,-0.4344065662177583
left,andrew,combined_augmented,/Users/vibha/COSMOS-Cluster10/labs/Cosmos-Gesture-Recognition-/data/processed/combined_augmented/sessions/andrew_left_007,30.0,434338.0666666666,79185.24078840563,314585.3333333333,566078.0,395085.0,324276.5,-70808.5,5.205555555555555,2.0374654431667705,2.6465857224508555,3.0505949502105136,12.739487120439431,301.0,301.0,0.7063305647840532,0.0450336908015706,0.5853333333333333,0.7843333333333332,0.0492879291251384,0.0983230806653442,-0.091,0.3563333333333333,-0.6972403100775193,0.049629481937145,-0.831,-0.6043333333333334,28.063161683277965,20.78296866042109,-7.313333333333333,66.47,2.0467331118493908,4.124328666406232,-11.69,9.48,-26.389429678848288,21.685623729533127,-65.48333333333333,12.766666666666666,1.000381932187515,0.0295085315029168,150.0,78.89333333333333,17.834418206981308,56.333333333333336,117.16666666666669,77.83333333333334,60.833333333333336,61.333333333333336,92.66666666666669,31.333333333333336,107.0,59.0,-48.0,48.0,1.337807606263982,6.833333333333343,-0.3902502333437046
left,andrew,combined_augmented,/Users/vibha/COSMOS-Cluster10/labs/Cosmos-Gesture-Recognition-/data/processed/combined_augmented/sessions/andrew_left_008,30.0,421001.2166666667,94937.01166001389,264713.6666666667,561229.3333333334,326203.0,266354.0,-59849.0,4.483333333333334,2.6716446592286904,2.237156414655158,2.441703292383884,12.401676702206435,302.0,302.0,0.6971385209713025,0.0504241541950809,0.5836666666666667,0.8126666666666668,0.0776699779249448,0.1452955495346263,-0.252,0.441,-0.7003438189845476,0.0410662208232036,-0.828,-0.6206666666666667,27.28265268579837,22.602276972158982,-6.89,62.52333333333333,3.001109271523178,6.238447779341048,-11.81,15.583333333333334,-28.21272626931568,26.22477207633288,-74.52666666666666,7.223333333333334,1.0032240598737334,0.0373834175377198,151.0,84.54415011037527,17.673297518580952,62.66666666666666,123.66666666666669,86.0,61.00000000000001,67.0,96.5,29.5,100.0,65.5,-34.5,34.5,1.3522222222222222,11.0,-0.3750853956082263
bye_bye,andrew,combined_augmented,/Users/vibha/COSMOS-Cluster10/labs/Cosmos-Gesture-Recognition-/data/processed/combined_augmented/sessions/andrew_bye_bye_001,30.0,495365.09444444446,17763.08997751837,461856.0,535994.0,495516.0,500178.0,4662.0,6.444444444444445,1.0304020550550783,3.311277857092155,1.8461540415617304,7.986240915247709,301.0,301.0,0.3545088593576965,0.3430058404255386,-0.266,0.8796666666666667,-0.1520697674418604,1.0027238877287017,-1.5643333333333331,1.4893333333333334,-0.1090808416389811,0.2600860885500157,-0.647,0.4226666666666667,-6.83559800664452,179.30178349071122,-270.5566666666667,317.7166666666667,6.16282392026578,133.86380932558478,-206.04,207.05,8.070669988925806,309.5906436495296,-458.64,461.9466666666667,1.0888106077118809,0.4073632422356109,151.0,92.48013245033113,6.130052612811566,83.66666666666667,109.66666666666669,91.33333333333331,26.0,87.33333333333333,97.0,9.666666666666671,96.5,98.5,2.0,2.0,1.9377777777777776,8.666666666666671,-0.0122075055187639
bye_bye,andrew,combined_augmented,/Users/vibha/COSMOS-Cluster10/labs/Cosmos-Gesture-Recognition-/data/processed/combined_augmented/sessions/andrew_bye_bye_002,30.0,470453.5,26973.77277581153,410473.0,525729.3333333334,478276.0,410473.0,-67803.0,6.880555555555555,0.9510431245171578,2.7141967899089754,1.7988161255613369,7.897723797166552,302.0,302.0,0.4039679911699779,0.3198924653266872,-0.2296666666666666,0.882,-0.1573885209713024,0.9571129931844706,-1.38,1.5846666666666664,-0.0573835540838852,0.307588031975421,-0.6016666666666666,0.4846666666666666,-4.30537527593819,170.2156917590033,-273.00666666666666,340.4633333333333,10.341020971302427,135.3329361536976,-228.355,311.6033333333333,4.910689845474612,280.656455799387,-459.3233333333333,526.4533333333333,1.0949951923292085,0.3244172529143523,150.0,91.59777777777778,7.467014435635364,81.33333333333333,110.33333333333331,91.0,29.0,84.66666666666667,97.08333333333331,12.416666666666655,85.0,94.5,9.5,9.5,1.626025354213274,11.0,-0.0126630813221332
bye_bye,andrew,combined_augmented,/Users/vibha/COSMOS-Cluster10/labs/Cosmos-Gesture-Recognition-/data/processed/combined_augmented/sessions/andrew_bye_bye_003,30.0,423775.4888888889,45932.20786217794,361737.3333333333,545090.0,363635.0,545090.0,181455.0,6.816666666666666,1.0473511562243318,2.53389402530266,1.3691645196170144,6.044088264257646,301.0,301.0,0.4255514950166112,0.4170386251463426,-0.6873333333333335,0.9846666666666666,-0.0251196013289036,0.9118124943793998,-1.3133333333333332,1.641,-0.1877447397563676,0.2219664766037784,-0.5989999999999999,0.2283333333333333,-26.04104097452935,163.41002609682295,-315.6133333333333,280.8866666666667,-9.116937984496124,127.06428062166955,-227.01,219.8633333333333,-24.08197674418605,276.0166365586637,-498.9666666666667,447.29,1.0823843225236696,0.3162430891722209,150.0,90.04,6.551137049093815,78.66666666666667,104.0,90.83333333333331,25.33333333333333,84.0,95.33333333333331,11.333333333333329,85.5,97.0,11.5,11.5,1.6551081282624902,14.666666666666671,0.0259424863327257
bye_bye,andrew,combined_augmented,/Users/vibha/COSMOS-Cluster10/labs/Cosmos-Gesture-Recognition-/data/processed/combined_augmented/sessions/andrew_bye_bye_004,30.0,451007.7833333334,43018.24487873226,407812.0,546209.6666666666,517092.5,409583.0,-107509.5,7.2444444444444445,1.2943848341067012,2.8979024735270738,2.0543527156742165,8.270202513281333,301.0,301.0,0.3426677740863787,0.3894158477412173,-0.438,1.0016666666666667,0.0817613510520487,0.9348659248861692,-1.536333333333333,1.546,-0.2405293466223699,0.2335888558310404,-0.6963333333333334,0.2466666666666666,-20.5755869324474,184.88535680305907,-479.92333333333335,243.8766666666667,0.380592469545957,131.7060219986272,-241.8,225.6733333333333,-11.665387596899228,279.9011891025407,-561.7966666666666,410.93,1.063486947787874,0.3621308519697311,150.0,90.90666666666668,7.12273099845099,79.66666666666667,107.0,92.5,27.33333333333333,83.66666666666667,96.66666666666669,13.0,80.0,87.5,7.5,7.5,1.846010439970172,10.777777777777771,-0.0067659303376446
bye_bye,andrew,combined_augmented,/Users/vibha/COSMOS-Cluster10/labs/Cosmos-Gesture-Recognition-/data/processed/combined_augmented/sessions/andrew_bye_bye_005,30.0,479400.1222222222,31630.08142323724,416034.0,527435.3333333334,488970.5,524863.0,35892.5,7.36388888888889,1.1056427938779871,2.707589948994273,1.3053642168050457,6.071410099920475,300.0,300.0,0.3199877777777777,0.4120534498954983,-0.6573333333333333,0.9343333333333332,-0.0831227777777777,0.9502143751395858,-1.6463333333333334,1.5586666666666666,-0.0454372222222222,0.3614065286202242,-0.577,0.5446666666666667,-29.86885,205.59245327224824,-417.18666666666667,303.87333333333333,-15.268605555555553,170.6924347020372,-296.62,254.43,-23.209111111111103,298.7948368722361,-492.4166666666667,435.14333333333326,1.0864196960898589,0.3665630129267828,150.0,89.1088888888889,7.135615869503019,77.0,105.66666666666669,89.0,28.66666666666667,83.375,93.79166666666669,10.416666666666671,83.5,100.5,17.0,17.0,1.6674123788217745,14.0,0.0633201475621134
bye_bye,andrew,combined_augmented,/Users/vibha/COSMOS-Cluster10/labs/Cosmos-Gesture-Recognition-/data/processed/combined_augmented/sessions/andrew_bye_bye_006,30.0,438140.93333333335,30025.757257098816,385544.0,489152.3333333333,435266.0,484632.0,49366.0,6.666666666666667,1.1080513425729772,2.432897974152456,1.3061449533284248,4.6184499081700485,302.0,302.0,0.4794094922737307,0.3090572512664523,-0.207,0.9586666666666668,-0.156401766004415,0.8446454213958863,-1.340666666666667,1.2859999999999998,-0.1303184326710816,0.3194424399795517,-0.8559999999999999,0.319,-10.75337196467991,191.92937359731008,-313.5566666666667,316.03000000000003,5.722025386313466,152.31836364969587,-258.33666666666664,239.60333333333327,-7.35511037527594,261.30146848683484,-429.11,380.78,1.050182123624687,0.2817465522591957,150.0,87.2411111111111,5.977541134231889,77.33333333333333,101.33333333333331,85.0,24.0,82.66666666666667,93.125,10.458333333333329,81.0,95.5,14.5,14.5,1.4999999999999991,9.0,0.0276554513533933
bye_bye,andrew,combined_augmented,/Users/vibha/COSMOS-Cluster10/labs/Cosmos-Gesture-Recognition-/data/processed/combined_augmented/sessions/andrew_bye_bye_007,30.0,467188.225,29432.646443469417,406209.0,517912.0,471218.75,458792.0,-12426.75,7.355555555555557,0.9503735457930266,2.4921429980536445,1.346142404986838,6.9330342837197385,301.0,301.0,0.442546511627907,0.3584286396934605,-0.3273333333333333,1.0066666666666666,-0.0545215946843853,0.9077799435890528,-1.328,1.45,-0.1425260243632336,0.2875890434053048,-0.6246666666666666,0.3863333333333333,-11.071749723145071,192.33936094827607,-425.6,315.34,4.510354374307865,136.52770657533395,-250.4333333333333,261.35,-13.5890642303433,283.7040800879767,-553.5233333333334,439.3333333333333,1.0707718047012755,0.3283662630970896,151.0,90.79028697571744,6.716934474290389,80.0,105.33333333333331,90.66666666666669,25.33333333333333,84.66666666666667,96.91666666666666,12.249999999999986,87.0,98.5,11.5,11.5,1.4877777777777783,9.666666666666671,0.0340472870919016
bye_bye,andrew,combined_augmented,/Users/vibha/COSMOS-Cluster10/labs/Cosmos-Gesture-Recognition-/data/processed/combined_augmented/sessions/andrew_bye_bye_008,30.0,447595.00555555546,26980.36954337712,396278.0,506721.5,506721.5,455380.5,-51341.0,7.3,1.2128936932440169,2.8218294855154307,1.8660645159075664,8.488210207177952,301.0,301.0,0.4662093023255814,0.2870233377129324,-0.1063333333333333,0.8733333333333334,-0.1264269102990033,0.8767251462728435,-1.393,1.3176666666666668,-0.1776627906976744,0.2869489835524685,-0.6413333333333333,0.3263333333333333,7.464302325581396,180.715654207686,-292.2966666666667,263.72,11.36065337763012,126.82410602101672,-226.09,219.3066666666667,15.057807308970098,263.5783311876366,-439.0266666666666,414.1033333333333,1.055073851695147,0.2916971195454562,150.0,90.81,6.105615012070055,79.66666666666667,103.0,89.66666666666667,23.33333333333333,85.66666666666667,96.25,10.583333333333329,99.5,90.0,-9.5,9.5,1.347874720357942,6.333333333333329,-0.02810347126539
t_arm,andrew,combined_augmented,/Users/vibha/COSMOS-Cluster10/labs/Cosmos-Gesture-Recognition-/data/processed/combined_augmented/sessions/andrew_t_arm_001,30.0,306269.4555555555,40123.04214452537,263379.6666666667,371688.0,274996.5,267119.5,-7877.0,1.855555555555556,1.5096806955343691,3.5165659946050143,2.5803700469202653,8.340544803698167,302.0,302.0,0.5921484547461369,0.2011151292124172,0.1533333333333333,0.8646666666666666,0.0583730684326711,0.7306589337370888,-1.1923333333333332,1.0416666666666667,-0.2384271523178807,0.1625278287505386,-0.4546666666666667,0.055,-3.2534492273730686,16.903778763731825,-60.973333333333336,37.92333333333333,-9.211186534216337,14.973570844674322,-43.42666666666667,20.436666666666664,-41.10746688741722,46.56113632790642,-112.13333333333333,10.673333333333334,1.0026507736502646,0.079443114262559,151.0,102.07008830022076,44.34578260117494,58.0,318.0,92.0,260.0,68.66666666666667,133.16666666666669,64.50000000000001,143.0,68.25,-74.75,74.75,5.738333333333332,76.66666666666666,-0.6405579760659935
t_arm,andrew,combined_augmented,/Users/vibha/COSMOS-Cluster10/labs/Cosmos-Gesture-Recognition-/data/processed/combined_augmented/sessions/andrew_t_arm_002,30.0,316918.09444444446,39991.43426923477,258521.0,384057.6666666667,294475.5,265253.0,-29222.5,2.188888888888889,1.487437103141665,5.746900496303852,5.160585310278642,19.528455826149404,300.0,300.0,0.5821197222222222,0.2180697568162211,0.215,0.9556666666666668,-0.0966133333333332,0.6703689311283916,-1.1896666666666669,1.0490000000000002,-0.2472666666666667,0.3374619627399454,-0.924,0.3156666666666667,5.6458,22.48778100412821,-60.13,98.52333333333333,-19.23421111111111,24.03953667953156,-69.03,30.486666666666665,-39.953472222222224,40.23233429567389,-129.41666666666666,19.113333333333333,1.0058546349524995,0.0917837890004437,150.0,107.02888888888889,33.74225972193618,55.66666666666666,176.0,97.08333333333334,120.33333333333334,78.83333333333334,142.41666666666666,63.583333333333314,143.5,69.5,-74.0,74.0,4.803131991051455,40.0,-0.6762202764567317
t_arm,andrew,combined_augmented,/Users/vibha/COSMOS-Cluster10/labs/Cosmos-Gesture-Recognition-/data/processed/combined_augmented/sessions/andrew_t_arm_003,30.0,298747.1583333333,31333.323188978484,257844.3333333333,357808.6666666667,281159.25,258459.5,-22699.75,1.505555555555556,1.2235977108611686,2.6041344662404025,2.0625474386910567,6.506749826369354,302.0,302.0,0.5954845474613686,0.2206299958117072,0.2165,0.944,-0.0526931567328917,0.7174506959630497,-1.0896666666666668,1.0599999999999998,-0.1449834437086092,0.2658591790981289,-0.6126666666666667,0.278,4.48485651214128,21.13925198015217,-85.82666666666667,70.87666666666667,-14.39253863134658,16.791959546232153,-46.623333333333335,16.286666666666665,-41.06270971302428,43.5290127220149,-128.45000000000002,36.04333333333333,1.003321015688742,0.0764182750337639,150.0,108.15777777777778,39.6984522257801,63.66666666666666,233.66666666666663,87.66666666666667,170.0,79.33333333333333,130.16666666666669,50.83333333333336,232.5,83.0,-149.5,149.5,3.865398956002983,28.333333333333343,-0.7534509681911793
t_arm,andrew,combined_augmented,/Users/vibha/COSMOS-Cluster10/labs/Cosmos-Gesture-Recognition-/data/processed/combined_augmented/sessions/andrew_t_arm_004,30.0,300363.65,34597.52666733482,255876.5,378845.0,255876.5,260641.0,4764.5,2.4055555555555554,1.6542220580333071,3.1974001413990587,2.246573057731957,9.333465556577467,302.0,302.0,0.592365894039735,0.2255652122172461,0.184,0.9423333333333334,0.0505778145695363,0.702579298207253,-1.1896666666666669,1.4189999999999998,-0.194098233995585,0.2919186541688875,-0.798,0.3293333333333333,7.850364238410596,26.128577772480927,-44.02,137.3766666666667,-16.185320088300223,20.6376962966614,-55.9,63.12333333333333,-42.59104856512141,44.3408837304872,-136.34666666666666,36.906666666666666,1.0039245266956829,0.1139252946933275,150.0,104.96777777777778,39.58094627338088,58.333333333333336,222.0,98.83333333333334,163.66666666666666,70.33333333333333,136.16666666666669,65.83333333333336,144.0,68.5,-75.5,75.5,5.199478001491426,40.66666666666666,-0.7717288175770779
t_arm,andrew,combined_augmented,/Users/vibha/COSMOS-Cluster10/labs/Cosmos-Gesture-Recognition-/data/processed/combined_augmented/sessions/andrew_t_arm_005,30.0,285894.05,27839.857091053425,253266.3333333333,332098.6666666667,262775.5,255840.0,-6935.5,1.4166666666666667,0.8721514479424707,4.644169321784114,3.930246667203122,15.208748002799576,302.0,302.0,0.6303366445916115,0.1930153403815086,0.2676666666666666,0.9393333333333334,0.0771004415011037,0.6832568114100944,-1.208,1.1403333333333332,-0.195605408388521,0.2501171157249123,-0.5466666666666667,0.314,4.289078366445916,13.920699770069517,-42.42,51.02666666666666,-16.484972406181015,17.754438663201253,-47.89333333333334,20.77,-40.83620860927152,35.765175701971685,-99.59333333333332,23.48,1.0010979978380532,0.0773718401589748,150.0,97.69333333333331,35.54484873282237,58.333333333333336,181.3333333333333,88.0,123.0,69.0,122.08333333333331,53.08333333333333,171.0,59.0,-112.0,112.0,2.76510067114094,19.66666666666669,-0.7638709868586758
t_arm,andrew,combined_augmented,/Users/vibha/COSMOS-Cluster10/labs/Cosmos-Gesture-Recognition-/data/processed/combined_augmented/sessions/andrew_t_arm_006,30.0,305010.13333333336,26186.723435295728,260101.0,370538.6666666667,314808.5,303336.5,-11472.0,2.011111111111111,1.5140902006823995,3.725424286268937,2.486948343371377,9.92265375196176,303.0,303.0,0.6750181518151815,0.208871985586501,0.2533333333333333,0.975,0.0097854785478547,0.6560180552805189,-1.164,0.9283333333333332,-0.1689018151815181,0.2251487692366634,-0.459,0.302,4.3902200220022,14.244670844787631,-44.27333333333334,44.95333333333334,-14.203927392739274,14.982041923365498,-50.24666666666667,13.63,-40.20062706270627,34.14929199282458,-104.49666666666668,8.756666666666666,1.0018108840953373,0.0729876705738058,147.0,101.74716553287982,34.476081719190944,60.333333333333336,185.3333333333333,96.5,125.0,72.0,129.0,57.0,150.5,63.5,-87.0,87.0,4.894977168949772,43.0,-0.7178564502439262
t_arm,andrew,combined_augmented,/Users/vibha/COSMOS-Cluster10/labs/Cosmos-Gesture-Recognition-/data/processed/combined_augmented/sessions/andrew_t_arm_007,30.0,331456.0888888889,39875.847147525776,262008.66666666663,418728.3333333333,269441.0,340227.0,70786.0,3.711111111111111,2.268109562533151,4.647776144081909,4.373584323500333,18.421292980405266,300.0,300.0,0.6216077777777778,0.1949252070587936,0.2083333333333333,0.9646666666666668,0.0261622222222222,0.6522080244848795,-1.1826666666666668,1.2263333333333335,-0.2522305555555555,0.3191466893830105,-0.7800000000000001,0.2813333333333333,8.290883333333335,20.79775958213742,-35.720000000000006,84.41333333333334,-20.53398888888889,23.81400609616166,-77.77,11.423333333333334,-37.292633333333335,37.32280868084384,-96.07333333333332,16.176666666666666,1.004275956318078,0.0857700464977409,147.0,105.8888888888889,45.62945661532296,61.333333333333336,226.0,82.66666666666667,164.66666666666666,69.25,140.16666666666669,70.91666666666669,141.0,72.5,-68.5,68.5,5.0353881278538815,41.0,-0.896040015413793
t_arm,andrew,combined_augmented,/Users/vibha/COSMOS-Cluster10/labs/Cosmos-Gesture-Recognition-/data/processed/combined_augmented/sessions/andrew_t_arm_008,30.0,313558.9611111112,38683.267805001786,261116.0,384951.6666666667,282925.5,262086.5,-20839.0,2.105555555555556,1.4040176039134145,4.726301590817086,3.5188331033235567,13.009531744495227,300.0,300.0,0.5978944444444445,0.1869207070120283,0.1863333333333333,0.9426666666666668,0.1821077777777777,0.7080596972469426,-1.1446666666666667,1.5033333333333332,-0.13395,0.2692327268437173,-0.458,0.462,-2.0127666666666664,14.20907217542005,-70.22333333333333,53.17333333333334,-19.11243333333333,22.278894920005943,-69.99666666666667,12.933333333333332,-38.456872222222216,45.04988075275424,-106.74333333333334,22.766666666666666,1.0030864880719828,0.1057130841056082,149.0,95.29082774049216,35.99452616440041,49.0,180.0,77.66666666666667,131.0,66.33333333333333,119.33333333333331,53.0,180.0,64.5,-115.5,115.5,3.192567567567566,24.66666666666667,-0.7206566297841466
raise_arms,andrew,combined_augmented,/Users/vibha/COSMOS-Cluster10/labs/Cosmos-Gesture-Recognition-/data/processed/combined_augmented/sessions/andrew_raise_arms_001,30.0,425307.9777777778,87477.66812121497,258620.0,576716.6666666666,258620.0,361720.0,103100.0,5.700000000000001,2.0300519971446818,3.8012814962066006,4.12787100593678,17.010707353181157,301.0,301.0,-0.0343637873754153,0.5407288961261215,-0.8646666666666666,0.5453333333333333,-0.2514712070874861,0.2656724536387359,-0.6903333333333332,0.1146666666666666,-0.731281838316722,0.2013240365377964,-0.9865,-0.178,-16.96472868217054,17.421103471662985,-47.78,23.65333333333333,26.54483942414175,29.17740336763449,-21.290000000000003,76.85666666666667,-14.460387596899226,14.934671931099189,-43.73333333333333,4.383333333333333,0.996534284846348,0.0980415395154238,151.0,47.12030905077263,11.455552736400085,28.666666666666668,77.0,45.333333333333336,48.33333333333333,39.333333333333336,51.66666666666666,12.333333333333329,77.0,39.0,-38.0,38.0,1.5666666666666669,8.0,-0.2244655512954572
raise_arms,andrew,combined_augmented,/Users/vibha/COSMOS-Cluster10/labs/Cosmos-Gesture-Recognition-/data/processed/combined_augmented/sessions/andrew_raise_arms_002,30.0,443252.23888888885,108587.6323521586,279201.6666666667,663407.0,289591.0,334480.5,44889.5,5.116666666666666,2.1795131974314303,2.7497453586375515,1.877635538263236,8.241318113939183,301.0,301.0,0.0264800664451827,0.6309709269079063,-0.938,0.6433333333333334,-0.1369413067552602,0.2587849010583686,-0.633,0.159,-0.6975498338870432,0.2056825744608655,-0.9376666666666664,-0.1063333333333333,-20.94320044296788,21.78744977845529,-106.07333333333334,11.553333333333333,34.07501107419713,36.64573089513379,-31.290000000000003,103.96666666666668,-10.167364341085271,16.227525924509777,-51.00666666666667,36.95,1.000333543386711,0.1129687797653376,151.0,59.10044150110375,42.7824392434876,30.33333333333333,258.6666666666667,46.0,228.3333333333333,42.333333333333336,53.0,10.666666666666664,243.0,42.5,-200.5,200.5,3.880370370370371,48.66666666666667,-0.5686795631462768
raise_arms,andrew,combined_augmented,/Users/vibha/COSMOS-Cluster10/labs/Cosmos-Gesture-Recognition-/data/processed/combined_augmented/sessions/andrew_raise_arms_003,31.0,403996.9677419354,77775.24826104421,280329.0,520921.0,290524.0,292491.5,1967.5,5.35483870967742,1.9077008321602364,2.7171012799463448,1.6337783892428592,6.816055487901101,301.0,301.0,0.0907679955703211,0.6203064703660645,-0.8563333333333333,0.7563333333333334,-0.1283765227021041,0.2579420241753466,-0.5836666666666667,0.2376666666666666,-0.7046976744186046,0.1733178068215811,-0.9666666666666668,-0.2983333333333333,-17.849623477297893,18.514061406761307,-77.74000000000001,15.76,34.71439091915836,31.707257779579543,-11.29,86.23333333333335,-10.373039867109636,10.280787004368726,-40.03,6.406666666666666,0.9970850462153386,0.0921566640065002,150.0,60.63333333333333,45.42192619834046,24.0,206.3333333333333,47.0,182.3333333333333,43.16666666666666,50.333333333333336,7.166666666666671,202.0,35.0,-167.0,167.0,2.3825503355704707,48.33333333333333,-0.6502896425026304
raise_arms,andrew,combined_augmented,/Users/vibha/COSMOS-Cluster10/labs/Cosmos-Gesture-Recognition-/data/processed/combined_augmented/sessions/andrew_raise_arms_004,30.0,424431.0222222222,105971.39519280952,268031.0,611969.6666666666,268031.0,299427.0,31396.0,4.877777777777777,1.8752448399813133,2.588816038833164,2.253390282803976,9.096395065996576,300.0,300.0,0.119911111111111,0.6186115931744867,-0.8493333333333334,0.7840000000000001,-0.1879861111111111,0.2734285685913482,-0.629,0.1949999999999999,-0.6877283333333334,0.1815263034418294,-0.9906666666666668,-0.2176666666666666,-19.152683333333336,18.71201449637866,-72.21333333333332,19.5,33.801094444444445,30.98020207828624,-11.596666666666666,90.22333333333334,-14.292333333333335,17.149080408344112,-47.16,14.983333333333334,1.0013422478369567,0.1019642088082906,150.0,48.738888888888894,8.592294396305999,34.0,73.0,47.0,39.0,43.333333333333336,50.66666666666666,7.333333333333329,68.5,44.5,-24.0,24.0,1.2281879194630876,10.666666666666664,-0.1277398995510913
raise_arms,andrew,combined_augmented,/Users/vibha/COSMOS-Cluster10/labs/Cosmos-Gesture-Recognition-/data/processed/combined_augmented/sessions/andrew_raise_arms_005,30.0,422807.1277777777,95603.58488057826,278799.6666666667,580052.6666666666,304609.0,315878.5,11269.5,5.061111111111111,1.9150879166229056,2.7459285159001583,3.894796120534396,20.175974265407373,302.0,302.0,-0.0627527593818984,0.6297750829992704,-0.9183333333333332,0.6863333333333334,-0.2419884105960265,0.2264187441740807,-0.605,0.1673333333333333,-0.6696523178807947,0.2164714712864975,-0.9416666666666668,-0.138,-11.496139624724062,14.308621028724536,-60.833333333333336,15.353333333333332,36.2219646799117,30.46649264130387,-9.816666666666668,82.00666666666667,-11.566782560706402,12.803365786216666,-37.49666666666667,10.04,0.9987114527358252,0.0908182880883495,151.0,52.79304635761591,13.958209116359662,38.66666666666666,101.25,48.0,62.583333333333336,44.333333333333336,52.16666666666667,7.833333333333336,79.75,45.0,-34.75,34.75,1.6609259259259257,13.333333333333336,-0.2420341001510401
raise_arms,andrew,combined_augmented,/Users/vibha/COSMOS-Cluster10/labs/Cosmos-Gesture-Recognition-/data/processed/combined_augmented/sessions/andrew_raise_arms_006,30.0,403306.7388888889,83991.90578981389,279224.0,528687.6666666666,294130.0,299793.0,5663.0,5.516666666666667,2.0500000000000003,3.4256018671748336,3.7636834876199496,16.451040115932983,302.0,302.0,0.1411186534216336,0.5904376370075812,-0.8943333333333333,0.7600000000000001,-0.2181699779249448,0.2530810259418081,-0.7123333333333334,0.1493333333333333,-0.7074094922737307,0.16775339276909,-1.0096666666666667,-0.2786666666666667,-10.01878587196468,15.597086700897911,-46.54,35.940000000000005,35.87802428256071,33.8140238357088,-7.035,117.82333333333334,-11.018620309050773,13.829678274224774,-39.57333333333333,12.353333333333332,0.9995558054007768,0.0981672294214452,151.0,68.13392200147167,51.42173935859721,38.66666666666666,237.3333333333333,52.333333333333336,198.66666666666669,49.0,54.66666666666666,5.666666666666664,229.66666666666669,44.0,-185.66666666666669,185.66666666666669,2.440740740740741,57.666666666666686,-0.6541361682351576
raise_arms,andrew,combined_augmented,/Users/vibha/COSMOS-Cluster10/labs/Cosmos-Gesture-Recognition-/data/processed/combined_augmented/sessions/andrew_raise_arms_007,30.0,436090.2666666668,95473.04136400863,278266.0,650669.0,278266.0,341318.0,63052.0,6.694444444444444,1.6667129623199768,2.914711087750417,4.925573120929706,22.45185915837574,302.0,302.0,0.1375756070640176,0.5835227729961632,-0.8850000000000001,0.739,-0.1381716335540838,0.2721177789269717,-0.6123333333333333,0.2073333333333333,-0.7268211920529801,0.1553813916004622,-0.92325,-0.257,-12.681495584988962,16.601871857429522,-77.11,13.773333333333332,35.334481236203096,34.0252456797635,-7.486666666666667,114.09,-11.055844370860926,14.2048623369936,-37.373333333333335,19.97,0.9981773982193172,0.09284214532443,149.0,43.828859060402685,13.776364775423549,17.0,86.0,43.0,69.0,37.333333333333336,47.0,9.666666666666664,76.5,37.0,-39.5,39.5,2.140015015015015,15.333333333333336,-0.2506034222141603
raise_arms,andrew,combined_augmented,/Users/vibha/COSMOS-Cluster10/labs/Cosmos-Gesture-Recognition-/data/processed/combined_augmented/sessions/andrew_raise_arms_008,30.0,435706.25,99235.6588129876,308855.0,615155.6666666666,308855.0,315582.0,6727.0,4.916666666666667,1.9001705576469048,2.797876210142428,2.0926431633206994,7.227912328037094,302.0,302.0,0.2330894039735099,0.5814159631246563,-0.827,0.7383333333333333,-0.1197897350993377,0.3013169481931544,-0.7723333333333334,0.2016666666666666,-0.7102823767476086,0.1500980612794904,-1.032333333333333,-0.213,-16.234906181015454,21.55830335327673,-94.69,24.915,34.519437086092715,38.76867091331756,-7.12,108.31,-12.58325055187638,18.115028668265687,-57.54666666666666,9.409999999999998,1.0039165165989907,0.1292237855131369,151.0,43.71026490066225,20.30809415907372,20.0,141.66666666666666,40.0,121.66666666666666,35.16666666666667,45.83333333333333,10.666666666666655,137.0,32.75,-104.25,104.25,2.3183333333333334,40.33333333333333,-0.2907438712675732
fist_open,andrew,combined_augmented,/Users/vibha/COSMOS-Cluster10/labs/Cosmos-Gesture-Recognition-/data/processed/combined_augmented/sessions/andrew_fist_open_001,30.0,291345.05,18923.83286587215,264263.0,338471.0,264263.0,269931.5,5668.5,1.5444444444444445,1.6476320457021625,7.321065230108699,6.500715538175074,20.79011121423485,302.0,302.0,0.7215038631346578,0.0369308424810014,0.6156666666666667,0.9053333333333334,0.1371208609271523,0.0718438477863493,0.0383333333333333,0.3813333333333333,-0.6704409492273731,0.0566894331083403,-0.7483333333333334,-0.437,0.6514569536423841,10.436462581111488,-35.370000000000005,46.38,-2.3612803532008835,9.330860375717227,-35.23666666666667,31.616666666666664,2.2764348785871964,7.15277375036003,-7.12,41.90333333333333,0.9990495795481332,0.0223623890156372,150.0,85.95444444444445,1.0849276973037567,84.0,88.66666666666667,85.66666666666667,4.666666666666671,85.0,87.0,2.0,87.5,85.0,-2.5,2.5,0.3299776286353467,1.3333333333333286,-0.017612338326148
fist_open,andrew,combined_augmented,/Users/vibha/COSMOS-Cluster10/labs/Cosmos-Gesture-Recognition-/data/processed/combined_augmented/sessions/andrew_fist_open_002,30.0,282240.64444444445,15680.307951183566,257751.0,311142.6666666667,271244.0,257751.0,-13493.0,1.222222222222222,1.3939906300055285,4.576276822882638,7.943984690018026,25.204390864593613,300.0,300.0,0.7099311111111111,0.0283102372677513,0.6173333333333334,0.85,0.1628861111111111,0.0537326810312166,0.0853333333333333,0.354,-0.6788438888888889,0.0401605991741757,-0.8003333333333332,-0.442,0.8095222222222227,8.611003689062342,-44.7,26.116666666666664,0.0896666666666665,7.857995970266482,-18.826666666666664,38.74,1.5421000000000002,5.07200330117394,-12.016666666666666,22.88,0.9981640540893928,0.0182526324940634,150.0,84.90777777777777,0.81889885020709,83.0,87.0,84.66666666666667,4.0,84.33333333333333,85.33333333333333,1.0,84.5,84.0,-0.5,0.5,0.3053691275167783,1.0,-0.0106864008770762
fist_open,andrew,combined_augmented,/Users/vibha/COSMOS-Cluster10/labs/Cosmos-Gesture-Recognition-/data/processed/combined_augmented/sessions/andrew_fist_open_003,30.0,281183.73333333334,17517.555750013038,254417.66666666663,321300.0,278809.0,257380.0,-21429.0,1.0055555555555555,1.2356459799045685,8.927960999596982,9.93881284104289,24.396387879339144,302.0,302.0,0.7414133554083885,0.0270407982674735,0.6716666666666665,0.8493333333333334,0.1895711920529801,0.0710322501720862,0.0916666666666666,0.5073333333333333,-0.6340529801324503,0.0520118275738989,-0.6886666666666666,-0.3806666666666666,0.4902317880794704,10.784975142812115,-43.25666666666667,30.56,-0.0407064017660041,8.91255786672007,-23.64333333333333,33.77333333333333,1.2818377483443708,7.497879581183242,-20.203333333333333,25.35333333333333,0.997889922479268,0.018759003345168,150.0,83.50555555555555,0.8599586958038683,81.66666666666667,85.66666666666667,83.33333333333333,4.0,83.0,84.0,1.0,85.0,83.0,-2.0,2.0,0.3825503355704696,1.6666666666666572,-0.0019263078359041
fist_open,andrew,combined_augmented,/Users/vibha/COSMOS-Cluster10/labs/Cosmos-Gesture-Recognition-/data/processed/combined_augmented/sessions/andrew_fist_open_004,30.0,275595.61666666664,13954.271238594934,258843.66666666663,303871.0,262862.0,263580.0,718.0,1.1388888888888888,0.8996741522612026,4.401169298710814,4.758057738409167,13.697305622180217,301.0,301.0,0.7131063122923588,0.0252921092742392,0.6116666666666667,0.7706666666666667,0.1731578073089701,0.0612137471904785,0.0963333333333333,0.4213333333333333,-0.6704318936877077,0.0368516509844882,-0.8210000000000001,-0.5219999999999999,0.3996234772978959,10.205265840406382,-35.91,35.13999999999999,0.7420764119601331,7.199117425839844,-15.75,29.563333333333333,1.166284606866002,6.211162061672187,-18.1,25.146666666666665,0.9967751348723414,0.0129364312733951,151.0,84.56953642384106,0.7092921917616806,82.66666666666667,86.16666666666667,84.66666666666667,3.5,84.0,85.0,1.0,85.0,84.5,-0.5,0.5,0.39,1.3333333333333286,-0.0073068432671086
fist_open,andrew,combined_augmented,/Users/vibha/COSMOS-Cluster10/labs/Cosmos-Gesture-Recognition-/data/processed/combined_augmented/sessions/andrew_fist_open_005,30.0,270366.18888888886,12011.130558448636,253198.0,299000.0,253198.0,268408.0,15210.0,0.4333333333333333,0.6155395104206461,2.338693904329439,1.274644340325785,3.613338244655224,300.0,300.0,0.6886938888888889,0.0377320620682438,0.6326666666666667,0.8036666666666666,0.0899627777777777,0.0832847614205416,-0.0943333333333333,0.308,-0.7091327777777778,0.0548536336554449,-0.832,-0.5306666666666667,1.137622222222222,10.406227867905134,-27.37333333333333,40.54,-1.4292944444444444,8.723803537425562,-33.416666666666664,32.276666666666664,2.3497000000000003,6.0211536502874905,-15.403333333333334,21.30333333333333,0.9981945821588704,0.0154411063044256,150.0,83.06444444444445,1.0149491611169503,80.66666666666667,85.0,83.0,4.333333333333329,82.33333333333333,84.0,1.6666666666666714,85.0,82.5,-2.5,2.5,0.3098434004474274,1.3333333333333286,-0.0150116301465252
fist_open,andrew,combined_augmented,/Users/vibha/COSMOS-Cluster10/labs/Cosmos-Gesture-Recognition-/data/processed/combined_augmented/sessions/andrew_fist_open_006,30.0,271113.9,10891.518122986035,256510.3333333333,294854.3333333333,273596.5,258670.0,-14926.5,1.0777777777777775,1.002527669640625,11.38369284584514,8.390872954171916,23.53876834574951,300.0,300.0,0.7140344444444444,0.0393737669713529,0.6503333333333333,0.8376666666666667,0.1616288888888888,0.0649546984649678,0.0713333333333333,0.365,-0.6699938888888889,0.0603946485523794,-0.7853333333333333,-0.4663333333333333,1.2648555555555556,7.67859163798426,-17.61,33.97,-0.1749777777777778,10.930976143233988,-22.026666666666667,38.84666666666667,0.879911111111111,4.660784019812715,-14.18,12.046666666666669,0.9970406211758248,0.0137046124454461,149.0,82.83221476510067,1.1221387779805962,78.33333333333333,85.66666666666667,83.0,7.333333333333343,82.33333333333333,83.66666666666667,1.3333333333333428,84.0,82.5,-1.5,1.5,0.5056306306306303,3.0,-0.0080482495918736
fist_open,andrew,combined_augmented,/Users/vibha/COSMOS-Cluster10/labs/Cosmos-Gesture-Recognition-/data/processed/combined_augmented/sessions/andrew_fist_open_007,30.0,268453.61666666664,12615.31562670506,250287.66666666663,290487.0,267425.0,258065.5,-9359.5,0.6055555555555556,0.6673376253238233,10.980321155647244,9.55370643339914,26.31880764334242,302.0,302.0,0.676075055187638,0.0343759497226043,0.6193333333333333,0.8063333333333333,0.113576710816777,0.0583007823971096,0.0096666666666666,0.2543333333333333,-0.7200645695364238,0.0417001032199291,-0.797,-0.585,1.3379856512141275,5.744550575475868,-17.203333333333337,19.756666666666664,-2.000386313465784,5.610554185197493,-16.633333333333333,15.47,1.6124172185430463,4.102243271647491,-8.32,15.493333333333334,0.9972109180498724,0.0189764187013933,151.0,83.72626931567329,1.4740149718900073,79.66666666666667,87.33333333333333,84.0,7.666666666666657,82.66666666666667,84.66666666666667,2.0,84.5,83.0,-1.5,1.5,0.4522222222222224,1.3333333333333428,-0.0265069129778089
fist_open,andrew,combined_augmented,/Users/vibha/COSMOS-Cluster10/labs/Cosmos-Gesture-Recognition-/data/processed/combined_augmented/sessions/andrew_fist_open_008,30.0,277789.28888888884,14446.084415145377,251166.3333333333,305815.0,302451.5,276881.5,-25570.0,0.9833333333333332,1.0366881026722656,15.508203095791298,8.502609552572787,26.238338064193407,300.0,300.0,0.6751555555555555,0.0503683916414174,0.608,0.8283333333333333,0.1224477777777777,0.0961734759619346,-0.0396666666666666,0.3573333333333333,-0.7179983333333333,0.0701645248881354,-0.8443333333333333,-0.5316666666666666,1.720911111111111,9.770819354335732,-22.965,45.09333333333333,-2.164877777777778,9.064003498979144,-37.77,33.25666666666667,1.8434277777777777,5.638202095589504,-15.013333333333334,21.28,1.0012368302175665,0.024171716395261,150.0,83.4,1.5331290594404705,80.0,86.5,84.0,6.5,82.33333333333333,84.625,2.2916666666666714,83.5,84.5,1.0,1.0,0.3422818791946316,2.1666666666666714,-0.0067007422552115
one_arm_boxing,andrew,combined_augmented,/Users/vibha/COSMOS-Cluster10/labs/Cosmos-Gesture-Recognition-/data/processed/combined_augmented/sessions/andrew_one_arm_boxing_001_seg000,30.0,470639.22777777776,47984.94230219872,360982.3333333333,569470.3333333334,481939.0,458435.5,-23503.5,5.71111111111111,1.00823767529117,2.134188192765413,1.3472733294243824,5.662163460287737,300.0,300.0,0.4716355555555555,0.4028845241168237,-0.5043333333333333,1.0319999999999998,-0.1103516666666666,0.4357394457371243,-1.0476666666666667,0.6726666666666667,-0.7299877777777778,0.2413254921966401,-1.485,-0.2216666666666666,0.9909833333333335,32.65639912570168,-99.72333333333331,84.80999999999999,6.3376833333333344,46.99309667873708,-95.85666666666668,103.64333333333332,-5.782566666666663,88.51622126974911,-156.80666666666667,160.62,1.0702569522645085,0.1802015453952016,150.0,75.27000000000001,7.126707443541616,62.66666666666666,86.66666666666667,75.66666666666667,24.000000000000007,68.66666666666667,81.91666666666667,13.25,72.5,69.0,-3.5,3.5,0.7796420581655483,2.6666666666666714,-0.019495681289539
one_arm_boxing,andrew,combined_augmented,/Users/vibha/COSMOS-Cluster10/labs/Cosmos-Gesture-Recognition-/data/processed/combined_augmented/sessions/andrew_one_arm_boxing_001_seg001,30.0,447871.5611111111,36827.95086277399,378153.6666666667,519409.6666666667,437208.0,452742.0,15534.0,6.166666666666667,0.7710022337480252,2.33476206801184,1.5059267215373058,7.134665692005973,300.0,300.0,0.4663394444444445,0.3979123489697879,-0.5003333333333333,1.026,-0.0580122222222222,0.356824019078534,-0.847,0.7546666666666667,-0.7474383333333333,0.258099171280616,-1.3356666666666666,-0.212,0.8766000000000008,39.86637384688077,-107.51666666666668,56.52,0.3687777777777804,57.03610096592387,-130.41333333333333,106.75,2.999844444444446,86.34697724863217,-141.44333333333336,165.22666666666666,1.0517382158215165,0.1600671207910983,150.0,74.50444444444446,6.761902166165775,61.66666666666666,86.66666666666667,75.0,25.000000000000007,68.375,80.91666666666667,12.541666666666671,68.0,69.0,1.0,1.0,0.9127516778523492,3.333333333333343,0.0177347141354429
one_arm_boxing,andrew,combined_augmented,/Users/vibha/COSMOS-Cluster10/labs/Cosmos-Gesture-Recognition-/data/processed/combined_augmented/sessions/andrew_one_arm_boxing_001_seg002,30.0,429297.96111111104,47740.5415147507,353424.6666666667,510031.0,508940.5,412205.0,-96735.5,6.533333333333334,1.1804825685499156,2.335395316484478,1.4453463578259695,6.310714940453779,300.0,300.0,0.4048844444444444,0.4435259255634484,-0.7626666666666666,1.0526666666666669,0.0043405555555555,0.3999143765344659,-1.3786666666666667,0.7466666666666667,-0.76475625,0.2724960382213917,-1.4243333333333332,-0.253,-2.0012166666666675,32.96177697659681,-94.31,103.49666666666668,-5.374233333333332,64.74964869263485,-121.55333333333334,140.71,12.995672222222222,81.38125215090984,-166.74333333333334,179.23666666666668,1.0695689830420754,0.1890116722751234,150.0,77.03555555555555,6.543737625612072,65.66666666666667,87.0,77.16666666666666,21.33333333333333,71.0,83.66666666666667,12.666666666666671,70.5,76.5,6.0,6.0,0.7919463087248322,3.666666666666672,0.0564451753411259
one_arm_boxing,andrew,combined_augmented,/Users/vibha/COSMOS-Cluster10/labs/Cosmos-Gesture-Recognition-/data/processed/combined_augmented/sessions/andrew_one_arm_boxing_002_seg000,30.0,467809.7222222223,44188.98855807635,371529.3333333333,553773.3333333334,456729.0,473341.0,16612.0,7.2555555555555555,1.1415821812481175,2.368076667294312,1.281656591156051,4.921646447252737,300.0,300.0,0.3488355555555555,0.4361397503632448,-0.7833333333333333,0.9726666666666668,-0.0344505555555555,0.3830800719650245,-1.7,0.6093333333333333,-0.8193438888888889,0.2169151275816544,-1.6043333333333332,-0.348,-3.033388888888888,27.64415909703348,-80.42333333333333,72.57333333333334,-1.4495111111111108,60.2532922228065,-129.96666666666667,164.64666666666668,8.582527777777774,87.21927373276762,-142.24,178.8066666666667,1.064653877997053,0.211494704143276,149.0,77.59395973154362,8.15473761386104,59.333333333333336,88.66666666666667,78.66666666666667,29.333333333333336,70.33333333333333,85.33333333333333,15.0,67.5,76.0,8.5,8.5,0.9740990990990988,4.666666666666664,0.0518507769514483
one_arm_boxing,andrew,combined_augmented,/Users/vibha/COSMOS-Cluster10/labs/Cosmos-Gesture-Recognition-/data/processed/combined_augmented/sessions/andrew_one_arm_boxing_002_seg001,30.0,454462.3555555556,49012.35493366483,377109.6666666667,580675.0,454030.0,580675.0,126645.0,6.411111111111111,1.6681844940451998,1.8582104391533216,1.1315735474877624,4.3563779209691855,300.0,300.0,0.4344288888888888,0.4401157033674409,-0.6406666666666667,1.0006666666666666,0.0077638888888889,0.388444755464454,-1.1866666666666668,0.5006666666666667,-0.7530372222222222,0.2453003978565469,-1.5853333333333337,-0.3203333333333333,1.916566666666666,34.22855090186921,-171.40333333333334,80.64,-5.984972222222222,51.1742816565513,-130.39666666666665,82.675,13.637844444444442,84.5222323434287,-127.61666666666667,173.58,1.0606815111897856,0.1886053364336861,149.0,75.44295302013423,4.5932027977732135,65.66666666666667,84.66666666666667,76.66666666666667,19.0,72.0,78.66666666666667,6.666666666666671,77.5,83.5,6.0,6.0,0.7860360360360361,3.3333333333333286,0.0532831489207329
one_arm_boxing,andrew,combined_augmented,/Users/vibha/COSMOS-Cluster10/labs/Cosmos-Gesture-Recognition-/data/processed/combined_augmented/sessions/andrew_one_arm_boxing_002_seg002,30.0,436592.0277777777,55602.68505926809,347151.6666666667,547608.3333333334,352053.5,413595.0,61541.5,6.611111111111112,1.5760553979108574,1.9031103247207808,1.495619199826676,7.313579323375936,300.0,300.0,0.42167,0.3802556642235248,-0.6426666666666666,0.948,-0.1068811111111111,0.4096338976753405,-1.4216666666666669,0.6216666666666667,-0.7789272222222221,0.1728730645955416,-1.215666666666667,-0.4213333333333333,4.505327777777778,37.87550677810288,-107.35,157.91333333333333,2.178988888888888,42.1866984089099,-95.32666666666668,128.52333333333334,-9.026566666666668,97.51466402218884,-219.58,170.10666666666663,1.0540650383507904,0.1648728904918561,150.0,72.1588888888889,7.039341260307697,60.66666666666666,84.33333333333333,71.33333333333333,23.666666666666664,65.66666666666667,79.0,13.333333333333329,81.0,74.0,-7.0,7.0,0.8590604026845637,3.333333333333343,-0.0191104789842513
one_arm_boxing,andrew,combined_augmented,/Users/vibha/COSMOS-Cluster10/labs/Cosmos-Gesture-Recognition-/data/processed/combined_augmented/sessions/andrew_one_arm_boxing_003_seg000,30.0,446223.4222222223,42541.37421657522,344924.3333333333,527520.6666666666,444391.0,445702.0,1311.0,6.6111111111111125,1.5895103679676152,3.5117232644430447,3.678524702588723,15.281657902203644,300.0,300.0,0.3904861111111111,0.3666853819613427,-0.616,0.883,-0.1092077777777777,0.341925912993653,-1.09,0.583,-0.8250877777777778,0.1854609504637393,-1.3150000000000002,-0.4996666666666667,6.769961111111111,27.32171843885724,-72.91000000000001,60.1,4.138116666666667,38.66653571935801,-116.53,93.72333333333334,-17.50278333333334,83.61064495205949,-140.26333333333332,165.70666666666668,1.049681417731532,0.1706217086798291,150.0,77.73111111111112,6.706530331901652,64.0,90.0,78.33333333333333,26.0,70.75,83.0,12.25,82.0,64.0,-18.0,18.0,0.774049217002237,2.6666666666666714,-0.0098368816391841
one_arm_boxing,andrew,combined_augmented,/Users/vibha/COSMOS-Cluster10/labs/Cosmos-Gesture-Recognition-/data/processed/combined_augmented/sessions/andrew_one_arm_boxing_003_seg001,30.0,436795.1666666666,43554.38119470536,359137.0,528959.6666666666,411054.5,397807.0,-13247.5,6.105555555555556,0.8147748306687916,2.631060954875066,1.699159765246296,7.624838826385603,300.0,300.0,0.3416631481481481,0.3459538618140877,-0.5363333333333333,0.908,-0.0816844444444444,0.3383733819464476,-1.258,0.5183333333333334,-0.8552344444444444,0.1874801015361802,-1.3193333333333337,-0.4726666666666666,-5.496850000000001,30.27208503772417,-62.870000000000005,76.35666666666667,-2.0538222222222227,42.787245481675214,-94.10666666666668,111.64666666666666,12.58781666666667,84.66794253818692,-132.1766666666667,162.04333333333332,1.048750646355318,0.1558316418002949,150.0,74.22,7.043841615055422,61.66666666666666,88.0,74.0,26.333333333333336,68.0,80.66666666666667,12.666666666666671,64.5,76.5,12.0,12.0,0.9574944071588368,3.333333333333343,0.0072601745262749
one_arm_boxing,andrew,combined_augmented,/Users/vibha/COSMOS-Cluster10/labs/Cosmos-Gesture-Recognition-/data/processed/combined_augmented/sessions/andrew_one_arm_boxing_003_seg002,30.0,469054.15,44529.5422062359,359569.6666666667,551712.3333333334,504727.0,476112.5,-28614.5,6.122222222222223,1.0318388236661244,2.0619875453116068,1.5209865752810934,5.893571735486387,300.0,300.0,0.4331094444444444,0.3588518684427831,-0.4589999999999999,0.9013333333333332,-0.0148044444444444,0.2881950771591448,-1.18,0.4293333333333333,-0.8026783333333333,0.1758659799945528,-1.4055,-0.3686666666666666,-2.2942,35.062734866035846,-121.48333333333332,58.82666666666668,-4.586200000000002,42.72972568153532,-114.25,70.99333333333334,6.166844444444448,84.80179153225187,-141.20666666666668,158.18,1.0234373440025522,0.1656242163729377,150.0,71.00444444444446,7.703683292196519,59.66666666666666,86.33333333333333,67.33333333333333,26.666666666666664,65.0,77.91666666666667,12.916666666666671,75.0,83.5,8.5,8.5,0.9519015659955256,2.8333333333333286,0.0359132998503635
clapping,andrew,combined_augmented,/Users/vibha/COSMOS-Cluster10/labs/Cosmos-Gesture-Recognition-/data/processed/combined_augmented/sessions/andrew_clapping_001_seg000,30.0,360705.13333333336,22776.452888300293,311460.6666666667,414674.0,414674.0,331128.0,-83546.0,5.7,1.4715826703096078,2.221501848793762,1.6023087196525994,6.2464589846485294,300.0,300.0,0.7467900000000001,0.2923715518762078,-0.6366666666666667,2.464,-0.3758116666666667,0.2346479644836427,-1.388,0.7263333333333333,-0.0813461111111111,0.4608832497593559,-1.1393333333333333,0.5377777777777778,4.048994444444444,55.1403305825906,-140.36666666666667,124.68666666666668,-5.068550000000003,128.2044239056548,-294.89000000000004,249.95,-0.2996999999999999,32.74784219669488,-75.07666666666667,62.22833333333333,0.9953766099843112,0.2602430949773365,143.0,21.01048951048951,8.858835027976406,4.0,52.0,19.666666666666668,48.0,15.666666666666666,25.0,9.333333333333334,14.5,25.0,10.5,10.5,3.477699530516432,18.333333333333336,-0.0165078466134803
clapping,andrew,combined_augmented,/Users/vibha/COSMOS-Cluster10/labs/Cosmos-Gesture-Recognition-/data/processed/combined_augmented/sessions/andrew_clapping_001_seg001,30.0,359044.98888888885,14820.462503962484,331256.5,396069.3333333333,331256.5,370486.5,39230.0,5.655555555555555,1.22771493051819,2.855192833168988,1.9666745834867323,8.522432806870906,300.0,300.0,0.7186294444444444,0.2374772787773471,-0.783,2.287666666666667,-0.3770416666666667,0.2488987588207095,-1.3490000000000002,0.6254,-0.1622688888888888,0.4842427979107124,-1.5060000000000002,0.649,10.03856851851852,59.71278984715494,-95.71,186.88666666666663,-4.348605555555555,127.0221841185624,-306.8233333333333,211.74,9.614188888888888,37.68262093544345,-42.56333333333333,93.03000000000002,0.9925741806048604,0.2292455507300226,150.0,20.36888888888889,9.14167560285893,7.0,48.0,17.666666666666668,41.0,13.333333333333334,26.666666666666668,13.333333333333334,36.0,10.0,-26.0,26.0,2.5130499627143923,14.333333333333332,-0.1434493384891182
clapping,andrew,combined_augmented,/Users/vibha/COSMOS-Cluster10/labs/Cosmos-Gesture-Recognition-/data/processed/combined_augmented/sessions/andrew_clapping_001_seg002,30.0,371464.2888888888,23126.66604188419,324157.5,409470.6666666667,359978.0,324157.5,-35820.5,6.411111111111111,1.117813120713613,2.597167850162554,1.7251569198008725,6.816555722127587,300.0,300.0,0.7156816666666667,0.301794091686795,-0.7176666666666667,2.2,-0.45954,0.2942269406036006,-1.4805,0.9943333333333332,-0.1077211111111111,0.4386049783527342,-1.0275,0.5186666666666667,5.067494444444445,67.55524885414792,-129.54,192.46,4.692294444444445,132.8526338030656,-317.16,224.56666666666663,0.6215611111111116,44.30611168534249,-87.20333333333333,98.64666666666666,1.0171474443633868,0.2653595055705295,147.0,19.887755102040817,8.342874977269032,3.0,45.66666666666666,20.0,42.66666666666666,13.666666666666666,23.833333333333336,10.16666666666667,8.0,7.0,-1.0,1.0,3.0091324200913245,16.0,0.0395393996176774
clapping,andrew,combined_augmented,/Users/vibha/COSMOS-Cluster10/labs/Cosmos-Gesture-Recognition-/data/processed/combined_augmented/sessions/andrew_clapping_002_seg000,30.0,365040.5,19712.19958783749,329438.0,407531.3333333333,361079.0,337517.0,-23562.0,5.361111111111111,1.0166059483993726,2.6272258690637265,1.616293161852778,6.643191274560297,300.0,300.0,0.75008,0.2993501670099565,-0.933,2.470666666666667,-0.4242122222222221,0.2136243015308107,-1.1063333333333334,0.269,-0.0726177777777777,0.3868872573954581,-0.9996666666666666,0.4966666666666666,7.771699999999999,55.59779564309466,-109.11333333333332,137.27,2.560872222222221,122.80269950053564,-304.0133333333333,243.66000000000005,1.5495055555555557,39.12504687199719,-73.35666666666667,94.25,0.9839734930257268,0.2541124498784824,149.0,17.998881431767337,7.147180219734968,4.333333333333333,49.0,17.666666666666668,44.66666666666666,13.0,22.0,9.0,26.0,23.5,-2.5,2.5,2.6287537537537538,15.666666666666668,-0.0135243968801015
clapping,andrew,combined_augmented,/Users/vibha/COSMOS-Cluster10/labs/Cosmos-Gesture-Recognition-/data/processed/combined_augmented/sessions/andrew_clapping_002_seg001,30.0,358782.93888888886,29162.690762992566,316502.5,426190.0,355671.5,333101.5,-22570.0,5.016666666666666,1.3405015645065264,2.4550161128490315,2.1668879750866434,9.188357175468344,300.0,300.0,0.7387055555555556,0.2342375383942635,-0.323,2.051,-0.4653755555555555,0.2315946002732364,-1.1276666666666666,0.5993333333333334,-0.1173733333333333,0.4153296546376133,-1.7355,0.6593333333333333,7.314361111111111,54.28031388438251,-117.12,132.26666666666668,-3.2020166666666663,113.01181281199511,-306.71,200.54666666666665,4.249816666666667,33.598484711329746,-62.44833333333335,92.75333333333332,1.0047289281311456,0.2180793230951174,144.0,18.769675925925924,6.888895057113062,5.0,47.0,18.5,42.0,14.666666666666666,22.08333333333333,7.416666666666666,24.0,21.5,-2.5,2.5,2.185314685314685,13.000000000000002,0.0385509605337191
clapping,andrew,combined_augmented,/Users/vibha/COSMOS-Cluster10/labs/Cosmos-Gesture-Recognition-/data/processed/combined_augmented/sessions/andrew_clapping_002_seg002,30.0,345109.0333333334,23844.051346832195,312455.6666666667,387896.6666666667,323092.0,381056.0,57964.0,5.7222222222222205,1.193604355732959,3.254701347858014,1.9231242350218625,7.721835430897175,300.0,300.0,0.7517933333333334,0.2606868968989711,-0.5515,1.9413333333333327,-0.4382566666666665,0.207847264145471,-1.08,0.5923333333333333,-0.1470733333333333,0.3582233242343586,-0.9186666666666669,0.3825999999999999,5.892394444444444,52.64945506131342,-136.58333333333334,185.6833333333333,-2.501277777777779,107.92787756489786,-270.2633333333333,181.93333333333337,-0.2366555555555559,29.06539273513457,-49.335,83.62,0.9897380442388016,0.1969603628637967,147.0,20.65079365079365,5.474596561289127,4.666666666666667,33.333333333333336,20.5,28.666666666666668,18.33333333333333,23.33333333333333,5.0,23.0,32.0,9.0,9.0,2.2054794520547945,10.333333333333334,-0.0005780172120681
clapping,andrew,combined_augmented,/Users/vibha/COSMOS-Cluster10/labs/Cosmos-Gesture-Recognition-/data/processed/combined_augmented/sessions/andrew_clapping_003_seg000,30.0,333798.55,15176.31807590426,302518.6666666667,360256.3333333333,320771.5,348042.5,27271.0,5.022222222222223,0.9923161583007158,3.254614159193716,2.41813685444205,8.89894293521493,300.0,300.0,0.7538111111111112,0.1695207554331732,-0.3841666666666667,1.965,-0.4730055555555555,0.2114352871404112,-0.983,0.4732222222222222,-0.1157497222222222,0.3739944611919929,-0.8926666666666666,0.6658000000000001,1.8999333333333328,44.6308776058227,-86.33666666666666,133.3766666666667,4.681349999999999,96.83403482035668,-282.9666666666667,187.3933333333333,-1.0899888888888891,33.10969515510947,-64.53666666666668,78.18666666666667,0.9883025018786076,0.2047819180715537,148.0,21.15765765765765,6.742700870974747,8.666666666666666,48.0,20.166666666666664,39.333333333333336,16.916666666666668,24.416666666666664,7.4999999999999964,12.0,22.0,10.0,10.0,2.158730158730159,12.333333333333336,-0.0034821837314646
clapping,andrew,combined_augmented,/Users/vibha/COSMOS-Cluster10/labs/Cosmos-Gesture-Recognition-/data/processed/combined_augmented/sessions/andrew_clapping_003_seg001,30.0,342867.1694444444,14512.85885960532,307846.25,369047.3333333333,307846.25,353433.0,45586.75,5.522222222222223,0.717161758360219,2.6125871819499142,1.358942197697813,5.783386669990042,300.0,300.0,0.7499422222222222,0.2500302467381708,-0.773,2.074,-0.4668983333333334,0.1823521740217902,-0.9515,0.5423333333333333,-0.1834944444444444,0.3671736903336771,-0.9916666666666668,0.5422000000000001,7.496083333333333,48.43175057434669,-78.60666666666667,223.65,-2.5388,93.9987711533389,-214.9833333333333,208.26666666666668,3.398722222222222,31.97665507360803,-141.2,110.78333333333336,0.9985933102254686,0.2178829061299685,150.0,20.62555555555556,4.655482808007849,6.333333333333333,38.333333333333336,21.0,32.0,17.75,23.33333333333333,5.583333333333332,8.5,28.0,19.5,19.5,1.6797166293810588,7.333333333333332,0.0408910025630768
clapping,andrew,combined_augmented,/Users/vibha/COSMOS-Cluster10/labs/Cosmos-Gesture-Recognition-/data/processed/combined_augmented/sessions/andrew_clapping_003_seg002,30.0,374091.4111111111,23419.263369260043,334462.6666666667,432030.5,362744.5,432030.5,69286.0,6.25,0.8889756902063057,1.8081967826580967,1.2681185691513353,5.139693107687636,300.0,300.0,0.7662477777777777,0.3233177537375469,-1.0433333333333334,2.5626666666666664,-0.4359333333333333,0.2923680650004353,-1.2833333333333334,1.231777777777778,-0.10299,0.4021125996252371,-1.4998333333333334,0.4607777777777778,12.2061,51.94818414943629,-80.08333333333333,117.14,1.557766666666666,102.44869411136158,-245.0733333333333,296.95666666666665,4.544611111111112,34.512486300437125,-64.37666666666667,99.27333333333333,1.0297539311449198,0.2812388798573828,149.0,20.78187919463087,4.078957195999439,8.333333333333334,31.666666666666668,20.666666666666668,23.333333333333336,18.666666666666668,23.666666666666668,5.0,23.5,25.5,2.0,2.0,1.445945945945946,7.333333333333334,0.0206040268456376
two_arm_boxing,andrew,combined_augmented,/Users/vibha/COSMOS-Cluster10/labs/Cosmos-Gesture-Recognition-/data/processed/combined_augmented/sessions/andrew_two_arm_boxing_001_seg000,30.0,532347.9111111112,53991.02555959911,445425.6666666667,638071.3333333334,610134.0,482123.0,-128011.0,8.255555555555556,1.346279739059631,2.1926845621807893,2.3064661595283704,9.99121189917746,300.0,300.0,0.4631783333333333,0.4062687033968696,-0.883,0.9483333333333333,0.1017561111111111,0.5438138436420393,-1.3613333333333333,1.014,-0.7700699999999999,0.2197484704956673,-1.374,-0.365,0.9036166666666668,55.72616426382324,-130.81,126.64333333333332,-2.6120555555555542,56.6571130490468,-176.92666666666665,141.6266666666667,-4.848366666666671,122.09999784010829,-237.60666666666663,239.91666666666663,1.1333901156463475,0.2059132619690816,150.0,39.111666666666665,9.391746908679222,20.0,56.0,38.083333333333336,36.0,31.75,47.25,15.5,33.5,34.75,1.25,1.25,1.958053691275168,9.333333333333336,-0.0045529430937672
two_arm_boxing,andrew,combined_augmented,/Users/vibha/COSMOS-Cluster10/labs/Cosmos-Gesture-Recognition-/data/processed/combined_augmented/sessions/andrew_two_arm_boxing_001_seg001,30.0,543348.3777777778,64467.0071687396,422121.3333333333,695332.3333333334,571010.0,588178.0,17168.0,9.355555555555556,1.742567992899141,1.8257569021008984,0.8333691589542644,3.452264096214005,300.0,300.0,0.5679666666666666,0.4737605267948895,-0.4756666666666667,1.1786666666666668,-0.1105238888888889,0.4537578580930283,-0.9463333333333334,0.7413333333333334,-0.6393305555555555,0.2481696673418817,-1.18,-0.217,-6.626688888888889,71.32128700451912,-169.6,144.15,-9.278344444444445,53.52658502194015,-123.05333333333331,95.68,21.51940555555555,111.0360727024079,-179.89666666666668,200.3766666666667,1.097856202137363,0.1737538416087334,150.0,41.80444444444445,10.413285745140332,22.0,66.0,41.16666666666667,44.0,33.0,50.91666666666666,17.916666666666664,28.5,61.5,33.0,33.0,2.2818791946308723,9.0,0.0022063202809012
two_arm_boxing,andrew,combined_augmented,/Users/vibha/COSMOS-Cluster10/labs/Cosmos-Gesture-Recognition-/data/processed/combined_augmented/sessions/andrew_two_arm_boxing_001_seg002,30.0,559206.7861111112,64888.5223587184,436115.0,701283.0,509402.25,600401.0,90998.75,9.238888888888887,1.052055601027969,1.799424989782973,1.1786271660338308,4.8679198377511055,300.0,300.0,0.5423161111111111,0.5223244569369753,-0.8183333333333334,1.26,-0.1747149999999999,0.4713744752366526,-1.3843333333333334,0.6016666666666667,-0.6077794444444444,0.2816605449099156,-1.4560000000000002,-0.1765,15.989688888888892,97.90400787229686,-204.54666666666665,257.25,1.621994444444446,55.65244002765243,-148.52333333333334,113.93666666666668,-15.70131666666667,118.85452788324775,-225.1766666666667,279.67,1.1050367222990494,0.2174193823777829,150.0,43.02777777777777,12.551784770951222,21.33333333333333,69.33333333333333,40.833333333333336,48.0,32.66666666666667,54.458333333333336,21.791666666666664,61.0,31.0,-30.0,30.0,2.6532438478747205,13.0,0.0295796850230379
two_arm_boxing,andrew,combined_augmented,/Users/vibha/COSMOS-Cluster10/labs/Cosmos-Gesture-Recognition-/data/processed/combined_augmented/sessions/andrew_two_arm_boxing_002_seg000,30.0,578494.1777777779,69492.35471281254,404993.0,724991.5,567706.5,404993.0,-162713.5,9.4,0.8239471396205517,2.0793566130377044,1.5940838832563813,7.04197684051076,300.0,300.0,0.4932327777777777,0.560166413087703,-0.6983333333333334,1.2593333333333332,-0.1532455555555555,0.5003935192894824,-1.2606666666666666,0.851,-0.620815,0.2897833730133597,-1.2083333333333333,-0.027,-3.5039777777777834,102.62733229420624,-195.07666666666668,236.2033333333333,-15.651149999999998,68.73943135858467,-192.63666666666668,121.89,11.2422,119.17191838797892,-204.75,216.6933333333333,1.1189991189030335,0.2194755049307448,150.0,45.39111111111112,12.513750627215218,16.333333333333332,70.33333333333333,47.5,54.0,33.666666666666664,55.333333333333336,21.66666666666667,38.0,64.5,26.5,26.5,2.410514541387024,11.333333333333336,0.0145156081011008
two_arm_boxing,andrew,combined_augmented,/Users/vibha/COSMOS-Cluster10/labs/Cosmos-Gesture-Recognition-/data/processed/combined_augmented/sessions/andrew_two_arm_boxing_002_seg001,30.0,573800.75,75390.30464619328,472223.3333333333,731914.0,590418.5,496874.0,-93544.5,9.83888888888889,0.8676098855938922,1.613750471539355,1.1706707319394445,5.97708266180379,300.0,300.0,0.5254133333333334,0.4605005041699094,-0.608,1.1503333333333334,-0.1092283333333333,0.6203694808509653,-1.2796666666666667,0.9993333333333334,-0.5518355555555555,0.2940384328537032,-1.3963333333333334,0.0816666666666666,21.1627,105.43199768442464,-263.59,284.59666666666664,-6.781599999999999,60.65675184941476,-148.01666666666668,122.63333333333333,-18.017644444444443,150.56951217198858,-265.2333333333333,230.9533333333333,1.1120811195048923,0.1979031853467111,149.0,40.83780760626399,11.799309453071444,18.666666666666668,67.0,40.66666666666666,48.33333333333333,30.33333333333333,51.0,20.666666666666668,67.0,22.5,-44.5,44.5,2.4740990990990994,16.000000000000004,0.0154664731845941
two_arm_boxing,andrew,combined_augmented,/Users/vibha/COSMOS-Cluster10/labs/Cosmos-Gesture-Recognition-/data/processed/combined_augmented/sessions/andrew_two_arm_boxing_002_seg002,30.0,585375.0111111111,46772.70825123805,475523.6666666667,656453.6666666666,617308.5,578026.0,-39282.5,9.544444444444444,1.1878500133943626,1.947920146183948,1.4606473884246445,5.900078687731303,300.0,300.0,0.6499338888888889,0.452572925348999,-0.538,1.1503333333333332,0.039516111111111,0.6182287623613144,-1.211666666666667,1.0583333333333331,-0.4471116666666667,0.3038381742666097,-1.123,0.0173333333333333,9.880072222222225,82.25346182855662,-195.79666666666665,196.49,-8.894416666666668,51.68636525972371,-106.96999999999998,106.99666666666668,-6.313905555555555,126.41509903714314,-233.39666666666665,212.2266666666667,1.1266629634495882,0.1840154442850833,150.0,40.69611111111111,10.359512469809902,19.33333333333333,59.0,42.0,39.66666666666667,31.416666666666664,48.25,16.833333333333336,26.5,47.75,21.25,21.25,1.941275167785235,8.666666666666671,0.0235069706801783
two_arm_boxing,andrew,combined_augmented,/Users/vibha/COSMOS-Cluster10/labs/Cosmos-Gesture-Recognition-/data/processed/combined_augmented/sessions/andrew_two_arm_boxing_003_seg000,30.0,561733.2888888888,41197.63827065219,467065.0,644606.6666666666,467065.0,576109.0,109044.0,9.655555555555557,0.7327438708354465,2.116267614257786,1.4953148346262348,6.42691136412411,300.0,300.0,0.5652094444444444,0.5191212720293341,-1.0953333333333333,1.1793333333333331,-0.0926488888888888,0.5556288545097221,-1.3993333333333335,0.823,-0.5487977777777778,0.2751516060799847,-1.2493333333333332,-0.1156666666666666,13.04134444444444,106.86365469462696,-301.26,241.00333333333333,-12.133877777777776,61.96390468741449,-203.39666666666668,102.44333333333331,-6.417611111111116,126.08477796476004,-246.9633333333333,231.4,1.116887868625857,0.1889570000748734,150.0,44.782222222222224,11.958213141858188,21.33333333333333,75.0,45.5,53.66666666666667,34.41666666666667,53.958333333333336,19.541666666666664,57.5,63.0,5.5,5.5,2.4172259507829974,8.833333333333336,0.0155734328933137
two_arm_boxing,andrew,combined_augmented,/Users/vibha/COSMOS-Cluster10/labs/Cosmos-Gesture-Recognition-/data/processed/combined_augmented/sessions/andrew_two_arm_boxing_003_seg001,30.0,557974.863888889,58179.34374719996,449384.3333333333,683765.3333333334,586929.5,521537.75,-65391.75,9.158333333333331,1.0391302452852895,1.7647463244207882,1.2786725130582088,5.061664198404914,300.0,300.0,0.6210127777777777,0.4927224439592465,-0.4213333333333333,1.4166666666666667,-0.1452477777777777,0.5497996278903752,-1.4213333333333331,0.6716666666666667,-0.4645583333333333,0.3164047812197276,-1.117,0.0699999999999999,6.479000000000002,114.05509353508197,-227.25333333333333,263.27,-2.3763166666666664,48.94878355218453,-142.04999999999998,114.16,-5.862338888888895,124.26129327789252,-234.67,240.35333333333327,1.1094959911815905,0.1917130692528569,151.0,43.61313465783664,11.878190972327385,17.666666666666668,70.66666666666667,44.0,53.0,35.0,52.0,17.0,39.75,38.0,-1.75,1.75,2.403888888888889,12.0,0.0843153828279305
two_arm_boxing,andrew,combined_augmented,/Users/vibha/COSMOS-Cluster10/labs/Cosmos-Gesture-Recognition-/data/processed/combined_augmented/sessions/andrew_two_arm_boxing_003_seg002,30.0,558697.3611111111,55487.87513906352,433016.6666666667,639238.3333333334,629840.5,626541.5,-3299.0,8.5,1.0532137766186216,2.109258559347221,1.4844649324428827,7.382044642118823,300.0,300.0,0.6109777777777778,0.5449056087701206,-0.7033333333333333,1.3713333333333333,-0.1096344444444444,0.5690989361674414,-2.116,0.9623333333333334,-0.4762688888888888,0.3027601570530135,-1.4356666666666669,0.1255,7.388966666666667,115.12023717323169,-428.44,244.1,0.7726111111111114,52.831624955526,-155.88666666666668,98.15,-11.924933333333332,136.05300934274766,-244.52666666666667,317.4733333333333,1.114864616487636,0.2858005110021002,148.0,41.810810810810814,10.242193588955477,17.333333333333332,66.33333333333333,41.333333333333336,49.0,35.333333333333336,50.333333333333336,15.0,29.5,37.5,8.0,8.0,2.402116402116402,11.0,-0.0121031180475092
soli,andrew,combined_augmented,/Users/vibha/COSMOS-Cluster10/labs/Cosmos-Gesture-Recognition-/data/processed/combined_augmented/sessions/andrew_soli_001_seg000,30.0,288238.86666666664,15658.07857154231,259073.0,319897.0,259073.0,270380.0,11307.0,1.1000000000000003,0.6933547005254532,11.605069572795069,10.460412288358906,25.589283786350844,299.0,299.0,0.3363589743589743,0.0432828423016674,0.2153333333333333,0.438,-0.9316215161649944,0.0565556095366479,-1.1206666666666667,-0.7143333333333333,0.1805652173913043,0.0405492337579934,0.0926666666666666,0.296,0.4843812709030105,23.269847829380684,-67.07000000000001,86.5,0.2470122630992194,10.022683784625656,-21.37333333333333,30.12333333333333,-1.3035897435897434,14.269363773556003,-45.48333333333333,29.256666666666664,1.0087920360105125,0.0521019826192006,150.0,71.8111111111111,1.6243700857535288,68.33333333333333,76.0,71.58333333333334,7.666666666666671,70.66666666666667,73.0,2.3333333333333286,69.0,71.5,2.5,2.5,0.7259507829977632,2.6666666666666714,-0.0032748122138764
soli,andrew,combined_augmented,/Users/vibha/COSMOS-Cluster10/labs/Cosmos-Gesture-Recognition-/data/processed/combined_augmented/sessions/andrew_soli_001_seg001,30.0,283523.9888888889,9028.739290806772,266551.6666666667,303067.0,277078.0,298555.0,21477.0,1.022222222222222,0.984823102496015,5.68127989045892,9.30201563840934,24.25603953769116,301.0,301.0,0.3609069767441861,0.037338531704507,0.2133333333333333,0.452,-0.92147065337763,0.0543078771938864,-1.093,-0.743,0.202375415282392,0.0543281478870866,0.0773333333333333,0.3003333333333333,-0.9129900332225918,26.868794593281763,-105.35,83.31666666666668,-2.020647840531561,10.649026143403631,-31.8,38.76,-0.7714617940199335,12.513429637934683,-31.016666666666666,40.59,1.0123455924294509,0.052623951069884,150.0,71.72777777777779,1.5053244633616467,68.66666666666667,75.33333333333333,71.66666666666667,6.666666666666657,70.66666666666667,72.66666666666667,2.0,70.0,70.5,0.5,0.5,0.8109619686800897,2.6666666666666714,-0.0012750196305023
soli,andrew,combined_augmented,/Users/vibha/COSMOS-Cluster10/labs/Cosmos-Gesture-Recognition-/data/processed/combined_augmented/sessions/andrew_soli_001_seg002,30.0,281501.4277777777,13122.833529674974,258008.66666666663,304860.0,275258.5,260791.0,-14467.5,0.7944444444444444,0.7486819694356374,6.943473531211067,9.133701994138308,25.052577543857364,300.0,300.0,0.3725072222222222,0.040005340426677,0.204,0.4909999999999999,-0.9252366666666668,0.0610641868431473,-1.07,-0.726,0.1376911111111111,0.0546207696443688,0.015,0.235,0.9745722222222224,25.536459678318707,-72.85000000000001,91.51333333333332,1.9947166666666665,9.3377297553815,-14.7,39.71333333333333,0.4351083333333336,12.226467772215456,-35.53666666666666,33.6,1.0091987014912187,0.0601168328642102,150.0,71.88722222222222,1.963621819815436,66.66666666666667,76.33333333333333,72.33333333333333,9.666666666666655,70.66666666666667,73.0,2.3333333333333286,69.25,72.5,3.25,3.25,0.7444071588366897,2.6666666666666714,0.0074016622961018
soli,andrew,combined_augmented,/Users/vibha/COSMOS-Cluster10/labs/Cosmos-Gesture-Recognition-/data/processed/combined_augmented/sessions/andrew_soli_002_seg000,30.0,275573.87777777785,8172.933484751535,262229.0,296179.3333333333,285867.5,264818.5,-21049.0,0.5833333333333335,0.5912165737164656,8.294044227774036,4.177147260689892,13.75137310085343,300.0,300.0,0.3323266666666667,0.0436354736952522,0.2476666666666666,0.4343333333333333,-0.9278672222222222,0.0442977490359296,-1.0556666666666668,-0.774,0.2120877777777777,0.054733500725297,0.1113333333333333,0.3309999999999999,-1.173588888888889,20.847521455165367,-61.26,75.13666666666666,3.202522222222222,8.575222202577624,-16.136666666666667,28.87,0.8858777777777775,8.42325789385429,-19.94,18.98,1.0108330209853766,0.0379279034005134,150.0,67.27,1.3919806006345343,62.333333333333336,70.0,67.66666666666667,7.666666666666664,66.33333333333333,68.0,1.6666666666666714,69.0,66.0,-3.0,3.0,0.476510067114094,2.6666666666666714,0.0111764967331877
soli,andrew,combined_augmented,/Users/vibha/COSMOS-Cluster10/labs/Cosmos-Gesture-Recognition-/data/processed/combined_augmented/sessions/andrew_soli_002_seg001,30.0,270215.8722222222,7275.50834595124,260114.3333333333,282594.3333333333,280753.0,265764.5,-14988.5,0.8222222222222222,0.7289430874158546,2.071342833245492,1.987649688855568,5.905556954509956,300.0,300.0,0.3275066666666666,0.0421035534701622,0.1826666666666666,0.4423333333333333,-0.918932777777778,0.0566775348846146,-1.108,-0.7146666666666667,0.2670488888888889,0.0510326131985864,0.1273333333333333,0.4063333333333332,0.3074722222222217,24.867851209669592,-73.89666666666666,85.20666666666666,0.1663722222222221,16.186065312265736,-65.35000000000001,42.42,-2.002361111111111,13.7957478899051,-38.00666666666667,38.626666666666665,1.0142531724967534,0.0435092830076821,150.0,66.30111111111113,2.1560743204414856,61.0,69.33333333333333,67.0,8.333333333333329,65.0,68.0,3.0,66.5,67.0,0.5,0.5,0.7058165548098431,3.666666666666664,0.0279523534379303
soli,andrew,combined_augmented,/Users/vibha/COSMOS-Cluster10/labs/Cosmos-Gesture-Recognition-/data/processed/combined_augmented/sessions/andrew_soli_002_seg002,30.0,273468.88333333336,6207.212078785333,259401.66666666663,285021.3333333333,267136.5,274474.0,7337.5,0.8277777777777777,0.5172636932890822,4.270345810736069,7.317888177599476,23.326049949723394,300.0,300.0,0.323765,0.0425500860920436,0.1953333333333333,0.421,-0.8939422222222222,0.0533645524484623,-1.0559999999999998,-0.745,0.3438577777777777,0.065909238778631,0.1986666666666666,0.5533333333333333,-1.189461111111112,20.755184569527547,-70.47666666666667,60.47666666666667,0.1697777777777776,18.792695478776444,-48.39333333333334,69.12333333333333,0.2392833333333332,15.362484166140169,-57.54666666666666,28.80666666666667,1.0144791739026229,0.0450440006390711,150.0,67.56,2.069475611474485,61.333333333333336,70.66666666666667,68.0,9.333333333333336,66.66666666666667,69.33333333333333,2.666666666666657,67.0,63.0,-4.0,4.0,0.7852348993288593,3.333333333333336,-0.0334408936693484
soli,andrew,combined_augmented,/Users/vibha/COSMOS-Cluster10/labs/Cosmos-Gesture-Recognition-/data/processed/combined_augmented/sessions/andrew_soli_003_seg000,30.0,276564.86666666664,7119.924823052976,260493.0,288500.6666666667,263782.5,273739.0,9956.5,0.6611111111111111,0.565166860534934,3.851863915891412,3.1232928668685407,6.975156782759953,300.0,300.0,0.2591544444444444,0.035399961271514,0.145,0.3406666666666667,-0.9159383333333332,0.046240286197131,-1.07,-0.836,0.3328077777777777,0.0517959841739029,0.221,0.438,0.5112555555555561,18.61083720344929,-42.013333333333335,59.56,-0.1963055555555558,10.61731054864015,-20.00333333333333,37.13333333333333,-0.8858166666666667,10.26074273400449,-23.043333333333333,27.773333333333337,1.010398414988045,0.0451027913320509,150.0,66.73444444444445,1.9224425826198424,61.66666666666666,70.66666666666667,66.66666666666667,9.000000000000007,65.66666666666667,68.33333333333333,2.666666666666657,69.0,63.5,-5.5,5.5,0.9093959731543628,2.6666666666666714,-0.0094709394491609
soli,andrew,combined_augmented,/Users/vibha/COSMOS-Cluster10/labs/Cosmos-Gesture-Recognition-/data/processed/combined_augmented/sessions/andrew_soli_003_seg001,30.0,274578.0222222222,7770.70664832491,262649.0,289206.0,274302.5,262649.0,-11653.5,0.3666666666666666,0.3785938897200182,2.0560745199418835,1.6662097945777885,3.722284314519672,299.0,299.0,0.2740105908584169,0.0371771970332561,0.1615,0.3703333333333333,-0.9063322185061315,0.0529187384812178,-1.0646666666666669,-0.738,0.3410629877369008,0.0788478090220667,0.0926666666666666,0.5105,0.3701337792642143,18.34206082179455,-51.49333333333334,48.59666666666666,1.1566889632107025,11.783296184436075,-48.66666666666666,26.21666666666667,-1.2111872909699002,11.123445076603094,-27.85333333333333,34.02666666666667,1.0108316264671346,0.0382464716271575,150.0,66.82,1.9501161555492603,62.0,71.0,66.91666666666666,9.0,65.33333333333333,68.0,2.6666666666666714,66.5,69.0,2.5,2.5,0.8154362416107382,2.333333333333343,0.0204026845637581
soli,andrew,combined_augmented,/Users/vibha/COSMOS-Cluster10/labs/Cosmos-Gesture-Recognition-/data/processed/combined_augmented/sessions/andrew_soli_003_seg002,30.0,273217.10000000003,6790.305232407394,261505.66666666663,284674.0,270015.0,284674.0,14659.0,0.6500000000000001,0.5583540626334327,15.94896028628859,8.689610138134018,24.42355847156394,301.0,301.0,0.2702098560354374,0.0321046811880357,0.1966666666666666,0.355,-0.888452750092285,0.0533686906255725,-1.055,-0.6859999999999999,0.3964872646733112,0.0477841211099271,0.2816666666666667,0.508,1.1338815060908085,19.976409357464,-77.0,62.876666666666665,-0.9136987818383168,10.641538725762514,-21.1,36.440000000000005,2.112397563676633,12.800312853821662,-36.65333333333333,24.933333333333334,1.0119084550111874,0.0420396847485063,150.0,65.66888888888889,1.5443948189174237,60.66666666666666,69.66666666666667,65.66666666666667,9.000000000000007,64.66666666666667,66.66666666666667,2.0,64.5,64.5,0.0,0.0,0.8008948545861305,3.333333333333336,-0.0050692623375856
palm_up_down,andrew,combined_augmented,/Users/vibha/COSMOS-Cluster10/labs/Cosmos-Gesture-Recognition-/data/processed/combined_augmented/sessions/andrew_palm_up_down_001_seg000,30.0,396686.8944444444,35952.4894991958,332007.0,465769.6666666667,429408.5,435071.0,5662.5,5.688888888888888,0.8646700648152765,3.3509157377324907,2.3358361570678245,8.579927492363643,300.0,300.0,0.334985,0.5571302155598947,-0.6156666666666667,1.259,-0.2337961111111111,0.3407981878153255,-0.9656666666666668,0.3866666666666667,-0.6193361111111112,0.3433768474200551,-1.3073333333333337,0.0895,3.8905777777777786,75.44792945824652,-114.94333333333331,270.78,9.927461111111116,212.33972281666848,-387.7600000000001,491.44,0.3949444444444452,87.41444267882034,-184.9233333333333,176.70000000000002,1.0312929549002072,0.1770106571573397,150.0,89.73888888888888,3.933518019147742,79.66666666666667,97.33333333333331,90.41666666666666,17.666666666666657,87.0,92.33333333333331,5.333333333333329,88.5,90.0,1.5,1.5,0.9071588366890384,3.0,-0.0229399825177416
palm_up_down,andrew,combined_augmented,/Users/vibha/COSMOS-Cluster10/labs/Cosmos-Gesture-Recognition-/data/processed/combined_augmented/sessions/andrew_palm_up_down_001_seg001,30.0,399687.5111111112,53234.35937317268,305629.6666666667,533274.6666666666,366921.0,351337.0,-15584.0,5.955555555555557,1.1245849714559994,3.280313976698688,2.30763547646058,8.679740853734698,300.0,300.0,0.2621338888888889,0.5770637524473187,-0.5176666666666666,1.065,-0.2500288888888889,0.3483687888636423,-1.0286666666666666,0.3403333333333333,-0.6224900000000001,0.3474364342234791,-1.212,0.1206666666666666,3.3152555555555545,83.10849945374547,-137.61,350.49333333333334,-8.67619444444444,208.1003494465741,-422.9066666666667,452.42333333333335,10.066472222222222,88.86860656489594,-123.72333333333334,249.2133333333333,1.030314011624459,0.1795854164517996,150.0,89.78666666666666,3.246527428349803,81.66666666666667,96.0,90.0,14.333333333333329,88.0,92.66666666666669,4.666666666666671,88.0,90.0,2.0,2.0,0.7472035794183443,2.6666666666666714,-0.0057999614797695
palm_up_down,andrew,combined_augmented,/Users/vibha/COSMOS-Cluster10/labs/Cosmos-Gesture-Recognition-/data/processed/combined_augmented/sessions/andrew_palm_up_down_001_seg002,30.0,398220.8166666667,32361.39712880805,349605.3333333333,461907.5,461907.5,420634.0,-41273.5,5.41111111111111,0.7861454645026102,3.2940679971080526,1.9902604929402408,8.070968656278627,300.0,300.0,0.3871394444444445,0.5226819717872222,-0.512,1.2476666666666667,-0.1467899999999999,0.2887614483412704,-0.6936666666666667,0.3013333333333333,-0.6315033333333334,0.3222860228809875,-1.329,0.4056666666666667,1.4767,62.390184558912665,-232.92666666666665,150.74333333333334,-13.869211111111108,185.2473355580564,-308.5833333333333,552.0300000000001,2.893655555555553,76.0527493082309,-196.85666666666663,146.61,1.0051477631094037,0.1426414599476519,150.0,90.58111111111111,2.9587479885009,81.0,96.33333333333331,90.66666666666669,15.333333333333329,89.33333333333333,93.0,3.666666666666672,87.5,81.0,-6.5,6.5,0.8355704697986579,3.3333333333333286,-0.0062962798346595
palm_up_down,andrew,combined_augmented,/Users/vibha/COSMOS-Cluster10/labs/Cosmos-Gesture-Recognition-/data/processed/combined_augmented/sessions/andrew_palm_up_down_002_seg000,30.0,377101.27777777775,38589.7814782581,322275.6666666667,462309.3333333333,459789.5,355974.0,-103815.5,4.888888888888888,0.7856742013183863,1.8686534914075104,1.520056611571995,5.963813324586972,300.0,300.0,0.2974283333333333,0.523756930081439,-0.585,1.0103333333333333,-0.1989283333333333,0.2949295028021919,-0.75,0.3706666666666667,-0.686188888888889,0.301795642028385,-1.2,0.1513333333333333,-10.4185,65.56592926158513,-158.46333333333334,326.34666666666664,27.757044444444443,168.93695409165127,-421.3566666666666,364.0833333333333,-10.072422222222222,64.8689471556097,-130.54,201.0966666666667,1.015406421693406,0.1422196479723851,150.0,90.5872222222222,3.483078524160568,83.66666666666667,98.66666666666669,90.66666666666669,15.0,88.08333333333333,92.66666666666669,4.583333333333343,88.5,98.25,9.75,9.75,0.5878076062639828,2.3333333333333286,0.0370293494525678
palm_up_down,andrew,combined_augmented,/Users/vibha/COSMOS-Cluster10/labs/Cosmos-Gesture-Recognition-/data/processed/combined_augmented/sessions/andrew_palm_up_down_002_seg001,30.0,410846.7833333333,57214.49248727287,321267.0,541144.0,343911.5,394914.5,51003.0,5.961111111111111,1.7563025836774535,2.208161680039536,1.5385820889004271,5.3777232246758135,301.0,301.0,0.3136472868217054,0.4987487300905233,-0.4883333333333333,0.9503333333333334,-0.1733073089700996,0.2943039541512224,-0.5936666666666666,0.3743333333333333,-0.701013842746401,0.2318427745445825,-1.1743333333333337,-0.2336666666666666,6.309645625692137,55.76833313967239,-111.79333333333334,152.5,-19.25939091915836,149.11993182630883,-271.82,349.66,6.602259136212624,65.0328491564624,-138.30999999999997,130.13,0.9984472074218084,0.1097716306302639,150.0,90.83555555555554,3.350681181463861,83.33333333333333,99.0,90.0,15.666666666666671,88.33333333333333,93.58333333333334,5.250000000000014,87.0,87.0,0.0,0.0,1.0067114093959733,5.333333333333343,-0.0155799517015571
palm_up_down,andrew,combined_augmented,/Users/vibha/COSMOS-Cluster10/labs/Cosmos-Gesture-Recognition-/data/processed/combined_augmented/sessions/andrew_palm_up_down_002_seg002,30.0,399573.4666666666,49214.0032041544,329374.0,516648.5,429514.0,370940.5,-58573.5,5.849999999999999,0.922305886432559,2.773613658613107,2.309848021907881,10.37143303105489,300.0,300.0,0.0800372222222222,0.5733968044676963,-0.6846666666666668,0.9876666666666668,-0.2433622222222222,0.2659688506870729,-0.6856666666666666,0.2076666666666666,-0.7445783333333333,0.2402720785573289,-1.217666666666667,-0.3206666666666666,-4.48015,56.95273487974968,-117.61,141.30333333333337,-0.0435055555555512,178.47517312588025,-364.94000000000005,401.99,2.124988888888888,60.23073612644304,-135.86666666666667,137.48666666666665,1.0265461306763506,0.1532483632952472,150.0,87.60333333333332,4.485151157962107,79.0,99.0,87.33333333333333,20.0,84.08333333333333,90.58333333333334,6.500000000000014,87.0,84.5,-2.5,2.5,1.077181208053692,7.333333333333329,-0.0137763159844144
palm_up_down,andrew,combined_augmented,/Users/vibha/COSMOS-Cluster10/labs/Cosmos-Gesture-Recognition-/data/processed/combined_augmented/sessions/andrew_palm_up_down_003_seg000,30.0,384810.85,40977.231724055055,307667.3333333333,503939.0,503939.0,347168.5,-156770.5,5.138888888888889,1.0559209893749006,2.497812315473326,1.8465508849349184,7.923049642882633,301.0,301.0,0.3123737541528239,0.5640704426869052,-0.5933333333333334,1.1373333333333333,-0.1983117386489479,0.3670617272764958,-0.9935,0.354,-0.5970088593576965,0.2770124337304388,-1.054,-0.0206666666666666,5.608289036544854,77.77362210059081,-148.015,252.33666666666667,-6.459435215946844,178.61995682335214,-458.39,339.45666666666665,-0.7992414174972317,76.0317536051966,-147.61,195.75666666666663,1.0019244508166818,0.1382662119327518,150.0,87.36555555555556,4.33895250311184,78.66666666666667,98.0,86.16666666666666,19.33333333333333,84.33333333333333,90.66666666666669,6.333333333333343,88.0,84.0,-4.0,4.0,0.7807606263982098,3.0,-0.0343899728876843
palm_up_down,andrew,combined_augmented,/Users/vibha/COSMOS-Cluster10/labs/Cosmos-Gesture-Recognition-/data/processed/combined_augmented/sessions/andrew_palm_up_down_003_seg001,30.0,399632.6,45920.707070703225,322088.6666666667,521534.3333333333,501948.5,378520.5,-123428.0,5.994444444444444,1.4145299790843584,2.837205814958025,2.336857504515692,10.572090145205166,300.0,300.0,0.0578483333333333,0.5588474449431119,-0.81,0.999,-0.3137261111111111,0.2377305850867733,-0.762,0.1949999999999999,-0.7386277777777777,0.1746633851649622,-1.103,-0.2446666666666666,-2.691311111111112,52.18217192134816,-152.63333333333333,119.56333333333332,-16.89606666666667,157.3901553008955,-313.8433333333333,285.83666666666664,6.309327777777777,63.72124000300324,-98.74666666666668,159.74,1.0125383170092273,0.146428306955429,150.0,85.15666666666667,2.33663405970534,78.0,90.33333333333331,85.58333333333334,12.333333333333329,83.41666666666666,86.66666666666667,3.250000000000014,86.0,84.0,-2.0,2.0,0.6957494407158832,3.0,-0.0188651347467297
palm_up_down,andrew,combined_augmented,/Users/vibha/COSMOS-Cluster10/labs/Cosmos-Gesture-Recognition-/data/processed/combined_augmented/sessions/andrew_palm_up_down_003_seg002,30.0,401025.8944444445,36302.73299681351,332210.6666666667,476925.6666666667,407126.5,402301.0,-4825.5,5.622222222222223,1.0566660824861105,2.1792651649373265,2.068712199229967,9.949496934312007,300.0,300.0,0.2054955555555555,0.5360962078343038,-0.6,1.1136666666666668,-0.22106,0.272190511760019,-0.6930000000000001,0.2113333333333333,-0.7285516666666666,0.2233663058286248,-1.109,-0.1566666666666666,-11.912677777777777,55.40753505261973,-175.69333333333336,197.68,24.311016666666664,161.962815124833,-299.7733333333333,394.82,-7.157394444444446,67.77904057219315,-132.00666666666666,161.38,1.009666780446592,0.1176256593796878,150.0,85.7111111111111,4.739943499643858,70.33333333333333,98.0,85.0,27.66666666666667,83.0,88.0,5.0,83.5,84.5,1.0,1.0,1.2550335570469802,11.0,-0.0387039423974403
pull,brandon,combined_augmented,/Users/vibha/COSMOS-Cluster10/labs/Cosmos-Gesture-Recognition-/data/processed/combined_augmented/sessions/brandon_pull_001,30.0,360036.8611111111,67624.90635061747,282861.3333333333,475426.0,284261.5,375628.0,91366.5,4.605555555555555,1.8330723719994408,1.8643887443024776,1.50595007032999,6.886607142500616,300.0,300.0,0.7803611111111112,0.213453449619164,0.442,1.079,-0.1973588888888889,0.0879614362939641,-0.4646666666666667,0.0086666666666666,-0.466335,0.297324626366072,-0.9666666666666668,-0.1273333333333333,5.052361111111112,13.22684465708136,-19.63333333333333,45.73666666666667,15.8717,16.06690437464772,-7.0,58.74,-4.2419,17.169678913206056,-46.05333333333334,39.09333333333333,1.0028222195862209,0.0378344520263249,151.0,63.379690949227374,2.9277825600043608,56.5,69.66666666666667,63.0,13.166666666666671,61.333333333333336,66.0,4.666666666666664,61.5,56.5,-5.0,5.0,0.5866666666666672,2.333333333333336,-0.0544423143952599
pull,brandon,combined_augmented,/Users/vibha/COSMOS-Cluster10/labs/Cosmos-Gesture-Recognition-/data/processed/combined_augmented/sessions/brandon_pull_002,30.0,369631.5444444445,95298.05561599231,263161.6666666667,543497.3333333334,326133.0,279468.0,-46665.0,4.988888888888891,2.5132734053175634,2.39345949357916,1.898599480521205,8.76162257071799,301.0,301.0,0.8288156146179402,0.1939563225497759,0.383,1.0933333333333335,-0.1668017718715392,0.0923304476810673,-0.4913333333333334,0.088,-0.4018643410852713,0.2924892813415389,-0.9023333333333332,-0.0166666666666666,7.378089700996679,18.57549853027817,-44.72333333333333,90.38333333333333,15.022679955703213,16.147873388351538,-10.52,55.31,-3.9570431893687714,12.171847884415644,-31.456666666666667,28.91,1.0030667425834183,0.042475393096447,151.0,65.44039735099338,7.134276790435109,52.0,77.0,65.66666666666667,25.0,58.66666666666666,71.66666666666667,13.000000000000009,73.5,56.5,-17.0,17.0,0.8000000000000005,3.3333333333333286,-0.1579516672475894
pull,brandon,combined_augmented,/Users/vibha/COSMOS-Cluster10/labs/Cosmos-Gesture-Recognition-/data/processed/combined_augmented/sessions/brandon_pull_003,30.0,355974.72222222213,79078.14365409949,260073.66666666663,515615.0,305515.0,268649.0,-36866.0,4.361111111111112,2.2989866259230043,1.7141612596035054,1.2975185535452871,6.078602955904773,303.0,303.0,0.8538520352035204,0.1411958695487682,0.5386666666666667,1.0576666666666668,-0.1384097909790979,0.0610059291769664,-0.2956666666666667,0.0553333333333333,-0.4373734873487349,0.2122768932567964,-0.938,-0.1333333333333333,5.5675962596259625,12.21910351352248,-24.536666666666665,37.99666666666666,10.558047304730472,14.708670092186576,-21.516666666666666,49.57,-2.6140374037403737,8.814633863620356,-27.11,22.106666666666666,1.0034851570065155,0.0353998834236711,151.0,65.80022075055189,4.980443973499406,58.0,77.0,64.0,19.0,62.0,71.16666666666666,9.166666666666655,77.0,60.5,-16.5,16.5,0.7500000000000003,3.0,-0.099573602881376
pull,brandon,combined_augmented,/Users/vibha/COSMOS-Cluster10/labs/Cosmos-Gesture-Recognition-/data/processed/combined_augmented/sessions/brandon_pull_004,30.0,359085.93333333335,76738.38586562935,276076.0,500328.6666666667,290968.0,276076.0,-14892.0,4.361111111111111,1.1386178539281515,2.9757716519279307,2.543367254181944,9.169482134585936,301.0,301.0,0.8547685492801771,0.1604727752743907,0.4996666666666667,1.1,-0.0874285714285714,0.0839773891780422,-0.324,0.152,-0.3949800664451827,0.2898989329785859,-0.883,0.0163333333333333,2.741960132890366,18.67473728535129,-41.89333333333333,59.45,11.692192691029902,19.539303108254032,-15.013333333333334,59.03333333333333,-5.295697674418605,12.418571919816175,-38.98333333333333,20.12333333333333,1.0048210471078525,0.0382367487928554,151.0,69.02649006622516,6.38615669256069,60.66666666666666,81.0,67.0,20.333333333333336,63.66666666666666,76.33333333333333,12.666666666666664,77.5,65.0,-12.5,12.5,0.7188888888888886,2.6666666666666643,-0.1309620076681776
pull,brandon,combined_augmented,/Users/vibha/COSMOS-Cluster10/labs/Cosmos-Gesture-Recognition-/data/processed/combined_augmented/sessions/brandon_pull_005,31.0,386597.0322580645,88723.7939524868,271614.3333333333,568705.6666666666,312166.5,450939.5,138773.0,4.655913978494624,2.553701187696235,2.266839470918112,1.9884473769503863,8.742688512654576,300.0,300.0,0.763853888888889,0.2090672177121836,0.137,1.2036666666666669,-0.0877838888888888,0.1573874137858865,-0.656,0.3916666666666666,-0.5004877777777778,0.3968378377109403,-1.4506666666666668,0.8713333333333333,0.3040666666666675,44.7675884946787,-215.48,128.65333333333334,-0.9753611111111088,52.57218414686088,-200.15,48.39333333333334,4.07815,22.50545037346921,-23.96666666666667,81.06666666666668,1.0281529432179457,0.1026084048972993,150.0,72.96444444444445,6.192794478677052,58.0,82.33333333333333,76.0,24.33333333333333,69.0,77.66666666666667,8.666666666666671,80.5,70.0,-10.5,10.5,0.8154362416107388,4.666666666666664,-0.1258574455160971
pull,brandon,combined_augmented,/Users/vibha/COSMOS-Cluster10/labs/Cosmos-Gesture-Recognition-/data/processed/combined_augmented/sessions/brandon_pull_006,30.0,316535.59444444446,66789.40623502496,254925.3333333333,463137.3333333333,257682.0,290303.0,32621.0,3.2722222222222226,2.1048811584880567,2.555260986222401,2.869422290327205,10.930899250080824,302.0,302.0,0.8821181015452537,0.1628956925624795,0.4486666666666667,1.1486666666666665,-0.1017257174392936,0.1146118626291222,-0.5366666666666667,0.238,-0.3412770419426049,0.2562318479275237,-0.855,0.045,0.6442991169977949,31.83339321064961,-80.10333333333334,123.74,12.055259381898454,17.750221329985692,-13.286666666666669,63.71,-3.1374944812362027,17.70845490816511,-62.68333333333334,30.55,1.0042719255249175,0.0414008601962681,151.0,67.55629139072848,2.381167424326466,62.333333333333336,72.33333333333333,67.66666666666667,9.999999999999991,65.66666666666667,69.33333333333333,3.666666666666657,70.5,65.5,-5.0,5.0,0.671111111111111,2.333333333333343,-0.0228459393516908
pull,brandon,combined_augmented,/Users/vibha/COSMOS-Cluster10/labs/Cosmos-Gesture-Recognition-/data/processed/combined_augmented/sessions/brandon_pull_007,30.0,349952.5333333334,54751.59746729873,281289.5,445528.6666666667,307490.5,281289.5,-26201.0,4.388888888888888,1.4448717316729724,2.789273293678093,2.952413873964028,13.002091978906762,303.0,303.0,0.8588253575357534,0.1820947494001009,0.4483333333333333,1.1136666666666668,-0.0684812981298129,0.1047940382177645,-0.342,0.306,-0.3797689768976898,0.2906596440306285,-0.9913333333333332,0.077,3.371452145214522,26.7926691329938,-62.56333333333333,109.15,11.577073707370738,21.039984673469714,-17.59,63.36666666666667,-4.742040704070408,16.596753102835073,-58.43333333333334,38.78,1.0062659600380843,0.0504707172090252,151.0,67.621412803532,6.444806515925553,58.66666666666666,81.5,65.0,22.833333333333336,62.66666666666666,72.0,9.333333333333336,78.0,61.5,-16.5,16.5,0.7166666666666675,2.999999999999993,-0.1301400023236903
pull,brandon,combined_augmented,/Users/vibha/COSMOS-Cluster10/labs/Cosmos-Gesture-Recognition-/data/processed/combined_augmented/sessions/brandon_pull_008,30.0,335803.48333333334,64078.84748968417,274326.0,455756.6666666667,280914.0,281975.0,1061.0,3.3500000000000005,2.012162094935768,2.946837182778232,2.585737223468571,9.5260173857812,302.0,302.0,0.8703962472406181,0.1932481202953606,0.323,1.090666666666667,-0.0548416114790287,0.1077658878980718,-0.4223333333333333,0.2383333333333333,-0.3629514348785871,0.28114824287194,-1.165333333333333,-0.01,5.591837748344371,24.322291498541965,-62.03666666666667,101.96,13.768096026490069,28.855640260165984,-12.503333333333336,151.63666666666668,-3.2939955849889624,19.7897389892694,-78.75999999999999,29.21666666666667,1.0084341114124566,0.058260395145343,151.0,64.58940397350993,5.620721412589283,56.333333333333336,77.5,62.66666666666666,21.166666666666664,60.333333333333336,67.66666666666667,7.333333333333336,77.5,59.5,-18.0,18.0,0.6888888888888889,2.333333333333343,-0.1120558847449755
push,brandon,combined_augmented,/Users/vibha/COSMOS-Cluster10/labs/Cosmos-Gesture-Recognition-/data/processed/combined_augmented/sessions/brandon_push_001,30.0,325338.3,70286.22772578645,265578.6666666667,481277.3333333333,283920.0,266453.0,-17467.0,3.155555555555556,2.109473048704315,3.2132606887154367,2.769432281618027,11.312202826154794,303.0,303.0,0.723932893289329,0.1889279961215493,0.3116666666666667,1.142,-0.0653129812981298,0.0978822542023741,-0.287,0.397,-0.5947607260726073,0.2922100488375506,-1.0726666666666669,0.0433333333333333,-8.540522552255226,27.42230850347637,-147.31333333333333,49.38999999999999,-14.587359735973596,28.700754853301063,-119.98666666666668,15.586666666666666,2.3550385038503854,19.156699600269743,-60.56,77.19333333333333,1.0052727332100588,0.0466166140231944,152.0,68.52741228070177,9.168210668260002,50.66666666666666,79.33333333333333,72.66666666666667,28.666666666666664,63.0,74.66666666666667,11.666666666666671,52.5,73.5,21.0,21.0,0.8366445916114792,3.666666666666657,0.1507382841599517
push,brandon,combined_augmented,/Users/vibha/COSMOS-Cluster10/labs/Cosmos-Gesture-Recognition-/data/processed/combined_augmented/sessions/brandon_push_002,31.0,341685.16666666674,96606.10527415924,257782.3333333333,594154.0,347872.0,265982.5,-81889.5,3.758064516129032,2.719845659519723,3.6149709408566015,3.426567598973753,12.264256125190013,302.0,302.0,0.7418294701986755,0.171284566562239,0.3753333333333333,1.209666666666667,-0.0943554083885209,0.0992648379667034,-0.3643333333333333,0.1126666666666666,-0.563319536423841,0.32470223141341,-1.1363333333333332,0.2946666666666667,-5.109608167770418,26.77830685587844,-116.36666666666667,47.57666666666668,-13.439564017660048,32.71211334498812,-137.76,38.46333333333334,1.8904580573951435,10.506703299406087,-17.62,38.76,1.0083938530993388,0.0656360646250981,150.0,70.81444444444445,9.229579444042676,51.66666666666666,80.33333333333333,75.33333333333333,28.666666666666664,66.83333333333333,77.0,10.166666666666671,54.0,73.5,19.5,19.5,0.8445190156599552,3.3333333333333286,0.1547698416225902
push,brandon,combined_augmented,/Users/vibha/COSMOS-Cluster10/labs/Cosmos-Gesture-Recognition-/data/processed/combined_augmented/sessions/brandon_push_003,30.0,351458.60555555555,44778.25265339902,283403.6666666667,425171.3333333333,360529.0,379660.0,19131.0,5.016666666666666,1.4884431339365851,3.1279790351317383,3.0026669458844872,12.831727189458151,301.0,301.0,0.7499158361018826,0.1622017395802563,0.5053333333333333,1.1456666666666666,-0.1454158361018826,0.1236395898435524,-0.6016666666666667,0.1033333333333333,-0.5235498338870432,0.345891864997004,-0.887,0.2056666666666666,-5.060011074197121,19.774907367364413,-101.51333333333332,34.81333333333333,-17.218372093023255,29.026115419495223,-119.63333333333333,13.763333333333335,1.5700719822812848,21.33366187291112,-44.41666666666666,98.76666666666668,1.007411618042154,0.0631119782060741,151.0,70.30353200883003,7.058015828952666,54.333333333333336,80.66666666666667,72.33333333333333,26.333333333333336,69.66666666666666,74.41666666666666,4.75,57.5,73.5,16.0,16.0,0.9755555555555554,4.666666666666671,0.0992244684559078
push,brandon,combined_augmented,/Users/vibha/COSMOS-Cluster10/labs/Cosmos-Gesture-Recognition-/data/processed/combined_augmented/sessions/brandon_push_004,30.0,386380.02777777775,70049.72683987352,306409.0,566386.3333333334,366933.5,306409.0,-60524.5,6.427777777777778,1.5603200842878675,1.937523707407996,1.2868665875742251,6.473770136475663,302.0,302.0,0.6823752759381898,0.1288787772553613,0.3886666666666666,1.0623333333333334,-0.035932119205298,0.1775929751434168,-0.477,0.5843333333333333,-0.5750745033112583,0.4402044572792,-1.0216666666666667,0.83,-5.226343818984548,25.58846049300575,-97.62,44.82333333333335,-23.43051324503311,41.73268768635084,-148.16666666666666,11.8,7.372312362030906,22.94008117581821,-24.17,83.28333333333332,1.016606713356965,0.0779588184501706,151.0,74.7439293598234,4.917270201542387,62.0,82.33333333333333,74.66666666666667,20.33333333333333,73.0,78.33333333333333,5.333333333333329,62.0,74.0,12.0,12.0,0.8844444444444446,2.6666666666666714,0.0296688741721851
push,brandon,combined_augmented,/Users/vibha/COSMOS-Cluster10/labs/Cosmos-Gesture-Recognition-/data/processed/combined_augmented/sessions/brandon_push_005,30.0,368662.88333333336,71278.0840477418,270615.6666666667,494728.0,432537.0,273426.5,-159110.5,4.894444444444445,2.053219393183108,2.9939483127993047,2.0864044139190985,8.089795525149203,302.0,302.0,0.6192693156732891,0.2399466044277051,-0.3526666666666667,1.0893333333333333,-0.0718907284768211,0.2788094086778875,-0.8276666666666667,0.762,-0.5137726269315673,0.5802286510691302,-2.045666666666667,0.843,1.5262913907284767,54.676409824072174,-189.25666666666663,208.25666666666663,-0.6890838852097099,86.30747911861253,-358.00333333333333,123.23333333333332,-0.3791335540838848,47.358156369503725,-98.58333333333331,147.23999999999998,1.0431514772755517,0.1908780151892605,151.0,68.53863134657837,4.702774740772503,55.66666666666666,75.5,70.33333333333333,19.833333333333336,64.83333333333334,72.33333333333333,7.499999999999986,75.5,68.5,-7.0,7.0,0.9288888888888888,2.6666666666666714,0.0470297432322525
push,brandon,combined_augmented,/Users/vibha/COSMOS-Cluster10/labs/Cosmos-Gesture-Recognition-/data/processed/combined_augmented/sessions/brandon_push_006,30.0,361943.0888888888,77171.89294521454,281177.6666666667,556960.0,379382.0,309386.0,-69996.0,4.911111111111111,1.701705752806813,2.8006929397702462,2.126895646476329,8.642038139451747,302.0,302.0,0.6389862030905078,0.1833555101303185,0.336,1.2026666666666668,-0.1127947019867549,0.0722849184461833,-0.3416666666666667,0.0656666666666666,-0.6814690949227373,0.2881200068418755,-1.1896666666666669,0.1569999999999999,-7.852847682119207,20.573314146838,-72.31,35.2,-20.295342163355407,31.451344133505486,-142.95,15.883333333333336,4.735419426048566,16.308743815023945,-29.75666666666667,63.35999999999999,1.0018774512695112,0.0593734231900984,152.0,71.7094298245614,7.554011957617143,51.0,79.66666666666667,74.66666666666667,28.66666666666667,71.66666666666667,76.33333333333333,4.666666666666657,51.0,72.5,21.5,21.5,0.8399558498896246,3.0,0.1166973644343294
push,brandon,combined_augmented,/Users/vibha/COSMOS-Cluster10/labs/Cosmos-Gesture-Recognition-/data/processed/combined_augmented/sessions/brandon_push_007,30.0,372392.87222222215,53635.92993358234,285949.3333333333,495702.3333333333,295457.5,388591.0,93133.5,6.294444444444446,1.352421239805314,2.428781674856146,1.474364317889543,5.844677900163124,300.0,300.0,0.7176961111111111,0.1912144451667606,0.2506666666666666,1.2303333333333333,-0.1230383333333333,0.1908861264020457,-0.6693333333333333,0.3506666666666667,-0.5113772222222221,0.4131152063552171,-1.126,0.3416666666666666,-5.008738888888888,28.30241332453705,-140.83333333333334,74.42333333333333,-16.71603888888889,34.91156805235786,-152.28666666666666,27.68,10.268616666666668,29.51549530869964,-76.94666666666666,130.59,1.0134246710621952,0.0914761710981493,150.0,72.91222222222221,9.686562428069152,57.0,90.66666666666669,71.83333333333334,33.66666666666667,63.083333333333336,81.66666666666667,18.583333333333336,63.0,68.5,5.5,5.5,1.0190156599552571,4.0,0.1870094967183725
push,brandon,combined_augmented,/Users/vibha/COSMOS-Cluster10/labs/Cosmos-Gesture-Recognition-/data/processed/combined_augmented/sessions/brandon_push_008,30.0,381830.5611111112,70593.28528088945,295143.3333333333,547517.3333333334,307902.5,355477.0,47574.5,6.294444444444445,1.297762398437539,2.3347261844811475,1.5155514775810195,6.691879086424106,301.0,301.0,0.7880919158361018,0.1691347293244547,0.2783333333333333,1.1586666666666667,-0.0553820598006644,0.1827626331143077,-0.7496666666666666,0.3696666666666666,-0.393594130675526,0.4343779274444704,-1.2453333333333334,0.4496666666666666,-2.226627906976744,17.371855302535895,-53.07333333333333,64.44333333333333,-18.4268438538206,36.63737339113516,-189.99,27.17,8.704269102990034,22.947961642400703,-53.876666666666665,89.73333333333333,1.0110677294878392,0.0866449480465885,150.0,74.37777777777778,6.448836863564313,62.66666666666666,82.33333333333333,77.66666666666667,19.666666666666664,67.0,79.33333333333333,12.333333333333329,67.0,82.0,15.0,15.0,0.8008948545861299,3.0,0.129633613345778
clockwise,brandon,combined_augmented,/Users/vibha/COSMOS-Cluster10/labs/Cosmos-Gesture-Recognition-/data/processed/combined_augmented/sessions/brandon_clockwise_001,30.0,416409.9666666667,81573.08264487603,299980.6666666667,604547.6666666666,303582.0,399732.0,96150.0,5.277777777777778,1.361054420588122,2.654471760611139,2.4108404306307736,13.300384597892892,301.0,301.0,0.3717541528239202,0.4987249272797523,-0.5236666666666666,1.045,-0.1393305647840531,0.3500409680338053,-0.9366666666666666,0.4403333333333333,-0.6658637873754153,0.3810910788600139,-1.4446666666666663,0.003,-43.94155592469546,37.00624439648683,-146.35666666666663,14.626666666666663,-6.854258028792911,70.00381744747835,-138.36,123.59,0.1527021040974523,96.4817595326012,-258.05333333333334,131.10666666666663,1.0331722383915412,0.223672770713705,151.0,77.45033112582782,18.41590289720421,33.333333333333336,97.66666666666669,87.0,64.33333333333334,62.16666666666667,92.0,29.83333333333333,87.5,91.0,3.5,3.5,1.8722222222222225,13.666666666666671,-0.0748350180085979
clockwise,brandon,combined_augmented,/Users/vibha/COSMOS-Cluster10/labs/Cosmos-Gesture-Recognition-/data/processed/combined_augmented/sessions/brandon_clockwise_002,30.0,406299.5166666666,48803.090788663925,284200.5,487285.3333333333,284200.5,392441.0,108240.5,5.161111111111111,1.9633132112406568,3.3116343819070493,3.363856412986633,18.020437929011,300.0,300.0,0.3781155555555555,0.5440630450759213,-0.8043333333333335,1.055,-0.2524488888888889,0.3673301434973867,-1.0043333333333333,0.3960000000000001,-0.5927822222222222,0.4361136438482718,-1.684,0.2383333333333333,-46.079,37.12283962388573,-134.7,45.56333333333333,-2.670444444444448,78.83905831424259,-150.63,149.97,-4.9101277777777765,105.98090932923812,-277.76,149.75333333333333,1.0574651655887146,0.2469638497699235,149.0,74.59731543624162,19.35728848183668,29.33333333333333,94.0,84.66666666666667,64.66666666666667,62.0,88.33333333333333,26.33333333333333,87.5,87.0,-0.5,0.5,1.514639639639639,7.666666666666664,-0.0643128363262589
clockwise,brandon,combined_augmented,/Users/vibha/COSMOS-Cluster10/labs/Cosmos-Gesture-Recognition-/data/processed/combined_augmented/sessions/brandon_clockwise_003,30.0,385502.55555555545,62293.10381975492,259244.0,474652.0,262356.0,380156.0,117800.0,4.044444444444443,2.1343458245479883,2.817040830029239,2.201164449456549,9.406064079874104,301.0,301.0,0.2766279069767441,0.6523033152172057,-0.9343333333333332,1.093,-0.1455442967884828,0.3002421751734765,-0.8643333333333333,0.3153333333333333,-0.6184414913252122,0.4033628027284733,-1.4596666666666664,0.1836666666666666,-45.89406976744186,33.15120809998744,-143.10333333333332,8.303333333333333,3.955276854928013,89.79785285705913,-144.75666666666666,165.03333333333333,-2.201782945736434,86.15013970956744,-182.23,162.83666666666667,1.0471507625873473,0.2489936329959156,151.0,75.71302428256071,15.26709313985108,39.66666666666666,91.66666666666669,82.0,52.00000000000001,66.0,87.33333333333333,21.33333333333333,82.0,88.0,6.0,6.0,1.2800000000000007,6.166666666666671,-0.0135732543278728
clockwise,brandon,combined_augmented,/Users/vibha/COSMOS-Cluster10/labs/Cosmos-Gesture-Recognition-/data/processed/combined_augmented/sessions/brandon_clockwise_004,30.0,412510.3944444445,59245.11937805016,328950.3333333333,528729.6666666666,384753.0,357154.5,-27598.5,4.933333333333334,1.8487232831816065,3.3039271642903407,1.608901250245416,6.665113149548123,302.0,302.0,0.3035375275938189,0.4971663172517161,-0.5989999999999999,0.993,-0.0525711920529801,0.3014633479922445,-0.7966666666666667,0.47,-0.742562362030905,0.345662363749498,-1.4430000000000005,-0.1336666666666666,-41.7401821192053,28.442372886872985,-109.50666666666666,19.34,-3.3155298013245003,57.65809266922373,-103.65333333333336,104.97333333333334,-2.7022075055187664,92.52534854137186,-170.12,125.96,1.029303165453622,0.2106408860808556,150.0,78.85333333333334,19.93836230713535,37.66666666666666,114.22222222222224,87.5,76.55555555555557,63.0,92.66666666666669,29.66666666666667,81.5,85.0,3.5,3.5,2.0779269202088,13.333333333333345,-0.0638203179400567
clockwise,brandon,combined_augmented,/Users/vibha/COSMOS-Cluster10/labs/Cosmos-Gesture-Recognition-/data/processed/combined_augmented/sessions/brandon_clockwise_005,30.0,454133.2222222223,55693.76125940083,335912.3333333333,527347.6666666666,474283.5,473866.5,-417.0,6.722222222222223,1.725802729667674,2.017235262528585,1.3699541178401038,4.988382150556686,301.0,301.0,0.1260055370985603,0.5981377594030308,-0.8569999999999999,1.0659999999999998,-0.1373737541528239,0.3167530177911153,-0.875,0.5796666666666667,-0.7133676633444076,0.3270768672050241,-1.238,0.0903333333333333,-49.493228128460686,34.4786525782019,-147.47333333333333,25.066666666666663,1.7551107419712089,83.26404510817733,-165.88,152.0,0.4784440753045415,90.97429292268296,-193.62,147.98666666666665,1.0325760581198655,0.2061785187082951,150.0,77.95888888888888,19.05513261466924,42.66666666666666,105.33333333333331,84.16666666666666,62.66666666666666,61.66666666666666,93.33333333333331,31.666666666666664,100.0,91.5,-8.5,8.5,1.7170022371364655,11.0,-0.1961239758804097
clockwise,brandon,combined_augmented,/Users/vibha/COSMOS-Cluster10/labs/Cosmos-Gesture-Recognition-/data/processed/combined_augmented/sessions/brandon_clockwise_006,30.0,405189.8944444444,43355.66606839559,323657.5,479960.3333333333,381830.0,323657.5,-58172.5,5.2,1.8531254879457235,3.1953526696461108,2.299278557898338,9.117087213470684,300.0,300.0,0.1515394444444444,0.6138438102249979,-0.8883333333333333,1.009,-0.3407205555555555,0.2776212836715298,-1.1953333333333334,0.1606666666666666,-0.6215444444444443,0.340128052774173,-1.2473333333333334,0.2143333333333333,-44.838344444444445,35.668381813899245,-152.86,36.99,2.2717333333333287,91.26076282075,-201.81000000000003,156.69000000000003,-5.61736666666667,78.22878740657171,-185.5833333333333,149.64333333333337,1.0274587690868338,0.1981554118106806,150.0,69.69,21.47230870246999,25.0,98.66666666666669,78.66666666666666,73.66666666666667,55.20833333333333,86.33333333333333,31.125,91.0,83.0,-8.0,8.0,1.727069351230425,10.0,-0.1138009096700595
clockwise,brandon,combined_augmented,/Users/vibha/COSMOS-Cluster10/labs/Cosmos-Gesture-Recognition-/data/processed/combined_augmented/sessions/brandon_clockwise_007,31.0,374298.7123655913,48709.03897200285,283716.0,451394.25,333363.5,451394.25,118030.75,3.688172043010753,1.5627507314147715,2.241391616974712,1.6966879227175895,6.465435392811375,301.0,301.0,0.2119313399778515,0.6230922047482437,-0.9573333333333331,1.0356666666666667,-0.2779147286821705,0.3458515503359986,-0.9973333333333332,0.2316666666666666,-0.6069014396456257,0.386940674530325,-1.5810000000000002,0.1133333333333333,-51.14247508305648,37.42429478179834,-126.21333333333332,40.41666666666666,-8.426627906976746,80.01533830931957,-137.34333333333333,193.13333333333333,-9.95292912513842,75.7909044893631,-159.37666666666664,123.90666666666668,1.0565036940190546,0.1784966872105502,151.0,72.62030905077263,19.071213122869896,32.333333333333336,113.0,77.33333333333333,80.66666666666666,55.0,87.16666666666667,32.16666666666667,77.0,68.0,-9.0,9.0,1.7577777777777774,11.666666666666655,-0.2894097827349833
clockwise,brandon,combined_augmented,/Users/vibha/COSMOS-Cluster10/labs/Cosmos-Gesture-Recognition-/data/processed/combined_augmented/sessions/brandon_clockwise_008,30.0,368381.1277777777,43136.928529579855,322504.5,473995.0,322504.5,410182.0,87677.5,4.4,1.7264821866271138,2.9880493615039705,1.56977682062011,7.562662282447023,302.0,302.0,0.1897174392935982,0.6369585105643677,-0.9943333333333332,1.0089999999999997,-0.1758167770419426,0.31256131716606,-1.0226666666666666,0.241,-0.6576158940397351,0.3188272505148401,-1.292,-0.04,-53.27850993377484,36.01404275983192,-163.51,-2.066666666666667,3.9098813465783686,87.29058214337954,-185.05333333333337,160.08666666666667,-6.515562913907284,85.39451886715497,-170.99333333333334,167.68666666666664,1.027354271768415,0.2212863463348311,151.0,74.27041942604858,19.023228897186744,34.666666666666664,101.33333333333331,82.66666666666667,66.66666666666666,56.66666666666666,86.0,29.333333333333336,84.5,86.0,1.5,1.5,1.436666666666666,5.333333333333329,-0.2261089810619266
anti_clockwise,brandon,combined_augmented,/Users/vibha/COSMOS-Cluster10/labs/Cosmos-Gesture-Recognition-/data/processed/combined_augmented/sessions/brandon_anti_clockwise_001,30.0,408816.3111111111,40948.9796720833,337796.3333333333,482589.6666666667,345064.0,431409.5,86345.5,6.300000000000001,1.0830341467206668,2.554658399807637,1.4279877770129346,6.432905223879116,301.0,301.0,0.3760891472868217,0.4734969347922264,-0.547,0.952,-0.1552026578073089,0.4021473788311926,-1.4493333333333334,0.5456666666666666,-0.69271926910299,0.3855320247902281,-1.5493333333333332,-0.0569999999999999,36.898765227021045,45.51661439810778,-99.83,130.54666666666665,12.1633111849391,92.01930379878264,-138.83,254.05666666666664,-9.428925802879291,84.7783360747214,-148.5633333333333,207.30000000000004,1.0385904659338263,0.3182413317792097,151.0,73.6832229580574,14.36079739567368,36.0,89.66666666666667,82.0,53.66666666666667,60.833333333333336,84.0,23.166666666666664,84.0,85.5,1.5,1.5,2.0344444444444445,13.666666666666671,0.0220361333798067
anti_clockwise,brandon,combined_augmented,/Users/vibha/COSMOS-Cluster10/labs/Cosmos-Gesture-Recognition-/data/processed/combined_augmented/sessions/brandon_anti_clockwise_002,30.0,400431.96111111104,75026.64147176486,252130.5,558631.3333333334,252130.5,338163.5,86033.0,4.927777777777777,2.258188118879141,3.2985215217269817,2.930002924228204,15.151207903827784,300.0,300.0,0.4692216666666667,0.4170374987946838,-0.415,1.077,-0.225376111111111,0.4030357002426233,-1.2323333333333333,0.5139999999999999,-0.6073511111111111,0.3622811217348098,-1.4486666666666668,0.0456666666666666,30.657966666666663,39.62068145195647,-30.62,140.65,5.20277222222222,85.45539120993223,-171.51333333333332,194.85,-1.2635000000000003,73.87163154550225,-112.46,195.79666666666665,1.028104033302143,0.2246029720221879,150.0,62.245,20.621021592208727,12.0,84.83333333333333,72.16666666666666,72.83333333333333,43.91666666666666,78.66666666666667,34.75000000000001,76.0,80.25,4.25,4.25,1.3227069351230425,5.666666666666668,0.118999214779916
anti_clockwise,brandon,combined_augmented,/Users/vibha/COSMOS-Cluster10/labs/Cosmos-Gesture-Recognition-/data/processed/combined_augmented/sessions/brandon_anti_clockwise_003,30.0,395001.2,37274.54502339017,310524.5,461120.0,310524.5,354375.0,43850.5,4.883333333333334,1.0248306093095472,3.300464636004724,4.150132877527672,18.287387218545145,300.0,300.0,0.3615172222222222,0.4691302476289842,-0.5710000000000001,1.0296666666666667,-0.1879294444444444,0.3133415414463706,-0.8446666666666666,0.4506666666666667,-0.6950194444444444,0.3535878503921746,-1.3116666666666668,-0.0716666666666666,33.88516666666666,41.73934299747795,-62.74333333333333,170.77333333333334,6.874666666666669,82.35699519908569,-138.17666666666665,175.10666666666663,0.3323222222222239,78.66087389439241,-130.47,194.8733333333333,1.0229550942195935,0.2142838309343351,150.0,66.15166666666667,17.282471599028174,31.33333333333333,88.66666666666667,75.66666666666667,57.33333333333334,47.08333333333333,78.66666666666667,31.583333333333343,77.75,73.5,-4.25,4.25,1.3730425055928408,5.999999999999993,0.1399462198319922
anti_clockwise,brandon,combined_augmented,/Users/vibha/COSMOS-Cluster10/labs/Cosmos-Gesture-Recognition-/data/processed/combined_augmented/sessions/brandon_anti_clockwise_004,30.0,435423.3277777777,72427.95133191282,298086.0,544981.0,298086.0,340231.5,42145.5,6.344444444444445,1.6386157964559789,2.504689945010385,2.3702687427404494,9.220299945735876,302.0,302.0,0.2695093818984547,0.5756537263497252,-0.956,0.9613333333333332,-0.3703178807947019,0.450504593168759,-1.3070000000000002,0.2773333333333334,-0.5293813465783664,0.2631551891941437,-1.2253333333333332,-0.0496666666666666,45.31808498896248,69.08539408517626,-44.09,270.19,9.855104856512142,75.81066987954047,-129.43,195.41,-11.254172185430455,97.65495109024604,-161.84,271.8566666666666,1.0257221126754168,0.203694997895504,151.0,57.02980132450331,17.408087585018418,21.33333333333333,78.0,65.66666666666667,56.66666666666667,41.33333333333333,71.33333333333333,30.0,69.5,68.5,-1.0,1.0,1.162222222222222,4.666666666666664,0.2214052515394443
anti_clockwise,brandon,combined_augmented,/Users/vibha/COSMOS-Cluster10/labs/Cosmos-Gesture-Recognition-/data/processed/combined_augmented/sessions/brandon_anti_clockwise_005,30.0,447426.3388888889,95282.07898102974,325938.0,624881.5,490471.0,372645.0,-117826.0,5.505555555555556,1.7429664651867036,2.3591575035888703,1.8546809621203773,8.482066490427734,303.0,303.0,0.2594037403740374,0.656493542103904,-0.9556666666666668,1.0143333333333333,-0.3496776677667766,0.4232296769268404,-1.2993333333333337,0.323,-0.5567706270627063,0.281035387760867,-1.2899999999999998,-0.0646666666666666,54.54761826182618,64.66346217819724,-37.556666666666665,248.0966666666667,14.03969746974698,82.46719617511852,-184.35,206.66,-5.739273927392739,103.45564759389944,-223.19333333333336,259.57,1.0672016584093236,0.2229953872452766,151.0,63.32671081677704,14.439117147458765,31.0,81.66666666666667,70.33333333333333,50.66666666666667,49.91666666666667,74.33333333333333,24.416666666666657,41.0,71.5,30.5,30.5,1.3988888888888895,9.333333333333336,0.2666352968513997
anti_clockwise,brandon,combined_augmented,/Users/vibha/COSMOS-Cluster10/labs/Cosmos-Gesture-Recognition-/data/processed/combined_augmented/sessions/brandon_anti_clockwise_006,30.0,444897.31666666665,85883.7211037923,319432.0,597555.0,373490.5,319432.0,-54058.5,5.616666666666666,1.4473155226909653,2.334650670250928,1.6751492381629145,6.094794194498226,303.0,303.0,0.2599812981298129,0.639311403327036,-0.8453333333333334,1.05,-0.2752370737073707,0.3267646473485466,-1.091,0.137,-0.5807915291529152,0.3669606006246806,-1.6900000000000002,0.1053333333333333,50.772799779978,56.06487644564052,-22.95,222.1866666666667,0.1905940594059406,100.30976546758518,-270.14,152.455,-5.39524202420242,89.71044920042854,-142.05333333333334,230.12,1.0305846497365938,0.2621337249858808,151.0,58.83443708609271,14.59164238803132,20.33333333333333,77.33333333333333,62.66666666666666,57.0,46.83333333333333,70.83333333333334,24.00000000000001,71.0,58.0,-13.0,13.0,1.716296296296297,14.0,0.0523399558498893
anti_clockwise,brandon,combined_augmented,/Users/vibha/COSMOS-Cluster10/labs/Cosmos-Gesture-Recognition-/data/processed/combined_augmented/sessions/brandon_anti_clockwise_007,30.0,403875.7333333333,65166.35411139311,273160.5,504829.0,288368.5,273160.5,-15208.0,4.583333333333333,1.9224550276491084,2.036233535276952,1.3532109106225276,5.199489219315822,301.0,301.0,0.2652436323366556,0.5976508545128324,-0.904,0.9546666666666668,-0.3558538205980067,0.3893505406781626,-1.3573333333333333,0.1763333333333333,-0.5638410852713178,0.2668575748236435,-1.283,-0.1996666666666666,47.28993909191584,68.69408888355322,-24.59,302.34666666666664,4.29170542635659,92.44054895844675,-165.28,200.14,-10.498726467331112,85.98254395487783,-139.94666666666666,207.6866666666667,1.0238241124044805,0.2160565553171418,151.0,54.747240618101536,15.644415099853742,19.33333333333333,72.33333333333333,61.333333333333336,53.0,39.833333333333336,68.5,28.666666666666664,63.5,62.5,-1.0,1.0,1.6222222222222225,19.333333333333336,0.2084344138491923
anti_clockwise,brandon,combined_augmented,/Users/vibha/COSMOS-Cluster10/labs/Cosmos-Gesture-Recognition-/data/processed/combined_augmented/sessions/brandon_anti_clockwise_008,30.0,442079.2833333333,81732.15056949802,300805.0,606606.3333333334,300805.0,394087.0,93282.0,6.116666666666666,1.835932500978222,3.363920112561156,2.7771411955814966,10.571036348182297,301.0,301.0,0.2287807308970099,0.5725900389676415,-0.819,1.161333333333333,-0.3275382059800665,0.3041261081566138,-0.966,0.1829999999999999,-0.6352037652270209,0.3372356189490178,-1.397333333333333,0.1243333333333333,50.45815060908084,44.13328669719875,-20.97666666666667,191.88333333333333,2.823255813953486,85.38660917101137,-181.52666666666664,128.22,-3.631129568106313,86.44183171414912,-118.58333333333331,214.27,1.0262601259265325,0.2097040332793657,151.0,59.57395143487858,16.606799541838605,20.666666666666668,82.66666666666667,67.0,62.0,49.16666666666667,72.0,22.83333333333333,70.0,75.5,5.5,5.5,2.018888888888889,15.999999999999991,0.1392448007435806
right,brandon,combined_augmented,/Users/vibha/COSMOS-Cluster10/labs/Cosmos-Gesture-Recognition-/data/processed/combined_augmented/sessions/brandon_right_001,31.0,425426.80645161297,72494.45607871625,318122.3333333333,568724.6666666666,354638.0,346580.5,-8057.5,5.946236559139785,2.5457769855525063,2.538087529779008,2.356235658493995,11.99870053298549,301.0,301.0,0.7126821705426357,0.1241508735581651,0.4963333333333333,0.9316666666666668,-0.3086677740863787,0.1404305495340916,-0.6833333333333335,-0.0756666666666666,-0.5887104097452934,0.1914361722109014,-0.9143333333333332,-0.2746666666666666,-26.623521594684387,27.23419082327296,-83.16333333333333,23.896666666666665,16.77157253599114,23.416922956085944,-35.88666666666667,68.11,29.76124031007752,29.00861115410228,-11.403333333333334,91.49333333333334,1.009348901447941,0.0526155807301617,151.0,67.75496688741723,15.3983261229195,43.66666666666666,88.66666666666667,70.33333333333333,45.00000000000001,50.5,83.16666666666666,32.66666666666666,46.5,85.0,38.5,38.5,0.9655555555555552,3.3333333333333286,0.3373184617172067
right,brandon,combined_augmented,/Users/vibha/COSMOS-Cluster10/labs/Cosmos-Gesture-Recognition-/data/processed/combined_augmented/sessions/brandon_right_002,30.0,409323.05,92586.10762891213,307818.0,608797.6666666666,317566.5,307818.0,-9748.5,5.877777777777778,1.39770535053479,2.1302657918586543,1.326171413777674,4.970451669390421,301.0,301.0,0.7875265780730896,0.1508789953538043,0.4243333333333334,1.0356666666666663,-0.300282392026578,0.1316609023088797,-0.7679999999999999,-0.065,-0.4714872646733111,0.2472224596575133,-1.0313333333333334,-0.1139999999999999,-28.07399224806201,38.68225037479682,-119.14666666666666,43.376666666666665,20.62864341085272,31.199260493355595,-16.406666666666666,145.08666666666667,21.29390365448505,28.9402066859995,-43.23666666666667,94.47666666666667,1.015167088032619,0.0576338377351389,150.0,57.54444444444445,16.392711165900238,31.0,81.66666666666667,63.333333333333336,50.66666666666667,40.41666666666667,72.58333333333334,32.16666666666667,37.0,80.0,43.0,43.0,1.152125279642058,4.333333333333329,0.3612527964205817
right,brandon,combined_augmented,/Users/vibha/COSMOS-Cluster10/labs/Cosmos-Gesture-Recognition-/data/processed/combined_augmented/sessions/brandon_right_003,30.0,424846.4444444444,81931.4010629594,282901.0,547898.3333333334,282901.0,315369.5,32468.5,5.3,1.2363326892541988,1.6915215853467076,1.0907243504397854,4.5881793588807565,302.0,302.0,0.8047869757174392,0.1290227713172134,0.5846666666666667,1.0373333333333334,-0.3004266004415011,0.1113333120295614,-0.541,-0.0366666666666666,-0.463901766004415,0.2374576746422251,-0.8993333333333333,-0.0063333333333333,-32.704105960264904,44.03410061309902,-101.55333333333331,34.28,19.217604856512143,18.104880406145465,-13.703333333333331,55.126666666666665,24.8699972406181,30.20704886897733,-19.05333333333333,88.39,1.0178783294914606,0.0499489992220735,151.0,60.84437086092715,18.83740043473574,21.666666666666668,85.0,70.66666666666667,63.33333333333333,48.33333333333333,74.5,26.16666666666667,26.0,78.5,52.5,52.5,1.1966666666666668,7.333333333333343,0.3730353200883001
right,brandon,combined_augmented,/Users/vibha/COSMOS-Cluster10/labs/Cosmos-Gesture-Recognition-/data/processed/combined_augmented/sessions/brandon_right_004,30.0,401919.7444444444,99328.02644122536,285719.0,612692.3333333334,335832.0,285719.0,-50113.0,4.8166666666666655,1.3866760149257542,2.249018096159612,1.3088570925587122,5.311274174418687,301.0,301.0,0.7441860465116279,0.1743300573438918,0.506,1.015,-0.327202104097453,0.1069309200543742,-0.5475000000000001,-0.076,-0.5030132890365447,0.2810301315780541,-0.961,0.002,-30.319916943521594,35.74572665679087,-91.38666666666668,51.75,22.467724252491696,19.128374315345187,-1.9433333333333327,68.52333333333333,23.82766888150609,30.023383763514914,-22.08333333333333,86.26666666666667,1.0160471047219073,0.0484547633775805,150.0,58.80888888888888,20.239932792457623,16.666666666666668,92.66666666666669,67.66666666666667,76.0,38.5,75.25,36.75,18.0,71.0,53.0,53.0,2.143176733780761,17.333333333333336,0.3767284471902454
right,brandon,combined_augmented,/Users/vibha/COSMOS-Cluster10/labs/Cosmos-Gesture-Recognition-/data/processed/combined_augmented/sessions/brandon_right_005,30.0,450526.7611111112,92302.19874413994,331609.3333333333,609814.3333333334,332017.5,360026.0,28008.5,6.555555555555555,0.9372273266013936,2.5553248859443096,1.9071067662395853,7.037686844900676,301.0,301.0,0.779389258028793,0.1819871118731552,0.3846666666666666,1.0673333333333332,-0.3111151716500553,0.1206490614875085,-0.642,0.0283333333333333,-0.4712923588039867,0.2812397962231404,-1.0536666666666663,-0.056,-33.437652270210414,45.13277557667486,-124.01666666666668,29.286666666666665,16.569667774086376,24.68296804364712,-19.28666666666667,72.21999999999998,28.92057032115172,35.01135158923149,-13.266666666666667,115.52333333333335,1.0235245294393631,0.0743345045712549,151.0,67.7748344370861,21.458825333522533,23.666666666666668,90.66666666666669,77.33333333333333,67.0,53.16666666666667,83.83333333333334,30.66666666666667,24.5,87.0,62.5,62.5,1.1277777777777778,5.0,0.4313814337167421
right,brandon,combined_augmented,/Users/vibha/COSMOS-Cluster10/labs/Cosmos-Gesture-Recognition-/data/processed/combined_augmented/sessions/brandon_right_006,30.0,422998.0388888888,98191.06787035996,305917.0,655313.3333333334,382107.5,305917.0,-76190.5,6.583333333333333,1.572182959855264,2.925619427002627,1.9267359207416488,6.650207997845347,300.0,300.0,0.6998705555555554,0.1683418210282244,0.3366666666666666,1.030333333333333,-0.377751111111111,0.1635247175185029,-0.7053333333333333,0.022,-0.5528727777777778,0.2506128411101893,-1.2026666666666668,-0.0536666666666666,-24.989211111111107,39.43942666437077,-120.87333333333332,18.78,19.472,28.676666097097907,-21.606666666666666,104.71999999999998,25.929366666666667,39.63469178597532,-23.18,130.26666666666665,1.0237785551060192,0.0891435531488119,150.0,60.59111111111112,17.696448101705492,24.0,81.33333333333333,68.83333333333334,57.33333333333333,48.08333333333333,73.25,25.16666666666667,26.5,72.0,45.5,45.5,1.0794183445190155,4.0,0.3504446123531415
right,brandon,combined_augmented,/Users/vibha/COSMOS-Cluster10/labs/Cosmos-Gesture-Recognition-/data/processed/combined_augmented/sessions/brandon_right_007,30.0,403167.2055555555,51975.34235617892,333192.6666666667,499440.5,340079.0,342870.0,2791.0,5.977777777777777,1.5176329847967889,2.8989363337895075,1.687660170697658,5.8809645231429455,302.0,302.0,0.6869836276674025,0.1498492095879432,0.4376666666666666,0.9473333333333332,-0.3332411699779249,0.1534571881525522,-0.6703333333333333,0.125,-0.5940844370860927,0.218442333197859,-1.1090000000000002,-0.3006666666666666,-26.968449227373068,33.523147347890074,-87.83999999999999,35.94,21.179453642384104,20.089540951305096,-17.1,64.10000000000001,30.52169426048565,35.82653129866722,-20.51,120.23333333333332,1.0122516597432036,0.0707108543937432,151.0,57.02207505518763,18.506682231588563,25.666666666666668,90.0,62.66666666666666,64.33333333333333,42.33333333333333,71.0,28.66666666666667,30.5,65.0,34.5,34.5,1.4766666666666666,7.666666666666671,0.3625572208667362
right,brandon,combined_augmented,/Users/vibha/COSMOS-Cluster10/labs/Cosmos-Gesture-Recognition-/data/processed/combined_augmented/sessions/brandon_right_008,30.0,481610.6444444445,110718.3730290902,306932.5,679484.0,352859.5,306932.5,-45927.0,6.711111111111112,1.9564391942985744,3.1858298504607547,1.6856318986809942,6.457456793067165,301.0,301.0,0.8134944629014396,0.144135211519909,0.446,1.0403333333333336,-0.3072021040974529,0.1307328374472486,-0.6753333333333332,-0.038,-0.4215387596899225,0.2667376130224194,-0.9616666666666666,0.0479999999999999,-31.146445182724257,43.955798839379234,-128.48333333333335,29.39,16.863250276854927,26.572316668738363,-18.92,82.32666666666667,25.81301218161684,35.89776657251835,-19.866666666666664,136.67333333333332,1.019336954501909,0.0617127314959437,151.0,69.96026490066225,19.395004211750106,27.33333333333333,92.0,78.0,64.66666666666667,61.0,84.66666666666667,23.66666666666667,32.5,87.5,55.0,55.0,1.2533333333333336,4.666666666666657,0.382482862786104
left,brandon,combined_augmented,/Users/vibha/COSMOS-Cluster10/labs/Cosmos-Gesture-Recognition-/data/processed/combined_augmented/sessions/brandon_left_001,30.0,374369.3888888889,74178.77120437732,289012.5,497647.0,289012.5,320496.5,31484.0,4.961111111111111,1.91760041667306,2.604408325274059,2.050971744357398,7.68380557742105,302.0,302.0,0.6766136865342164,0.1231366464158016,0.251,0.8856666666666667,-0.2230551876379691,0.2249591163263722,-0.644,0.3303333333333333,-0.6743029801324504,0.1666085999795487,-1.1343333333333334,-0.3886666666666666,30.15453090507725,40.49911347437183,-64.91333333333333,124.00666666666666,-12.287853200883005,23.001411545677108,-89.52,13.57,-29.2964238410596,41.45228551044728,-142.35000000000002,14.05,1.0259978079027925,0.0556809485175941,151.0,59.02759381898454,21.32758108615484,37.0,95.66666666666669,46.0,58.66666666666667,40.333333333333336,78.33333333333333,37.99999999999999,95.0,37.0,-58.0,58.0,1.106666666666667,4.333333333333329,-0.4514337167421867
left,brandon,combined_augmented,/Users/vibha/COSMOS-Cluster10/labs/Cosmos-Gesture-Recognition-/data/processed/combined_augmented/sessions/brandon_left_002,30.0,396842.5444444445,107246.5133065021,277058.5,631205.6666666666,395948.5,277058.5,-118890.0,4.916666666666666,1.840264675005765,2.8582687523857504,2.6439983152826847,10.924154181280816,302.0,302.0,0.7310060706401765,0.1195535587223431,0.289,0.9603333333333334,-0.3687980132450331,0.2583636748608262,-0.8923333333333333,0.5013333333333333,-0.5307378587196468,0.2136532442622595,-1.308,-0.0926666666666666,31.84899558498897,44.63294859082183,-14.863333333333337,134.35666666666663,-15.27131898454746,36.54741270992672,-148.64666666666668,16.01,-18.40576158940397,44.726885396290974,-190.34333333333333,21.37333333333333,1.03541234955495,0.08172112106576,151.0,48.06843267108167,16.213406335763768,32.333333333333336,78.0,38.0,45.66666666666666,36.0,65.83333333333334,29.833333333333343,73.0,38.5,-34.5,34.5,1.0877777777777775,7.666666666666664,-0.3154467294062975
left,brandon,combined_augmented,/Users/vibha/COSMOS-Cluster10/labs/Cosmos-Gesture-Recognition-/data/processed/combined_augmented/sessions/brandon_left_003,30.0,383818.9388888889,86057.99977743784,278152.0,560986.3333333334,301970.0,309694.5,7724.5,4.533333333333333,1.8029810705442089,2.3873091808812474,1.961912261683422,9.691669892708916,300.0,300.0,0.8192605555555555,0.078704857606138,0.6006666666666666,0.9816666666666668,-0.3131155555555555,0.1649185457718633,-0.6766666666666667,0.0276666666666666,-0.4482961111111111,0.2134945809956453,-0.9949999999999998,0.1123333333333333,33.39873888888889,52.1580938761112,-64.425,144.70000000000002,-12.496555555555556,29.424766947481167,-71.63666666666667,70.13,-18.08625,29.808730755007616,-95.04333333333334,19.326666666666668,1.02276185234924,0.0559403530680087,151.0,57.75938189845474,14.682373354437871,41.66666666666666,88.66666666666667,49.66666666666666,47.00000000000001,46.0,71.16666666666667,25.16666666666667,77.0,46.0,-31.0,31.0,1.3844444444444444,7.333333333333329,-0.2854072266759616
left,brandon,combined_augmented,/Users/vibha/COSMOS-Cluster10/labs/Cosmos-Gesture-Recognition-/data/processed/combined_augmented/sessions/brandon_left_004,30.0,388617.57777777774,102105.9478641864,262081.3333333333,545082.3333333334,263786.0,264233.0,447.0,4.133333333333333,2.777688887466621,1.978182378609444,1.621719377524815,6.639491970177685,300.0,300.0,0.7970461111111111,0.0552986621938731,0.5746666666666668,0.8883333333333333,-0.3165244444444444,0.1576687272436017,-0.6613333333333333,0.0406666666666666,-0.5034944444444445,0.129625703207731,-0.9196666666666669,-0.217,32.986761111111115,37.40393940978289,-21.25333333333333,104.83333333333331,-10.814911111111112,14.93183460086718,-47.42666666666667,8.656666666666666,-22.76616111111111,26.757484809100205,-87.64,22.41,1.015845103606814,0.041902276260834,150.0,65.90555555555557,19.823911779718507,41.333333333333336,98.66666666666669,68.66666666666666,57.333333333333336,45.0,82.91666666666667,37.91666666666667,96.5,42.0,-54.5,54.5,1.126398210290828,4.666666666666671,-0.4423494377527897
left,brandon,combined_augmented,/Users/vibha/COSMOS-Cluster10/labs/Cosmos-Gesture-Recognition-/data/processed/combined_augmented/sessions/brandon_left_005,30.0,377451.7111111112,53769.07606475384,316930.0,478917.0,340266.0,338860.0,-1406.0,4.655555555555556,1.288793099888802,3.293889695677253,1.585464681910948,5.990017264384471,301.0,301.0,0.7590271317829457,0.0690267126827906,0.5543333333333332,0.8649999999999999,-0.3015974529346622,0.1682504513702038,-0.632,0.1343333333333333,-0.5662170542635658,0.13732331024409,-1.0426666666666666,-0.3223333333333333,29.66283499446289,35.78102963765023,-14.353333333333332,118.70333333333332,-8.330764119601328,21.736777675132625,-72.04666666666667,27.84,-24.86881506090808,36.37601361270293,-139.99,16.555,1.0185180378631085,0.047292308805755,150.0,66.83333333333333,21.80770649655348,38.333333333333336,99.33333333333331,60.16666666666667,60.99999999999999,45.333333333333336,90.33333333333331,44.99999999999999,88.5,44.5,-44.0,44.0,1.0604026845637582,3.666666666666672,-0.4752383068877138
left,brandon,combined_augmented,/Users/vibha/COSMOS-Cluster10/labs/Cosmos-Gesture-Recognition-/data/processed/combined_augmented/sessions/brandon_left_006,30.0,366812.7277777778,61018.82169408246,276743.0,492095.0,410709.5,276743.0,-133966.5,4.633333333333334,2.0414228879405187,2.2902054258061466,1.8245975910633927,6.354646895030189,300.0,300.0,0.7985152777777778,0.0329917410107869,0.7086666666666667,0.8706666666666667,-0.2339472222222222,0.0989136556714601,-0.4706666666666666,-0.0233333333333333,-0.5462761111111111,0.0824839656902337,-0.7343333333333333,-0.3463333333333333,27.120422222222224,21.714955120741152,-7.55,67.64999999999999,-11.34493888888889,12.558165854002558,-37.92666666666667,12.703333333333331,-20.699772222222222,17.40392248981392,-55.65666666666667,14.516666666666666,1.0034733307399142,0.0386365959116508,150.0,57.45555555555556,14.59311007106127,42.0,91.5,50.66666666666667,49.5,45.0,70.66666666666667,25.66666666666667,91.5,43.0,-48.5,48.5,0.837807606263982,2.6666666666666714,-0.3165568840096598
left,brandon,combined_augmented,/Users/vibha/COSMOS-Cluster10/labs/Cosmos-Gesture-Recognition-/data/processed/combined_augmented/sessions/brandon_left_007,31.0,363839.6774193548,56608.37236438973,270870.0,490101.0,483414.0,270870.0,-212544.0,4.865591397849463,1.7579412011600497,2.17298281434466,1.66117808643163,8.076280416124469,303.0,303.0,0.7773586358635863,0.0498996692461824,0.6213333333333333,0.9013333333333334,-0.2847882288228822,0.1991641462500259,-0.6753333333333335,0.1196666666666666,-0.5345027502750275,0.1352541259147428,-0.8326666666666666,-0.2753333333333334,31.07278327832784,27.89500840110584,-37.76,82.53333333333332,-12.205324532453243,16.0855429022845,-64.82333333333332,27.495,-24.576941694169417,29.52354826447153,-91.29,52.675,1.0141605901779709,0.0548842794299972,150.0,62.63444444444444,20.004834395829764,36.333333333333336,97.0,58.5,60.66666666666666,42.16666666666666,83.45833333333333,41.29166666666666,84.0,39.5,-44.5,44.5,1.0950782997762865,4.666666666666657,-0.4450031853267555
left,brandon,combined_augmented,/Users/vibha/COSMOS-Cluster10/labs/Cosmos-Gesture-Recognition-/data/processed/combined_augmented/sessions/brandon_left_008,30.0,427943.9388888888,87341.27292125183,300109.0,613562.6666666666,367332.5,300109.0,-67223.5,6.291666666666666,1.830395373197338,1.6562125747961336,1.204251702110272,5.344337953737664,301.0,301.0,0.8264557032115171,0.0580549938630142,0.633,0.9476666666666668,-0.2645977297895903,0.1346013232456047,-0.565,0.031,-0.4818792912513842,0.1426178820869618,-0.8286666666666666,-0.1079999999999999,27.72217607973422,33.34958968932442,-12.976666666666668,120.42333333333332,-9.3425138427464,16.402606642877338,-58.50333333333333,17.253333333333334,-16.47826135105205,25.27195881976754,-97.61,13.64,1.01255595110263,0.0425069879797045,151.0,57.83112582781457,17.324933720732254,37.333333333333336,87.0,49.66666666666666,49.66666666666666,43.0,78.5,35.5,85.5,43.5,-42.0,42.0,1.0533333333333332,4.333333333333336,-0.3657883118392011
bye_bye,brandon,combined_augmented,/Users/vibha/COSMOS-Cluster10/labs/Cosmos-Gesture-Recognition-/data/processed/combined_augmented/sessions/brandon_bye_bye_001,30.0,357745.95,21500.96542932132,310639.0,399626.0,399626.0,387844.0,-11782.0,4.505555555555556,1.071934330953414,4.325473862522249,3.5658828693492883,14.433334326956446,301.0,301.0,0.7198250276854928,0.1808696352305931,0.1583333333333333,1.026333333333333,-0.162828903654485,0.7037361337449541,-1.265,1.6956666666666669,-0.2911007751937984,0.3994217040549077,-0.89,0.6086666666666666,-7.322209302325583,99.02165977360607,-186.43,275.17333333333335,-1.5330841638981163,112.60600582910466,-206.6933333333333,198.99,-5.810869324473978,181.934797407598,-357.6266666666667,369.03,1.1243775634277478,0.2295041330419207,151.0,58.26710816777041,3.428857895924524,50.333333333333336,66.0,58.66666666666666,15.666666666666664,55.66666666666666,61.08333333333333,5.416666666666664,57.5,58.0,0.5,0.5,0.861111111111111,3.333333333333336,0.0407644940164979
bye_bye,brandon,combined_augmented,/Users/vibha/COSMOS-Cluster10/labs/Cosmos-Gesture-Recognition-/data/processed/combined_augmented/sessions/brandon_bye_bye_002,30.0,393903.6888888889,27505.36816499824,350139.0,455201.3333333333,407354.0,379536.5,-27817.5,6.311111111111111,1.3029406436932014,2.9632123074839067,1.9518115135879184,8.678639443633612,302.0,302.0,0.6369326710816778,0.1866322704422318,0.131,1.0976666666666668,-0.1545816777041942,0.8256293613350868,-1.578,1.5326666666666666,-0.1491788079470198,0.5001957442814308,-0.887,0.9796666666666668,2.542869757174392,156.81394424092,-257.35,372.6,3.3298178807947,146.69637497400265,-244.11666666666667,279.41,4.2604525386313465,232.29755039479767,-371.2266666666667,400.84,1.1459829754107271,0.324418385188964,151.0,59.62030905077263,3.445617664372537,53.0,73.66666666666667,59.333333333333336,20.66666666666667,57.66666666666666,60.66666666666666,3.0,55.5,60.5,5.0,5.0,1.017777777777778,7.0,0.041454049029859
bye_bye,brandon,combined_augmented,/Users/vibha/COSMOS-Cluster10/labs/Cosmos-Gesture-Recognition-/data/processed/combined_augmented/sessions/brandon_bye_bye_003,30.0,378617.15555555554,23114.19281383327,336485.3333333333,416680.3333333333,362507.5,390645.0,28137.5,5.916666666666667,1.445779297741456,2.101207739745705,1.693949571457875,7.387149788874158,302.0,302.0,0.6192715231788078,0.1879639950491572,-0.015,1.1806666666666663,-0.2742969094922737,0.929710871802978,-1.9003333333333328,1.461666666666667,-0.0293896247240618,0.4586859818881038,-0.6833333333333332,0.9326666666666666,-5.197019867549668,185.1611110946739,-326.05,579.0666666666667,-0.4278532008830019,117.80564484176956,-209.19,322.4666666666667,6.788493377483441,277.13695052561206,-400.89,600.6333333333333,1.1901669814283988,0.3913922826275381,151.0,65.84216335540837,3.3969884551485943,59.66666666666666,76.66666666666667,65.33333333333333,17.000000000000007,63.0,68.41666666666666,5.416666666666657,62.0,68.5,6.5,6.5,1.1540740740740738,4.0,0.0331991402346925
bye_bye,brandon,combined_augmented,/Users/vibha/COSMOS-Cluster10/labs/Cosmos-Gesture-Recognition-/data/processed/combined_augmented/sessions/brandon_bye_bye_004,30.0,435216.01666666666,32222.02891427695,389895.6666666667,490765.1666666667,435261.0,398462.0,-36799.0,5.922222222222223,2.291180083022613,1.7228923449479006,1.4412202523744224,5.746607424888854,303.0,303.0,0.1842794279427942,0.4146018360580977,-1.4666666666666668,0.955,-0.0666765676567656,1.2345543976571969,-1.961666666666667,3.4836666666666667,-0.2803080308030803,0.7211332481767906,-1.9516666666666669,1.244,-12.979152915291529,101.18243515764463,-280.9666666666667,271.7866666666667,-13.529603960396038,209.84464408959423,-407.57333333333327,349.3333333333333,-11.628756875687566,323.1796608993905,-574.7233333333334,595.6566666666666,1.4253141653870605,0.5490985332165599,151.0,56.32671081677704,4.948133984035164,45.0,67.5,56.0,22.5,53.333333333333336,59.16666666666667,5.833333333333336,67.5,48.0,-19.5,19.5,1.3233333333333337,6.166666666666671,-0.0763459974439411
bye_bye,brandon,combined_augmented,/Users/vibha/COSMOS-Cluster10/labs/Cosmos-Gesture-Recognition-/data/processed/combined_augmented/sessions/brandon_bye_bye_005,30.0,503020.7444444445,40428.99058703474,439580.6666666667,591996.3333333334,509085.0,543271.0,34186.0,5.794444444444443,1.2260168367321131,1.681708538791744,1.4768621157015072,6.794753927733051,302.0,302.0,0.4944128035320088,0.1899830971475611,-0.1403333333333333,1.1346666666666667,-0.1604679911699779,0.9482618351433404,-1.4560000000000002,2.357333333333333,0.0059884105960264,0.6995584196345433,-1.3336666666666666,1.6106666666666667,-8.018824503311256,131.67665696299846,-333.88,251.33,7.360358719646798,187.0053164200958,-368.64333333333326,321.91,18.07937637969095,270.0484390148808,-445.44666666666666,424.62,1.229692049374825,0.4275083495384545,151.0,52.98344370860927,2.0767455814226023,47.333333333333336,57.5,53.0,10.166666666666664,51.66666666666666,54.333333333333336,2.6666666666666714,48.0,56.5,8.5,8.5,0.9011111111111112,3.0,0.022885442082026
bye_bye,brandon,combined_augmented,/Users/vibha/COSMOS-Cluster10/labs/Cosmos-Gesture-Recognition-/data/processed/combined_augmented/sessions/brandon_bye_bye_006,30.0,403064.0888888889,42757.16068856607,344975.3333333333,475341.6666666667,355928.5,388447.5,32519.0,5.227777777777777,1.7010254713910042,2.128821848438782,1.659502383330383,7.393887761758255,302.0,302.0,0.7221959161147903,0.1992933570294796,0.1906666666666666,1.2366666666666666,-0.2474966887417218,0.7983432371993713,-2.2303333333333337,1.778333333333333,-0.0337786975717439,0.4576530733984996,-1.0723333333333331,0.8786666666666667,-7.696705298013246,152.36002015507867,-392.9333333333333,295.17333333333335,6.128151214128034,116.79139639709,-222.6533333333333,216.1533333333333,3.840811258278148,202.97615300357225,-354.32666666666665,363.68,1.160880874578345,0.350477174389434,151.0,50.36147902869757,2.994777667769694,43.66666666666666,56.66666666666666,50.333333333333336,13.0,48.16666666666667,53.0,4.833333333333329,54.0,52.75,-1.25,1.25,0.895,3.666666666666664,0.0192143023120713
bye_bye,brandon,combined_augmented,/Users/vibha/COSMOS-Cluster10/labs/Cosmos-Gesture-Recognition-/data/processed/combined_augmented/sessions/brandon_bye_bye_007,30.0,408609.51666666666,38740.88055970577,318404.0,471108.0,386938.5,404072.0,17133.5,5.716666666666666,1.6471917741236872,2.2602627926139265,1.1405797047453563,4.934346302285923,302.0,302.0,0.6897075055187638,0.1846845803295748,0.297,1.2403333333333333,-0.1910402869757174,0.8263571397750282,-1.8095,1.2953333333333334,-0.0588428991905813,0.501031761943524,-0.8850000000000001,1.0690000000000002,0.1819591611479052,177.27761536569426,-457.7966666666666,494.7033333333333,6.727488962472405,124.83556038324323,-233.4633333333333,262.0833333333333,18.953498896247243,230.2885977747826,-435.6833333333333,477.0133333333333,1.1661197530078744,0.35189115645551,151.0,55.07174392935981,2.325406194031853,49.333333333333336,60.0,55.333333333333336,10.666666666666664,53.333333333333336,56.66666666666666,3.3333333333333286,55.5,55.5,0.0,0.0,0.914074074074074,3.0,0.0328482630417099
bye_bye,brandon,combined_augmented,/Users/vibha/COSMOS-Cluster10/labs/Cosmos-Gesture-Recognition-/data/processed/combined_augmented/sessions/brandon_bye_bye_008,30.0,375403.8111111112,25744.672037815737,337374.6666666667,449078.0,363095.5,376213.0,13117.5,4.472222222222222,1.6766828656900998,2.9065333574919787,1.8022383416650185,6.865127179432395,301.0,301.0,0.6895808416389811,0.1500854251591827,0.282,1.151333333333333,-0.2435249169435216,0.6163661144113148,-1.3166666666666669,1.2326666666666668,-0.1543405315614617,0.505121665957398,-1.0809999999999995,0.9026666666666668,-3.0062679955703224,77.46840036326364,-208.65666666666667,180.3933333333333,-1.7930675526024376,121.2660327186818,-248.82,206.09333333333333,5.224269102990034,176.94333585164537,-294.42333333333335,331.1366666666667,1.0789847430881252,0.2280784195247202,151.0,51.03421633554083,2.855489701842991,45.0,57.333333333333336,51.333333333333336,12.333333333333336,48.66666666666666,53.333333333333336,4.666666666666671,48.0,48.5,0.5,0.5,0.7899999999999998,3.0,-0.0371006157778554
t_arm,brandon,combined_augmented,/Users/vibha/COSMOS-Cluster10/labs/Cosmos-Gesture-Recognition-/data/processed/combined_augmented/sessions/brandon_t_arm_001,30.0,308445.18333333335,51460.67655905296,263478.0,429406.3333333333,277180.5,286023.0,8842.5,2.494444444444445,1.7942724375765553,2.666563874590702,1.7745206518609415,6.254230868819603,302.0,302.0,0.6541992273730685,0.2665474066710877,0.132,0.904,-0.135069536423841,0.130278061790789,-0.3933333333333333,0.0553333333333333,-0.0866550772626932,0.7051181148439871,-0.7159999999999999,1.3523333333333334,8.350540838852098,14.565842358010958,-9.16222222222222,57.173333333333325,-38.95805187637969,68.98155261876892,-223.56000000000003,15.696666666666667,-2.4997130242825607,6.334325813259103,-20.30333333333333,8.573333333333332,1.009754419472073,0.1390574442648671,149.0,79.69798657718121,33.68903886670829,45.0,154.16666666666666,58.333333333333336,109.16666666666666,56.66666666666666,114.33333333333331,57.66666666666666,147.0,57.5,-89.5,89.5,1.8074324324324325,14.0,-0.6432238950359755
t_arm,brandon,combined_augmented,/Users/vibha/COSMOS-Cluster10/labs/Cosmos-Gesture-Recognition-/data/processed/combined_augmented/sessions/brandon_t_arm_002,30.0,325914.50000000006,52539.158532628455,267815.0,439777.3333333333,366405.0,278119.0,-88286.0,3.850000000000001,0.9172725270544676,2.281882918726556,1.8698695276536363,7.0322333220551005,300.0,300.0,0.6974016666666667,0.2777535262585771,0.212,0.966,-0.0177027777777777,0.2924806421129482,-0.5773333333333334,0.956,0.1779888888888888,0.5903584933049443,-0.6960000000000001,1.1845,0.5903555555555562,57.0950960696881,-231.76,182.62,-28.92411111111112,52.70106720181173,-166.51000000000002,20.6,-12.612322222222222,21.17834765168029,-64.69000000000001,13.643333333333336,1.0104487951729837,0.0925788738807169,149.0,80.51006711409396,29.24410715638013,52.0,127.66666666666669,58.5,75.66666666666667,55.333333333333336,114.33333333333331,58.99999999999999,125.0,54.5,-70.5,70.5,1.00563063063063,5.333333333333343,-0.6097097768909848
t_arm,brandon,combined_augmented,/Users/vibha/COSMOS-Cluster10/labs/Cosmos-Gesture-Recognition-/data/processed/combined_augmented/sessions/brandon_t_arm_003,30.0,332505.5888888889,50781.93280152663,275894.5,449787.0,275894.5,333751.5,57857.0,2.2833333333333337,1.7143997977912462,2.228009209094627,1.880803044147684,7.880133566430193,301.0,301.0,0.7247032115171651,0.2777587712536694,0.0293333333333333,0.918,-0.0295802879291251,0.1383145016300077,-0.3699999999999999,0.204,-0.1680669988925802,0.6239188670888038,-0.6390000000000001,1.4286666666666663,1.7416334440753043,19.34445064945316,-66.06666666666668,59.93666666666667,-39.14267995570321,72.71202508073391,-228.27666666666664,8.31,-1.7231727574750837,11.141002810150466,-41.16,19.023333333333337,1.009936506800543,0.1410676987989108,151.0,72.72075055187638,23.512404524931675,55.333333333333336,127.0,60.66666666666666,71.66666666666666,59.0,80.83333333333333,21.83333333333333,126.0,57.5,-68.5,68.5,1.538888888888889,11.5,-0.4132241199024056
t_arm,brandon,combined_augmented,/Users/vibha/COSMOS-Cluster10/labs/Cosmos-Gesture-Recognition-/data/processed/combined_augmented/sessions/brandon_t_arm_004,30.0,308608.50000000006,63503.01222744681,245610.66666666663,425707.3333333333,272533.5,253901.5,-18632.0,2.658333333333333,2.2361042097892123,2.1867373360305296,1.7102853419578996,5.60080459060536,302.0,302.0,0.7106477649006623,0.3405241279919565,-0.065,0.9836666666666666,-0.0390259381898454,0.1723375048885518,-0.4153333333333333,0.4013333333333333,-0.0512941501103753,0.6312335352042971,-0.862,1.601,1.0174282560706394,30.24374504713308,-113.15333333333332,87.77,-37.642240618101546,73.81610980209376,-240.24,40.1,-1.05682119205298,9.52784761828942,-29.94,23.41,1.0136059343282735,0.1609038304154572,151.0,75.27704194260485,23.27990619346967,59.66666666666666,130.33333333333334,63.333333333333336,70.66666666666669,62.0,76.16666666666667,14.166666666666671,130.0,62.0,-68.0,68.0,0.9288888888888892,5.0,-0.4021488323457656
t_arm,brandon,combined_augmented,/Users/vibha/COSMOS-Cluster10/labs/Cosmos-Gesture-Recognition-/data/processed/combined_augmented/sessions/brandon_t_arm_005,30.0,305108.0861111112,55753.44370225402,249601.0,449666.6666666667,274775.5,283249.75,8474.25,2.983333333333334,1.7300984771800538,2.753400943941338,2.02999216950894,6.845023561189482,302.0,302.0,0.7080253863134658,0.3596532341695628,-0.0793333333333333,1.0266666666666666,-0.1344227373068432,0.1311824405117338,-0.4646666666666667,0.0643333333333333,-0.0240275938189845,0.6123045815904598,-0.534,1.482,2.051092715231788,18.722901777189648,-36.38,75.03666666666668,-36.9071523178808,72.26960880678476,-236.7,32.593333333333334,-2.122433774834437,9.535741121122047,-27.953333333333333,19.786666666666665,1.0104545968123633,0.1428440940284208,151.0,76.85871964679912,24.4385984045607,57.66666666666666,131.0,62.66666666666666,73.33333333333334,61.0,91.83333333333334,30.833333333333343,131.0,62.0,-69.0,69.0,1.357777777777778,7.666666666666671,-0.4549947716974561
t_arm,brandon,combined_augmented,/Users/vibha/COSMOS-Cluster10/labs/Cosmos-Gesture-Recognition-/data/processed/combined_augmented/sessions/brandon_t_arm_006,30.0,303522.48888888885,37832.34775796376,254406.0,387611.0,254406.0,271547.0,17141.0,3.388888888888889,1.6450449354063776,3.56088588122856,2.8827297411054187,9.653869063625596,302.0,302.0,0.690894591611479,0.36262099604621,-0.0393333333333333,1.075,-0.2153592715231788,0.1327144188430879,-0.6556666666666667,0.0506666666666666,0.0583013245033112,0.639461722398813,-0.8133333333333334,1.5373333333333334,-4.667533112582782,33.0900687483957,-122.18333333333334,89.39999999999999,-35.215877483443705,88.70248569940945,-241.0233333333333,153.13,-3.982726269315672,14.918633104420826,-44.620000000000005,33.93666666666667,1.0263293151711173,0.1782709509815709,150.0,85.85555555555555,19.569992044338218,60.0,124.66666666666669,81.5,64.66666666666667,67.41666666666666,99.33333333333331,31.91666666666667,121.0,62.0,-59.0,59.0,1.6800894854586124,6.333333333333329,-0.2573785501577851
t_arm,brandon,combined_augmented,/Users/vibha/COSMOS-Cluster10/labs/Cosmos-Gesture-Recognition-/data/processed/combined_augmented/sessions/brandon_t_arm_007,30.0,284325.8277777778,29047.79574286857,252223.3333333333,360179.0,267577.0,284773.5,17196.5,2.2277777777777783,1.3522843042445525,2.017035755957686,2.1128517630776984,8.482100459833049,302.0,302.0,0.697614238410596,0.2939216943185492,0.0523333333333333,0.9113333333333332,-0.1468708609271523,0.1060684689946004,-0.5500000000000002,0.1326666666666666,-0.1613813465783664,0.6526738078978812,-0.7656666666666667,1.821,-1.5663520971302425,21.61690381950518,-98.22,72.68666666666667,-37.1978752759382,79.87233166440969,-308.53333333333336,15.913333333333332,-5.499961368653422,14.46399058066754,-61.68,7.539999999999999,1.0077877905819768,0.2055917450236976,149.0,73.08053691275168,22.919787699240267,54.66666666666666,130.5,61.66666666666666,75.83333333333334,59.333333333333336,79.66666666666667,20.333333333333336,130.5,61.5,-69.0,69.0,1.5180180180180185,11.333333333333329,-0.3915327407944858
t_arm,brandon,combined_augmented,/Users/vibha/COSMOS-Cluster10/labs/Cosmos-Gesture-Recognition-/data/processed/combined_augmented/sessions/brandon_t_arm_008,30.0,309919.2444444445,37901.9093258856,262906.3333333333,377424.6666666667,287651.0,325494.0,37843.0,3.2,1.348799191599424,1.9650168586051933,1.8454205877257648,7.653831324212649,301.0,301.0,0.5729269102990033,0.3633245218882563,-0.1093333333333333,0.92,-0.2325332225913621,0.1218939922740917,-0.5466666666666667,0.0143333333333333,0.0658743078626798,0.7133988457672573,-0.7796666666666666,1.2036666666666669,-1.4179678848283506,30.34091452386989,-158.05666666666664,55.70666666666667,-42.29851052048726,54.28743485591076,-152.03,60.655,-3.15717054263566,11.836986086941522,-41.75333333333333,22.676666666666662,1.018048673465044,0.0776790431573345,150.0,84.00555555555555,27.967098869737267,48.66666666666666,134.0,63.83333333333333,85.33333333333334,59.75,117.25,57.5,119.0,62.0,-57.0,57.0,1.4787472035794185,8.666666666666671,-0.5748128064951038
raise_arms,brandon,combined_augmented,/Users/vibha/COSMOS-Cluster10/labs/Cosmos-Gesture-Recognition-/data/processed/combined_augmented/sessions/brandon_raise_arms_001,30.0,406780.0333333334,84628.49185505939,303238.3333333333,537665.0,310373.0,360419.0,50046.0,5.75,2.220589678107713,2.437510390533032,1.6702819034628975,9.09494822060346,301.0,301.0,-0.3387220376522702,0.510156755628228,-1.0179999999999998,0.2476666666666666,-0.3087397563676633,0.1136319473743944,-0.547,-0.092,-0.6531063122923587,0.3096846782654285,-1.013,-0.1015,-5.086843853820597,17.585077353269416,-48.79,25.37333333333333,27.31903100775194,38.9822045849256,-17.709999999999997,104.28000000000002,-9.131168327796235,15.073019785771288,-50.01,9.43,0.9957356754937076,0.1191130151917193,151.0,39.07947019867549,4.454661912477347,29.666666666666668,51.0,40.0,21.33333333333333,35.16666666666667,42.0,6.833333333333329,36.0,43.0,7.0,7.0,1.0911111111111114,10.666666666666664,0.0701161845009874
raise_arms,brandon,combined_augmented,/Users/vibha/COSMOS-Cluster10/labs/Cosmos-Gesture-Recognition-/data/processed/combined_augmented/sessions/brandon_raise_arms_002,31.0,421306.5967741936,91484.74311738582,269115.0,618137.6666666666,520193.5,269115.0,-251078.5,5.983870967741934,2.07751007170748,2.3654092008138354,1.875842789467076,8.714428294341655,300.0,300.0,-0.219685,0.5910972623893788,-1.54,0.4093333333333333,-0.3292327777777778,0.1575632006637179,-1.038,-0.0663333333333333,-0.7353288888888888,0.3057289523168744,-1.5543333333333331,-0.068,1.8413222222222232,29.03586777896701,-68.33,86.77333333333333,15.052127777777777,81.93771696222576,-136.54,277.38333333333327,-7.478397222222221,26.79865043188659,-78.35000000000001,56.74333333333333,1.0385910485511387,0.2939136913868975,150.0,42.091111111111104,4.679752789537324,31.33333333333333,49.0,43.333333333333336,17.666666666666668,38.75,45.66666666666666,6.916666666666664,43.0,49.0,6.0,6.0,1.2348993288590604,7.666666666666664,0.074383750388906
raise_arms,brandon,combined_augmented,/Users/vibha/COSMOS-Cluster10/labs/Cosmos-Gesture-Recognition-/data/processed/combined_augmented/sessions/brandon_raise_arms_003,30.0,376561.3611111111,98664.97557079382,267256.3333333333,572787.3333333334,284953.5,289691.0,4737.5,4.741666666666665,2.6091319331234373,3.1626751450093984,2.3054738864985573,9.55257540251717,300.0,300.0,-0.2044666666666666,0.484058520337274,-1.335,0.3123333333333333,-0.3669444444444444,0.1114218945281712,-0.68,-0.1323333333333333,-0.7358533333333334,0.2901348498224256,-1.0326666666666666,0.0976666666666666,-6.471349999999999,18.7432451299548,-59.11333333333332,27.65,28.4959,56.47965879891496,-34.586666666666666,178.64666666666668,-9.076783333333331,22.994077657713984,-63.89666666666667,16.01,1.0051669886814334,0.1961632404456461,150.0,49.39111111111111,6.430955694986743,32.333333333333336,58.66666666666666,51.333333333333336,26.33333333333333,45.5,54.333333333333336,8.833333333333336,43.0,55.0,12.0,12.0,1.3579418344519014,6.666666666666664,0.1183092581892527
raise_arms,brandon,combined_augmented,/Users/vibha/COSMOS-Cluster10/labs/Cosmos-Gesture-Recognition-/data/processed/combined_augmented/sessions/brandon_raise_arms_004,30.0,393640.04999999993,62268.19923091874,310270.3333333333,536404.6666666666,372342.5,350685.0,-21657.5,5.366666666666666,1.444273494157504,2.549634396051646,1.5438749128342824,5.827320911637662,302.0,302.0,-0.4276318984547461,0.3772163734619712,-1.022333333333333,-0.0333333333333333,-0.3517599337748344,0.0956097942010265,-0.6133333333333333,-0.1833333333333333,-0.6735375275938189,0.3189023739722867,-1.3215,-0.0686666666666666,-7.626892935982338,17.149631578451377,-50.02,25.39333333333333,19.701208609271525,36.57407466728962,-37.16333333333333,107.73,-8.293830022075056,15.02987233082484,-41.93333333333334,22.97,0.9987987903297396,0.1256583398682847,151.0,46.03973509933775,5.06343861383018,35.666666666666664,55.0,47.0,19.333333333333336,41.333333333333336,50.0,8.666666666666664,40.5,50.0,9.5,9.5,1.2433333333333338,4.666666666666671,0.0866411060764492
raise_arms,brandon,combined_augmented,/Users/vibha/COSMOS-Cluster10/labs/Cosmos-Gesture-Recognition-/data/processed/combined_augmented/sessions/brandon_raise_arms_005,30.0,409707.3777777778,81468.6502571062,298429.6666666667,597317.0,348327.5,306153.5,-42174.0,5.9,2.3430749027719964,2.3651712931660067,1.33148690686149,5.088627970587248,301.0,301.0,-0.3275199335548173,0.4848555474186203,-1.1536666666666666,0.2259999999999999,-0.3086971207087486,0.1174724691285282,-0.5663333333333332,0.0916666666666666,-0.6654601328903654,0.3605094356988306,-1.234,0.0373333333333333,-12.118776301218162,24.80274967458653,-125.80666666666666,49.56,24.551799557032115,50.10040796830584,-57.57666666666666,128.98000000000002,-7.80874861572536,24.09515066156256,-61.57666666666666,25.44333333333333,0.9968120929804724,0.1749794132394675,150.0,47.67111111111112,8.059388684058229,27.0,57.333333333333336,51.333333333333336,30.333333333333336,41.375,53.0,11.625,40.5,50.5,10.0,10.0,1.3355704697986577,8.666666666666664,0.134194408640384
raise_arms,brandon,combined_augmented,/Users/vibha/COSMOS-Cluster10/labs/Cosmos-Gesture-Recognition-/data/processed/combined_augmented/sessions/brandon_raise_arms_006,31.0,418519.5268817204,81629.14246459748,307091.6666666667,561635.6666666666,328390.5,308393.5,-19997.0,5.940860215053765,2.276004007489643,1.872389064271744,1.2863859470692816,5.491458874986672,302.0,302.0,-0.3378863134657837,0.5220939118096103,-1.0233333333333332,0.3846666666666666,-0.3532488962472406,0.1297356136279879,-0.603,-0.1176666666666666,-0.5932737306843268,0.3333146114192519,-1.0553333333333332,0.1693333333333333,-7.070077262693157,18.64731535167431,-39.66333333333333,67.32000000000001,29.407886313465784,32.3239809707757,-45.48333333333333,104.51666666666668,-11.674558498896248,20.86621614439877,-48.696666666666665,55.67666666666667,0.9922680691556726,0.0827148980487934,151.0,43.2560706401766,6.913132292009792,27.5,58.0,44.333333333333336,30.5,37.66666666666666,48.333333333333336,10.666666666666671,32.5,43.0,10.5,10.5,2.0677777777777777,9.0,0.1082003020797024
raise_arms,brandon,combined_augmented,/Users/vibha/COSMOS-Cluster10/labs/Cosmos-Gesture-Recognition-/data/processed/combined_augmented/sessions/brandon_raise_arms_007,30.0,372766.2277777778,70765.65552091351,277912.0,500445.0,319701.0,315253.5,-4447.5,4.0888888888888895,1.5164122700768106,2.0933898197819154,1.3469388747358615,6.052033297588298,302.0,302.0,-0.3194166666666666,0.4754693995205441,-1.0319999999999998,0.2193333333333333,-0.3590011037527594,0.0952929832462196,-0.608,-0.194,-0.6538807947019868,0.317347967503872,-1.0686666666666669,0.0213333333333333,-9.553658940397352,16.72548186730495,-58.85666666666666,40.3,26.55368653421634,30.768711724972643,-12.25,84.86,-10.35092715231788,16.04121275483582,-41.33,15.676666666666668,0.9937459650211778,0.0824589906535579,150.0,48.56111111111111,4.215813801090907,38.0,62.0,48.0,24.0,46.0,51.5,5.5,51.5,46.0,-5.5,5.5,1.401565995525727,10.666666666666671,-0.0059638206142496
raise_arms,brandon,combined_augmented,/Users/vibha/COSMOS-Cluster10/labs/Cosmos-Gesture-Recognition-/data/processed/combined_augmented/sessions/brandon_raise_arms_008,30.0,369677.56666666665,82479.97946135508,270579.5,521825.6666666667,308548.0,270579.5,-37968.5,4.766666666666666,2.627701431824935,2.0054795116849133,1.6894540431154697,6.442036333724048,300.0,300.0,-0.4154661111111111,0.419813673682507,-1.1133333333333333,0.055,-0.3398305555555556,0.085480214918364,-0.534,-0.1653333333333333,-0.6519688888888889,0.3539779504467321,-1.078,0.144,-4.174933333333334,29.1258476696737,-67.05,101.19,22.254255555555552,46.52932259480024,-71.91333333333333,113.55,-9.7431,21.269530957869705,-59.61333333333334,53.123333333333335,1.0011459489039631,0.1404204194515327,150.0,45.23555555555556,6.36534318284931,27.33333333333333,55.16666666666666,43.66666666666666,27.83333333333333,40.333333333333336,52.333333333333336,12.0,38.5,52.0,13.5,13.5,1.4932885906040263,9.333333333333336,0.1235906781042119
fist_open,brandon,combined_augmented,/Users/vibha/COSMOS-Cluster10/labs/Cosmos-Gesture-Recognition-/data/processed/combined_augmented/sessions/brandon_fist_open_001,30.0,261582.6305555556,15081.872581410122,244844.0,292128.0,288148.0,262896.25,-25251.75,0.7555555555555554,0.97061772363382,3.4798889558095767,2.2816930857980275,8.522598933167522,301.0,301.0,0.9120825027685492,0.1483139049738215,-0.604,1.749,-0.0190337763012181,0.1110667344817409,-0.7465,0.874,-0.4031146179401993,0.1257523207633085,-1.0359999999999998,0.771,-1.625980066445183,15.67172611246158,-134.315,111.44,2.0228848283499445,18.335727372935008,-51.96,149.21333333333334,1.8745127353266888,11.862523645554836,-43.29,84.29,1.0156662097058586,0.1154417699535691,151.0,62.4580573951435,1.0840969177403863,59.333333333333336,65.0,62.333333333333336,5.666666666666664,61.66666666666666,63.333333333333336,1.6666666666666714,62.5,64.0,1.5,1.5,0.7033333333333335,3.0,-0.0007499709538748
fist_open,brandon,combined_augmented,/Users/vibha/COSMOS-Cluster10/labs/Cosmos-Gesture-Recognition-/data/processed/combined_augmented/sessions/brandon_fist_open_002,30.0,294788.9666666667,44907.950043629375,240987.3333333333,384569.0,256858.0,275258.0,18400.0,2.472222222222222,1.93030573923241,3.740201245868101,3.979389789181393,16.07370549408737,301.0,301.0,0.9110686600221484,0.1668638709115144,-0.7436666666666666,1.898,-0.0527076411960132,0.1407700988416223,-0.9693333333333332,1.0905000000000002,-0.4098482834994462,0.1269008336229666,-1.2313333333333334,0.8140000000000001,-2.6235991140642296,26.468709129780265,-260.9,78.57666666666667,-2.283416389811738,18.42846170755234,-43.376666666666665,152.19333333333333,1.8962126245847173,11.008689043482098,-34.279999999999994,74.63000000000001,1.024015427306807,0.1263163194435285,151.0,67.36975717439296,4.679264505348357,60.333333333333336,75.33333333333333,66.66666666666667,14.999999999999991,63.0,72.0,9.0,63.5,71.0,7.5,7.5,0.714444444444444,3.666666666666664,0.0924259323806201
fist_open,brandon,combined_augmented,/Users/vibha/COSMOS-Cluster10/labs/Cosmos-Gesture-Recognition-/data/processed/combined_augmented/sessions/brandon_fist_open_003,31.0,317776.22580645164,58928.99231125524,266230.6666666667,482526.6666666667,308727.0,349501.0,40774.0,3.4354838709677424,1.4360173790112332,2.178004347891304,1.4022020705465976,5.078407588002606,302.0,302.0,0.8223587196467991,0.1378820220201523,-0.4785,1.873,-0.0700215231788079,0.1661216397934686,-1.625,0.9003333333333333,-0.5694100441501104,0.1452581189982485,-1.3213333333333337,0.715,-1.141263796909492,35.20145127762094,-319.8833333333333,221.03666666666663,2.796203090507725,23.72723632577695,-32.900000000000006,183.22,3.238973509933775,12.670961947340553,-52.95333333333334,61.32333333333333,1.028375918997824,0.1247213591601722,151.0,66.5364238410596,2.6661036933333246,59.66666666666666,74.0,67.0,14.333333333333336,64.33333333333333,68.33333333333333,4.0,66.5,66.0,-0.5,0.5,0.9588888888888896,4.0,-0.0358969443476244
fist_open,brandon,combined_augmented,/Users/vibha/COSMOS-Cluster10/labs/Cosmos-Gesture-Recognition-/data/processed/combined_augmented/sessions/brandon_fist_open_004,30.0,308191.6111111111,16113.443022217409,286872.3333333333,347969.0,318557.0,319575.5,1018.5,3.755555555555556,1.2771012701900295,3.503800884901569,2.1086687116374927,7.679706618528573,302.0,302.0,0.8613934878587194,0.131318738494324,-0.378,1.5456666666666667,-0.1486854304635761,0.1082741530752405,-0.9456666666666664,0.3,-0.478842715231788,0.1316412765230074,-1.2526666666666666,0.3893333333333333,1.493471302428256,21.144268901408864,-144.76833333333337,123.82666666666668,3.5116556291390726,23.40087900778282,-50.47,192.98666666666668,0.690584988962472,16.363602384851482,-88.03666666666668,93.33666666666666,1.0159297081944003,0.087066647372281,151.0,61.51434878587196,1.2242821626707223,58.333333333333336,66.0,61.66666666666666,7.666666666666664,60.66666666666666,62.333333333333336,1.6666666666666714,62.0,60.0,-2.0,2.0,0.5244444444444446,3.0,0.0028401301266408
fist_open,brandon,combined_augmented,/Users/vibha/COSMOS-Cluster10/labs/Cosmos-Gesture-Recognition-/data/processed/combined_augmented/sessions/brandon_fist_open_005,30.0,317726.7388888889,23015.468794345423,274574.3333333333,354028.0,338590.5,354028.0,15437.5,4.161111111111111,0.9665549105258988,4.522334321776922,3.658016621945846,14.794626909336232,301.0,301.0,0.8840559246954595,0.0467933566563875,0.747,0.993,-0.0978981173864894,0.0685631655546502,-0.2383333333333333,0.1603333333333333,-0.4497668881506091,0.076626026928871,-0.642,-0.1711666666666667,-0.1333554817275743,11.363470184420567,-57.38666666666666,35.18666666666667,1.2733720930232555,16.053492302472637,-21.58666666666667,92.73666666666666,0.6327962347729792,9.832797983503646,-18.523333333333333,27.25333333333333,1.002353690450545,0.0384490077215114,151.0,59.8907284768212,3.111510670232202,55.0,72.66666666666667,59.333333333333336,17.66666666666667,58.333333333333336,60.66666666666666,2.3333333333333286,59.5,59.5,0.0,0.0,0.86,3.3333333333333286,0.0240037179040314
fist_open,brandon,combined_augmented,/Users/vibha/COSMOS-Cluster10/labs/Cosmos-Gesture-Recognition-/data/processed/combined_augmented/sessions/brandon_fist_open_006,30.0,297830.14166666666,36220.08254889378,254226.0,375037.3333333333,254226.0,276083.25,21857.25,2.7944444444444447,1.6786697408261793,2.069254453325648,1.428502833128115,6.061863990467085,302.0,302.0,0.8779966887417218,0.0430253098121618,0.6626666666666666,0.9546666666666668,-0.1784448123620309,0.0791259665841669,-0.3763333333333333,0.0876666666666666,-0.4370579470198676,0.0680815404763295,-0.7896666666666666,-0.2339999999999999,-0.7598399558498893,12.17806574558013,-52.85,32.78666666666667,3.336379690949228,15.345485586900708,-15.403333333333334,72.26666666666667,1.866065121412804,11.47645640419134,-54.586666666666666,23.25333333333333,1.002604827592925,0.0356530120308657,151.0,60.88852097130243,5.677761457861382,52.66666666666666,74.0,60.0,21.333333333333336,56.0,65.58333333333334,9.583333333333345,57.0,55.0,-2.0,2.0,0.9711111111111116,4.0,0.0914842570001159
fist_open,brandon,combined_augmented,/Users/vibha/COSMOS-Cluster10/labs/Cosmos-Gesture-Recognition-/data/processed/combined_augmented/sessions/brandon_fist_open_007,30.0,306521.4,43983.18319364295,261405.5,383595.6666666667,263072.0,336163.0,73091.0,3.2222222222222223,1.825910900696951,4.99927724512036,5.455852311579377,21.682485522373817,302.0,302.0,0.8813807947019866,0.0435373738149714,0.7143333333333334,0.995,-0.1598245033112582,0.0520846410305159,-0.2736666666666666,0.0479999999999999,-0.4367119205298013,0.0670909510127155,-0.6670000000000001,-0.1856666666666666,0.4638189845474617,10.097577968841197,-65.37,28.933333333333334,3.55103752759382,12.7363125368019,-6.176666666666667,55.42,1.2818101545253864,5.441410033671421,-21.493333333333336,13.07,1.0005913000055613,0.0319348942690872,151.0,57.52869757174392,1.8170755492359425,51.66666666666666,62.0,57.66666666666666,10.333333333333336,56.333333333333336,58.66666666666666,2.3333333333333286,59.0,54.5,-4.5,4.5,0.8833333333333335,3.0,-0.0076431973974674
fist_open,brandon,combined_augmented,/Users/vibha/COSMOS-Cluster10/labs/Cosmos-Gesture-Recognition-/data/processed/combined_augmented/sessions/brandon_fist_open_008,30.0,344175.83888888883,37874.45056424565,279488.6666666667,413051.6666666667,314988.0,407421.0,92433.0,4.133333333333334,1.0420776966838536,3.4640119296076475,3.3389058690378746,12.609540930575882,300.0,300.0,0.8996655555555556,0.0531417393748643,0.6065,1.1523333333333332,-0.20023,0.0613977761390004,-0.3443333333333333,0.1316666666666666,-0.3810888888888889,0.0964301640733327,-0.5703333333333332,-0.0163333333333333,-2.1163000000000003,12.083507397610472,-42.696666666666665,29.826666666666664,4.611016666666667,17.540767578270554,-23.866666666666664,81.69000000000001,-1.1635388888888896,9.658780284182743,-20.65,41.98333333333333,1.004418268667859,0.0418969626073956,150.0,53.13888888888889,5.194939402260244,45.0,72.0,53.0,27.0,49.66666666666666,54.91666666666666,5.25,57.5,72.0,14.5,14.5,0.9921700223713644,4.0,0.003377631598441
one_arm_boxing,brandon,combined_augmented,/Users/vibha/COSMOS-Cluster10/labs/Cosmos-Gesture-Recognition-/data/processed/combined_augmented/sessions/brandon_one_arm_boxing_001_seg000,30.0,401538.65555555554,37156.79764213266,329018.3333333333,465337.0,442931.0,390655.0,-52276.0,5.85,1.0204846343227756,2.2915920371008016,1.7089529956564031,6.003724915008672,300.0,300.0,0.3500277777777777,0.4190831106004332,-0.5526666666666668,1.0616666666666668,-0.3495772222222222,0.2241215631197652,-1.0356666666666667,0.1516666666666666,-0.8145705555555555,0.2746709852068583,-1.4873333333333332,-0.1806666666666666,-3.75282222222222,60.70269502939188,-161.96333333333334,131.07666666666668,-3.2047055555555533,70.82028036605239,-152.1233333333333,280.67,-4.035333333333334,41.60134643654377,-73.0,105.21999999999998,1.0850917703367642,0.1792484259302033,151.0,64.33664459161149,4.29252020417064,55.66666666666666,73.33333333333333,63.66666666666666,17.666666666666664,60.66666666666666,68.16666666666666,7.499999999999993,70.5,66.0,-4.5,4.5,0.967777777777778,3.333333333333336,-0.0537945858022542
one_arm_boxing,brandon,combined_augmented,/Users/vibha/COSMOS-Cluster10/labs/Cosmos-Gesture-Recognition-/data/processed/combined_augmented/sessions/brandon_one_arm_boxing_001_seg001,30.0,414091.8499999999,30797.994482058453,355760.0,460724.6666666667,355760.0,381131.0,25371.0,6.705555555555557,1.406126366307343,2.4158286141797385,1.6508516488287874,7.053465818388174,300.0,300.0,0.2822672222222223,0.2905471832971601,-0.5496666666666666,0.7146666666666667,-0.3896327777777778,0.2345883748415561,-1.2193333333333334,0.0556666666666666,-0.8731733333333334,0.2035681111605682,-1.6976666666666669,-0.4783333333333333,1.8371055555555555,61.16523719539137,-166.32666666666668,158.26666666666668,0.5381666666666653,71.35290722405131,-256.2366666666667,182.95,3.4446166666666667,36.85254091887193,-139.32000000000002,101.61666666666666,1.0621010121558954,0.2162196649149685,150.0,62.27333333333333,4.791292126204359,54.66666666666666,72.5,60.333333333333336,17.833333333333336,58.083333333333336,66.91666666666667,8.833333333333336,68.0,72.5,4.5,4.5,0.8982102908277404,4.333333333333336,0.0117297065054741
one_arm_boxing,brandon,combined_augmented,/Users/vibha/COSMOS-Cluster10/labs/Cosmos-Gesture-Recognition-/data/processed/combined_augmented/sessions/brandon_one_arm_boxing_001_seg002,30.0,432391.1222222222,55295.41147601611,349509.0,575393.6666666666,349509.0,440577.5,91068.5,6.755555555555556,1.1053182324840791,2.622587932811338,1.823468280536137,8.391302377978715,300.0,300.0,0.360445,0.4786502854603727,-0.933,1.0583333333333331,-0.3892188888888889,0.3308946655360991,-2.2736666666666667,0.224,-0.7603377777777777,0.2595915908775185,-1.5729999999999995,-0.3053333333333333,2.4159777777777776,87.00989348390783,-330.9933333333333,372.8233333333333,-2.1282611111111103,44.97380712384589,-137.55,98.49333333333334,-1.8720000000000008,57.847543113742496,-129.7566666666667,130.22333333333333,1.0854222203785833,0.2955829000859846,149.0,64.97427293064875,5.712839341818213,55.0,75.33333333333333,63.66666666666666,20.33333333333333,60.333333333333336,70.0,9.666666666666664,71.0,69.0,-2.0,2.0,0.8423423423423426,3.666666666666672,0.0294763891408187
one_arm_boxing,brandon,combined_augmented,/Users/vibha/COSMOS-Cluster10/labs/Cosmos-Gesture-Recognition-/data/processed/combined_augmented/sessions/brandon_one_arm_boxing_002_seg000,30.0,457483.1277777777,70585.2256761113,376402.5,618052.3333333334,376402.5,569911.5,193509.0,7.738888888888889,1.4679813131652832,2.238205863261426,1.0867547190666598,4.864934913398077,300.0,300.0,0.4746272222222222,0.3863756328339554,-0.2273333333333333,1.1603333333333332,-0.5054761111111111,0.2113930240878934,-0.9666666666666668,-0.0256666666666666,-0.6286955555555556,0.2176103154062174,-1.0956666666666666,-0.2253333333333333,5.256533333333334,45.47962810750585,-135.79666666666665,104.85333333333334,-2.6030833333333323,34.02513268081051,-69.91666666666667,73.63,-1.5467333333333333,47.62950652806165,-85.39333333333333,98.33,1.0469515906783078,0.1457907986874414,150.0,58.32666666666667,6.886365393809851,45.66666666666666,73.5,56.333333333333336,27.833333333333336,52.75,63.25,10.5,55.0,51.5,-3.5,3.5,0.9854586129753914,3.000000000000007,0.0387258692978945
one_arm_boxing,brandon,combined_augmented,/Users/vibha/COSMOS-Cluster10/labs/Cosmos-Gesture-Recognition-/data/processed/combined_augmented/sessions/brandon_one_arm_boxing_002_seg001,30.0,499437.0722222223,35579.336165857814,425057.6666666667,605504.5,605504.5,518453.0,-87051.5,8.180555555555555,1.0390708396815604,2.483081690389719,1.2874404335890182,5.9336271184348215,300.0,300.0,0.5126133333333333,0.3740617419426707,-0.5013333333333333,1.0703333333333331,-0.4878522222222222,0.2424989561158644,-1.2943333333333331,-0.0523333333333333,-0.645995,0.1895833615946255,-1.1529999999999998,-0.27,-3.7256277777777775,43.00058544653531,-120.00666666666666,91.24,1.2310555555555562,32.333862616181484,-73.92666666666666,74.88,-0.681394444444444,51.749109379972325,-89.10333333333334,145.98333333333335,1.0587000835756912,0.1786215966676023,150.0,59.69555555555555,5.926618962706108,48.333333333333336,72.33333333333333,59.08333333333333,24.0,54.66666666666666,64.0,9.333333333333336,54.0,61.5,7.5,7.5,1.012304250559284,3.333333333333336,0.04668059321155
one_arm_boxing,brandon,combined_augmented,/Users/vibha/COSMOS-Cluster10/labs/Cosmos-Gesture-Recognition-/data/processed/combined_augmented/sessions/brandon_one_arm_boxing_002_seg002,30.0,454558.4222222222,46942.71129673268,388347.0,566498.6666666666,391766.0,468530.0,76764.0,7.355555555555554,1.254424269102595,3.332743625205698,2.2521525709320365,8.755293093655693,299.0,299.0,0.5500061315496099,0.3464911257217852,-0.372,1.217,-0.3941365663322184,0.221122492845072,-0.9823333333333334,0.282,-0.6718804347826086,0.2415233733811407,-1.3176666666666668,-0.1815,-2.1014046822742483,55.367421454205925,-210.3066666666667,149.46,1.2253846153846146,44.89004491602742,-112.29,119.17666666666666,4.241516164994424,33.33571554873331,-91.35333333333334,83.90333333333332,1.059428683750253,0.1190351094785353,150.0,60.81,4.823306261037343,50.66666666666666,71.33333333333333,60.0,20.666666666666664,57.333333333333336,63.333333333333336,6.0,57.0,55.5,-1.5,1.5,0.712527964205817,2.6666666666666714,-0.0653720906114348
one_arm_boxing,brandon,combined_augmented,/Users/vibha/COSMOS-Cluster10/labs/Cosmos-Gesture-Recognition-/data/processed/combined_augmented/sessions/brandon_one_arm_boxing_003_seg000,30.0,416178.9722222222,54601.12783867848,320493.3333333333,537421.3333333334,382029.0,345606.5,-36422.5,6.722222222222222,2.1271321910085166,3.175487541343953,1.8644520536399487,9.1466685803804,300.0,300.0,0.5357761111111111,0.2814733310235077,-0.2653333333333333,0.9856666666666666,-0.4790683333333332,0.2315471953049762,-1.1586666666666667,0.206,-0.6241227777777777,0.1812637493513511,-1.2046666666666666,-0.3819999999999999,-1.2953611111111116,41.59178248329972,-121.08666666666666,110.94666666666666,-2.697122222222222,32.79330679416415,-116.95666666666666,82.83666666666666,-0.687944444444444,46.96937790649179,-82.83333333333333,147.3033333333333,1.027365050846912,0.1277133111287709,150.0,63.08666666666665,4.597916397414564,53.0,75.0,62.16666666666667,22.0,60.333333333333336,65.33333333333333,4.999999999999993,59.5,53.0,-6.5,6.5,0.7751677852348996,3.666666666666672,-0.0458870764626577
one_arm_boxing,brandon,combined_augmented,/Users/vibha/COSMOS-Cluster10/labs/Cosmos-Gesture-Recognition-/data/processed/combined_augmented/sessions/brandon_one_arm_boxing_003_seg001,30.0,455348.5055555555,41837.69743930847,396295.5,535662.1666666666,403983.5,396295.5,-7688.0,7.022222222222222,2.028835340658816,2.438191747700293,1.656780282212251,6.220811699934366,300.0,300.0,0.6219883333333333,0.3439745519132031,-0.0923333333333333,1.2523333333333333,-0.41203,0.2441250048415542,-1.2700000000000002,0.2019999999999999,-0.5721161111111112,0.2160520580693173,-1.107,0.011,5.113072222222222,55.98841067161732,-122.76333333333332,276.31333333333333,-3.0994999999999995,33.55813416559279,-96.96999999999998,76.40666666666667,-0.0077222222222223,35.691469254115745,-97.04666666666668,70.56,1.0482531705493572,0.0985613761960765,150.0,61.01833333333333,8.721405124477632,50.66666666666666,82.66666666666667,58.33333333333333,32.00000000000001,54.333333333333336,65.58333333333333,11.249999999999991,54.5,61.25,6.75,6.75,0.9189038031319916,5.666666666666671,-0.0776435989747694
one_arm_boxing,brandon,combined_augmented,/Users/vibha/COSMOS-Cluster10/labs/Cosmos-Gesture-Recognition-/data/processed/combined_augmented/sessions/brandon_one_arm_boxing_003_seg002,30.0,472365.3888888889,55649.354728686085,387415.0,614433.6666666666,423037.0,387415.0,-35622.0,5.727777777777779,1.5831773802337978,3.71621811766603,1.8886583597969464,6.8957864076914674,300.0,300.0,0.4581372222222222,0.4846245311163826,-0.4586666666666666,1.1726666666666663,-0.2880644444444444,0.2730313706617466,-0.8166666666666665,0.2733333333333334,-0.697678888888889,0.2780018229334495,-1.328,-0.0953333333333333,-5.7180888888888886,50.15730614882455,-141.20666666666668,116.76333333333332,-7.625172222222221,58.06989525912308,-109.99666666666668,103.91666666666669,2.859022222222221,55.38065896581942,-117.1,109.59333333333336,1.0705523807703998,0.1422545241676709,150.0,68.98666666666666,5.454425099795272,58.66666666666666,78.33333333333333,69.16666666666666,19.666666666666664,64.33333333333333,73.66666666666667,9.333333333333345,65.5,77.0,11.5,11.5,0.8266219239373598,2.6666666666666643,0.0283633346667257
clapping,brandon,combined_augmented,/Users/vibha/COSMOS-Cluster10/labs/Cosmos-Gesture-Recognition-/data/processed/combined_augmented/sessions/brandon_clapping_001_seg000,30.0,376886.3944444445,29852.34507651889,318314.5,452381.0,332965.5,318314.5,-14651.0,5.388888888888889,1.1191376750884894,1.732008933148719,1.004791221552673,4.0674426210831385,300.0,300.0,0.7944022222222222,0.0929221237239348,0.4773333333333333,1.139,-0.3807555555555555,0.2821615548310778,-1.3173333333333332,0.3656666666666666,-0.0842083333333333,1.37136775331709,-2.811666666666667,2.303666666666667,5.6169,95.73383778680348,-170.04,279.98999999999995,-7.276083333333332,128.59251443640252,-280.3933333333334,187.09,2.599533333333334,35.20455302341614,-82.38666666666667,67.53,1.5636747201780958,0.5540408609270403,140.0,14.977976190476191,6.193599319733385,4.5,30.666666666666668,14.333333333333334,26.166666666666668,10.0,19.416666666666664,9.416666666666664,22.0,6.75,-15.25,15.25,2.4106714628297365,8.666666666666668,-0.0371664370631155
clapping,brandon,combined_augmented,/Users/vibha/COSMOS-Cluster10/labs/Cosmos-Gesture-Recognition-/data/processed/combined_augmented/sessions/brandon_clapping_001_seg001,30.0,362479.45,23322.70796432453,310911.3333333333,402715.5,320684.0,350547.0,29863.0,4.8277777777777775,0.8021768223533934,1.3387983236961498,0.9426347601398264,4.1736473841788815,300.0,300.0,0.8518805555555555,0.2198583957917069,-0.5086666666666667,1.9986666666666668,-0.4346688888888889,0.2424610677992528,-1.2796666666666667,0.2346666666666666,0.1814494444444444,0.7186600690460374,-2.805333333333333,1.4986666666666668,0.4111833333333322,88.03092086429619,-285.87666666666667,177.94666666666663,3.165966666666666,100.5818996705324,-248.1533333333333,181.78,5.605661111111112,30.70590105549428,-109.51,69.39999999999999,1.2011779622079697,0.3582321961191679,142.0,13.16431924882629,4.204016331533106,5.0,23.666666666666668,12.666666666666666,18.666666666666668,10.333333333333334,15.666666666666666,5.333333333333332,11.0,12.0,1.0,1.0,1.832151300236407,7.0,-0.0065424536506346
clapping,brandon,combined_augmented,/Users/vibha/COSMOS-Cluster10/labs/Cosmos-Gesture-Recognition-/data/processed/combined_augmented/sessions/brandon_clapping_001_seg002,30.0,342835.1055555556,32123.07099585279,296996.6666666667,412971.0,299663.5,412971.0,113307.5,5.055555555555555,0.9673688382079518,1.316178031097787,0.7268370444500917,2.8413604389881306,300.0,300.0,0.8647155555555556,0.3072344317056836,-0.5593333333333333,2.366,-0.4294877777777777,0.299742913944051,-1.7333333333333334,0.7779999999999999,0.2041672222222222,0.5852911259439569,-1.525,1.692,3.9854444444444455,82.75573944774592,-255.6233333333333,355.19666666666666,-6.250288888888888,98.55374763713428,-239.53,199.8,3.580372222222222,21.67238294390853,-94.67,65.79,1.1841991777296124,0.3136141227187082,148.0,12.617117117117116,6.455366247242607,2.333333333333333,30.33333333333333,11.333333333333334,28.0,8.333333333333334,16.083333333333332,7.749999999999998,9.0,24.5,15.5,15.5,1.5226757369614514,9.666666666666666,0.0261910314642817
clapping,brandon,combined_augmented,/Users/vibha/COSMOS-Cluster10/labs/Cosmos-Gesture-Recognition-/data/processed/combined_augmented/sessions/brandon_clapping_002_seg000,30.0,318070.9111111111,17809.141409406773,291397.6666666667,357466.0,301406.0,321968.0,20562.0,4.45,0.8290445191995511,1.4270312209383964,1.010485242425006,3.938191940230512,300.0,300.0,0.8152272222222223,0.3670755500298712,-0.5543333333333333,2.315333333333333,-0.4576705555555556,0.2086838900153884,-1.2995,0.1863333333333333,0.2726294444444445,0.6377216240953305,-1.225,1.2953333333333334,-2.022805555555556,77.95017305427625,-351.0466666666667,228.38333333333333,-1.5075944444444445,117.19012115302392,-288.62333333333333,223.77,3.673805555555554,26.73771476441662,-70.51,55.45000000000001,1.195136103274156,0.3240625944534737,148.0,14.546171171171167,4.434235196571468,3.0,25.666666666666668,14.666666666666666,22.666666666666668,12.0,17.666666666666668,5.666666666666668,13.0,3.0,-10.0,10.0,1.825396825396825,8.0,0.0017629943325053
clapping,brandon,combined_augmented,/Users/vibha/COSMOS-Cluster10/labs/Cosmos-Gesture-Recognition-/data/processed/combined_augmented/sessions/brandon_clapping_002_seg001,30.0,337835.93888888886,21390.05055075509,301680.3333333333,398355.6666666667,311878.0,326538.5,14660.5,4.416666666666667,0.6814336738464367,1.1339029014876538,0.6988364029533951,2.754553951908174,300.0,300.0,0.8268305555555556,0.2739838415200696,-0.461,2.086,-0.4378616666666666,0.3137590309058848,-1.6483333333333334,0.371,0.2692027777777778,0.6395974642203797,-1.233,1.3876666666666668,2.88605,110.88824918278968,-479.9133333333333,419.4666666666667,-1.3140499999999993,107.78789128781315,-281.51,177.76333333333332,2.184411111111112,36.33717334859672,-136.63,107.46666666666664,1.1942155152866432,0.3229362730858574,141.0,13.617021276595745,7.2771588920416095,1.6666666666666667,36.66666666666666,12.666666666666666,35.0,7.666666666666667,18.0,10.333333333333332,20.5,12.5,-8.0,8.0,2.480952380952381,9.666666666666668,0.0823451346376129
clapping,brandon,combined_augmented,/Users/vibha/COSMOS-Cluster10/labs/Cosmos-Gesture-Recognition-/data/processed/combined_augmented/sessions/brandon_clapping_002_seg002,30.0,337138.2944444445,36837.91508433295,282650.0,419745.0,368158.0,282650.0,-85508.0,4.522222222222222,1.1640711869963372,1.2431376366105291,0.9975910853972014,4.041322465976674,301.0,301.0,0.7551146179401993,0.1623006215448096,-0.334,1.47,-0.593484496124031,0.2877366420442697,-1.6515000000000002,0.023,0.0039407530454042,0.7040280441746947,-1.648,1.3213333333333337,-1.061068660022147,71.05513724050596,-220.61666666666665,176.22333333333333,-2.024540420819491,88.20337045842534,-257.25,175.28666666666666,5.211738648947951,25.7936466214712,-64.305,59.84666666666666,1.2014718700049118,0.2892959771604561,147.0,14.733560090702948,5.886666171000977,6.0,34.666666666666664,13.666666666666666,28.666666666666664,10.333333333333334,17.333333333333332,6.999999999999998,6.0,12.5,6.5,6.5,1.8230593607305927,10.333333333333334,0.0516210927169831
clapping,brandon,combined_augmented,/Users/vibha/COSMOS-Cluster10/labs/Cosmos-Gesture-Recognition-/data/processed/combined_augmented/sessions/brandon_clapping_003_seg000,30.0,335012.22222222225,28414.810869096826,290447.3333333333,387500.3333333333,306720.5,343944.5,37224.0,4.172222222222223,0.9401153505969272,1.7310693233908807,1.2204452158977868,4.266820769853102,301.0,301.0,0.8090841638981174,0.3597129186957457,-0.4594999999999999,2.8673333333333333,-0.5074285714285713,0.2525744355404621,-1.9723333333333333,0.2306666666666666,0.2926395348837209,0.6962648363497622,-1.913,1.6683333333333332,-1.5292524916943528,85.48888314535476,-372.3566666666666,354.98,-0.9127906976744168,119.39450070759725,-328.37,176.93666666666664,0.8271483942414175,24.60481798427573,-74.16666666666667,48.13666666666666,1.245876382996714,0.3514296896152892,143.0,10.953379953379956,4.838123156613775,3.333333333333333,28.0,10.0,24.666666666666668,7.0,14.666666666666666,7.666666666666666,3.5,12.0,8.5,8.5,1.841549295774648,8.666666666666668,0.0609391586504263
clapping,brandon,combined_augmented,/Users/vibha/COSMOS-Cluster10/labs/Cosmos-Gesture-Recognition-/data/processed/combined_augmented/sessions/brandon_clapping_003_seg001,30.0,380234.3777777778,22799.1797987191,333231.0,439520.0,439520.0,371322.5,-68197.5,5.555555555555556,0.9282932699646854,1.1957060890644702,0.7265471340374752,3.2203273467333227,300.0,300.0,0.74048,0.3227838225850759,-1.375,1.968,-0.5335733333333333,0.4818163035462405,-2.5336666666666665,0.9573333333333331,0.3300361111111111,0.7770590288010655,-2.031333333333333,1.769,-6.2755222222222224,159.8092276341951,-676.2633333333333,398.91,-0.0705555555555556,142.11228717131297,-359.68,234.6133333333333,7.10701111111111,42.684837972870966,-133.685,91.45333333333332,1.3047164309774533,0.4240366523616782,144.0,12.508101851851851,5.531899786958991,5.5,40.0,11.333333333333334,34.5,9.916666666666666,14.333333333333334,4.416666666666668,16.5,16.5,0.0,0.0,1.6666666666666663,10.333333333333336,-0.0231562977252633
clapping,brandon,combined_augmented,/Users/vibha/COSMOS-Cluster10/labs/Cosmos-Gesture-Recognition-/data/processed/combined_augmented/sessions/brandon_clapping_003_seg002,30.0,380816.9777777778,42257.12336221559,305887.3333333333,476750.0,457419.5,351751.5,-105668.0,5.299999999999999,1.1952064752663107,1.387959408488692,1.0387127072985671,4.168943473479757,299.0,299.0,0.7868015607580825,0.2506720608948239,-0.3753333333333333,1.8626666666666667,-0.4668450390189519,0.5009745895010997,-2.74,1.4479999999999995,0.2673963210702341,0.6914796866374119,-1.8405,1.7993333333333332,3.46769230769231,155.43508519277262,-641.51,638.5366666666667,-0.6894425863991062,138.29421835392858,-353.90333333333336,196.49666666666667,2.122647714604237,51.25746175874036,-130.67333333333332,149.41666666666666,1.2489587094909749,0.3749134559438,139.0,10.237410071942444,4.63198718920515,1.5,20.33333333333333,9.333333333333334,18.83333333333333,6.833333333333334,13.166666666666668,6.333333333333334,8.5,1.5,-7.0,7.0,1.9710144927536235,9.666666666666666,0.0385033588036403
two_arm_boxing,brandon,combined_augmented,/Users/vibha/COSMOS-Cluster10/labs/Cosmos-Gesture-Recognition-/data/processed/combined_augmented/sessions/brandon_two_arm_boxing_001_seg000,30.0,490874.5666666666,47068.00693772787,437031.0,647077.5,479116.0,647077.5,167961.5,7.727777777777778,1.3253115170720997,1.9476395289412844,1.2132446298222987,4.522545967707401,300.0,300.0,0.3371005555555555,0.7094212265275402,-1.532,1.3456666666666666,-0.5649227777777777,0.2727961558523864,-1.3563333333333334,0.0986666666666666,-0.6195538888888888,0.2567912099778993,-1.412,0.0816666666666666,3.7747777777777767,65.63480186097325,-147.21,132.52,5.046022222222224,80.97307655686976,-220.4466666666667,173.96666666666667,-5.438927777777778,77.73223347282911,-160.02,205.16333333333333,1.1626562472462696,0.3293781204059922,149.0,41.14988814317674,7.202501676001813,27.0,58.0,40.333333333333336,31.0,35.666666666666664,46.0,10.333333333333336,36.0,38.5,2.5,2.5,2.7533783783783785,10.666666666666671,0.0087599008404379
two_arm_boxing,brandon,combined_augmented,/Users/vibha/COSMOS-Cluster10/labs/Cosmos-Gesture-Recognition-/data/processed/combined_augmented/sessions/brandon_two_arm_boxing_001_seg001,31.0,477834.88709677407,32778.73101022184,425027.0,560664.3333333334,512503.5,435912.5,-76591.0,8.06989247311828,1.1110186110184506,1.7289616137624602,1.3169096559990143,4.9259143908743805,300.0,300.0,0.4173133333333333,0.7371190347914317,-1.626,1.1793333333333331,-0.5766716666666667,0.3132689400041062,-1.2443333333333333,0.3196666666666667,-0.5577599999999999,0.22613538593146,-1.4826666666666668,-0.1073333333333333,-0.2875722222222218,58.28648037546613,-188.6233333333333,133.89666666666668,-3.9855277777777776,66.57412691524394,-186.4233333333333,137.46666666666667,8.614927777777774,88.1067498676735,-167.43666666666664,172.67333333333332,1.1912117714893882,0.3023747267423663,150.0,44.87222222222222,8.21636969996377,26.0,64.0,44.0,38.0,38.75,51.0,12.25,39.0,51.5,12.5,12.5,2.4351230425055927,13.666666666666664,-0.009918959361157
two_arm_boxing,brandon,combined_augmented,/Users/vibha/COSMOS-Cluster10/labs/Cosmos-Gesture-Recognition-/data/processed/combined_augmented/sessions/brandon_two_arm_boxing_001_seg002,30.0,467547.2277777778,23329.17196989416,413513.3333333333,506848.0,500406.5,467200.0,-33206.5,8.033333333333333,1.3726157780216846,2.158190536959496,1.356879242941925,5.805868985867009,300.0,300.0,0.3795416666666667,0.6208031159126474,-1.6446666666666665,0.9823333333333334,-0.69101,0.3361174744772595,-2.5413333333333337,0.13,-0.5066955555555556,0.2321855404060782,-1.3806666666666667,-0.091,6.3404,59.96811962284009,-125.36,300.61999999999995,2.6702999999999992,51.87643192546503,-160.39666666666668,167.16666666666666,-10.220550000000005,81.41367327582213,-193.0833333333333,254.8166666666667,1.1438667108413156,0.3494819326294565,150.0,46.59555555555556,8.359491929006671,32.0,68.0,45.0,36.0,39.333333333333336,54.25,14.916666666666664,51.0,39.0,-12.0,12.0,2.8001491424310214,17.0,-0.0068180808035912
two_arm_boxing,brandon,combined_augmented,/Users/vibha/COSMOS-Cluster10/labs/Cosmos-Gesture-Recognition-/data/processed/combined_augmented/sessions/brandon_two_arm_boxing_002_seg000,30.0,487892.4444444444,48877.13382723493,423439.0,578434.0,423439.0,445677.0,22238.0,8.488888888888889,1.3689231597441658,1.6122617085308386,0.816017882015736,3.447068823353264,300.0,300.0,0.3857727777777778,0.6225771034650653,-0.8433333333333334,1.388,-0.5887538888888889,0.2456442392967752,-1.1136666666666666,-0.0403333333333333,-0.5543905555555556,0.2871719419191528,-1.2773333333333332,0.0606666666666666,-3.487199999999998,65.62633880731572,-134.43333333333334,148.35333333333332,-0.7334944444444457,63.00479528474155,-137.68666666666667,126.22333333333334,-4.700427777777776,65.1582880025163,-147.30333333333334,142.38,1.1217531099264089,0.2736451945495482,149.0,46.9317673378076,10.522338125777477,22.666666666666668,66.83333333333333,45.0,44.16666666666666,38.0,56.333333333333336,18.333333333333336,56.0,50.0,-6.0,6.0,2.4617117117117115,14.666666666666671,0.0002412479593688
two_arm_boxing,brandon,combined_augmented,/Users/vibha/COSMOS-Cluster10/labs/Cosmos-Gesture-Recognition-/data/processed/combined_augmented/sessions/brandon_two_arm_boxing_002_seg001,30.0,486443.26111111103,29161.055310080286,433729.0,557291.0,439559.5,452744.0,13184.5,8.994444444444445,1.1209150803178405,1.148609770216754,0.6618159655181717,2.717858137462003,300.0,300.0,0.5410938888888889,0.5861094827094283,-1.0583333333333331,1.1643333333333332,-0.56555,0.2376523092515462,-1.191,-0.0553333333333333,-0.5142994444444444,0.2540061650966345,-1.22,0.1166666666666666,2.702499999999997,69.7973226606999,-172.28666666666666,155.77333333333334,2.9356833333333343,57.60790763239935,-178.41333333333333,133.44666666666666,0.2940944444444441,61.00312642750344,-176.58,122.54333333333334,1.133276041227472,0.2394594114879581,148.0,45.16666666666666,9.716191845358578,18.0,64.66666666666667,44.16666666666667,46.66666666666667,38.0,53.083333333333336,15.083333333333336,48.0,41.5,-6.5,6.5,2.731292517006803,14.666666666666664,0.0948413829526005
two_arm_boxing,brandon,combined_augmented,/Users/vibha/COSMOS-Cluster10/labs/Cosmos-Gesture-Recognition-/data/processed/combined_augmented/sessions/brandon_two_arm_boxing_002_seg002,30.0,481067.09444444446,34128.068356957905,411674.0,554560.3333333334,491629.0,432592.5,-59036.5,7.472222222222223,1.2700855419815695,1.759837154623472,1.1505335866444015,5.255611683437162,300.0,300.0,0.4676377777777778,0.589335100785015,-0.961,1.27,-0.5414527777777778,0.3506863464741607,-1.2493333333333334,0.3973333333333333,-0.5280983333333333,0.338178998265109,-1.4723333333333333,0.1106666666666666,-0.6222166666666654,89.16241567770882,-294.21,248.3066666666667,-1.260633333333333,62.35199525444234,-160.20333333333335,177.21,-4.4376500000000005,79.90954981985999,-180.0566666666667,140.80333333333334,1.135295206454931,0.2941269370975422,149.0,44.939597315436245,10.251880636912734,21.0,72.33333333333333,44.16666666666666,51.33333333333333,36.66666666666666,51.66666666666666,15.0,34.0,40.0,6.0,6.0,3.173423423423423,17.0,-0.0032305459822237
two_arm_boxing,brandon,combined_augmented,/Users/vibha/COSMOS-Cluster10/labs/Cosmos-Gesture-Recognition-/data/processed/combined_augmented/sessions/brandon_two_arm_boxing_003_seg000,30.0,502405.93888888886,33796.551614703814,422000.5,566048.6666666666,422000.5,537275.5,115275.0,8.516666666666667,0.7927331997121894,1.5510915027525216,0.944347062919891,4.689824658049591,300.0,300.0,0.3416661111111111,0.5029032666903641,-0.819,0.994,-0.6529044444444444,0.2800528292401848,-1.3403333333333334,-0.0416666666666666,-0.5838355555555556,0.2156028885488719,-1.2026666666666668,-0.193,2.781250000000001,54.91236495512899,-125.58666666666666,147.17,-3.183033333333333,46.96285105590257,-140.89333333333337,86.20333333333333,1.657433333333333,70.89578169623091,-120.15,158.79,1.0873569263688974,0.2817174187540341,149.0,46.27852348993289,9.304803623820357,27.0,65.66666666666667,45.0,38.66666666666667,39.0,54.333333333333336,15.333333333333336,43.0,33.5,-9.5,9.5,2.875,9.666666666666671,-0.0008736924844307
two_arm_boxing,brandon,combined_augmented,/Users/vibha/COSMOS-Cluster10/labs/Cosmos-Gesture-Recognition-/data/processed/combined_augmented/sessions/brandon_two_arm_boxing_003_seg001,30.0,501813.9833333333,28534.03709767317,451419.0,556944.5,501671.0,537583.5,35912.5,9.177777777777775,1.1344221349422416,1.4421805972996653,0.9544964946405048,3.904455100060391,299.0,299.0,0.5563662207357859,0.3521354045268912,-0.5076666666666667,1.0953333333333333,-0.651205685618729,0.198502719329485,-1.1783333333333337,-0.1936666666666666,-0.5413534002229654,0.1907207991584992,-1.0653333333333332,-0.1976666666666666,-3.687151616499442,37.26481121242846,-127.12,113.36333333333334,-3.621008918617614,38.32301417689244,-119.61333333333334,83.84666666666668,0.6735228539576369,50.23428259345093,-100.34333333333332,166.8166666666667,1.0853409701663217,0.2201994434678447,149.0,44.35178970917226,8.471159788365277,22.0,65.0,43.333333333333336,43.0,38.66666666666666,49.333333333333336,10.666666666666671,37.5,52.75,15.25,15.25,2.758445945945946,9.333333333333336,-0.0049289558014388
two_arm_boxing,brandon,combined_augmented,/Users/vibha/COSMOS-Cluster10/labs/Cosmos-Gesture-Recognition-/data/processed/combined_augmented/sessions/brandon_two_arm_boxing_003_seg002,30.0,491427.7555555556,42747.44358775616,415613.3333333333,618717.3333333334,460709.0,441386.0,-19323.0,8.611111111111112,1.199022235401685,1.5827411528195765,0.9635398000031676,3.673479234789797,301.0,301.0,0.3810254706533776,0.5378723760941116,-1.1833333333333331,1.141,-0.6606589147286822,0.2994182293324099,-1.7813333333333334,0.209,-0.5231417497231452,0.2201685803886825,-1.4736666666666665,-0.0946666666666666,6.860420819490587,56.95535341186383,-176.51666666666668,193.4233333333333,-1.7799723145071975,44.17021457666453,-147.09,108.58333333333331,-0.4190088593576973,72.73534037131394,-150.91,208.4533333333333,1.1054559339862031,0.2464289999720857,150.0,45.85222222222222,10.45015041988203,25.666666666666668,66.33333333333333,46.66666666666666,40.66666666666666,36.66666666666666,54.25,17.583333333333336,54.0,52.5,-1.5,1.5,2.515659955257271,12.0,0.0543594530127262
soli,brandon,combined_augmented,/Users/vibha/COSMOS-Cluster10/labs/Cosmos-Gesture-Recognition-/data/processed/combined_augmented/sessions/brandon_soli_001_seg000,30.0,271357.7277777778,17414.773628939063,251064.66666666663,303219.0,301980.0,268236.0,-33744.0,1.1555555555555554,1.0100727268767566,5.05553291636608,5.051361282725802,15.102485984935155,300.0,300.0,0.3890666666666666,0.055981225358084,0.18,0.5736666666666667,-0.8784033333333334,0.0888181270263979,-1.187,-0.6890000000000001,0.303395,0.1237372679308865,0.0823333333333333,0.6636666666666667,0.9631166666666664,44.257707546354126,-99.76666666666664,102.72333333333334,-0.4814666666666676,36.63042291462718,-86.65000000000002,101.14666666666666,-0.507666666666667,16.799223883637975,-46.11666666666667,35.70666666666667,1.0153608727945478,0.1019292887308954,149.0,67.39261744966443,1.4844127342924165,62.0,70.0,67.66666666666667,8.0,66.5,68.33333333333333,1.8333333333333288,67.0,67.0,0.0,0.0,0.6914414414414419,2.6666666666666714,0.0043225104298931
soli,brandon,combined_augmented,/Users/vibha/COSMOS-Cluster10/labs/Cosmos-Gesture-Recognition-/data/processed/combined_augmented/sessions/brandon_soli_001_seg001,30.0,266073.3611111111,12713.154484851895,250393.3333333333,291151.5,260864.0,291151.5,30287.5,0.7111111111111109,0.5234029205917279,5.422485551475802,4.706899119747821,13.51111421831993,300.0,300.0,0.4131749999999999,0.0743103837302972,-0.0813333333333333,0.5986666666666667,-0.8805372222222223,0.0981518860746984,-1.1903333333333332,-0.607,0.2542586111111111,0.1227499313378274,-0.119,0.6629999999999999,-1.9782166666666667,44.31277053195693,-86.00333333333333,155.86,0.085044444444444,28.01901547623121,-138.37,64.98333333333333,-0.3191500000000002,16.819086877647976,-43.10333333333333,45.5,1.0151521298247583,0.101962475910708,148.0,66.95608108108108,1.1567217024564151,64.0,69.33333333333333,67.0,5.333333333333329,66.33333333333333,67.66666666666667,1.3333333333333428,67.0,68.5,1.5,1.5,0.5272108843537415,2.333333333333343,0.0065870897606276
soli,brandon,combined_augmented,/Users/vibha/COSMOS-Cluster10/labs/Cosmos-Gesture-Recognition-/data/processed/combined_augmented/sessions/brandon_soli_001_seg002,30.0,271575.8777777778,10475.627997345337,254565.0,294404.5,281688.0,254565.0,-27123.0,1.1000000000000003,0.8741133073429749,2.7798905089172283,1.430538915100311,4.396610327928187,299.0,299.0,0.3874570791527312,0.0430165975598408,0.21,0.484,-0.8837814938684505,0.0670696641062681,-1.1543333333333332,-0.6659999999999999,0.2969403567447046,0.076170167014986,0.1126666666666666,0.475,1.814604236343368,33.23099004162537,-105.2,89.61333333333334,3.173216276477146,20.17612631898737,-34.059999999999995,69.67666666666666,0.5170903010033443,10.294560193206696,-45.20000000000001,22.4,1.0135358147641862,0.0652848113723945,148.0,64.79279279279278,1.8807636656005973,61.333333333333336,69.5,64.66666666666667,8.166666666666664,63.333333333333336,66.0,2.6666666666666643,69.5,62.5,-7.0,7.0,0.6213151927437647,2.333333333333336,-0.0319325626132912
soli,brandon,combined_augmented,/Users/vibha/COSMOS-Cluster10/labs/Cosmos-Gesture-Recognition-/data/processed/combined_augmented/sessions/brandon_soli_002_seg000,30.0,289933.9,23847.108133924983,256034.5,343856.3333333333,284493.5,256034.5,-28459.0,1.0333333333333334,0.9248067310048808,6.930184404923241,5.097598713100065,16.054222264925027,300.0,300.0,0.4559888888888888,0.0540700922557305,0.2876666666666667,0.624,-0.8181355555555555,0.0607190754258999,-0.9765,-0.5983333333333333,0.3735111111111111,0.0684189062955783,0.1573333333333333,0.505,0.0339888888888892,19.61157711554927,-70.37666666666668,39.845,-0.6655555555555556,19.817920925325875,-40.44,50.45,0.457833333333333,13.048354399225127,-42.99000000000001,27.636666666666667,1.0127461935975342,0.049182103119796,150.0,60.41,2.141492889823894,54.333333333333336,64.66666666666667,60.66666666666666,10.333333333333336,58.66666666666666,62.0,3.333333333333336,60.0,60.5,0.5,0.5,0.7729306487695751,3.666666666666672,0.011968235625287
soli,brandon,combined_augmented,/Users/vibha/COSMOS-Cluster10/labs/Cosmos-Gesture-Recognition-/data/processed/combined_augmented/sessions/brandon_soli_002_seg001,30.0,326865.3555555556,22034.680713876223,280877.5,373260.3333333333,280877.5,321205.0,40327.5,3.416666666666667,1.3592958416714094,5.083733383753237,2.6843829280712224,10.027248874836056,300.0,300.0,0.4217122222222222,0.0465762574718311,0.3023333333333333,0.6073333333333333,-0.8499533333333334,0.0609567184642179,-0.997,-0.6826666666666666,0.3403316666666667,0.0684872845524654,0.156,0.5613333333333334,-2.4712388888888888,15.743786895856733,-61.93333333333334,30.406666666666663,0.2916999999999999,15.089876191071014,-44.59666666666667,39.11333333333334,-0.9887722222222224,9.05888131542776,-25.51333333333333,25.37333333333333,1.0115024668326902,0.0593788478746565,150.0,59.02111111111112,2.461583784944313,52.5,63.0,59.5,10.5,57.333333333333336,61.0,3.666666666666664,61.5,52.5,-9.0,9.0,0.6375838926174495,2.6666666666666643,-0.0430273938100957
soli,brandon,combined_augmented,/Users/vibha/COSMOS-Cluster10/labs/Cosmos-Gesture-Recognition-/data/processed/combined_augmented/sessions/brandon_soli_002_seg002,30.0,315040.6111111111,25903.797511152017,275665.5,365719.0,358986.5,275665.5,-83321.0,3.427777777777777,1.0405512546627615,2.848375515339829,2.0925862433128155,8.173920013652841,300.0,300.0,0.4093038888888889,0.0511827333050927,0.2906666666666667,0.545,-0.867333888888889,0.0665246542195667,-1.0406666666666666,-0.694,0.3076077777777777,0.0804002526535145,0.1173333333333333,0.5060000000000001,-1.357675,14.502924567453324,-43.336666666666666,31.413333333333338,-4.188994444444445,21.176964571027685,-45.45333333333334,62.60999999999999,2.032005555555555,11.240585330003071,-30.06,28.8,1.0120740672078667,0.0602974140719378,150.0,50.61333333333334,2.004126987333187,45.66666666666666,57.0,50.66666666666666,11.333333333333336,49.333333333333336,52.0,2.6666666666666643,57.0,48.0,-9.0,9.0,0.9373601789709166,3.333333333333336,-0.0213058358149252
soli,brandon,combined_augmented,/Users/vibha/COSMOS-Cluster10/labs/Cosmos-Gesture-Recognition-/data/processed/combined_augmented/sessions/brandon_soli_003_seg000,30.0,278656.18888888886,12533.837144035737,260144.66666666663,307676.0,279801.0,268708.0,-11093.0,0.8055555555555556,0.6470493331316962,3.206022828521462,1.6719783150396292,4.647679734829304,300.0,300.0,0.5096727777777779,0.0373435859172144,0.4123333333333334,0.628,-0.8001372222222222,0.0432544748666268,-0.9296666666666664,-0.7053333333333333,0.3431477777777778,0.0472948123248153,0.202,0.4679999999999999,-0.3412666666666666,13.34746604982051,-41.92,23.663333333333338,0.8181833333333333,11.797424549675146,-27.65,30.316666666666663,-1.411327777777778,6.93535284063062,-15.613333333333337,18.41333333333333,1.0107352352392651,0.0406557340463502,150.0,57.84555555555555,1.668466217150592,53.66666666666666,62.333333333333336,57.66666666666666,8.666666666666671,56.66666666666666,59.0,2.333333333333336,56.5,57.0,0.5,0.5,0.8355704697986579,3.333333333333336,-0.0165580692475222
soli,brandon,combined_augmented,/Users/vibha/COSMOS-Cluster10/labs/Cosmos-Gesture-Recognition-/data/processed/combined_augmented/sessions/brandon_soli_003_seg001,30.0,274327.5666666667,12618.605971283774,258294.5,303155.0,260894.5,258294.5,-2600.0,0.9111111111111112,0.8024653371230127,4.988864804030648,7.895850174652529,22.53329436541058,300.0,300.0,0.527023888888889,0.0265341377929571,0.4433333333333333,0.594,-0.7868161111111113,0.041394159765048,-0.9443333333333332,-0.6743333333333333,0.3518583333333333,0.0401783321836237,0.2193333333333333,0.477,-0.4088722222222223,11.242180497126398,-40.77333333333333,32.87,-0.9924,10.548207849326472,-28.48333333333333,28.02666666666667,-0.4059166666666666,5.797953962430451,-11.873333333333331,15.093333333333334,1.0116597000066865,0.034850331278197,150.0,55.15222222222221,1.5530558108062296,50.333333333333336,58.333333333333336,55.333333333333336,8.0,54.333333333333336,56.333333333333336,2.0,56.0,56.0,0.0,0.0,0.8635346756152125,3.333333333333336,-0.0033663718387485
soli,brandon,combined_augmented,/Users/vibha/COSMOS-Cluster10/labs/Cosmos-Gesture-Recognition-/data/processed/combined_augmented/sessions/brandon_soli_003_seg002,30.0,270965.4305555556,16036.608974065426,252519.66666666663,302079.0,261148.25,298522.0,37373.75,1.1277777777777775,0.8752601024344594,2.56111396730462,2.1808566265703715,6.685472005164139,300.0,300.0,0.5240688888888889,0.0479606751978336,0.3743333333333333,0.6706666666666669,-0.7843388888888889,0.0705065025603467,-1.0226666666666666,-0.5986666666666667,0.3577922222222222,0.0553720595295426,0.1946666666666666,0.497,0.0478777777777777,15.895967086254425,-63.620000000000005,35.03333333333333,2.2948388888888887,16.473525082126493,-40.74,61.38,-1.0509166666666667,13.362346167305628,-42.153333333333336,37.81,1.013007266091705,0.0447739243096314,150.0,56.50444444444444,2.447886871714846,48.66666666666666,60.333333333333336,57.0,11.666666666666671,55.66666666666666,58.333333333333336,2.6666666666666714,56.0,53.5,-2.5,2.5,0.7550335570469799,3.0,-0.0288664681393248
palm_up_down,brandon,combined_augmented,/Users/vibha/COSMOS-Cluster10/labs/Cosmos-Gesture-Recognition-/data/processed/combined_augmented/sessions/brandon_palm_up_down_001_seg000,30.0,355772.60555555555,21945.594817575384,315936.3333333333,408607.6666666667,333637.5,366596.5,32959.0,5.05,0.6682619801201277,2.272609850599152,1.3412568248285626,5.707904556566385,300.0,300.0,0.5287302777777777,0.5218776067621006,-0.9156666666666666,1.5253333333333334,-0.281915,0.3351012684097373,-1.0473333333333334,0.3643333333333333,-0.2488444444444444,0.6217563505957723,-1.4903333333333333,0.8606666666666666,7.363799999999999,65.15900887250544,-185.65666666666667,251.3166666666667,-20.893194444444447,251.3598565109636,-600.85,485.04,-2.681372222222221,124.9814273574736,-288.7866666666667,281.46333333333337,1.055047213442471,0.2811774614684321,150.0,53.22555555555555,2.846373247866401,45.66666666666666,57.66666666666666,54.25,12.0,51.083333333333336,55.333333333333336,4.25,53.5,47.0,-6.5,6.5,0.9071588366890376,3.333333333333336,-0.0100718550454095
palm_up_down,brandon,combined_augmented,/Users/vibha/COSMOS-Cluster10/labs/Cosmos-Gesture-Recognition-/data/processed/combined_augmented/sessions/brandon_palm_up_down_001_seg001,30.0,327311.5611111111,33509.62466683275,287647.0,423805.0,287647.0,306375.5,18728.5,3.4944444444444445,1.1757451012910394,2.1710015125458453,1.2784635676090184,5.278746868444322,300.0,300.0,0.7142872222222222,0.5471960626228016,-1.3390000000000002,1.7093333333333334,-0.2266094444444444,0.3597059889477468,-1.471,0.9126666666666666,-0.2676811111111111,0.4520405805434117,-1.1496666666666666,1.2266666666666668,0.5308555555555552,54.50622599970565,-223.92666666666665,148.39333333333337,12.570061111111112,179.0860648130606,-707.0333333333333,657.1566666666666,-8.95172777777778,114.2218365927314,-421.48333333333335,455.93666666666667,1.103880571040852,0.2186585332392909,150.0,53.08666666666667,2.3049342397053643,47.333333333333336,58.5,53.0,11.166666666666664,51.66666666666666,54.66666666666666,3.0,51.0,54.0,3.0,3.0,0.8590604026845642,3.0,-0.0036363097619155
palm_up_down,brandon,combined_augmented,/Users/vibha/COSMOS-Cluster10/labs/Cosmos-Gesture-Recognition-/data/processed/combined_augmented/sessions/brandon_palm_up_down_001_seg002,30.0,319668.3361111112,15380.809870649711,280198.6666666667,346243.3333333333,330174.25,343071.5,12897.25,3.655555555555556,0.6468346479034615,2.154983481829031,1.4373194754711585,7.13312551241611,300.0,300.0,0.8571538888888889,0.4203494464746483,-1.2416666666666665,2.0853333333333333,-0.3091872222222222,0.47839239457644,-2.587666666666667,1.2103333333333337,-0.1888883333333333,0.4712475252248605,-1.2906666666666666,1.7355,-3.2508666666666657,68.46617957398169,-415.3833333333334,202.46,-0.912777777777779,88.51938659353138,-344.4833333333333,196.7133333333333,-0.2535444444444454,79.99502532271215,-163.30666666666667,313.5566666666666,1.1756741829458337,0.3337749481576022,149.0,52.61073825503356,2.2794297152297345,47.0,58.66666666666666,52.333333333333336,11.666666666666664,51.0,54.0,3.0,52.0,58.5,6.5,6.5,0.7894144144144145,2.6666666666666643,0.0023810387568776
palm_up_down,brandon,combined_augmented,/Users/vibha/COSMOS-Cluster10/labs/Cosmos-Gesture-Recognition-/data/processed/combined_augmented/sessions/brandon_palm_up_down_002_seg000,30.0,332844.06666666665,36347.46862235337,261148.5,400800.5,400800.5,261148.5,-139652.0,4.147222222222222,1.0727438282216564,2.2520261253030034,1.4181627734388138,7.450707061441889,300.0,300.0,0.799845,0.2608391647233997,-0.501,1.5246666666666666,-0.2681555555555556,0.3790011478369536,-1.3303333333333334,0.433,-0.1818099999999999,0.4445635793924444,-1.0476666666666663,0.6736666666666666,3.791394444444444,49.16132018585989,-154.71666666666667,184.08666666666667,-7.137411111111112,134.1314947866647,-286.0833333333333,323.01,1.349905555555555,111.49909561500176,-207.4,291.7966666666667,1.0580718625475785,0.1857793094587193,150.0,52.41111111111111,2.371033456533457,46.0,58.0,52.333333333333336,12.0,51.0,54.333333333333336,3.333333333333336,53.0,52.0,-1.0,1.0,0.8926174496644297,3.0,-0.0052903091989276
palm_up_down,brandon,combined_augmented,/Users/vibha/COSMOS-Cluster10/labs/Cosmos-Gesture-Recognition-/data/processed/combined_augmented/sessions/brandon_palm_up_down_002_seg001,30.0,383101.7333333333,44261.98913147923,290059.5,477713.6666666667,290059.5,475271.5,185212.0,5.177777777777777,1.4981057998867506,2.2695973610836737,1.3778873877422069,4.790657322839694,300.0,300.0,-0.0670905555555555,0.8967911349710446,-1.786333333333333,1.9633333333333336,-0.1746538888888889,0.4718558011179501,-1.0706666666666669,1.07,-0.3805177777777778,0.6355319813460061,-1.402,1.8856666666666664,0.7460499999999998,72.40705457791773,-285.1766666666667,167.34333333333333,-1.6483055555555537,341.21864582528576,-915.7366666666668,920.3366666666668,0.4990055555555576,204.81186839756583,-417.0466666666666,633.0033333333333,1.2236328690414078,0.3366075469743568,150.0,57.33888888888888,2.4646960405311225,49.66666666666666,61.0,57.66666666666666,11.333333333333336,56.0,59.25,3.25,53.5,56.5,3.0,3.0,0.7516778523489933,2.6666666666666643,0.0143416744447899
palm_up_down,brandon,combined_augmented,/Users/vibha/COSMOS-Cluster10/labs/Cosmos-Gesture-Recognition-/data/processed/combined_augmented/sessions/brandon_palm_up_down_002_seg002,30.0,398111.27777777775,33667.02123727845,339127.0,473682.6666666667,405009.5,455811.5,50802.0,6.35,1.1803561923168535,1.8718884267587248,1.022364922591104,5.131762134775555,300.0,300.0,0.0698394444444444,0.8695543966647231,-2.037666666666667,1.7363333333333333,-0.1160916666666666,0.5564840707055989,-2.092333333333333,0.8486666666666668,-0.2867344444444444,0.6505203558453307,-1.367,1.3376666666666666,4.9330944444444444,88.32325409061814,-336.6333333333334,237.37,-9.004616666666667,361.82298169653313,-865.64,879.2199999999999,10.757138888888887,223.883971578222,-418.52,632.0266666666666,1.1996052099217491,0.3879367320921971,150.0,56.847777777777765,2.8207006620178485,51.5,63.66666666666666,56.333333333333336,12.166666666666664,54.875,58.66666666666666,3.791666666666664,56.5,51.5,-5.0,5.0,0.7427293064876958,3.0,-0.0485517874868513
palm_up_down,brandon,combined_augmented,/Users/vibha/COSMOS-Cluster10/labs/Cosmos-Gesture-Recognition-/data/processed/combined_augmented/sessions/brandon_palm_up_down_003_seg000,30.0,333780.63333333324,19915.017491804745,298277.0,387582.6666666667,304966.0,345306.0,40340.0,3.661111111111112,0.979874645547916,3.427892370362442,2.4448666361079443,8.990909470110148,299.0,299.0,0.5003823857302118,0.576848577978735,-1.152,1.920333333333333,-0.3021538461538461,0.5818305408482164,-2.472,1.282333333333333,-0.462071906354515,0.6138293874093301,-1.779,1.366,4.429910813823857,85.69055081636287,-298.51,279.90333333333336,-9.77066889632107,196.1044829840706,-645.7733333333333,395.16333333333336,2.975724637681158,150.89201101564393,-325.3866666666667,471.2366666666667,1.200712355691982,0.4019295227430516,150.0,51.15444444444445,2.282042260334321,46.0,57.0,51.333333333333336,11.0,50.0,52.66666666666666,2.6666666666666643,52.5,50.0,-2.5,2.5,0.8400447427293066,3.0,-0.0194168629716878
palm_up_down,brandon,combined_augmented,/Users/vibha/COSMOS-Cluster10/labs/Cosmos-Gesture-Recognition-/data/processed/combined_augmented/sessions/brandon_palm_up_down_003_seg001,30.0,351369.78888888884,21165.430490977385,310823.3333333333,411761.0,319812.5,350506.5,30694.0,4.488888888888889,0.7733205618357916,2.8598165964915845,1.4578313491702637,6.084410127760736,301.0,301.0,0.286454042081949,0.7258645599057066,-1.2663333333333335,1.7793333333333334,-0.2428892580287928,0.4335935260147719,-1.619,0.8460000000000001,-0.4017906976744186,0.5550328010438829,-1.7163333333333333,0.9743333333333334,-2.9220099667774098,72.52241565029176,-254.5333333333334,194.23666666666665,-17.920503875968993,282.5947580013608,-723.9666666666667,672.0066666666667,9.547009966777413,167.7442706480485,-326.7,422.01,1.1011405729503032,0.3360363501094562,150.0,50.363888888888894,2.9812185696867743,44.0,56.333333333333336,50.0,12.333333333333336,48.375,52.3125,3.9375,52.25,47.0,-5.25,5.25,0.9640193885160332,3.0,-0.0212647969539387
palm_up_down,brandon,combined_augmented,/Users/vibha/COSMOS-Cluster10/labs/Cosmos-Gesture-Recognition-/data/processed/combined_augmented/sessions/brandon_palm_up_down_003_seg002,30.0,347493.6333333334,32145.57023642316,289216.0,417967.3333333333,354171.0,311814.0,-42357.0,4.333333333333333,1.5080033402065374,2.811312170745897,2.0708678783597136,7.067270391553355,299.0,299.0,0.2703015607580825,0.7169128422496766,-1.3323333333333334,1.6931666666666665,-0.3386839464882943,0.3984120852666789,-2.031333333333333,1.159333333333333,-0.5215055741360088,0.5117824310689011,-1.4760000000000002,0.9365,3.433634336677815,63.50230702043781,-304.55333333333334,221.4933333333333,12.590429208472688,256.03414478301755,-754.2566666666667,752.4566666666666,-9.360908584169454,129.97792971214426,-362.655,438.03,1.1336732361963524,0.3303638548086133,150.0,49.653333333333336,2.4048870341858666,44.66666666666666,55.0,49.58333333333333,10.333333333333336,48.0,51.25,3.25,48.0,48.0,0.0,0.0,0.7576435495898585,2.333333333333336,0.0023070654992073
right,iris,combined_augmented,/Users/vibha/COSMOS-Cluster10/labs/Cosmos-Gesture-Recognition-/data/processed/combined_augmented/sessions/iris_right_001,30.0,398892.4277777777,83992.66806085454,265511.5,582124.3333333334,265511.5,308278.0,42766.5,4.516666666666668,2.516004327853547,2.9811780644141512,2.5013936448070044,11.878908754302577,302.0,302.0,0.6243096026490067,0.1907709270887078,0.0586666666666666,0.982,-0.1761324503311258,0.4986158605811305,-1.1893333333333334,1.2010000000000003,-0.5899177704194261,0.2066330492059971,-1.0943333333333334,-0.1806666666666666,-74.03520419426047,76.96108258011155,-391.8766666666666,19.24666666666667,7.637814569536422,42.53196582296036,-60.19,198.13,46.95260485651214,64.91194171584057,-146.11,169.37,1.0356940512543604,0.1543841576777829,149.0,67.84787472035795,18.845696062823126,35.666666666666664,101.0,67.66666666666667,65.33333333333334,51.333333333333336,84.5,33.166666666666664,48.5,84.5,36.0,36.0,1.454954954954955,8.666666666666671,0.404231815708326
right,iris,combined_augmented,/Users/vibha/COSMOS-Cluster10/labs/Cosmos-Gesture-Recognition-/data/processed/combined_augmented/sessions/iris_right_002,30.0,391878.9833333333,95609.2203817218,252573.5,609411.3333333334,439814.5,252573.5,-187241.0,5.716666666666667,2.9842642867771167,2.743427727549034,2.277408061639566,11.757708434066911,302.0,302.0,0.6157858719646799,0.283641808039037,0.0666666666666666,1.1196666666666666,-0.0353057395143487,0.367080044012827,-0.6466666666666666,1.231,-0.5899448123620309,0.3481847819240966,-1.0610000000000002,-0.001,-40.56598233995585,45.92478163980109,-119.39666666666665,101.42333333333332,8.903107064017659,29.858613420516065,-51.61666666666667,87.3,41.181727373068426,79.35610222314136,-192.63333333333333,122.14666666666666,1.0294757561442491,0.0713187271458109,151.0,75.26600441501104,20.79188925561499,46.0,118.0,73.33333333333333,72.0,54.83333333333333,95.16666666666666,40.33333333333333,56.5,115.0,58.5,58.5,2.247777777777778,13.0,0.4277855234111768
right,iris,combined_augmented,/Users/vibha/COSMOS-Cluster10/labs/Cosmos-Gesture-Recognition-/data/processed/combined_augmented/sessions/iris_right_003,31.0,388593.7795698925,78670.09727203225,260401.5,570339.6666666666,315490.5,260401.5,-55089.0,6.145161290322582,2.437293116110999,2.513680303956112,2.4881117526134853,8.99557893929649,302.0,302.0,0.7215562913907284,0.1205289954205726,0.447,0.9783333333333334,-0.1193002207505518,0.218668010242116,-0.5483333333333333,0.276,-0.6171192052980132,0.2089401488717206,-0.876,-0.1426666666666667,-52.66189293598234,29.53057400744049,-119.41,18.375,8.855811258278145,22.832277680082708,-24.62,63.39666666666667,48.356324503311264,35.52304983429384,-8.633333333333333,113.63,1.0095579732867128,0.0500375827595995,150.0,72.01333333333334,18.53336033631976,45.333333333333336,104.0,65.83333333333334,58.66666666666666,55.0,91.33333333333331,36.33333333333333,50.5,97.5,47.0,47.0,1.420581655480985,10.0,0.4043741203312739
right,iris,combined_augmented,/Users/vibha/COSMOS-Cluster10/labs/Cosmos-Gesture-Recognition-/data/processed/combined_augmented/sessions/iris_right_004,30.0,414522.4611111112,116388.5656261569,278310.3333333333,652561.0,315220.5,299750.0,-15470.5,6.388888888888889,2.7026507335677543,2.3169251681645746,2.357262836749086,11.7091198732307,301.0,301.0,0.4928078626799557,0.1200722638126193,0.2453333333333333,0.7525,0.0842369878183831,0.339316605147084,-0.615,0.5256666666666666,-0.7935885935769657,0.0969809783679533,-0.9666666666666668,-0.4736666666666667,-23.9109357696567,28.5124822119746,-91.62666666666668,31.040000000000003,-16.498217054263566,30.82682545242832,-85.10666666666667,56.10333333333333,54.63909745293466,44.26075086188644,-32.29,143.67333333333332,1.0062165207148817,0.0788989617335981,150.0,82.27888888888889,17.36885028994144,56.333333333333336,127.33333333333331,88.33333333333333,71.0,63.333333333333336,96.58333333333334,33.25000000000001,58.0,98.5,40.5,40.5,1.9541387024608496,20.0,0.3521955049854065
right,iris,combined_augmented,/Users/vibha/COSMOS-Cluster10/labs/Cosmos-Gesture-Recognition-/data/processed/combined_augmented/sessions/iris_right_005,31.0,405190.005376344,114687.69223969108,254926.66666666663,627842.3333333334,323202.0,353156.5,29954.5,6.026881720430109,3.318811586700443,2.458926415599225,1.5845642419985908,6.151424926901117,301.0,301.0,0.5412906976744185,0.1205392512156942,0.238,0.8583333333333334,-0.1527890365448505,0.3761018745480177,-0.8296666666666667,0.3803333333333333,-0.7452364341085271,0.1528839674350808,-1.125,-0.4573333333333333,-33.33013842746401,47.069518939206944,-137.26,93.88666666666668,-9.983211517165005,24.87732815610855,-67.67999999999999,43.223333333333336,64.35047065337763,55.78346354590361,-24.656666666666663,164.41333333333333,1.0201808173364644,0.1015105430954003,151.0,83.719646799117,22.42277587848212,42.66666666666666,111.0,94.0,68.33333333333334,62.5,102.0,39.5,47.0,100.5,53.5,53.5,1.4611111111111117,13.0,0.4378273498315321
right,iris,combined_augmented,/Users/vibha/COSMOS-Cluster10/labs/Cosmos-Gesture-Recognition-/data/processed/combined_augmented/sessions/iris_right_006,30.0,395893.45,94091.9362570376,271494.0,573418.3333333334,280342.0,287704.5,7362.5,6.538888888888889,2.702428034925373,2.3294280262148765,1.6792031301513195,8.240941188656695,300.0,300.0,0.5969361111111111,0.1720598961485631,0.2456666666666666,1.0013333333333332,-0.1931938888888888,0.3962100363065803,-1.154,0.8409999999999999,-0.6249883333333334,0.2864444512644383,-1.13,0.1749999999999999,-33.65969444444444,41.35933249570125,-138.61666666666667,55.76666666666667,15.48831666666667,32.81558530623007,-52.81666666666666,90.10666666666668,55.85225555555555,49.02693176794909,-128.01,171.5666666666667,1.0205646288226076,0.1065470743114119,150.0,80.22666666666667,21.88397356395125,49.0,118.0,81.0,69.0,58.333333333333336,102.66666666666669,44.333333333333336,50.0,118.0,68.0,68.0,1.8560775540641308,13.666666666666655,0.4804604649095516
right,iris,combined_augmented,/Users/vibha/COSMOS-Cluster10/labs/Cosmos-Gesture-Recognition-/data/processed/combined_augmented/sessions/iris_right_007,30.0,387925.4666666667,87429.43917069692,267851.5,538985.3333333334,291970.5,267851.5,-24119.0,6.144444444444444,2.8631546100390133,2.550708364462213,2.21384345036033,8.302052394318169,301.0,301.0,0.7495276854928017,0.1443348984485281,0.4273333333333333,1.044,-0.2682203765227021,0.2502856202732288,-0.6676666666666667,0.213,-0.4504496124031007,0.3339715210636086,-1.1116666666666666,0.0683333333333333,-37.60873200442968,42.61207178164821,-115.75333333333332,32.31666666666666,14.765326688815058,32.91231229023722,-27.64,113.78333333333336,42.620669988925805,37.76154433114174,-14.353333333333332,123.81333333333332,1.0130874143747557,0.0728360992845891,149.0,86.26174496644295,18.494639466430367,54.333333333333336,110.66666666666669,95.33333333333331,56.333333333333336,65.66666666666667,101.33333333333331,35.66666666666666,58.5,99.5,41.0,41.0,1.9534534534534536,8.666666666666671,0.3803271056291193
right,iris,combined_augmented,/Users/vibha/COSMOS-Cluster10/labs/Cosmos-Gesture-Recognition-/data/processed/combined_augmented/sessions/iris_right_008,30.0,443273.9250000001,120260.79755799237,298841.0,654481.0,334150.0,412001.25,77851.25,6.5777777777777775,2.108067982130546,2.482148767545645,1.820760559317551,6.733569821571672,301.0,301.0,0.5227342192691029,0.1549026827920227,0.132,0.8573333333333334,-0.1904341085271318,0.5014221419597812,-1.6133333333333333,0.448,-0.6083986710963455,0.3225458688520321,-1.024,0.1236666666666666,-16.368433001107427,97.49784940671422,-167.78,374.6066666666666,-10.402452934662238,59.146735134003,-224.71,77.14999999999999,40.626666666666665,80.22711935828103,-197.60666666666668,152.31000000000003,1.016294640555568,0.1620654292328972,150.0,83.35333333333334,27.622433846482124,46.333333333333336,190.3333333333333,86.5,144.0,59.5,98.91666666666669,39.41666666666667,50.5,65.5,15.0,15.0,2.8568232662192403,37.333333333333314,0.3642224098848833
left,iris,combined_augmented,/Users/vibha/COSMOS-Cluster10/labs/Cosmos-Gesture-Recognition-/data/processed/combined_augmented/sessions/iris_left_001,30.0,361667.5555555557,77729.45043510348,271234.6666666667,546200.0,338915.5,280312.0,-58603.5,4.672222222222223,2.6744619858170067,2.609550558478801,2.465434578525092,9.17080901901546,300.0,300.0,0.6340783333333333,0.1392304347349439,0.2753333333333334,0.9143333333333334,-0.3371316666666666,0.3287738465889979,-0.8556666666666666,0.287,-0.6160266666666666,0.2499340817391954,-1.0836666666666668,-0.182,52.25532222222223,62.1001680844617,-35.32,184.88,-37.04140555555556,39.40309566091607,-156.82333333333335,13.43,-39.94355555555556,49.123244507194144,-133.51,33.873333333333335,1.0372707282648568,0.0959988811069312,150.0,62.884444444444455,17.319980085627765,34.666666666666664,97.33333333333331,56.83333333333333,62.66666666666666,48.66666666666666,82.20833333333333,33.541666666666664,93.0,49.0,-44.0,44.0,2.0044742729306484,14.666666666666671,-0.3142948575492245
left,iris,combined_augmented,/Users/vibha/COSMOS-Cluster10/labs/Cosmos-Gesture-Recognition-/data/processed/combined_augmented/sessions/iris_left_002,30.0,412501.6055555556,94430.18875864586,285477.0,626362.3333333334,336558.0,287585.5,-48972.5,5.975,1.1978278952615298,2.8394324665383053,1.950866937052892,7.815510957497987,302.0,302.0,0.7070816777041943,0.139987804140751,0.4493333333333333,1.0493333333333337,-0.2715358719646799,0.2156447826364541,-0.6696666666666667,0.2273333333333333,-0.6000706401766005,0.2678800450199664,-0.9913333333333332,-0.0159999999999999,55.07546357615895,58.856805856013295,-35.57333333333333,172.71333333333334,-21.270060706401765,24.16290413060161,-72.18333333333334,24.98333333333333,-34.473824503311256,46.91929892736727,-117.21333333333332,46.18333333333334,1.032502116353912,0.0746950985113289,151.0,68.40066225165563,23.118529444446185,40.0,144.33333333333334,68.0,104.33333333333334,47.0,85.5,38.5,88.0,40.0,-48.0,48.0,2.281481481481481,24.0,-0.4427291739281982
left,iris,combined_augmented,/Users/vibha/COSMOS-Cluster10/labs/Cosmos-Gesture-Recognition-/data/processed/combined_augmented/sessions/iris_left_003,30.0,409622.58333333326,119867.32758205775,264071.6666666667,643315.0,372713.0,265236.5,-107476.5,5.338888888888889,2.685517859341007,2.3534263040816343,1.954134857103288,8.215329748541327,300.0,300.0,0.7097388888888889,0.1744200898604102,0.4056666666666667,1.0,-0.3368533333333333,0.2083432423599024,-0.7656666666666666,0.194,-0.5051894444444444,0.3489528748026367,-0.963,0.0666666666666666,59.101633333333325,63.33072096628934,-87.53666666666668,170.84333333333333,-29.716116666666665,32.07915746450778,-112.84999999999998,42.196666666666665,-36.74847777777778,44.599876806189535,-128.45333333333335,23.96,1.0306511000641272,0.0759705634484744,150.0,71.38222222222221,24.0128444928542,37.0,111.33333333333331,75.16666666666667,74.33333333333333,46.66666666666666,93.25,46.583333333333336,78.0,41.0,-37.0,37.0,2.64951528709918,14.666666666666671,-0.4978141250722258
left,iris,combined_augmented,/Users/vibha/COSMOS-Cluster10/labs/Cosmos-Gesture-Recognition-/data/processed/combined_augmented/sessions/iris_left_004,30.0,430606.81666666665,108371.23341022054,303149.0,629389.0,341718.5,329816.0,-11902.5,6.094444444444445,1.4842901616431394,2.7451605524942395,2.542461516072396,11.627299886810194,300.0,300.0,0.8116605555555555,0.1375823876394803,0.508,1.071,-0.2532338888888889,0.2262221600944486,-0.6716666666666667,0.18,-0.4504483333333332,0.3160259234224306,-1.1123333333333332,0.0693333333333333,68.32845555555555,81.35923427434211,-80.13333333333333,202.1133333333333,-23.33118888888889,24.33827524043427,-103.28333333333336,12.36,-22.9658,35.45115255803869,-110.25,49.34666666666666,1.0418448942040803,0.1017887063066825,151.0,79.93487858719647,43.50031491375978,44.0,247.66666666666663,70.33333333333333,203.66666666666663,47.333333333333336,94.61111111111111,47.27777777777778,221.5,44.0,-177.5,177.5,3.003333333333333,34.0,-0.816858952015802
left,iris,combined_augmented,/Users/vibha/COSMOS-Cluster10/labs/Cosmos-Gesture-Recognition-/data/processed/combined_augmented/sessions/iris_left_005,30.0,409324.6694444445,118712.92217840624,267652.3333333333,631491.6666666666,271411.5,306237.25,34825.75,5.333333333333332,2.018433569398328,2.596725804098854,2.679874190789406,12.383365173291518,301.0,301.0,0.8650780730897011,0.1229320470885486,0.6436666666666667,1.0736666666666668,-0.1798803986710963,0.1797372567121609,-0.5086666666666667,0.2556666666666666,-0.3817281284606866,0.3174448557470106,-1.0096666666666667,0.1886666666666666,73.47616832779624,75.67885786402476,-33.21666666666667,183.5666666666667,-13.998527131782945,21.538481239711874,-86.54,20.17,-22.22436877076412,28.334654809067008,-78.03666666666668,26.05,1.0348277988706822,0.061268484567959,150.0,73.43,21.136614202342955,42.333333333333336,108.33333333333331,72.66666666666667,66.0,52.333333333333336,96.58333333333334,44.25000000000001,99.5,50.0,-49.5,49.5,1.4560029828486205,9.0,-0.4595496096122793
left,iris,combined_augmented,/Users/vibha/COSMOS-Cluster10/labs/Cosmos-Gesture-Recognition-/data/processed/combined_augmented/sessions/iris_left_006,30.0,382734.75000000006,119350.20005701514,266534.6666666667,645391.3333333334,364263.5,314504.0,-49759.5,5.133333333333334,2.9184597662821066,3.114314004541287,2.5483922894364506,9.879571711632462,301.0,301.0,0.7791450719822812,0.1587799697898446,0.4253333333333333,1.1543333333333334,-0.2279330011074197,0.2212583948185648,-0.8809999999999999,0.2753333333333334,-0.4949797895902547,0.4066565184884089,-1.1173333333333335,0.6586666666666666,65.79332779623478,87.24372698523511,-67.69,243.50666666666663,-14.761611295681062,24.71890199825124,-66.35666666666667,48.54666666666666,-35.19342192691029,47.15791117461026,-140.9466666666667,15.716666666666669,1.0622338549112629,0.1233718196532177,150.0,66.00444444444445,22.784557765790623,27.33333333333333,110.33333333333331,58.5,83.0,51.41666666666667,87.25,35.83333333333333,100.5,48.0,-52.5,52.5,2.1532438478747205,9.666666666666664,-0.4041198868097844
left,iris,combined_augmented,/Users/vibha/COSMOS-Cluster10/labs/Cosmos-Gesture-Recognition-/data/processed/combined_augmented/sessions/iris_left_007,30.0,404968.1444444445,134699.49338576905,266036.0,726443.3333333334,308279.5,266036.0,-42243.5,4.588888888888889,2.0806575408916133,2.578787415089662,2.102554152726413,7.881818148141328,301.0,301.0,0.7237436323366556,0.1907170724815653,0.3246666666666666,1.0306666666666666,-0.1142685492801771,0.2763882799872043,-0.5266666666666667,0.868,-0.5376046511627907,0.3911435938762329,-1.143,0.1816666666666666,59.79076411960134,67.99740793411132,-85.50999999999999,173.64,-10.862757475083056,23.994631312066787,-76.32333333333334,44.03,-34.187868217054266,58.8545062967147,-145.03666666666666,79.47000000000001,1.0422677203337158,0.072908853271169,149.0,69.01398210290827,21.8576913562046,36.333333333333336,106.83333333333331,60.333333333333336,70.5,49.0,92.66666666666669,43.66666666666667,93.0,48.25,-44.75,44.75,1.846283783783784,13.0,-0.4635909063425839
left,iris,combined_augmented,/Users/vibha/COSMOS-Cluster10/labs/Cosmos-Gesture-Recognition-/data/processed/combined_augmented/sessions/iris_left_008,30.0,396610.8388888889,127720.65317524083,286854.3333333333,692949.6666666666,294168.0,309359.0,15191.0,5.222222222222223,2.196518007671389,1.4323596403800318,0.9770549795657666,4.256824893758819,301.0,301.0,0.7102851605758583,0.1570493423289982,0.3836666666666666,1.091,-0.2040454042081949,0.3699690011611365,-0.9466666666666668,0.4753333333333333,-0.5881196013289036,0.3527966567145844,-1.0993333333333333,0.526,63.30754152823919,88.56856100581001,-77.78333333333333,229.01,-22.306788482835,36.17870664788672,-103.93666666666668,44.57666666666666,-41.487641196013286,54.000588511166455,-151.09666666666666,48.54333333333333,1.0773584569753591,0.1316434415336689,150.0,64.39,19.39570163145567,25.0,102.33333333333331,61.0,77.33333333333333,49.0,76.33333333333333,27.33333333333333,96.5,55.5,-41.0,41.0,2.1931394481730053,24.333333333333336,-0.2581788820243864
bye_bye,iris,combined_augmented,/Users/vibha/COSMOS-Cluster10/labs/Cosmos-Gesture-Recognition-/data/processed/combined_augmented/sessions/iris_bye_bye_001,30.0,523792.5611111112,47463.883430817456,431745.3333333333,634466.6666666666,463004.0,532516.5,69512.5,8.705555555555556,1.1798331122830492,2.0028747003083627,2.064717666548481,8.005247766699728,302.0,302.0,-0.4788007726269315,0.9392592524172364,-3.067,1.352666666666667,0.1112632450331125,1.5847924302166612,-2.5703333333333336,3.9936666666666665,0.5563901766004414,1.6456215233496865,-3.332333333333333,3.896666666666667,14.494249448123623,410.34183789710994,-1000.03,680.8066666666667,-101.39654801324504,449.2379895431121,-1000.03,702.6766666666666,46.93498344370862,416.4195803379378,-642.64,757.8566666666667,2.2855016205744705,1.1956283907500456,151.0,73.11810154525388,5.1324446265978425,58.66666666666666,83.0,74.0,24.333333333333336,69.5,77.0,7.5,68.0,73.0,5.0,5.0,2.0977777777777784,9.0,-0.0050482165679102
bye_bye,iris,combined_augmented,/Users/vibha/COSMOS-Cluster10/labs/Cosmos-Gesture-Recognition-/data/processed/combined_augmented/sessions/iris_bye_bye_002,30.0,553653.5722222222,45942.258675543206,468823.3333333333,643793.0,577148.5,525159.0,-51989.5,9.166666666666666,1.1105554165971787,2.1104707634381707,1.7579241052472103,6.162909660291887,302.0,302.0,-0.7349426048565122,0.886344021187545,-3.4085,1.657,-0.0033162251655629,1.5860029146254178,-2.3206666666666664,3.994666666666667,0.7046528697571744,1.8386106876539128,-3.571,3.7763333333333335,38.01930463576159,423.29989253397366,-1000.03,718.6899999999999,-102.51668322295804,447.5667190588832,-923.9066666666668,767.9133333333333,72.25693156732892,482.2661659306768,-944.3333333333334,862.2199999999999,2.506678715991075,1.1978102275767233,151.0,72.92825607064019,6.374181427003867,57.66666666666666,86.33333333333333,74.66666666666667,28.666666666666664,67.66666666666667,77.41666666666666,9.749999999999986,76.5,81.0,4.5,4.5,1.772222222222222,7.0,-0.0655478099221566
bye_bye,iris,combined_augmented,/Users/vibha/COSMOS-Cluster10/labs/Cosmos-Gesture-Recognition-/data/processed/combined_augmented/sessions/iris_bye_bye_003,30.0,560808.3722222223,49605.854517752734,454177.0,659795.6666666666,575327.5,575426.5,99.0,8.211111111111112,1.130333721069868,1.6464086435314864,1.6498885566612709,7.320729697409086,301.0,301.0,-0.0915038759689922,0.734746333183587,-2.561666666666667,1.0613333333333337,-0.0536007751937984,1.3493938316697671,-1.884,3.986333333333333,0.2936932447397564,1.4917973356758485,-3.287333333333333,3.456666666666667,1.91222591362126,336.0962997269046,-1000.03,468.23333333333335,-85.64285714285714,354.4180923493934,-751.9699999999999,617.2566666666667,26.6941196013289,354.2241748218374,-686.87,710.6466666666666,1.932813467358992,0.9736061845658668,150.0,68.94111111111111,6.522964112807082,52.0,84.66666666666667,69.66666666666667,32.66666666666667,65.75,73.45833333333333,7.708333333333329,84.0,68.5,-15.5,15.5,1.9116331096196864,7.0,-0.0464023586233464
bye_bye,iris,combined_augmented,/Users/vibha/COSMOS-Cluster10/labs/Cosmos-Gesture-Recognition-/data/processed/combined_augmented/sessions/iris_bye_bye_004,30.0,436702.7277777779,40693.1336360253,387243.3333333333,526241.5,526241.5,394867.0,-131374.5,6.783333333333332,1.1841155474148752,1.5743854612677652,1.0514511790894474,3.5466320596493515,300.0,300.0,0.6085255555555555,0.3049534595558176,-0.2236666666666666,1.335,-0.1183261111111111,0.9022956970169184,-1.4623333333333333,3.047,-0.0972616666666666,0.9210379540139804,-2.051333333333333,1.6996666666666669,-9.219494444444448,199.18335494559605,-817.68,276.30333333333334,-25.731466666666662,202.8520046618936,-450.0366666666667,412.1033333333333,23.55813333333333,189.352744617212,-402.54,421.1333333333334,1.3747461045705835,0.5091978497502013,150.0,65.63333333333334,7.41123906616267,51.0,83.0,67.33333333333333,32.0,58.66666666666666,70.79166666666666,12.124999999999991,58.0,68.5,10.5,10.5,1.8139448173005213,8.333333333333329,0.1246449471828376
bye_bye,iris,combined_augmented,/Users/vibha/COSMOS-Cluster10/labs/Cosmos-Gesture-Recognition-/data/processed/combined_augmented/sessions/iris_bye_bye_005,30.0,482009.93333333335,89230.82839269961,338614.6666666667,661949.3333333334,399468.0,519609.0,120141.0,7.111111111111112,0.8381343184731604,1.4655451839067295,0.8493469569666618,3.7285028073725752,300.0,300.0,0.2525055555555555,0.5366569687893802,-1.5083333333333335,1.3383333333333332,-0.2161644444444444,1.2315821336931203,-2.1486666666666667,3.973333333333333,0.2948972222222222,1.1889848659176334,-2.668333333333333,2.328,-1.1285444444444466,349.5407489970496,-1000.03,662.79,-67.92436666666667,349.596306490981,-776.9,578.3533333333334,59.70438333333334,279.8018528104852,-542.7933333333334,579.2833333333333,1.6645844701319852,0.8031745150723303,150.0,72.77111111111113,4.890087474252522,57.333333333333336,86.5,73.33333333333333,29.166666666666664,69.66666666666667,76.0,6.333333333333329,75.5,69.0,-6.5,6.5,2.048098434004474,8.666666666666671,-0.0001244499755547
bye_bye,iris,combined_augmented,/Users/vibha/COSMOS-Cluster10/labs/Cosmos-Gesture-Recognition-/data/processed/combined_augmented/sessions/iris_bye_bye_006,30.0,591158.9722222221,34197.64899391864,533603.3333333334,668336.0,569551.5,547627.0,-21924.5,10.1,1.1519709358473575,2.39457617321129,1.8020013432006927,6.60535506802198,302.0,302.0,-0.4086440397350993,0.8227716650869803,-3.186,1.2543333333333333,0.1861793598233995,1.5172676445358255,-1.9493333333333327,3.9933333333333336,0.3989828918322295,1.4336260347230112,-3.392666666666667,3.178666666666667,29.693405077262693,374.2414207112064,-1000.03,738.5,-54.14061258278146,382.3883364227976,-964.2433333333332,678.7033333333333,70.5041059602649,403.6317854940124,-770.1566666666668,767.8266666666668,2.029929968659063,1.1289651460566954,150.0,71.2,5.239406809013045,57.0,83.0,71.66666666666667,26.0,68.41666666666666,74.33333333333333,5.916666666666671,81.5,72.0,-9.5,9.5,1.465324384787472,6.0,-0.0269007511444953
bye_bye,iris,combined_augmented,/Users/vibha/COSMOS-Cluster10/labs/Cosmos-Gesture-Recognition-/data/processed/combined_augmented/sessions/iris_bye_bye_007,30.0,515231.6777777777,82042.65836250622,373578.6666666667,696308.6666666666,603133.5,535131.5,-68002.0,8.311111111111112,1.385596096707073,1.7417312639152358,1.5943291470954375,7.529280082699586,301.0,301.0,0.1636799557032114,0.774613725113741,-2.7656666666666667,2.0166666666666666,0.0651683277962347,1.3132591345020568,-1.9510000000000003,3.95,0.5752990033222591,1.2085842013569628,-2.9593333333333334,3.218666666666667,-0.762547065337763,403.55482966722025,-1000.03,867.64,-71.98991694352159,370.3475396020073,-821.3333333333334,596.5066666666667,48.42068106312292,355.4272939748915,-689.15,794.9966666666666,1.786322782419886,0.9779619871627686,150.0,74.47055555555555,5.035983936379632,61.333333333333336,85.0,74.66666666666667,23.666666666666664,71.75,78.25,6.5,71.0,78.75,7.75,7.75,1.798098434004474,13.666666666666671,-0.0340887743158959
bye_bye,iris,combined_augmented,/Users/vibha/COSMOS-Cluster10/labs/Cosmos-Gesture-Recognition-/data/processed/combined_augmented/sessions/iris_bye_bye_008,30.0,567712.5166666667,50664.0516839137,459689.3333333333,658709.0,618911.5,556867.5,-62044.0,10.494444444444444,0.8215650526905761,2.9473645270682973,1.559594840455653,6.331960782000603,301.0,301.0,0.1540498338870431,0.7387409068501825,-2.3265,2.228333333333333,0.0481954595791805,1.5808404001969496,-2.6460000000000004,3.935666666666666,0.2909468438538206,1.2737498672738046,-3.0726666666666667,3.355,-5.914186046511631,408.3396892522173,-1000.03,674.8566666666667,-69.94037098560354,350.2783083887266,-730.5533333333333,548.8433333333332,28.561539313399777,360.57141459042754,-584.0933333333334,756.98,1.92253200616024,1.040100056538492,151.0,70.87030905077263,5.614116102072932,59.333333333333336,87.0,70.66666666666667,27.666666666666664,66.66666666666667,75.0,8.333333333333329,68.75,87.0,18.25,18.25,1.432777777777778,7.333333333333329,0.0383289764145458
t_arm,iris,combined_augmented,/Users/vibha/COSMOS-Cluster10/labs/Cosmos-Gesture-Recognition-/data/processed/combined_augmented/sessions/iris_t_arm_001,30.0,329114.8,40238.90390975068,253293.66666666663,411341.0,364978.5,255401.5,-109577.0,5.005555555555556,1.748800294240541,2.001219736519974,1.4899117057175797,6.10692441351804,301.0,301.0,0.349734219269103,0.3979248076027367,-0.4575,0.957,-0.1339435215946842,0.8110589308303902,-1.2563333333333333,0.9223333333333334,0.1225675526024363,0.1869257789094927,-0.1673333333333333,0.5393333333333333,18.561445182724253,29.261037056383145,-64.01666666666667,112.14666666666666,-15.772231450719822,24.885159920882263,-73.21000000000001,22.05333333333333,-49.38930786267996,50.362312759490806,-150.82333333333335,27.73,0.9987557398733236,0.0941629265280507,151.0,96.20309050772626,22.87488968365548,63.0,129.66666666666666,107.33333333333331,66.66666666666666,70.0,114.66666666666669,44.66666666666667,107.0,64.5,-42.5,42.5,1.4870370370370374,11.666666666666655,-0.450827233647032
t_arm,iris,combined_augmented,/Users/vibha/COSMOS-Cluster10/labs/Cosmos-Gesture-Recognition-/data/processed/combined_augmented/sessions/iris_t_arm_002,30.0,312158.3111111111,52990.38735391566,242090.0,475298.3333333333,248484.0,305767.0,57283.0,3.8222222222222224,2.105958624568645,1.8100524302849448,1.088250339466703,4.040288354353173,302.0,302.0,0.5699558498896248,0.2595183025115556,0.0183333333333333,0.9526666666666668,0.0379685430463576,0.7724082968877067,-1.253,1.0923333333333334,0.0189464679911699,0.1340562486430784,-0.2455,0.3083333333333333,11.10028697571744,26.32827856609546,-66.63333333333334,70.99666666666667,-5.958112582781457,19.826931875614942,-63.02,31.39333333333333,-46.28006070640177,42.16198076562068,-123.09,38.02666666666667,1.0014238805946536,0.0757354959596577,151.0,97.1335540838852,30.980226787465515,39.333333333333336,138.0,93.66666666666669,98.66666666666666,69.66666666666667,131.33333333333334,61.66666666666667,132.0,61.0,-71.0,71.0,3.04,26.666666666666664,-0.6539159986057864
t_arm,iris,combined_augmented,/Users/vibha/COSMOS-Cluster10/labs/Cosmos-Gesture-Recognition-/data/processed/combined_augmented/sessions/iris_t_arm_003,30.0,310264.28888888896,20770.496983343022,286033.3333333333,367097.5,296663.5,321975.0,25311.5,5.372222222222223,1.3646891745778145,1.7537347036855535,1.250670076669282,5.628625917287154,302.0,302.0,0.4181821192052981,0.2793814042489237,-0.052,0.9290000000000002,0.0792179911699779,0.8254125035337081,-1.305,0.9386666666666666,0.2134067328918322,0.1369986641603871,-0.0853333333333333,0.534,5.042935982339958,31.275582842026854,-111.96333333333332,127.0,10.383206401766005,26.91915357452665,-49.48,97.12,-50.59627483443709,51.59982066484806,-137.6266666666667,9.39,0.9992314177784803,0.0797445065670943,151.0,102.2130242825607,40.64012006968405,52.66666666666666,279.3333333333333,90.33333333333331,226.66666666666663,72.33333333333333,128.5,56.16666666666667,279.0,71.5,-207.5,207.5,3.730740740740739,52.666666666666686,-0.7602631578947374
t_arm,iris,combined_augmented,/Users/vibha/COSMOS-Cluster10/labs/Cosmos-Gesture-Recognition-/data/processed/combined_augmented/sessions/iris_t_arm_004,30.0,297524.8777777777,34371.81835365877,250207.0,359159.0,250207.0,268331.0,18124.0,3.9277777777777776,2.1856786950566844,1.3410242939006354,1.1302533689137415,4.42310195576574,300.0,300.0,0.4810822222222222,0.3395650511761287,-0.2726666666666666,0.999,0.0771705555555556,0.7609839971815162,-1.3263333333333334,1.348666666666667,0.1246316666666666,0.2700817798327642,-0.4333333333333333,0.6983333333333333,8.603744444444443,35.88310037155976,-156.11,88.69666666666666,-23.244366666666664,28.756448968284587,-80.15,73.06,-49.63935,38.6444062373665,-120.5,43.24333333333333,1.0027982933365456,0.1211167624430491,150.0,88.76222222222222,30.58311693042229,48.333333333333336,138.66666666666666,83.66666666666667,90.33333333333331,58.66666666666666,119.5,60.833333333333336,122.5,54.0,-68.5,68.5,2.436614466815809,12.0,-0.6774695171637262
t_arm,iris,combined_augmented,/Users/vibha/COSMOS-Cluster10/labs/Cosmos-Gesture-Recognition-/data/processed/combined_augmented/sessions/iris_t_arm_005,30.0,314778.8611111111,43141.13519263736,256737.0,396243.3333333333,269907.0,256737.0,-13170.0,3.633333333333333,2.163844315615664,1.8636684995077804,1.360392217162577,5.805263748179792,300.0,300.0,0.3083733333333333,0.5507299514355747,-0.6873333333333335,0.976111111111111,-0.4682016666666666,0.6116927983950222,-1.1393333333333333,0.938,-0.0877272222222222,0.1641751936298388,-0.6063333333333333,0.1076666666666666,-2.769516666666669,81.26531951484422,-339.425,209.44,-21.813027777777776,26.17921610929107,-90.46333333333332,61.35333333333333,-55.07706111111111,40.684547887578105,-141.88,77.67,1.008877620675971,0.0927037141571641,148.0,94.02477477477476,16.878275302814732,57.333333333333336,129.66666666666666,92.83333333333334,72.33333333333331,78.83333333333333,110.25,31.41666666666667,90.0,77.5,-12.5,12.5,1.9421768707483,10.666666666666671,-0.245139194803624
t_arm,iris,combined_augmented,/Users/vibha/COSMOS-Cluster10/labs/Cosmos-Gesture-Recognition-/data/processed/combined_augmented/sessions/iris_t_arm_006,30.0,294909.78888888884,36546.0637531325,238703.0,362711.6666666667,259458.0,246298.0,-13160.0,3.7722222222222217,2.602165527421106,2.7002443994160013,2.5760123115011866,10.14774787778494,302.0,302.0,0.4253785871964679,0.4155666085236617,-0.364,1.028,-0.0267902869757173,0.7823940838081941,-1.3373333333333337,0.976,-0.152682119205298,0.1329183350542572,-0.4106666666666667,0.0756666666666666,5.619613686534216,48.72963907096127,-142.85,124.37333333333332,-1.0862637969094922,17.712225066543578,-41.88,44.03,-56.91332229580574,56.59961164654087,-179.86666666666667,13.843333333333332,0.9994936127537914,0.0921542283480065,151.0,89.97130242825608,26.575244409101543,50.0,127.0,85.66666666666667,77.0,63.91666666666667,119.33333333333331,55.41666666666666,115.5,66.5,-49.0,49.0,1.9111111111111112,9.0,-0.5493813175322417
t_arm,iris,combined_augmented,/Users/vibha/COSMOS-Cluster10/labs/Cosmos-Gesture-Recognition-/data/processed/combined_augmented/sessions/iris_t_arm_007,30.0,301012.3888888889,29721.27408148148,249475.66666666663,357335.5,252680.0,290745.5,38065.5,4.138888888888888,1.888602919529227,2.2979653282089223,1.3885228225043462,6.158460438685235,302.0,302.0,0.4697991169977926,0.388885214681525,-0.3476666666666666,1.0916666666666666,0.0913653421633554,0.7899130651897589,-1.282333333333333,1.17,0.0411147902869757,0.1421152962441934,-0.2403333333333333,0.3503333333333333,6.735248344370861,36.09736526822071,-98.50666666666666,127.74333333333334,-9.648377483443706,33.075045637293,-111.68666666666668,57.00666666666666,-51.53458609271523,61.49352272781132,-159.60333333333332,44.38333333333333,1.0066202000517546,0.1133849773585169,151.0,148.27262693156734,75.54546810411388,51.0,321.3333333333333,129.66666666666666,270.3333333333333,85.33333333333333,210.16666666666663,124.83333333333331,107.0,208.5,101.5,101.5,10.618888888888886,81.0,0.8480022075055187
t_arm,iris,combined_augmented,/Users/vibha/COSMOS-Cluster10/labs/Cosmos-Gesture-Recognition-/data/processed/combined_augmented/sessions/iris_t_arm_008,30.0,299151.0944444444,45432.19387288178,253724.3333333333,401895.3333333333,263910.5,254920.0,-8990.5,3.872222222222222,1.9349051720152484,1.240230761206429,1.1366932261961578,4.706678880461387,301.0,301.0,0.4640299003322259,0.3510846645820848,-0.2366666666666666,0.9143333333333334,0.0557746400885935,0.7664676668084208,-1.1016666666666668,0.9686666666666666,0.2330105204872646,0.1600013888253748,-0.168,0.486,-10.463111849390918,36.21207502145635,-124.28333333333336,116.08333333333331,-21.61264119601329,34.061185223163626,-93.54,80.03000000000002,-46.63837763012182,51.82649832476028,-145.33333333333334,27.61,1.00132926981526,0.0800107826598384,151.0,94.50220750551875,41.58480644155597,54.0,271.6666666666667,82.33333333333333,217.66666666666669,66.91666666666666,111.5,44.58333333333334,107.5,59.0,-48.5,48.5,4.203333333333333,47.666666666666686,-0.6818798652259793
raise_arms,iris,combined_augmented,/Users/vibha/COSMOS-Cluster10/labs/Cosmos-Gesture-Recognition-/data/processed/combined_augmented/sessions/iris_raise_arms_001,30.0,440354.438888889,98884.55835131304,304762.0,645251.0,337792.5,328348.0,-9444.5,7.266666666666666,2.1000881815700905,2.428934718365144,1.9535124481046613,8.754981549235682,301.0,301.0,-0.0566002214839424,0.6133398825845222,-1.0136666666666667,0.622,-0.3530299003322259,0.3126315310217871,-1.0653333333333332,0.0366666666666666,-0.5780110741971207,0.2918997724823677,-0.9963333333333332,-0.053,-24.24177740863788,35.31046022887606,-90.75333333333332,94.62666666666668,11.329750830564782,27.53526010151675,-52.61333333333334,63.836666666666666,-30.33172203765227,49.0046921100136,-152.96,31.903333333333336,1.000333779878285,0.1428026234444769,146.0,50.9406392694064,9.436534116943593,38.66666666666666,82.0,47.91666666666666,43.333333333333336,43.66666666666666,56.0,12.333333333333336,56.0,45.0,-11.0,11.0,1.2436781609195406,7.333333333333329,-0.1714607052079217
raise_arms,iris,combined_augmented,/Users/vibha/COSMOS-Cluster10/labs/Cosmos-Gesture-Recognition-/data/processed/combined_augmented/sessions/iris_raise_arms_002,30.0,372266.45,96927.76818188195,275185.6666666667,571193.3333333334,310910.5,282954.0,-27956.5,5.338888888888889,2.314400703699329,2.4404755080508624,1.4890377347194128,6.321662501567659,301.0,301.0,-0.2985908084163898,0.5716716223914522,-1.2506666666666666,0.376,-0.3901506090808416,0.1484666074809825,-0.6426666666666667,0.1703333333333333,-0.5476611295681063,0.3805099475680068,-0.979,0.3953333333333333,11.344717607973422,61.349370581672886,-122.52,266.47666666666663,30.75232558139535,50.15489365632909,-71.25999999999999,176.46,-17.770166112956808,39.42394855709069,-101.12666666666668,105.08333333333331,1.0082322780093156,0.1356943353263494,151.0,48.9878587196468,11.411026170912068,35.166666666666664,74.5,44.333333333333336,39.333333333333336,39.66666666666666,59.83333333333333,20.166666666666664,45.5,45.0,-0.5,0.5,1.1677777777777776,5.333333333333336,-0.1262338794004883
raise_arms,iris,combined_augmented,/Users/vibha/COSMOS-Cluster10/labs/Cosmos-Gesture-Recognition-/data/processed/combined_augmented/sessions/iris_raise_arms_003,31.0,347859.6720430107,60987.55290547996,251176.66666666663,447840.3333333333,268201.0,308570.5,40369.5,4.704301075268815,2.552569047233572,2.145846276653552,1.3826195548281113,5.933319186052041,301.0,301.0,-0.3980398671096345,0.5103631245474914,-1.0103333333333333,0.676,-0.5601038205980067,0.2396880475486277,-0.8706666666666667,-0.0625,-0.3833521594684386,0.2785021954723761,-0.719,0.2993333333333333,0.0604595791805097,13.633494365190955,-31.036666666666665,44.17,27.38016057585825,26.31748181633036,-24.44666666666667,99.36666666666667,-35.95689368770764,16.475328219357014,-70.50666666666666,-5.29,1.0059331045372817,0.0519022633487869,150.0,44.34,12.284456024021368,25.666666666666668,81.5,44.16666666666667,55.83333333333333,37.0,52.333333333333336,15.333333333333336,27.5,45.0,17.5,17.5,1.4328859060402686,11.833333333333329,0.1215686623109175
raise_arms,iris,combined_augmented,/Users/vibha/COSMOS-Cluster10/labs/Cosmos-Gesture-Recognition-/data/processed/combined_augmented/sessions/iris_raise_arms_004,30.0,370345.8888888888,74715.8879791973,246157.5,467296.6666666667,246157.5,404509.5,158352.0,5.725,3.0429905794574306,1.9242278520201768,1.7263435375713752,6.8338852174045694,300.0,300.0,-0.1273433333333333,0.7091692147049146,-1.0656666666666668,0.931,-0.4019888888888889,0.2149746993439569,-0.798,0.0103333333333333,-0.4628405555555556,0.272663055605786,-0.8174999999999999,0.036,0.1923666666666668,23.077334540040862,-52.70666666666667,78.48,34.02906111111111,32.23010574955886,-28.850000000000005,101.45666666666666,-39.70563333333333,40.03433819914266,-128.89,54.74,1.000854918850908,0.1174837901541297,151.0,49.2560706401766,10.772646685255534,30.666666666666668,74.66666666666667,49.66666666666666,44.0,41.58333333333333,58.83333333333333,17.25,32.5,46.0,13.5,13.5,1.4011111111111108,9.666666666666664,0.0710828395492039
raise_arms,iris,combined_augmented,/Users/vibha/COSMOS-Cluster10/labs/Cosmos-Gesture-Recognition-/data/processed/combined_augmented/sessions/iris_raise_arms_005,30.0,390655.2722222222,55797.60482614131,288628.0,488827.0,288628.0,318002.5,29374.5,7.03888888888889,1.7462570200995364,2.542795208648016,1.7830218541871474,7.7710995944305905,301.0,301.0,-0.2397297895902547,0.5985778091269114,-1.0436666666666667,0.697,-0.5537940199335548,0.2117583935177558,-0.8716666666666666,-0.0686666666666666,-0.3975033222591362,0.2784330407546282,-0.8123333333333332,0.166,-11.466788482834994,23.894480613465987,-63.81666666666666,59.88999999999999,23.874905869324472,21.289643213264657,-20.0,81.00666666666667,-37.32004429678849,24.825600276453784,-93.30666666666669,2.7466666666666666,0.9990257852888405,0.0691124377697899,150.0,40.68444444444444,10.174816967549928,17.0,72.66666666666667,38.66666666666666,55.66666666666667,35.666666666666664,47.91666666666666,12.25,24.0,40.0,16.0,16.0,1.4317673378076066,13.666666666666664,0.0087114982888127
raise_arms,iris,combined_augmented,/Users/vibha/COSMOS-Cluster10/labs/Cosmos-Gesture-Recognition-/data/processed/combined_augmented/sessions/iris_raise_arms_006,30.0,387136.5388888888,60992.96400198601,284435.3333333333,491129.6666666667,304405.5,335349.0,30943.5,5.427777777777779,2.692817378155965,1.9537540587031683,1.2624960885439478,4.850097567488541,299.0,299.0,-0.0035674470457079,0.5900557735255323,-1.0476666666666663,0.669,-0.5173550724637681,0.1902270441039666,-0.8489999999999999,-0.0006666666666666,-0.5530434782608696,0.2482070555858607,-1.027,0.1216666666666666,-12.180234113712372,32.943642271463936,-181.36,45.88666666666668,24.728305462653285,33.04044078751466,-99.23333333333332,85.38,-35.47040691192865,46.57243078882474,-131.92,41.43333333333334,1.004876837625584,0.0985267189895763,150.0,44.67111111111112,7.391041664939118,28.666666666666668,70.66666666666667,42.66666666666666,42.0,40.75,46.0,5.25,29.0,45.0,16.0,16.0,1.38255033557047,11.666666666666664,-0.0348714757692935
raise_arms,iris,combined_augmented,/Users/vibha/COSMOS-Cluster10/labs/Cosmos-Gesture-Recognition-/data/processed/combined_augmented/sessions/iris_raise_arms_007,30.0,366113.7055555555,80443.25677302768,249240.3333333333,501132.6666666667,268348.0,308679.5,40331.5,5.227777777777778,2.80227531009718,2.3173871707507203,1.8499113915867924,8.050086852793028,301.0,301.0,-0.3431650055370985,0.498905645963449,-1.0593333333333332,0.5416666666666666,-0.4938986710963455,0.1623936673260468,-0.7313333333333333,-0.084,-0.5089961240310078,0.3435270901250697,-0.8886666666666666,0.228,-6.219778516057586,25.86878246866081,-60.47666666666667,79.45,29.24153377630122,27.36626336161588,-31.183333333333337,102.26666666666668,-25.84806201550388,23.00879718390283,-80.68333333333334,26.25333333333333,1.005016037507163,0.063303596893145,150.0,47.75777777777778,8.430077951475848,32.0,66.0,48.333333333333336,34.0,44.083333333333336,53.333333333333336,9.25,32.0,48.5,16.5,16.5,1.095078299776286,5.666666666666664,0.0727724195149413
raise_arms,iris,combined_augmented,/Users/vibha/COSMOS-Cluster10/labs/Cosmos-Gesture-Recognition-/data/processed/combined_augmented/sessions/iris_raise_arms_008,30.0,371254.6111111111,66158.3516224007,242967.0,497798.6666666667,242967.0,331201.0,88234.0,5.6,2.1966304161567978,1.5820258517936971,1.3847106523031938,4.730916808321303,301.0,301.0,-0.2694756367663344,0.5874715928641195,-1.0746666666666669,0.702,-0.3812004429678848,0.1520752448243873,-0.6533333333333334,-0.0853333333333333,-0.579297342192691,0.2877292667578472,-0.8793333333333333,0.08,-7.930343300110742,20.244841256051767,-64.76,44.47666666666667,34.25480620155039,21.46575338729197,-4.833333333333334,101.55666666666669,-32.535974529346625,22.94027539720984,-77.32333333333334,37.46666666666667,1.0010593009631243,0.0493403143076895,151.0,47.72847682119205,10.116554381475348,28.5,76.66666666666667,45.66666666666666,48.16666666666667,42.333333333333336,54.66666666666666,12.333333333333329,28.5,43.5,15.0,15.0,1.3044444444444443,10.666666666666664,-0.0266352968514001
fist_open,iris,combined_augmented,/Users/vibha/COSMOS-Cluster10/labs/Cosmos-Gesture-Recognition-/data/processed/combined_augmented/sessions/iris_fist_open_001,30.0,253178.6805555556,9355.371934133056,239101.66666666663,269007.3333333333,255817.75,244618.0,-11199.75,1.0611111111111111,1.1486572945169125,0.5904100536300874,0.4856236725915725,1.4824874754776105,301.0,301.0,0.8955952380952382,0.0266078873820929,0.8315,0.987,0.240266334440753,0.0239893026479889,0.1765,0.3283333333333333,-0.3604883720930232,0.055612480600891,-0.4723333333333333,-0.2033333333333333,-1.7506921373200444,11.57865417457348,-74.73666666666666,27.676666666666662,1.6016888150609077,7.473457509209271,-11.166666666666666,29.39,1.010542635658915,3.961373190845859,-13.083333333333334,15.686666666666667,0.996932295093124,0.0165173148591339,151.0,78.4271523178808,4.537439976500879,70.0,88.33333333333333,77.66666666666667,18.33333333333333,75.0,83.0,8.0,72.5,70.0,-2.5,2.5,0.8700000000000003,3.0,0.0566161264087369
fist_open,iris,combined_augmented,/Users/vibha/COSMOS-Cluster10/labs/Cosmos-Gesture-Recognition-/data/processed/combined_augmented/sessions/iris_fist_open_002,31.0,263683.582437276,14328.187194802464,243783.66666666663,291039.6666666667,280470.1666666666,259107.0,-21363.166666666628,1.8333333333333337,1.3353479403750168,0.5801545877060275,0.4173544803025951,1.2638256911535253,300.0,300.0,0.9249172222222222,0.0437779445111038,0.7463333333333333,0.9946666666666668,-0.2850933333333333,0.0674361384598078,-0.4166666666666667,-0.1476666666666667,-0.2302844444444444,0.1246556094357009,-0.5693333333333332,-0.033,-0.5602222222222227,12.64074989847852,-52.88,28.71666666666667,5.471427777777778,12.58105264866528,-16.186666666666667,50.14000000000001,0.4878611111111113,9.75311111186269,-26.78333333333333,26.286666666666665,1.005502819941476,0.027354035844508,149.0,131.77293064876957,43.977600660982056,70.33333333333333,228.3333333333333,130.33333333333334,158.0,83.66666666666667,176.33333333333334,92.66666666666669,81.0,103.5,22.5,22.5,11.507882882882884,63.33333333333334,0.3159114819517507
fist_open,iris,combined_augmented,/Users/vibha/COSMOS-Cluster10/labs/Cosmos-Gesture-Recognition-/data/processed/combined_augmented/sessions/iris_fist_open_003,31.0,267970.70430107525,14999.027720920994,251355.3333333333,298272.3333333333,267669.0,252560.5,-15108.5,1.905913978494624,1.5735751840899797,1.7694192057719431,1.2437885252024503,4.854572421234155,302.0,302.0,0.962471302428256,0.0524125874305364,0.799,1.061,-0.1484028697571744,0.0614052266569046,-0.3103333333333333,-0.0023333333333333,-0.1579426048565121,0.1445260384557976,-0.4706666666666666,0.02,0.2240342163355413,17.9190354478031,-41.35333333333333,59.51,7.82364238410596,11.54463700336712,-7.609999999999999,45.79,-2.55623068432671,6.661610522179528,-24.973333333333333,19.55333333333333,1.0000981253406032,0.0230104941897362,151.0,71.22737306843267,6.9008985846371935,55.333333333333336,83.0,72.0,27.666666666666664,65.33333333333333,76.66666666666667,11.333333333333345,69.0,63.0,-6.0,6.0,1.775555555555555,11.333333333333329,-0.0339926803764381
fist_open,iris,combined_augmented,/Users/vibha/COSMOS-Cluster10/labs/Cosmos-Gesture-Recognition-/data/processed/combined_augmented/sessions/iris_fist_open_004,30.0,250791.79444444444,7716.513542239249,242524.5,271076.6666666667,242524.5,245903.0,3378.5,0.75,0.7622457074451247,0.4041755684186286,0.2361893498395537,0.8067613083580718,301.0,301.0,0.9694094684385384,0.0345833739085812,0.899,1.0293333333333332,-0.1402397563676633,0.0676333063662094,-0.2736666666666666,-0.0166666666666666,-0.1446157253599114,0.1200574517992673,-0.3563333333333333,0.008,-0.2776135105204874,13.567997933915995,-47.43666666666667,26.826666666666664,6.272530454042082,8.121255204088357,-11.27,32.419999999999995,-2.1518217054263564,7.713392533516665,-19.106666666666666,20.98,1.000157507528233,0.0143052624616404,150.0,70.45555555555555,4.708214958289669,59.0,79.66666666666667,71.0,20.66666666666667,67.625,73.33333333333333,5.708333333333329,67.5,73.5,6.0,6.0,1.1677852348993285,4.333333333333343,-0.0441240351423028
fist_open,iris,combined_augmented,/Users/vibha/COSMOS-Cluster10/labs/Cosmos-Gesture-Recognition-/data/processed/combined_augmented/sessions/iris_fist_open_005,30.0,261426.4055555556,9460.60544355766,243109.3333333333,279607.5,245486.5,268463.5,22977.0,1.5111111111111113,1.2102443381502317,1.1853260316642815,0.8772907334684117,2.75965875209526,300.0,300.0,0.9833127777777778,0.024807590006157,0.89,1.0573333333333332,-0.1736644444444444,0.0365020015404759,-0.321,0.016,-0.0286733333333333,0.0771561690377129,-0.2766666666666666,0.1253333333333333,-0.6603833333333333,12.943425537317877,-54.303333333333335,32.04333333333333,3.3268722222222222,11.03514254234938,-11.116666666666667,60.90333333333333,-0.7535111111111109,4.439230708491042,-12.776666666666666,12.35,1.0026415924148118,0.0222765003654643,150.0,67.88,5.887686058971573,59.66666666666666,86.0,66.66666666666667,26.333333333333336,63.333333333333336,71.875,8.541666666666664,74.5,68.5,-6.0,6.0,1.03579418344519,6.333333333333343,0.0396065010296751
fist_open,iris,combined_augmented,/Users/vibha/COSMOS-Cluster10/labs/Cosmos-Gesture-Recognition-/data/processed/combined_augmented/sessions/iris_fist_open_006,30.0,294560.8194444444,32410.996798769604,255501.0,386585.25,386585.25,255501.0,-131084.25,3.883333333333333,1.3410540354236014,1.30845297077587,1.0088363309361912,3.892654660728288,300.0,300.0,0.9852949999999998,0.0482286405706847,0.8263333333333334,1.1776666666666669,-0.1253422222222222,0.0463523393738881,-0.2423333333333333,0.0563333333333333,-0.0581933333333333,0.1111853096182095,-0.3543333333333333,0.1883333333333333,2.0060944444444444,18.90951971686647,-76.61333333333333,35.126666666666665,5.1026,10.8724574473163,-15.186666666666666,61.50666666666666,-0.0937777777777779,5.986458195660859,-24.526666666666667,11.22,1.0022371288188143,0.0475481394977175,148.0,85.01463963963965,37.755363477231,55.333333333333336,301.3333333333333,72.83333333333334,246.0,69.33333333333333,78.08333333333333,8.75,77.0,69.5,-7.5,7.5,5.880952380952381,117.0,-0.4324500161029402
fist_open,iris,combined_augmented,/Users/vibha/COSMOS-Cluster10/labs/Cosmos-Gesture-Recognition-/data/processed/combined_augmented/sessions/iris_fist_open_007,30.0,262874.76111111115,15587.45224678202,243242.66666666663,300687.3333333333,248139.0,270326.0,22187.0,2.5500000000000003,1.2195551708778145,1.0760536660128628,0.7593518434019105,2.712787853621005,301.0,301.0,0.997016611295681,0.0269182330542153,0.9103333333333334,1.096,-0.0602369878183831,0.0511858955768889,-0.1526666666666666,0.1399999999999999,-0.0422685492801771,0.0357424432264923,-0.1196666666666666,0.1129999999999999,5.230980066445183,11.793153042562476,-37.42666666666667,38.59666666666667,-1.3839811738648948,7.163032589342569,-21.05666666666667,21.48333333333333,1.2962790697674416,6.954505583561217,-17.67,23.863333333333333,1.0016776729617964,0.0268551126159318,150.0,140.42666666666668,104.83010558298552,58.333333333333336,403.6666666666667,83.0,345.33333333333337,76.0,174.16666666666669,98.16666666666669,125.5,70.5,-55.0,55.0,10.713646532438478,85.66666666666667,-1.5980153191993722
fist_open,iris,combined_augmented,/Users/vibha/COSMOS-Cluster10/labs/Cosmos-Gesture-Recognition-/data/processed/combined_augmented/sessions/iris_fist_open_008,30.0,255786.26111111112,7899.129673671095,242360.3333333333,271561.0,253549.0,253107.5,-441.5,1.166666666666667,1.060223596263578,1.5405430563884075,1.3890268906991856,4.292177195373083,302.0,302.0,0.9742637969094924,0.0671609623989389,0.4355,1.4436666666666669,-0.1466843267108167,0.109204685381395,-0.7683333333333334,0.84,-0.1275877483443708,0.1509150590787691,-0.7996666666666666,0.4713333333333334,-2.08514348785872,35.457809703679594,-110.53666666666668,299.07,5.883454746136866,25.68126689335611,-21.96333333333333,155.29666666666665,0.8398399558498896,10.119010034327832,-39.98666666666667,77.67,1.01028923434473,0.0742438374693909,143.0,88.36596736596736,27.92361001693091,62.25,176.66666666666666,74.66666666666667,114.41666666666666,68.83333333333334,100.0,31.166666666666657,145.0,114.0,-31.0,31.0,6.909624413145539,50.66666666666667,-0.2032000667564047
clapping,iris,combined_augmented,/Users/vibha/COSMOS-Cluster10/labs/Cosmos-Gesture-Recognition-/data/processed/combined_augmented/sessions/iris_clapping_002_seg000,30.0,330051.0722222223,16102.39088054268,299240.3333333333,368157.0,343510.0,351106.5,7596.5,5.5,1.5135193228831736,1.0330858075558014,0.8892934405927462,3.011693998824263,300.0,300.0,0.3921927777777777,0.4930687809465692,-1.5333333333333332,1.561,-0.6882066666666666,0.4501514019708216,-2.4,0.1765555555555555,0.0924227777777778,0.9616293914153454,-2.6726666666666667,2.275333333333333,28.275288888888888,96.93838417620915,-190.03,403.1166666666666,2.812122222222221,177.02917705447496,-470.1066666666666,310.9533333333333,16.657200000000003,58.05607205605367,-77.64999999999999,214.16,1.3108687636575371,0.5367428054281623,141.0,16.40307328605201,11.50686744617995,1.3333333333333333,47.66666666666666,14.666666666666666,46.33333333333333,7.333333333333333,22.0,14.666666666666668,5.0,2.0,-3.0,3.0,2.116666666666667,10.333333333333336,-0.0477967093340183
clapping,iris,combined_augmented,/Users/vibha/COSMOS-Cluster10/labs/Cosmos-Gesture-Recognition-/data/processed/combined_augmented/sessions/iris_clapping_002_seg001,30.0,357052.0277777778,24024.06052944374,323270.0,449277.0,341488.5,449277.0,107788.5,6.327777777777778,1.1446197276771242,1.3987351574397986,1.0405288628638187,4.576573731053819,300.0,300.0,0.4001683333333333,0.377238340717243,-1.3556666666666668,1.6933333333333334,-0.5869372222222222,0.5031281105819034,-2.263,1.5889999999999995,0.3140905555555556,0.9562293307157496,-2.011,2.349333333333333,-18.260316666666668,119.55989261349538,-518.9466666666667,453.0366666666667,-3.4129055555555547,154.04550981949615,-390.83,260.50333333333333,-15.907483333333332,50.07313565588112,-143.43666666666667,101.36,1.3056659023634871,0.4564434473329192,125.0,15.838666666666668,7.923373013081016,1.0,36.66666666666666,18.0,35.666666666666664,8.666666666666666,21.88888888888889,13.222222222222223,1.0,22.5,21.5,21.5,1.538978494623656,8.999999999999996,0.175379416282642
clapping,iris,combined_augmented,/Users/vibha/COSMOS-Cluster10/labs/Cosmos-Gesture-Recognition-/data/processed/combined_augmented/sessions/iris_clapping_002_seg002,30.0,351309.1611111111,20019.47715510717,308941.3333333333,382061.3333333333,350217.5,341971.0,-8246.5,6.044444444444443,1.035422022864155,0.8703422794255938,0.5290936213992025,1.802374621038298,300.0,300.0,0.4399738888888889,0.355640400651292,-1.1293333333333333,1.61,-0.7547133333333333,0.3939758316040032,-2.3430000000000004,1.0663333333333334,0.2409377777777777,0.917362415468162,-2.386333333333333,1.92,11.828672222222222,121.17871947819836,-515.01,446.23,-2.5191499999999976,168.63230577345476,-467.82,301.0933333333333,3.7830500000000007,44.68551962991645,-130.68999999999997,124.22,1.3243267763308526,0.4366116036545601,149.0,13.812080536912752,5.741075087876935,3.0,25.33333333333333,14.0,22.33333333333333,8.666666666666666,18.666666666666668,10.000000000000002,20.0,17.5,-2.5,2.5,1.7984234234234235,7.666666666666666,-0.0320883971219541
clapping,iris,combined_augmented,/Users/vibha/COSMOS-Cluster10/labs/Cosmos-Gesture-Recognition-/data/processed/combined_augmented/sessions/iris_clapping_003_seg000,30.0,365008.9722222221,23466.795068859697,311379.0,405779.0,403392.5,313113.0,-90279.5,5.966666666666667,0.9153020145163988,1.2024859694655508,1.1119067470455497,2.678305161157845,299.0,299.0,0.3229108138238573,0.4203395827070839,-1.8485,2.452666666666667,-0.7368249721293199,0.6866509209065658,-3.2099999999999995,2.2896666666666667,0.5062670011148271,0.858429056708733,-2.313333333333333,2.372333333333333,-1.239236343366777,180.9635974532608,-621.0300000000001,666.5066666666667,-4.689503901895205,183.109757597336,-479.08,306.97333333333336,-8.565083612040135,60.70182070104696,-226.57,165.92999999999998,1.4196806373098538,0.5225618576561937,135.0,10.101234567901235,6.080072945424399,1.0,27.0,9.333333333333334,26.0,5.666666666666667,14.333333333333334,8.666666666666668,7.5,20.0,12.5,12.5,1.5385572139303485,6.000000000000002,0.0861720807726075
clapping,iris,combined_augmented,/Users/vibha/COSMOS-Cluster10/labs/Cosmos-Gesture-Recognition-/data/processed/combined_augmented/sessions/iris_clapping_003_seg001,30.0,337947.01111111115,23245.19788484134,299771.5,405263.5,326082.5,313920.0,-12162.5,5.700000000000001,0.8896524498260439,1.627621825489125,1.107910252169742,3.3893786379820057,301.0,301.0,0.357,0.5191766955321749,-1.398,2.108,-0.686671650055371,0.5311310244800928,-2.9763333333333333,1.5339999999999998,0.3926799557032115,0.8274899413026052,-1.8816666666666664,3.051333333333333,32.09617940199336,162.72654761909686,-532.9033333333333,834.9900000000001,-4.460387596899224,173.44029014150098,-494.07666666666665,289.45000000000005,10.57591362126246,53.98510067675268,-94.3,154.52333333333334,1.3348766244416803,0.4556897073952817,148.0,13.620495495495494,6.779900626977904,1.3333333333333333,31.0,14.833333333333332,29.666666666666668,7.25,19.08333333333333,11.833333333333332,31.0,4.5,-26.5,26.5,1.9217687074829928,10.0,-0.0858869758678003
clapping,iris,combined_augmented,/Users/vibha/COSMOS-Cluster10/labs/Cosmos-Gesture-Recognition-/data/processed/combined_augmented/sessions/iris_clapping_003_seg002,30.0,353157.10000000003,24469.81350693286,307554.3333333333,403411.6666666667,311195.0,383589.5,72394.5,6.35,0.9009768361391202,1.3224819526913612,0.9343186896023512,3.0821737952831554,300.0,300.0,0.1635855555555555,0.4333219502602727,-1.6933333333333334,1.492,-0.5990461111111111,0.589945825687574,-3.2753333333333337,0.7333333333333334,0.5186822222222223,0.990439602800222,-2.780333333333333,2.497666666666667,-16.692761111111114,163.53415616141686,-598.6999999999999,652.4466666666667,-12.242188888888888,161.9289663584644,-496.5266666666666,267.5133333333333,-3.639561111111114,106.63004774923378,-321.66333333333336,391.99,1.358071433564349,0.5718953600338476,147.0,16.817460317460316,9.499205553045778,1.0,38.333333333333336,14.0,37.333333333333336,8.666666666666666,25.0,16.333333333333336,6.0,1.0,-5.0,5.0,1.7899543378995433,8.0,0.1082661498512771
two_arm_boxing,iris,combined_augmented,/Users/vibha/COSMOS-Cluster10/labs/Cosmos-Gesture-Recognition-/data/processed/combined_augmented/sessions/iris_two_arm_boxing_001_seg000,29.0,558419.1551724138,78326.77729258376,381595.5,730791.6666666666,381595.5,578790.0,197194.5,9.42528735632184,1.8644620637487224,1.584447456077356,0.8972727498989529,4.388312453130742,300.0,300.0,0.2657133333333333,0.5494893619837725,-1.641333333333333,1.0516666666666663,-0.9069877777777776,0.5391898695322204,-3.324333333333333,0.368,-0.2010022222222222,0.2637696694344902,-1.0936666666666668,0.7130000000000001,-10.65702777777778,93.45821090331886,-305.47,180.16,-8.884894444444445,90.64635176065627,-231.85,179.89,-11.768344444444446,111.81534321478703,-234.21,265.8966666666667,1.1721690373344615,0.4710528193898661,149.0,40.428411633109626,11.604972901029004,13.333333333333334,70.33333333333333,39.0,56.99999999999999,31.33333333333333,49.0,17.666666666666668,44.0,39.0,-5.0,5.0,2.9009009009009006,20.33333333333333,-0.105261503113852
two_arm_boxing,iris,combined_augmented,/Users/vibha/COSMOS-Cluster10/labs/Cosmos-Gesture-Recognition-/data/processed/combined_augmented/sessions/iris_two_arm_boxing_001_seg001,30.0,591547.6111111112,42961.550193669806,478176.5,686864.0,668446.5,478176.5,-190270.0,10.066666666666666,0.875171940778454,1.458998009239654,0.910949097004954,3.683936745545517,300.0,300.0,0.3209444444444444,0.6742982738364125,-2.1133333333333337,1.3070000000000002,-0.8263266666666668,0.68426621440619,-3.897,0.4186666666666667,-0.3769072222222222,0.2709078399382723,-1.055,0.3813333333333333,16.215400000000002,145.45799434973455,-430.22,586.9333333333334,-1.2262555555555568,88.55859501219908,-266.7633333333333,187.04666666666665,0.1884611111111113,105.2955098156839,-260.43666666666667,220.9533333333333,1.2665293968756526,0.5657498647757933,149.0,38.3993288590604,10.874786650704689,15.333333333333334,72.66666666666667,38.66666666666666,57.333333333333336,29.666666666666668,46.66666666666666,16.999999999999996,34.5,28.5,-6.0,6.0,3.641141141141141,22.0,-0.027475663583046
two_arm_boxing,iris,combined_augmented,/Users/vibha/COSMOS-Cluster10/labs/Cosmos-Gesture-Recognition-/data/processed/combined_augmented/sessions/iris_two_arm_boxing_001_seg002,30.0,572261.9444444445,43012.72451796125,466299.0,673527.3333333334,553168.5,632394.5,79226.0,8.9,0.5734883511361751,1.85444268509298,1.0527979387413329,3.633885801878423,300.0,300.0,0.3988694444444444,0.6544280220244258,-2.079333333333333,1.2219999999999998,-0.7652561111111111,0.5742800020860797,-3.0863333333333336,0.2873333333333333,-0.3010705555555555,0.3502070333754268,-1.164,0.9326666666666666,-12.735711111111112,105.86795366011144,-224.84,270.53666666666663,9.81721111111111,101.08728377633685,-245.98666666666668,350.8833333333334,-9.38815,101.94186738280877,-278.2866666666667,250.15,1.2284485375569392,0.4549614734606402,149.0,37.30648769574944,11.994212617095352,16.666666666666668,66.0,34.0,49.33333333333333,27.666666666666668,48.0,20.33333333333333,28.0,39.0,11.0,11.0,2.47972972972973,9.666666666666664,-0.0147638914081866
two_arm_boxing,iris,combined_augmented,/Users/vibha/COSMOS-Cluster10/labs/Cosmos-Gesture-Recognition-/data/processed/combined_augmented/sessions/iris_two_arm_boxing_002_seg000,30.0,543285.0666666668,53076.21221646669,465457.0,636990.3333333334,465457.0,474266.0,8809.0,9.794444444444444,0.7954539041203121,1.3770399655500838,0.8061283070132851,3.4143603803527647,301.0,301.0,0.3196954595791805,0.4881154287091049,-1.7776666666666667,1.0799999999999998,-0.9390730897009968,0.4534536299856399,-2.938333333333333,0.2486666666666666,-0.1312392026578073,0.2948622361011692,-0.8706666666666667,0.9066666666666666,15.352901439645631,111.6939144552017,-204.0,445.3766666666667,-0.7689036544850477,107.64005009869976,-273.3233333333333,186.51666666666665,-12.03249169435216,82.23298749979702,-203.05,271.08666666666664,1.171667356628393,0.3991282913693532,150.0,38.38111111111111,12.884161476499855,17.333333333333332,75.0,37.333333333333336,57.66666666666667,27.33333333333333,48.91666666666666,21.58333333333333,49.0,38.5,-10.5,10.5,2.922818791946309,12.333333333333336,0.0325344830140596
two_arm_boxing,iris,combined_augmented,/Users/vibha/COSMOS-Cluster10/labs/Cosmos-Gesture-Recognition-/data/processed/combined_augmented/sessions/iris_two_arm_boxing_002_seg001,30.0,586015.8888888889,54847.93721090484,488770.3333333333,707326.0,513294.0,707326.0,194032.0,9.266666666666667,1.2092238098144703,1.4225740982283763,0.806754549983227,3.160293391386533,299.0,299.0,0.2585732998885173,0.5388442853710078,-1.812333333333333,1.1986666666666668,-0.9198166109253066,0.4546000716027885,-2.5863333333333336,0.465,-0.1142647714604236,0.3513384730300917,-1.5680000000000005,0.547,14.333545150501674,139.93018022912534,-410.91,402.1933333333333,-2.658890746934225,90.85353850227818,-231.43333333333337,267.3733333333334,-1.4474470457079136,71.75318063072014,-171.86,183.36666666666667,1.163458338315326,0.4390865447268525,149.0,40.17337807606265,9.372842678604204,22.33333333333333,62.0,39.333333333333336,39.66666666666667,33.0,46.66666666666666,13.666666666666664,38.5,24.5,-14.0,14.0,1.93018018018018,7.333333333333336,-0.0474091541205633
two_arm_boxing,iris,combined_augmented,/Users/vibha/COSMOS-Cluster10/labs/Cosmos-Gesture-Recognition-/data/processed/combined_augmented/sessions/iris_two_arm_boxing_002_seg002,30.0,577166.5833333335,65468.045847555935,481748.3333333333,697368.0,653407.5,501111.0,-152296.5,9.272222222222222,1.2052995119804233,1.5514374415816776,1.0499410515327103,5.090358678971103,300.0,300.0,0.1211516666666666,0.5604639128841128,-1.9516666666666664,1.0,-0.9788794444444444,0.6594254591039886,-3.430666666666667,0.317,-0.0100905555555555,0.4231160601651162,-1.3026666666666664,1.1103333333333334,9.823488888888887,112.70903125162378,-289.93333333333334,336.68,3.866366666666669,117.22805349759896,-253.29666666666665,359.7933333333333,-14.121866666666666,110.61940542798013,-270.2433333333333,258.53,1.2492438007433304,0.5834066959139911,150.0,37.68555555555556,11.921811152603432,14.166666666666666,64.66666666666667,36.33333333333333,50.50000000000001,27.416666666666664,47.0,19.583333333333336,28.0,49.0,21.0,21.0,2.243847874720358,8.000000000000004,0.0413052431959938
two_arm_boxing,iris,combined_augmented,/Users/vibha/COSMOS-Cluster10/labs/Cosmos-Gesture-Recognition-/data/processed/combined_augmented/sessions/iris_two_arm_boxing_003_seg000,30.0,580101.8555555554,74972.71474986298,441919.0,701998.6666666666,648673.5,441919.0,-206754.5,9.477777777777778,1.6798001056857117,1.4433189646817504,0.9695170242015207,4.759472143088918,300.0,300.0,0.1863272222222222,0.5257714151427147,-1.6696666666666669,1.006,-0.9136705555555557,0.491260670116584,-3.050333333333333,0.0603333333333333,-0.17581,0.384321220552114,-1.2466666666666666,0.6453333333333333,4.19415,111.5017005646339,-256.95666666666665,290.78333333333336,4.6769944444444445,105.83640875625144,-249.2333333333333,324.32,-3.881583333333332,93.72931352059187,-291.38,256.5466666666667,1.1720655403699711,0.438359065788229,150.0,36.93333333333333,11.342475586200946,12.0,63.0,36.0,51.0,27.833333333333336,44.125,16.291666666666664,35.5,40.0,4.5,4.5,2.638702460850112,10.0,0.0287829088700237
two_arm_boxing,iris,combined_augmented,/Users/vibha/COSMOS-Cluster10/labs/Cosmos-Gesture-Recognition-/data/processed/combined_augmented/sessions/iris_two_arm_boxing_003_seg001,30.0,602790.0666666668,55781.67906854962,499385.6666666667,707424.0,562975.0,707424.0,144449.0,9.72777777777778,1.0133217591931605,1.6736861856319802,0.9675829018516564,4.090768187210622,300.0,300.0,0.1129555555555555,0.5835406525769019,-2.251333333333333,0.8793333333333333,-0.9962238888888888,0.6106326718792223,-3.860666666666667,0.48,0.046915,0.3804881948051885,-0.7313333333333333,1.5793333333333333,-5.792394444444444,105.000594320835,-329.7333333333333,523.0466666666666,11.032366666666666,103.1549546385993,-210.6266666666667,271.33333333333337,-2.5757944444444467,103.9516472726283,-250.9633333333333,263.71,1.2354766805244624,0.5823938555577027,150.0,36.00333333333333,9.587617745611258,17.333333333333332,62.66666666666666,34.83333333333333,45.33333333333333,28.33333333333333,41.25,12.916666666666668,35.0,51.0,16.0,16.0,2.762863534675616,13.333333333333336,-0.0016015526615999
two_arm_boxing,iris,combined_augmented,/Users/vibha/COSMOS-Cluster10/labs/Cosmos-Gesture-Recognition-/data/processed/combined_augmented/sessions/iris_two_arm_boxing_003_seg002,30.0,591090.8666666667,68504.60300386688,489526.3333333333,702688.6666666666,529823.5,577624.5,47801.0,9.905555555555557,1.3882331785491555,1.370228234909693,0.8859928082572139,3.823097922628582,300.0,300.0,0.2122522222222222,0.6072158717478234,-1.7466666666666668,1.0073333333333332,-0.8774033333333333,0.6019068242676769,-3.3073333333333337,0.5333333333333333,-0.2974633333333333,0.2598544901727945,-1.414,0.2853333333333333,4.943683333333332,109.87505517698736,-219.0833333333333,344.43333333333334,-0.0247333333333313,80.31421229460551,-192.05,199.85666666666668,-8.212488888888888,108.94287291575692,-258.52000000000004,240.50666666666663,1.2002585350475636,0.5111543748921676,150.0,36.27,11.659372440111898,15.333333333333334,66.0,35.0,50.66666666666666,26.416666666666664,44.91666666666666,18.5,50.0,15.5,-34.5,34.5,2.8042505592841165,14.0,-0.0230436908307037
soli,iris,combined_augmented,/Users/vibha/COSMOS-Cluster10/labs/Cosmos-Gesture-Recognition-/data/processed/combined_augmented/sessions/iris_soli_001_seg000,30.0,396621.2277777779,103676.45450867708,284087.0,638479.0,624171.0,354444.5,-269726.5,5.594444444444445,2.931212406639871,2.29270148796762,1.9638508439307136,8.143437094412544,300.0,300.0,0.2486144444444444,0.2016005618347795,-0.144,0.816,-0.9512888888888889,0.1274078863578422,-1.4400000000000002,-0.517,0.1582938888888889,0.1106404444135171,-0.0723333333333333,0.41,-6.412244444444445,43.048346601357615,-140.93333333333334,125.31666666666666,-1.7418055555555565,34.87009382069459,-70.41666666666667,99.23666666666666,-3.9425777777777777,22.31706023226664,-71.94333333333333,43.97666666666667,1.0221363779098986,0.1271642099844498,150.0,69.02555555555554,8.284549302551598,52.66666666666666,79.33333333333333,72.66666666666667,26.666666666666664,60.333333333333336,76.0,15.666666666666664,64.0,60.0,-4.0,4.0,0.7628635346756153,2.6666666666666714,-0.1222315065854783
soli,iris,combined_augmented,/Users/vibha/COSMOS-Cluster10/labs/Cosmos-Gesture-Recognition-/data/processed/combined_augmented/sessions/iris_soli_001_seg001,30.0,322651.19444444444,27695.36751372917,278816.3333333333,388848.0,388848.0,325455.5,-63392.5,3.955555555555556,1.889019603320303,2.3076646652555515,1.427355077597846,5.067422737377066,300.0,300.0,0.3969733333333333,0.1002289131420152,0.096,0.6293333333333333,-0.9125438888888888,0.101156001724448,-1.163333333333333,-0.517,0.1258194444444444,0.0920439366731572,-0.0203333333333333,0.3913333333333333,1.235338888888889,33.85697490678779,-80.79333333333334,127.05,-2.5881444444444446,26.505139796131413,-63.81666666666666,83.96666666666665,2.699877777777778,15.272324753353466,-34.985,41.46333333333334,1.0129446744960915,0.0940651557663583,150.0,55.48222222222223,3.647557826946642,48.333333333333336,68.0,54.333333333333336,19.666666666666664,53.333333333333336,56.91666666666666,3.5833333333333286,59.5,68.0,8.5,8.5,0.6700223713646534,3.0,0.049633020726847
soli,iris,combined_augmented,/Users/vibha/COSMOS-Cluster10/labs/Cosmos-Gesture-Recognition-/data/processed/combined_augmented/sessions/iris_soli_001_seg002,30.0,303912.41111111105,37915.73555229713,265485.6666666667,400058.0,299009.0,400058.0,101049.0,2.661111111111111,1.2535012692848642,3.028874874577937,2.017949145468134,8.180873569375475,300.0,300.0,0.1756275,0.0859613101518923,-0.0159999999999999,0.408,-0.9730416666666668,0.0836681983191906,-1.2053333333333331,-0.7176666666666666,0.1395055555555555,0.0831133705005823,-0.076,0.376,2.074805555555556,29.43340347574325,-56.57333333333333,99.50333333333332,-6.548900000000001,19.47768811244389,-56.95666666666667,52.11666666666667,-0.8852833333333326,19.62496757799136,-46.59333333333333,45.046666666666674,1.00604804057773,0.0792577473515701,150.0,68.16333333333333,1.976886388035639,62.333333333333336,72.33333333333333,68.33333333333333,9.999999999999991,67.0,69.66666666666667,2.6666666666666714,65.5,63.5,-2.0,2.0,0.628635346756152,2.666666666666657,-0.0159998222143208
soli,iris,combined_augmented,/Users/vibha/COSMOS-Cluster10/labs/Cosmos-Gesture-Recognition-/data/processed/combined_augmented/sessions/iris_soli_002_seg000,30.0,311872.1111111111,26089.97041568576,278506.0,362897.0,340023.5,285685.0,-54338.5,3.1722222222222225,1.024228104416464,2.0807450305226576,1.0978084597994446,4.734729896751732,300.0,300.0,0.2135261111111111,0.0820361221458473,-0.0026666666666666,0.53,-0.9604716666666668,0.1068609958682912,-1.3496666666666668,-0.7146666666666667,0.2020236111111111,0.0981463543020469,-0.0996666666666666,0.5650000000000001,-1.547577777777778,47.47110096546719,-99.79666666666668,203.19,-1.5927777777777783,26.242232705984865,-74.74000000000001,72.27666666666667,0.0118333333333331,17.80941781312889,-47.56,44.20333333333334,1.0137759500433563,0.0946202398708489,150.0,67.55666666666667,1.7643446392260491,62.333333333333336,70.66666666666667,67.66666666666667,8.333333333333336,66.66666666666667,69.0,2.3333333333333286,64.5,69.0,4.5,4.5,0.5671140939597318,2.333333333333336,0.0156531401395615
soli,iris,combined_augmented,/Users/vibha/COSMOS-Cluster10/labs/Cosmos-Gesture-Recognition-/data/processed/combined_augmented/sessions/iris_soli_002_seg001,30.0,263096.5444444444,8612.45177043243,243793.0,282242.6666666667,268142.0,243793.0,-24349.0,0.5277777777777777,0.5995111177008425,2.879350886797288,3.387774348779741,8.218330968949912,300.0,300.0,0.1891622222222222,0.0535800470432068,0.0039999999999999,0.3376666666666667,-0.9584911111111112,0.064134113782115,-1.2053333333333334,-0.7896666666666667,0.2510755555555555,0.0574388253143981,0.0376666666666666,0.41,2.931961111111112,27.682392931655343,-70.78333333333333,101.24666666666668,1.4124222222222227,17.107002310713746,-75.68666666666667,36.406666666666666,1.5047,10.96344740417329,-33.92666666666667,36.72333333333333,1.0122432997049389,0.056331322018197,150.0,67.74777777777777,0.9381977476371332,65.33333333333333,70.0,67.66666666666667,4.666666666666671,67.33333333333333,68.33333333333333,1.0,68.5,67.5,-1.0,1.0,0.4183445190156604,2.0,-0.0059116701483031
soli,iris,combined_augmented,/Users/vibha/COSMOS-Cluster10/labs/Cosmos-Gesture-Recognition-/data/processed/combined_augmented/sessions/iris_soli_002_seg002,30.0,292480.0277777777,54557.45246113045,258594.3333333333,427588.3333333333,266594.0,413387.0,146793.0,2.1222222222222222,3.27587515401478,1.227868273867436,0.6721685038539034,2.344497365848277,300.0,300.0,0.1335405555555555,0.0413006465650023,0.0469999999999999,0.225,-0.970273888888889,0.0373156372756524,-1.1063333333333334,-0.8153333333333332,0.2414533333333333,0.0439121851345635,0.1076666666666666,0.3546666666666667,-2.2135277777777778,13.157419984886603,-59.21666666666667,25.626666666666665,-0.2759388888888889,7.011443579762399,-28.21,16.133333333333336,-0.4862055555555556,6.697633610598671,-15.656666666666666,17.316666666666666,1.0106666697461442,0.0338167780094163,150.0,67.20166666666667,1.1540250702601589,64.33333333333333,70.0,67.33333333333333,5.666666666666671,66.33333333333333,68.0,1.6666666666666714,68.0,64.75,-3.25,3.25,0.4491051454138702,1.6666666666666714,0.0069370490540319
soli,iris,combined_augmented,/Users/vibha/COSMOS-Cluster10/labs/Cosmos-Gesture-Recognition-/data/processed/combined_augmented/sessions/iris_soli_003_seg000,30.0,266015.26111111115,11029.286203162264,254161.0,292712.6666666667,254540.5,276986.0,22445.5,0.1222222222222222,0.1770819716723247,0.0,0.0,0.0,301.0,301.0,0.1565332225913621,0.0216468964421538,0.1176666666666666,0.219,-0.9702707641196014,0.0237291934040766,-1.0526666666666666,-0.8946666666666667,0.2221627906976744,0.0482660375244947,0.114,0.3223333333333333,0.5236267995570325,11.25545835022317,-28.40333333333333,53.400000000000006,0.7784274640088592,11.585230326209809,-39.61000000000001,26.356666666666666,0.3715503875968992,4.469508665931103,-12.99,9.49,1.0090482804026508,0.0216136991421038,150.0,63.16777777777777,1.1716093233931246,60.0,65.66666666666667,63.08333333333333,5.666666666666671,62.333333333333336,64.0,1.6666666666666643,61.5,62.0,0.5,0.5,0.5313199105145416,2.3333333333333286,0.0094253077914571
soli,iris,combined_augmented,/Users/vibha/COSMOS-Cluster10/labs/Cosmos-Gesture-Recognition-/data/processed/combined_augmented/sessions/iris_soli_003_seg001,30.0,265411.1,4148.892037864063,254458.0,274555.3333333333,262549.0,266201.0,3652.0,0.3722222222222223,0.4547757553501736,0.8558798277955978,0.715470935177154,1.5713507629727517,300.0,300.0,0.1770277777777777,0.0522178494032097,0.041,0.3283333333333333,-0.9658894444444444,0.0510741151300428,-1.1236666666666668,-0.863,0.2301188888888889,0.059178397039221,0.0646666666666666,0.3843333333333333,-1.8012111111111115,22.207330249514182,-51.196666666666665,69.93666666666667,0.2661388888888888,14.918684559637594,-47.373333333333335,35.96,-2.2791722222222224,12.51076735774424,-42.053333333333335,32.79,1.012030299821281,0.0432201338497081,150.0,62.873333333333335,1.0349377743941948,60.66666666666666,66.0,62.66666666666666,5.333333333333336,62.0,63.66666666666666,1.6666666666666643,64.0,62.0,-2.0,2.0,0.523489932885906,2.000000000000007,-0.0086469028253108
soli,iris,combined_augmented,/Users/vibha/COSMOS-Cluster10/labs/Cosmos-Gesture-Recognition-/data/processed/combined_augmented/sessions/iris_soli_003_seg002,30.0,277702.6666666667,17625.228841592903,253732.0,307737.3333333333,276858.0,299522.0,22664.0,1.3055555555555556,1.2157023068027106,2.81444345937759,1.5989941661117195,4.709660687722844,300.0,300.0,0.2080222222222222,0.0517298230083707,0.0556666666666666,0.3396666666666666,-0.9676944444444444,0.0630420655336495,-1.1696666666666666,-0.7773333333333334,0.1789722222222222,0.0717162327160275,-0.0273333333333333,0.3716666666666666,1.2876888888888889,24.30211914383163,-55.66333333333333,59.07333333333333,1.4416555555555557,17.160397071936977,-37.85333333333333,62.113333333333344,0.5690055555555553,11.633760786558147,-24.77333333333333,28.626666666666665,1.010053781856828,0.0576341173351245,150.0,60.49555555555556,2.678103736260511,54.333333333333336,64.66666666666667,61.333333333333336,10.333333333333336,58.083333333333336,62.58333333333333,4.499999999999993,64.0,59.0,-5.0,5.0,0.7002237136465322,3.333333333333336,-0.0483399262189431
palm_up_down,iris,combined_augmented,/Users/vibha/COSMOS-Cluster10/labs/Cosmos-Gesture-Recognition-/data/processed/combined_augmented/sessions/iris_palm_up_down_001_seg000,30.0,439405.7527777778,95996.2604003155,324266.3333333333,707683.6666666666,555483.5,472264.75,-83218.75,5.819444444444445,1.7986727788655996,2.610748745891699,2.482712737584853,8.931288663553762,300.0,300.0,0.0182855555555555,0.7656523599100329,-1.309,1.0286666666666666,-0.1304066666666666,0.3156527205531303,-0.832,0.4086666666666667,-0.5821772222222222,0.207866512052867,-1.199,-0.1136666666666666,4.388644444444444,67.38832526409226,-237.59666666666664,167.99333333333334,-32.64483888888889,188.6204806864095,-613.6766666666667,618.3566666666667,14.451472222222218,100.73085830967976,-343.31666666666666,373.91333333333336,1.02253136043539,0.1994213085781941,150.0,78.90666666666667,4.889208009380029,63.0,87.0,80.33333333333333,24.0,76.66666666666667,81.66666666666667,5.0,63.0,77.0,14.0,14.0,0.9642058165548104,4.666666666666671,-0.0424688504674285
palm_up_down,iris,combined_augmented,/Users/vibha/COSMOS-Cluster10/labs/Cosmos-Gesture-Recognition-/data/processed/combined_augmented/sessions/iris_palm_up_down_001_seg001,30.0,400989.338888889,38919.32021382762,326449.0,466195.5,391502.0,326449.0,-65053.0,6.252777777777778,1.6505447099385622,1.9685848430026192,1.410229475949001,5.88118858376952,300.0,300.0,0.086075,0.6435001634759066,-0.8036666666666666,1.263,-0.2986788888888889,0.4279593089513383,-0.819,0.5163333333333334,-0.5349030555555555,0.2775789442215108,-0.9953333333333332,0.2693333333333333,-7.148027777777776,95.68058218300544,-259.25666666666666,249.38666666666663,24.46635,218.6473416321312,-483.98,371.8466666666666,-29.343083333333333,120.19466868677884,-227.4033333333333,244.21666666666667,1.0147546938090724,0.1652388432384494,150.0,68.26222222222222,6.249723235234269,57.66666666666666,78.0,65.66666666666667,20.333333333333336,63.0,74.66666666666667,11.666666666666671,73.5,65.0,-8.5,8.5,0.8131991051454143,3.666666666666672,-0.0816528141991498
palm_up_down,iris,combined_augmented,/Users/vibha/COSMOS-Cluster10/labs/Cosmos-Gesture-Recognition-/data/processed/combined_augmented/sessions/iris_palm_up_down_001_seg002,30.0,416572.65555555554,48329.85743876893,312615.0,491607.0,462538.5,312615.0,-149923.5,5.894444444444445,1.3719972825081963,2.455661639954811,2.0966882517878176,9.144087844948094,300.0,300.0,0.2163094444444444,0.7100761666785307,-1.186,1.1803333333333332,-0.2014266666666666,0.4462624761115202,-1.063,0.6673333333333332,-0.4233177777777778,0.3406675425878425,-1.036,0.372,-8.982472222222224,106.28907279037728,-223.5,338.28000000000003,-5.309616666666668,203.0229575148696,-425.3666666666666,384.1766666666667,-9.543927777777784,121.5444556437272,-213.53666666666663,297.86,1.0170896718716482,0.226939976200645,150.0,74.25888888888888,5.460608604687019,63.333333333333336,84.66666666666667,75.33333333333333,21.333333333333336,69.33333333333333,77.91666666666667,8.583333333333343,66.0,82.5,16.5,16.5,0.9429530201342284,4.0,0.0768463783575564
palm_up_down,iris,combined_augmented,/Users/vibha/COSMOS-Cluster10/labs/Cosmos-Gesture-Recognition-/data/processed/combined_augmented/sessions/iris_palm_up_down_002_seg000,30.0,412830.8777777777,42236.790946224384,313979.0,480099.0,347025.5,444902.5,97877.0,6.26111111111111,1.355157045247506,1.8686398739604613,1.4579621929590807,6.082951034253642,300.0,300.0,0.2419644444444444,0.6836904992288562,-0.994,1.3263333333333334,-0.237165,0.4732518970408653,-1.124,0.7290000000000001,-0.3505966666666666,0.4272731088477772,-1.2613333333333332,0.5236666666666667,-11.604788888888889,113.87715930445285,-326.13,305.37666666666667,42.110500000000016,242.11761317210568,-550.3833333333333,467.5333333333333,-24.93033333333333,126.42511156162912,-282.59,252.75333333333333,1.0251757687051404,0.2463515006468107,150.0,72.29444444444445,6.744412902097898,61.0,94.33333333333331,70.0,33.33333333333333,67.66666666666667,75.66666666666667,8.0,91.0,61.0,-30.0,30.0,1.3982102908277407,10.333333333333345,-0.0324064773249184
palm_up_down,iris,combined_augmented,/Users/vibha/COSMOS-Cluster10/labs/Cosmos-Gesture-Recognition-/data/processed/combined_augmented/sessions/iris_palm_up_down_002_seg001,30.0,462868.2777777778,67739.64840286085,341768.5,572042.0,341768.5,496225.5,154457.0,7.394444444444445,1.88290719531602,2.552367028405678,1.7895249122106476,8.513579514945585,300.0,300.0,0.0590955555555555,0.7543516546773151,-1.2776666666666665,1.5676666666666668,-0.3534466666666666,0.4349564521922898,-1.1866666666666668,0.9193333333333332,-0.3489533333333333,0.4653673703494995,-1.020333333333333,1.352666666666667,5.958416666666664,105.8435380188609,-182.42,523.1633333333334,-25.547561111111115,276.5456631116078,-716.21,387.035,8.950566666666662,149.5271312475543,-280.08,419.905,1.0735400758773856,0.2692532057338114,150.0,75.87111111111112,4.4878719102569615,67.66666666666667,86.33333333333333,76.0,18.666666666666657,72.66666666666667,79.33333333333333,6.666666666666657,77.0,81.0,4.0,4.0,0.9709172259507824,4.0,0.0254992073721793
palm_up_down,iris,combined_augmented,/Users/vibha/COSMOS-Cluster10/labs/Cosmos-Gesture-Recognition-/data/processed/combined_augmented/sessions/iris_palm_up_down_002_seg002,30.0,460856.7972222222,56815.00300691517,337917.6666666667,595970.0,475602.25,403380.0,-72222.25,7.838888888888889,1.4340329903052969,1.4252881214021325,1.157349574596516,5.114959091752733,300.0,300.0,-0.0466261111111111,0.7778658220876653,-1.627,1.5713333333333337,-0.3863561111111111,0.4628802701248831,-1.47,0.843,-0.4211766666666667,0.3264981419712822,-1.217,0.5553333333333333,-16.538733333333337,132.84168387542564,-336.72,399.06,13.89821666666667,277.5168599349638,-710.4633333333335,494.9933333333333,-18.13090555555556,176.7232790945493,-329.1,434.63333333333327,1.0849487328155294,0.2786673444994443,150.0,66.22888888888889,10.283555261885867,46.833333333333336,88.0,65.83333333333334,41.16666666666666,57.333333333333336,74.29166666666666,16.95833333333332,79.0,66.5,-12.5,12.5,1.4619686800894858,6.666666666666664,-0.2018791946308727
palm_up_down,iris,combined_augmented,/Users/vibha/COSMOS-Cluster10/labs/Cosmos-Gesture-Recognition-/data/processed/combined_augmented/sessions/iris_palm_up_down_003_seg000,30.0,392807.7750000001,53068.566945776,304526.0,508585.3333333333,304526.0,422015.75,117489.75,6.925000000000001,1.1906950195703474,1.5089647141005833,1.1255076410077065,4.955884749719278,300.0,300.0,0.2509894444444444,0.6471948060809897,-0.721,1.2833333333333334,-0.3312586111111111,0.5420138033766748,-1.292,0.5946666666666666,-0.2218444444444444,0.5233446558105205,-1.1856666666666669,0.9083333333333332,-17.610233333333333,108.14448289861356,-370.29333333333335,376.25,33.77612777777778,250.46149819915087,-471.8766666666666,618.1733333333333,-28.018194444444447,160.4650765541431,-329.53666666666663,318.0933333333333,1.0672732897967063,0.2634394805447046,150.0,60.45555555555555,4.714365970021389,49.16666666666666,72.0,61.0,22.833333333333336,56.41666666666667,64.0,7.583333333333329,61.5,61.0,-0.5,0.5,1.1129753914988814,5.333333333333329,0.0017914870290529
palm_up_down,iris,combined_augmented,/Users/vibha/COSMOS-Cluster10/labs/Cosmos-Gesture-Recognition-/data/processed/combined_augmented/sessions/iris_palm_up_down_003_seg001,30.0,339792.69444444444,19590.358960992133,290713.3333333333,371941.0,353351.0,337859.5,-15491.5,4.944444444444445,1.4608047841118097,1.7159772264306965,1.9741221858234324,7.874356348392271,300.0,300.0,0.4531872222222222,0.5491555806027094,-0.5755,1.161333333333333,-0.3560883333333333,0.4975913132959543,-1.3166666666666669,0.4049999999999999,-0.1295733333333333,0.4521330091417299,-0.9063333333333332,0.6586666666666666,0.0275777777777811,113.08926112254844,-377.97333333333336,310.78000000000003,-40.14646666666667,226.0631020605481,-508.39,423.4666666666667,18.600716666666663,156.98678103684546,-336.2933333333333,340.92333333333335,1.0269129997099586,0.2191112137469412,148.0,78.29166666666666,34.065163567795274,55.333333333333336,196.0,67.16666666666666,140.66666666666666,64.33333333333333,71.04166666666667,6.708333333333343,65.0,68.5,3.5,3.5,3.444066515495088,43.33333333333333,0.3333441303239959
palm_up_down,iris,combined_augmented,/Users/vibha/COSMOS-Cluster10/labs/Cosmos-Gesture-Recognition-/data/processed/combined_augmented/sessions/iris_palm_up_down_003_seg002,30.0,392476.5277777778,35512.07275508859,315483.0,455286.0,315483.0,341426.5,25943.5,6.733333333333333,1.3489364809469828,2.136023995721271,2.1193928755245595,10.149166591211246,300.0,300.0,0.2899561111111111,0.6951382356660268,-0.9663333333333334,1.2493333333333332,-0.3485488888888888,0.5914998915333379,-1.5493333333333332,0.6853333333333333,-0.2108072222222222,0.4160103288021365,-0.922,0.7946666666666666,-17.603594444444443,129.8393419528761,-351.33666666666664,482.6933333333333,5.855466666666661,246.10707900041305,-729.1600000000002,432.54,-28.000816666666665,162.5477021303618,-305.80333333333334,395.7033333333334,1.0953755793037636,0.2372905003602984,150.0,66.43444444444445,5.022651771999437,54.333333333333336,79.0,65.66666666666667,24.666666666666664,62.41666666666667,69.91666666666667,7.5,67.5,69.5,2.0,2.0,1.4586129753914991,5.666666666666671,0.0137656488436522
pull,leudies,combined_augmented,/Users/vibha/COSMOS-Cluster10/labs/Cosmos-Gesture-Recognition-/data/processed/combined_augmented/sessions/leudies_pull_001,30.0,311315.2,79245.36068076675,246779.5,484710.0,272467.5,246779.5,-25688.0,2.7,3.209188197798454,1.6804455950034305,1.151769458965774,3.926799709503865,301.0,301.0,0.7584806201550388,0.1455994727877418,0.356,0.991,-0.313906976744186,0.1355447069503902,-0.7036666666666666,0.002,-0.5320919158361019,0.1446797772750739,-0.824,-0.266,1.2220930232558136,6.769466550899146,-20.80333333333333,24.406666666666663,6.282369878183832,10.214828419158437,-6.723333333333334,50.35666666666666,-3.556760797342193,19.863258226951302,-80.05,36.99,1.0081034185200033,0.0344028730858948,150.0,62.11,8.493754120552506,50.0,73.66666666666667,61.0,23.66666666666667,53.66666666666666,71.0,17.333333333333336,70.5,51.5,-19.0,19.0,0.6532438478747199,2.666666666666657,-0.1767429663540605
pull,leudies,combined_augmented,/Users/vibha/COSMOS-Cluster10/labs/Cosmos-Gesture-Recognition-/data/processed/combined_augmented/sessions/leudies_pull_002,30.0,340897.38333333336,108015.5433707571,253196.0,607276.3333333334,281903.5,303132.0,21228.5,3.066666666666667,2.533333333333333,1.636942102302975,1.5423684111876943,6.167669563992331,302.0,302.0,0.7726020971302429,0.1739003225525878,0.3266666666666666,1.066,-0.3282444812362031,0.1338795390483469,-0.6446666666666667,0.1656666666666666,-0.4856076158940398,0.2003876556370905,-0.9,-0.1306666666666666,4.188890728476822,9.400507295465772,-16.62,40.873333333333335,7.269420529801324,13.73789293939934,-6.213333333333334,60.66,-5.749525386313466,18.839816720765075,-73.39999999999999,33.03,1.0134388737768685,0.0416546681136718,151.0,61.933774834437095,9.048492394791085,51.333333333333336,77.33333333333333,57.66666666666666,26.0,54.333333333333336,73.33333333333333,19.0,76.5,55.0,-21.5,21.5,0.5966666666666662,2.333333333333343,-0.1899250609968633
pull,leudies,combined_augmented,/Users/vibha/COSMOS-Cluster10/labs/Cosmos-Gesture-Recognition-/data/processed/combined_augmented/sessions/leudies_pull_003,30.0,309764.13333333336,77802.50914356216,242670.0,506372.6666666667,253062.0,242670.0,-10392.0,2.7666666666666666,2.789065952767859,3.0014758151440226,3.051313961343207,10.091971337159674,301.0,301.0,0.6918920265780731,0.1101604438420274,0.5103333333333334,0.8409999999999999,-0.4045005537098561,0.0454899874962642,-0.4996666666666666,-0.2906666666666666,-0.575968438538206,0.1174906852123306,-0.7583333333333334,-0.3846666666666666,3.897004429678849,7.21779093077156,-19.133333333333336,20.956666666666667,4.714601328903656,5.528015217098333,-4.7,17.52,-4.750957918050942,9.96506216208066,-29.78333333333333,19.113333333333333,1.000795067184986,0.0222007555226739,150.0,61.28666666666667,10.067429634627352,45.5,75.0,61.333333333333336,29.5,50.66666666666666,72.0,21.333333333333336,70.5,45.5,-25.0,25.0,0.7337807606263977,3.0,-0.2208631494733101
pull,leudies,combined_augmented,/Users/vibha/COSMOS-Cluster10/labs/Cosmos-Gesture-Recognition-/data/processed/combined_augmented/sessions/leudies_pull_004,30.0,312567.3722222222,86590.98054024816,237386.66666666663,517566.6666666667,255894.5,243534.5,-12360.0,2.6,3.197684347334049,1.0996907137453238,0.7565571101962788,2.590168504962199,301.0,301.0,0.7184407530454042,0.1489910824537608,0.4523333333333333,0.9043333333333332,-0.3396301218161683,0.0919144764832189,-0.4906666666666666,-0.0556666666666666,-0.567016057585825,0.146319468552986,-0.7686666666666667,-0.31,4.471871539313399,7.444614004178154,-11.518333333333333,30.12,6.12343300110742,9.261455364671036,-7.366666666666667,31.206666666666667,-7.518626799557031,9.000804763693555,-29.5,7.026666666666666,1.0021478572717462,0.0277239521477106,151.0,61.06070640176601,8.09667246337354,49.333333333333336,74.66666666666667,57.66666666666666,25.333333333333336,53.0,69.83333333333334,16.833333333333343,71.5,54.5,-17.0,17.0,0.9044444444444442,3.0,-0.1715952131985597
pull,leudies,combined_augmented,/Users/vibha/COSMOS-Cluster10/labs/Cosmos-Gesture-Recognition-/data/processed/combined_augmented/sessions/leudies_pull_005,30.0,323816.80000000005,70620.00863979042,253483.0,486761.0,258602.5,315502.5,56900.0,3.644444444444444,2.653695303804131,1.0127616104552055,0.8386630796602166,3.0403473114681114,303.0,303.0,0.6956826182618262,0.1354533026432298,0.4493333333333333,0.8713333333333333,-0.3308729372937293,0.0597451244256415,-0.4626666666666667,-0.1663333333333333,-0.6080764576457646,0.1379742351024332,-0.8193333333333332,-0.4186666666666667,5.522783278327832,7.680998631012432,-13.336666666666668,23.21333333333333,5.391897689768977,7.581775831169704,-8.606666666666667,25.146666666666665,-4.7161716171617165,10.476443109391004,-36.89000000000001,12.216666666666669,1.001856262088243,0.0211229989419181,151.0,61.29249448123621,10.707337013720116,50.0,79.33333333333333,57.5,29.33333333333333,51.66666666666666,74.0,22.333333333333336,75.5,51.0,-24.5,24.5,0.7855555555555555,3.0,-0.2263454165214361
pull,leudies,combined_augmented,/Users/vibha/COSMOS-Cluster10/labs/Cosmos-Gesture-Recognition-/data/processed/combined_augmented/sessions/leudies_pull_006,30.0,332789.5277777777,86345.79428094666,253028.3333333333,556163.3333333334,283746.5,272860.0,-10886.5,4.050000000000001,2.649650570952357,3.310991057812075,4.547425234483416,19.02377599667677,300.0,300.0,0.7161855555555557,0.1320075235307604,0.429,0.8676666666666666,-0.2347388888888888,0.0637948503572096,-0.3876666666666666,-0.0933333333333333,-0.6278933333333333,0.1328103976698289,-0.8696666666666667,-0.449,3.7998777777777777,8.319969098492887,-15.236666666666665,30.02333333333333,6.191283333333334,9.240901937666802,-9.153333333333334,25.98,-3.842977777777778,9.397262196032823,-30.223333333333333,14.13,1.0003606421493725,0.0262124122543217,150.0,64.02333333333333,8.072611145622371,53.333333333333336,78.0,60.0,24.666666666666664,57.0,72.16666666666666,15.166666666666655,75.0,56.0,-19.0,19.0,0.6845637583892619,2.6666666666666643,-0.1732785160821964
pull,leudies,combined_augmented,/Users/vibha/COSMOS-Cluster10/labs/Cosmos-Gesture-Recognition-/data/processed/combined_augmented/sessions/leudies_pull_007,30.0,326661.58888888895,78054.39301700583,239439.0,452339.5,275358.0,248263.5,-27094.5,3.527777777777778,2.980828660988893,1.4876947670940568,1.4090498284081168,6.230260194380342,300.0,300.0,0.7311405555555556,0.1521852738589603,0.347,0.917,-0.2101033333333333,0.0614778890728688,-0.344,-0.0796666666666666,-0.6053277777777778,0.1695596937447056,-0.8686666666666666,-0.3063333333333333,3.9964222222222223,7.5524905301322045,-23.436666666666667,27.80333333333333,8.168772222222222,11.5275698067706,-7.456666666666667,33.02333333333333,-5.4053,9.03391092571228,-31.543333333333333,11.29,1.0000037204084196,0.028540822373354,150.0,61.42222222222222,6.078889359814752,53.0,72.33333333333333,59.0,19.33333333333333,56.333333333333336,68.0,11.666666666666664,71.5,56.0,-15.5,15.5,0.6879194630872486,2.333333333333336,-0.1147879164999927
pull,leudies,combined_augmented,/Users/vibha/COSMOS-Cluster10/labs/Cosmos-Gesture-Recognition-/data/processed/combined_augmented/sessions/leudies_pull_008,30.0,319677.3722222222,73506.48473539576,238862.5,457119.6666666667,294907.5,238862.5,-56045.0,3.5,2.456828897268321,1.042817974317099,0.7786626589437818,3.0341307943338376,303.0,303.0,0.7229686468646865,0.1192684536989695,0.4873333333333333,0.876,-0.3061364136413641,0.0576087717074794,-0.4523333333333334,-0.1326666666666666,-0.5962931793179318,0.1234298377761624,-0.787,-0.409,2.1756325632563263,7.542078638386614,-21.24,28.22,5.365605060506051,8.043386201621216,-14.813333333333333,21.65,-2.080803080308032,11.624723811005635,-33.43666666666667,24.675,1.001997256037609,0.027365711749906,151.0,63.13134657836645,9.13450132984875,51.333333333333336,77.33333333333333,60.0,26.0,54.333333333333336,73.5,19.166666666666664,71.5,57.5,-14.0,14.0,0.6644444444444442,2.6666666666666714,-0.1939206459858256
push,leudies,combined_augmented,/Users/vibha/COSMOS-Cluster10/labs/Cosmos-Gesture-Recognition-/data/processed/combined_augmented/sessions/leudies_push_001,30.0,338976.5388888888,71034.69435650186,246874.66666666663,488275.6666666667,347480.5,285665.0,-61815.5,3.11111111111111,2.731616443621199,1.7291097404303528,1.1394193742255714,5.665696481728285,300.0,300.0,0.7121772222222222,0.1367500659478027,0.4981666666666666,0.9316666666666666,-0.3595244444444445,0.0741130989738397,-0.5233333333333333,-0.1946666666666666,-0.5550322222222223,0.1905430059327199,-0.7943333333333333,-0.2613333333333333,-7.023005555555556,7.739520010595849,-27.403333333333336,6.98,-8.958833333333333,9.22221171803284,-35.42333333333334,3.2966666666666664,1.138644444444444,10.46950424360741,-25.246666666666663,27.070000000000004,1.0018625175596805,0.0358671814515138,150.0,64.63888888888889,12.868221797887312,43.66666666666666,80.66666666666667,66.0,37.00000000000001,51.41666666666667,78.25,26.83333333333333,50.0,79.0,29.0,29.0,0.8389261744966445,3.0,0.2849208112953166
push,leudies,combined_augmented,/Users/vibha/COSMOS-Cluster10/labs/Cosmos-Gesture-Recognition-/data/processed/combined_augmented/sessions/leudies_push_002,30.0,305550.5277777778,78290.7958941592,236468.0,465318.3333333333,240956.0,241991.5,1035.5,3.2611111111111115,3.4344882990837533,2.080685816038258,1.4503723042388543,5.483181913931189,300.0,300.0,0.7504733333333333,0.1210401541576948,0.5923333333333334,0.9775,-0.354655,0.0629005134010137,-0.5923333333333333,-0.1406666666666667,-0.5211283333333334,0.1581550543477531,-0.7333333333333334,-0.1926666666666666,-3.1988888888888893,10.606773661882452,-32.906666666666666,32.5,-7.289849999999999,9.26838852547665,-41.24999999999999,5.3933333333333335,3.627144444444444,8.361459869071835,-21.74,30.33333333333333,1.001274959078527,0.0404203403608426,150.0,63.20000000000001,10.893390766100548,47.66666666666666,76.33333333333333,63.16666666666666,28.666666666666664,51.41666666666667,74.66666666666667,23.25,50.5,76.0,25.5,25.5,0.6961222967934377,3.0,0.2396527253063098
push,leudies,combined_augmented,/Users/vibha/COSMOS-Cluster10/labs/Cosmos-Gesture-Recognition-/data/processed/combined_augmented/sessions/leudies_push_003,30.0,351276.3333333334,63921.62147017178,285307.0,482509.6666666667,311615.5,298795.5,-12820.0,5.266666666666667,1.5405626677721789,2.527185372388894,2.48184086613143,13.302754155139104,302.0,302.0,0.701639072847682,0.1639031742410521,0.4893333333333333,1.0116666666666667,-0.2189525386313465,0.0492678473150532,-0.3683333333333333,-0.1119999999999999,-0.6250529801324504,0.2070720014540563,-0.8533333333333332,-0.159,-3.819701986754966,11.353299950429824,-47.97666666666667,15.776666666666666,-10.648410596026492,14.574846132440555,-72.64333333333333,6.093333333333334,2.254729580573952,8.607029337695817,-30.416666666666668,27.46666666666667,1.0010972333705015,0.030059027289515,151.0,67.66997792494482,10.509809706820745,50.66666666666666,80.66666666666667,74.66666666666667,30.000000000000007,55.083333333333336,76.33333333333333,21.25,52.5,78.0,25.5,25.5,0.8655555555555554,3.0,0.2145881259439987
push,leudies,combined_augmented,/Users/vibha/COSMOS-Cluster10/labs/Cosmos-Gesture-Recognition-/data/processed/combined_augmented/sessions/leudies_push_004,30.0,359974.99999999994,97756.2992929072,256110.3333333333,545587.0,257049.0,347325.0,90276.0,4.066666666666666,2.753314500877214,2.885691560721669,2.466631418435717,9.050549817094987,300.0,300.0,0.7088183333333333,0.1220204726771956,0.5373333333333333,0.9416666666666668,-0.3316566666666666,0.0491874371570025,-0.447,-0.2003333333333333,-0.5983277777777778,0.125016962799671,-0.8176666666666667,-0.388,-0.2491499999999998,7.435768775772903,-20.62,14.773333333333332,-5.938933333333333,9.975434287919128,-32.663333333333334,9.916666666666666,1.9957277777777784,9.874507180293753,-21.576666666666668,32.25666666666667,1.001238346159851,0.0295824063856081,150.0,62.967777777777776,8.311234107844223,50.333333333333336,74.44444444444444,65.0,24.111111111111107,53.66666666666666,71.0,17.333333333333336,53.5,73.5,20.0,20.0,0.7777777777777781,3.0,0.1705418018578602
push,leudies,combined_augmented,/Users/vibha/COSMOS-Cluster10/labs/Cosmos-Gesture-Recognition-/data/processed/combined_augmented/sessions/leudies_push_005,31.0,349158.01612903224,79850.45376442233,247947.3333333333,501749.6666666667,250759.5,351637.0,100877.5,4.591397849462365,2.661903915361904,2.2761100825270604,2.509139699217424,10.023123474448012,302.0,302.0,0.7408622148638705,0.1210855771068061,0.577,0.9675,-0.3283824503311258,0.0687803159271873,-0.434,-0.0663333333333333,-0.557967991169978,0.1366847115244718,-0.7206666666666667,-0.292,-1.7993101545253862,7.220924800636512,-23.66,20.85333333333333,-4.840176600441501,11.266357331059709,-35.21,15.583333333333334,1.3434823399558504,13.090840071179072,-30.596666666666664,38.09666666666667,1.0024628496764123,0.0344024489570406,151.0,63.395143487858725,10.648797808934596,45.66666666666666,76.33333333333333,69.0,30.666666666666664,51.16666666666666,72.16666666666666,21.0,47.5,67.5,20.0,20.0,0.7688888888888893,3.666666666666664,0.2175978854420819
push,leudies,combined_augmented,/Users/vibha/COSMOS-Cluster10/labs/Cosmos-Gesture-Recognition-/data/processed/combined_augmented/sessions/leudies_push_006,30.0,320333.9888888889,76142.75929737768,244900.0,485261.3333333333,256798.0,253316.0,-3482.0,3.6222222222222222,3.1206995100616086,2.9061660645407854,2.082906748503033,8.446169214686833,301.0,301.0,0.763232558139535,0.0884639435585355,0.6346666666666666,0.9623333333333334,-0.3556533776301218,0.0484732123878479,-0.4963333333333333,-0.1843333333333333,-0.5213017718715394,0.1179713793600702,-0.694,-0.2663333333333333,-1.2137153931339977,8.389085123972935,-22.675,32.57833333333334,-5.745769656699888,6.770550704235211,-19.47,13.753333333333336,0.5620708748615731,8.829580328172291,-28.13,21.85,1.001978296062944,0.0300177010508963,151.0,63.63465783664459,9.235774150547506,48.333333333333336,75.66666666666667,67.0,27.333333333333336,53.0,72.33333333333333,19.33333333333333,51.0,71.0,20.0,20.0,0.9000000000000004,3.0,0.196333798071337
push,leudies,combined_augmented,/Users/vibha/COSMOS-Cluster10/labs/Cosmos-Gesture-Recognition-/data/processed/combined_augmented/sessions/leudies_push_007,30.0,349846.2333333334,89298.19878819464,258758.0,518504.3333333333,308792.5,278236.0,-30556.5,3.505555555555555,3.063671040910493,1.9147386633984431,1.5162117140275553,4.932598548099978,301.0,301.0,0.7334186046511628,0.1158407389054542,0.5619999999999999,0.9536666666666666,-0.3891212624584718,0.0664947789440777,-0.5433333333333333,-0.244,-0.5037286821705427,0.2131183202099527,-0.721,-0.145,-7.301561461794019,10.60057334438535,-39.03333333333333,6.544999999999999,-8.832192691029901,10.50132321946599,-39.06333333333333,3.306666666666666,0.3145404208194904,7.785856765876597,-19.57333333333333,24.086666666666662,1.002709789212415,0.0298985155266054,151.0,64.2075055187638,11.058949231570368,44.66666666666666,77.0,71.0,32.333333333333336,53.0,73.33333333333333,20.33333333333333,47.0,70.5,23.5,23.5,0.883333333333333,3.0,0.2291669571279189
push,leudies,combined_augmented,/Users/vibha/COSMOS-Cluster10/labs/Cosmos-Gesture-Recognition-/data/processed/combined_augmented/sessions/leudies_push_008,30.0,336978.4111111111,88054.35762484207,243249.0,556218.3333333334,243249.0,296111.0,52862.0,4.138888888888888,2.9470900064593955,1.5548975516498251,1.7830525034876217,7.616860823332519,302.0,302.0,0.6229133554083887,0.184015959855648,0.4143333333333334,1.0226666666666666,-0.3058007726269315,0.0846006441542194,-0.4516666666666666,0.021,-0.6615976821192053,0.2210133011281288,-0.879,-0.133,-3.2313024282560705,9.548869084196532,-34.97666666666667,12.563333333333333,-12.1371412803532,16.40872872081098,-54.22,5.995,4.072246136865342,10.017735033406224,-28.586666666666662,31.46333333333333,1.003871289741514,0.0368118085950327,151.0,64.55298013245033,7.9208672098387645,47.333333333333336,74.33333333333333,68.5,27.0,56.0,70.66666666666667,14.666666666666671,51.0,73.5,22.5,22.5,0.9877777777777784,3.333333333333336,0.1564540490298591
clockwise,leudies,combined_augmented,/Users/vibha/COSMOS-Cluster10/labs/Cosmos-Gesture-Recognition-/data/processed/combined_augmented/sessions/leudies_clockwise_001,30.0,457812.5611111111,117596.43934749172,239739.0,634708.3333333334,239739.0,315818.5,76079.5,5.561111111111112,2.4842031785058896,2.1513961458766224,1.470613024215279,6.614672565743268,301.0,301.0,0.1467087486157253,0.8686945693287963,-2.385,1.0483333333333331,-0.2828837209302325,0.5901920772511888,-1.4316666666666666,0.8326666666666668,-0.4857137320044297,0.2649546345682015,-0.9723333333333332,0.0633333333333333,-63.082192691029896,49.778808163921816,-204.8933333333333,6.425000000000001,-28.988377630121818,102.2259239824696,-287.07666666666665,145.46,-14.300908084163895,131.60938175956164,-550.37,216.93666666666664,1.1224561719106858,0.5007140194717845,151.0,97.88741721854304,28.657986732864966,25.0,162.33333333333334,111.66666666666669,137.33333333333334,85.83333333333333,115.83333333333334,30.00000000000001,113.0,117.0,4.0,4.0,3.224444444444444,56.333333333333336,0.0005065644243052
clockwise,leudies,combined_augmented,/Users/vibha/COSMOS-Cluster10/labs/Cosmos-Gesture-Recognition-/data/processed/combined_augmented/sessions/leudies_clockwise_002,30.0,421578.98888888897,89125.94693044233,268985.3333333333,572584.6666666666,300352.0,330380.0,30028.0,5.466666666666667,2.469967761073156,2.953427580631764,1.5715995667881515,6.318855816065685,301.0,301.0,0.1561007751937984,0.8430615111573435,-2.065,1.0136666666666667,-0.2187281284606866,0.6731331530167194,-1.5975,0.8603333333333333,-0.4560459579180509,0.2542992786434563,-0.956,0.0205,-60.56795127353267,52.0351978104561,-190.19333333333336,7.976666666666667,-38.93418604651163,108.99912802510045,-323.30333333333334,112.54888888888888,-5.071046511627908,115.1942760101044,-260.8,242.58,1.125721099703946,0.4913943874470549,150.0,98.21444444444444,30.0234207401587,26.0,133.33333333333334,115.5,107.33333333333334,78.33333333333333,120.0,41.66666666666667,116.5,117.0,0.5,0.5,2.233780760626398,10.0,-0.0552572706935126
clockwise,leudies,combined_augmented,/Users/vibha/COSMOS-Cluster10/labs/Cosmos-Gesture-Recognition-/data/processed/combined_augmented/sessions/leudies_clockwise_003,30.0,460199.288888889,87089.07800839166,293861.3333333333,588783.3333333334,322136.5,328060.5,5924.0,6.027777777777777,2.241065939058884,2.669436575625566,2.3242706691679658,11.45316665525398,302.0,302.0,0.1965590507726269,0.8503936990955038,-1.895333333333333,1.122,-0.2406054083885209,0.5896646138328618,-1.566,0.6923333333333334,-0.4772720750551876,0.3544216142761521,-1.2546666666666666,0.1036666666666666,-67.6834105960265,55.52988812552369,-238.75666666666663,7.616666666666666,-30.729277041942613,109.57915991079956,-318.6566666666667,109.57333333333334,-13.346666666666664,125.11434780957208,-439.4466666666667,246.2966666666667,1.126357502502592,0.5021178289048874,150.0,95.2222222222222,30.559465548760848,29.33333333333333,132.33333333333334,112.0,103.0,73.91666666666667,117.0,43.08333333333333,112.0,118.5,6.5,6.5,2.151006711409396,10.0,-0.0675241862601302
clockwise,leudies,combined_augmented,/Users/vibha/COSMOS-Cluster10/labs/Cosmos-Gesture-Recognition-/data/processed/combined_augmented/sessions/leudies_clockwise_004,30.0,448207.2944444444,94775.37160949533,276554.0,617139.0,276554.0,325595.5,49041.5,6.044444444444445,2.385113295442957,2.918000495145798,2.2760115629337534,8.276311358483085,302.0,302.0,0.1801236203090507,0.8301086802752256,-1.88,1.0546666666666666,-0.3285678807947019,0.5383210966514977,-1.373,0.4356666666666666,-0.4002891832229581,0.2549457983212762,-0.9406666666666668,0.164,-73.69763796909493,67.4995481227503,-388.7766666666666,12.593333333333334,-23.43934878587196,102.01910795958528,-270.9266666666667,123.90666666666668,-3.4089790286975674,115.19455677964984,-313.75,235.47000000000003,1.0887487324447902,0.3989064839512476,148.0,93.6036036036036,27.602324689010064,27.33333333333333,127.66666666666669,107.33333333333331,100.33333333333334,84.58333333333334,112.0,27.416666666666657,109.0,107.0,-2.0,2.0,2.3416477702191987,31.0,-0.0888549143582702
clockwise,leudies,combined_augmented,/Users/vibha/COSMOS-Cluster10/labs/Cosmos-Gesture-Recognition-/data/processed/combined_augmented/sessions/leudies_clockwise_005,30.0,467516.84444444446,104432.7083217274,278867.6666666667,612568.0,325265.5,347303.5,22038.0,5.791666666666667,2.473446950070856,2.851653886488341,2.566935268423588,11.15357398668266,301.0,301.0,0.2199119601328904,0.8576502851145387,-2.2413333333333334,1.0593333333333332,-0.2550260243632337,0.6259186115712563,-1.6986666666666668,0.7386666666666667,-0.3779202657807308,0.3041064956806659,-1.0186666666666666,0.1159999999999999,-68.10806201550388,55.19147989783609,-289.39000000000004,15.373333333333331,-36.70674418604651,104.027774141706,-305.7066666666667,109.52,-7.884789590254703,120.59689651238833,-314.37333333333333,263.1933333333333,1.1103709483420876,0.4930704901544931,149.0,96.26957494407158,30.49980675685493,26.0,129.0,112.0,103.0,75.66666666666667,117.33333333333331,41.66666666666666,113.5,120.0,6.5,6.5,2.0754504504504507,11.0,-0.0083680996432669
clockwise,leudies,combined_augmented,/Users/vibha/COSMOS-Cluster10/labs/Cosmos-Gesture-Recognition-/data/processed/combined_augmented/sessions/leudies_clockwise_006,30.0,444922.6555555556,82577.1780891797,280101.3333333333,574090.0,289289.5,393317.5,104028.0,5.908333333333334,2.021224189005817,3.305594489368157,2.834898659826235,13.71007321791825,300.0,300.0,0.3908938888888888,0.5852370717318931,-1.523,1.048,-0.1227794444444444,0.5673485517058597,-1.452333333333333,0.7783333333333333,-0.5084133333333334,0.4863544876672508,-1.6936666666666664,0.1383333333333333,-45.18808888888888,54.12702595645602,-205.11666666666667,87.81,-35.25199444444445,105.64327016976084,-277.50333333333333,144.71,-22.95542222222223,98.328039558717,-336.9875,116.72333333333331,1.0767936045023994,0.4096339488967414,148.0,103.81644144144144,41.9803799344006,30.0,208.66666666666663,112.08333333333334,178.66666666666666,74.33333333333334,122.0,47.66666666666666,151.0,125.0,-26.0,26.0,3.813303099017384,32.0,-0.3446131037214447
clockwise,leudies,combined_augmented,/Users/vibha/COSMOS-Cluster10/labs/Cosmos-Gesture-Recognition-/data/processed/combined_augmented/sessions/leudies_clockwise_007,30.0,444088.4944444444,102208.2710490591,260575.0,587934.0,261398.0,302185.5,40787.5,6.416666666666666,2.3153073550067056,2.5370896877746216,1.514544273513877,6.199912175843633,301.0,301.0,0.2543820598006645,0.728249226682691,-1.266,1.074,-0.2386827242524917,0.5377681624539462,-1.221666666666667,0.6,-0.4501638981173864,0.4384719156267237,-1.2646666666666666,0.3536666666666666,-58.60852713178295,48.54744313330583,-174.75,21.28,-28.96059246954596,101.22031872123348,-278.85,114.8,-18.64703765227021,110.66951529017992,-341.43333333333334,209.03,1.0843901682387098,0.4002803104161915,150.0,98.07333333333334,32.09835555803757,32.0,139.66666666666666,115.33333333333331,107.66666666666666,74.5,122.125,47.625,115.0,122.0,7.0,7.0,2.577181208053691,20.666666666666657,-0.054499607389958
clockwise,leudies,combined_augmented,/Users/vibha/COSMOS-Cluster10/labs/Cosmos-Gesture-Recognition-/data/processed/combined_augmented/sessions/leudies_clockwise_008,30.0,473410.5444444445,101087.73664786828,262482.0,594347.0,262482.0,404414.0,141932.0,6.699999999999999,3.413860636353576,1.8243104011519649,0.9813473115465556,4.154464921153606,301.0,301.0,0.2524147286821705,0.7041188665952874,-1.3256666666666668,1.039,-0.2361555924695459,0.5408957799814013,-1.2946666666666669,0.5806666666666667,-0.4764972314507198,0.4237089844664864,-1.235,0.2773333333333334,-53.059404761904766,54.7374493798112,-279.72333333333336,58.85,-32.15550941306755,103.95011051463489,-243.5566666666667,150.36666666666667,-18.98354928017719,95.6545073446148,-341.28000000000003,176.92666666666665,1.0788452459054838,0.3879511988542051,149.0,98.21140939597316,30.851489850624464,34.0,135.0,114.0,101.0,77.66666666666667,121.66666666666669,44.0,121.0,118.0,-3.0,3.0,2.3513513513513504,11.666666666666655,-0.0353999637221112
anti_clockwise,leudies,combined_augmented,/Users/vibha/COSMOS-Cluster10/labs/Cosmos-Gesture-Recognition-/data/processed/combined_augmented/sessions/leudies_anti_clockwise_001,30.0,481391.8555555556,189901.5163779233,251514.0,907203.0,251514.0,297780.0,46266.0,6.166666666666667,2.4232668491567786,2.01006203205498,1.559373404568194,5.70231594659846,300.0,300.0,0.1188466666666666,1.0227438735740897,-2.397666666666667,1.0883333333333334,-0.4020911111111112,0.6152644836547235,-2.197,0.4643333333333333,-0.2739247222222222,0.2457796709885077,-0.765,0.2153333333333333,61.5515,92.46363543422336,-75.19,303.7133333333333,6.7692000000000005,105.27366377132203,-196.81333333333336,353.44666666666666,-17.575427777777787,119.56010569797708,-301.88,268.06333333333333,1.1558513416730285,0.6323031580349674,150.0,100.75333333333332,29.14376998363561,21.0,126.33333333333331,116.0,105.33333333333331,87.33333333333333,118.33333333333331,31.0,125.0,116.0,-9.0,9.0,1.845637583892617,12.666666666666664,0.1226418951953414
anti_clockwise,leudies,combined_augmented,/Users/vibha/COSMOS-Cluster10/labs/Cosmos-Gesture-Recognition-/data/processed/combined_augmented/sessions/leudies_anti_clockwise_002,30.0,464496.0888888889,125330.54444861611,245656.66666666663,679450.6666666666,247801.5,337760.5,89959.0,5.938888888888888,2.2609746068542003,2.485363293226646,1.7166051270589693,7.674603166840517,302.0,302.0,0.0775353200883002,1.1075145574256786,-2.925333333333333,1.129,-0.3306545253863134,0.6142490784007457,-2.0930000000000004,0.437,-0.1024243929359823,0.3312551895897636,-0.5789999999999998,0.7476666666666666,70.35921081677704,120.82913437803232,-123.38666666666668,415.8866666666667,12.447582781456951,95.62526910804664,-187.41333333333333,289.1033333333333,-26.787102649006624,131.64945354065372,-289.8933333333334,380.40333333333336,1.17631561856318,0.6750828754074444,150.0,101.81166666666668,28.93930466981813,18.0,126.0,115.16666666666666,108.0,92.41666666666666,120.66666666666669,28.25000000000001,112.75,124.0,11.25,11.25,2.1739373601789715,13.666666666666655,0.2399844437530557
anti_clockwise,leudies,combined_augmented,/Users/vibha/COSMOS-Cluster10/labs/Cosmos-Gesture-Recognition-/data/processed/combined_augmented/sessions/leudies_anti_clockwise_003,30.0,434580.0777777778,109075.29471287876,247981.66666666663,593730.0,250884.0,338255.0,87371.0,5.327777777777778,2.0836592337685964,2.2532195450944035,1.5781310666846518,6.384332773262371,301.0,301.0,0.119203211517165,0.9179514064281016,-1.8736666666666668,1.1146666666666667,-0.3813410852713179,0.6173739288682506,-1.6226666666666667,0.25,-0.2668529900332226,0.2295054511059905,-0.907,0.2373333333333333,58.73038205980067,102.26372162387447,-67.48666666666666,314.62333333333333,12.903909191583612,93.38782709289865,-204.3,265.2866666666667,-15.891932447397568,112.1740330498282,-205.58,256.8933333333334,1.1090892448986749,0.526516950143663,148.0,99.2668918918919,30.406938554701824,23.0,125.33333333333331,115.66666666666669,102.33333333333331,87.58333333333333,119.33333333333331,31.75,115.5,120.0,4.5,4.5,2.0442176870748305,7.666666666666671,0.2532841360741648
anti_clockwise,leudies,combined_augmented,/Users/vibha/COSMOS-Cluster10/labs/Cosmos-Gesture-Recognition-/data/processed/combined_augmented/sessions/leudies_anti_clockwise_004,30.0,459756.6833333333,129459.94672792408,247239.5,717952.3333333334,247239.5,364327.0,117087.5,6.355555555555555,2.3236837506079664,2.509075557096317,1.89169078337091,6.987772216775785,302.0,302.0,0.1847582781456954,0.7878237337988089,-1.6486666666666665,1.0536666666666668,-0.4004884105960265,0.5709008725422441,-1.747,0.3053333333333333,-0.4078576158940397,0.2273067833710676,-1.2013333333333334,0.089,55.21822295805739,86.58029556275466,-81.21000000000001,300.6466666666667,20.62900110375276,92.18559943773754,-186.2833333333333,279.55333333333334,-7.129828918322298,106.97692321819152,-252.63333333333333,222.78666666666663,1.072135952394478,0.4578879102616089,148.0,95.81193693693696,33.50633270322155,19.33333333333333,137.0,110.58333333333334,117.66666666666669,74.58333333333334,121.08333333333331,46.49999999999999,110.5,137.0,26.5,26.5,2.266439909297052,11.0,0.3147220977997584
anti_clockwise,leudies,combined_augmented,/Users/vibha/COSMOS-Cluster10/labs/Cosmos-Gesture-Recognition-/data/processed/combined_augmented/sessions/leudies_anti_clockwise_005,30.0,446050.5444444444,115135.42550079024,284296.0,719448.6666666666,284296.0,332578.0,48282.0,6.294444444444445,1.7035517243002207,2.6513259370314066,2.032506956083612,8.021042509084284,300.0,300.0,0.1165938888888888,0.8500550715285325,-1.5259999999999998,1.119,-0.4399666666666667,0.6090657596923584,-1.9023333333333328,0.327,-0.2154969444444444,0.2831937190578416,-0.6586666666666666,0.3793333333333333,66.95309999999999,103.75688111933697,-75.34000000000002,324.42333333333335,17.877761111111113,94.7251787984802,-216.64,280.0966666666667,-23.455422222222225,106.26652382643869,-207.69666666666663,205.8166666666667,1.0981022304281176,0.4706682845407345,150.0,96.7922222222222,31.36300261668957,23.33333333333333,125.33333333333331,112.66666666666669,102.0,77.25,118.91666666666669,41.66666666666667,124.5,111.0,-13.5,13.5,1.739373601789709,10.0,0.1244099737766122
anti_clockwise,leudies,combined_augmented,/Users/vibha/COSMOS-Cluster10/labs/Cosmos-Gesture-Recognition-/data/processed/combined_augmented/sessions/leudies_anti_clockwise_006,30.0,475866.82777777774,131323.08145142344,266334.3333333333,734755.3333333334,318472.5,427646.0,109173.5,6.594444444444445,2.3561123555761863,2.9191439714469167,4.303027709966548,17.898613589375096,301.0,301.0,0.0292126245847176,1.0675770971038585,-2.6366666666666667,1.1263333333333332,-0.2445952380952381,0.6239842017445546,-1.724,0.5793333333333334,-0.1799983388704318,0.4938311047507933,-0.638,0.977,71.21433554817276,134.50813896862067,-111.95,470.21,3.2252934662236976,102.76875583221523,-256.14000000000004,303.8633333333333,-34.58452380952381,129.53449667719863,-304.5733333333333,280.30333333333334,1.209861281215387,0.6342409577225755,148.0,99.66554054054056,27.881682034315595,19.666666666666668,122.33333333333331,113.58333333333334,102.66666666666666,87.58333333333334,117.0,29.416666666666657,116.5,113.0,-3.5,3.5,2.1142101284958428,9.666666666666664,0.1532762388467083
anti_clockwise,leudies,combined_augmented,/Users/vibha/COSMOS-Cluster10/labs/Cosmos-Gesture-Recognition-/data/processed/combined_augmented/sessions/leudies_anti_clockwise_007,30.0,465993.1166666666,123783.9521621438,278424.3333333333,721341.3333333334,290535.5,337720.0,47184.5,6.672222222222222,2.155304968252252,1.915117654851536,1.9122402832547656,8.821476767350433,300.0,300.0,0.0503794444444444,1.0751958225622191,-2.608333333333333,1.1313333333333333,-0.3438816666666666,0.6416948553526911,-2.353,0.5563333333333333,-0.1872983333333333,0.3316296368671873,-0.614,0.6666666666666666,73.39605,126.79782481353456,-92.49333333333334,437.17666666666673,15.58836111111111,95.84346466615337,-219.1133333333333,275.02666666666664,-24.645077777777782,128.1217132392645,-223.7033333333333,319.9633333333333,1.197900686608907,0.6314300120150681,150.0,98.14666666666666,27.98225654912251,19.0,130.0,110.0,111.0,90.5,117.79166666666666,27.291666666666657,101.5,113.5,12.0,12.0,2.351230425055929,15.666666666666671,0.2709554498718456
anti_clockwise,leudies,combined_augmented,/Users/vibha/COSMOS-Cluster10/labs/Cosmos-Gesture-Recognition-/data/processed/combined_augmented/sessions/leudies_anti_clockwise_008,30.0,434925.5,96108.8017148524,287586.6666666667,636851.6666666666,298125.0,358351.0,60226.0,5.383333333333334,1.5596737814449368,3.219080909702132,2.932548054136126,14.39140739217404,300.0,300.0,0.02645,0.9952558651571112,-1.971,1.1196666666666666,-0.3287211111111111,0.5907768797654764,-1.6706666666666667,0.4806666666666666,-0.1636811111111111,0.3227112325379655,-0.5593333333333333,0.5196666666666666,69.57911666666666,114.89531145451052,-116.69333333333334,375.15333333333336,9.847866666666668,105.10770911909223,-248.5433333333333,241.04666666666665,-32.959833333333336,108.36502714851386,-227.57,227.59666666666664,1.1525928816329418,0.5007718294143526,150.0,98.27333333333333,31.57475345791969,22.666666666666668,136.33333333333334,110.33333333333331,113.66666666666669,80.33333333333333,122.33333333333331,42.0,112.0,120.0,8.0,8.0,2.5906040268456376,21.66666666666667,0.299151073381039
right,leudies,combined_augmented,/Users/vibha/COSMOS-Cluster10/labs/Cosmos-Gesture-Recognition-/data/processed/combined_augmented/sessions/leudies_right_001,30.0,401551.6555555556,150340.5196437219,258776.3333333333,725883.3333333334,308049.0,329519.0,21470.0,4.022222222222223,2.54104576508313,2.717627442281801,1.8515191140316505,7.087588815282662,301.0,301.0,0.5850448504983389,0.1658981949101387,0.1826666666666666,0.7953333333333333,-0.3810531561461794,0.2877807755173685,-0.76175,0.405,-0.7022984496124032,0.2311830256419293,-1.2036666666666669,-0.2703333333333333,-34.30308970099668,55.29175984084837,-138.07666666666668,29.01333333333333,7.1523532668881495,12.897665394104514,-9.856666666666667,56.65333333333333,42.19156146179402,63.44187565086678,-86.215,170.59666666666666,1.0671740160621377,0.075015290775678,150.0,94.50222222222222,17.592277548626733,58.0,125.33333333333331,98.33333333333331,67.33333333333333,87.41666666666666,106.33333333333331,18.91666666666667,64.0,110.0,46.0,46.0,2.53392990305742,9.333333333333345,0.2605828407188466
right,leudies,combined_augmented,/Users/vibha/COSMOS-Cluster10/labs/Cosmos-Gesture-Recognition-/data/processed/combined_augmented/sessions/leudies_right_002,30.0,406722.0555555556,118284.14172632757,260885.0,590571.3333333334,260885.0,279692.0,18807.0,4.022222222222222,2.332080792563857,4.039070050937592,6.017834681141666,20.080340349335007,301.0,301.0,0.540749169435216,0.184750970992818,0.1243333333333333,0.778,-0.4308067552602436,0.2398517154051099,-0.6666666666666666,0.367,-0.6796644518272426,0.2434395037894761,-1.3543333333333336,-0.329,-32.23542635658915,34.393241437908884,-114.64666666666666,21.00333333333333,16.60615725359911,22.726191322712847,-15.816666666666668,67.67333333333333,47.83231450719823,51.248210468133045,-11.476666666666665,139.38,1.0416909631407445,0.0758444967159747,150.0,95.31333333333332,27.828566752831136,48.333333333333336,183.0,103.5,134.66666666666666,80.5,109.0,28.5,50.5,169.0,118.5,118.5,2.942953020134227,19.333333333333314,0.561192941908529
right,leudies,combined_augmented,/Users/vibha/COSMOS-Cluster10/labs/Cosmos-Gesture-Recognition-/data/processed/combined_augmented/sessions/leudies_right_003,31.0,429497.89784946246,129930.97141084052,274556.3333333333,713143.3333333334,312564.0,302812.5,-9751.5,5.155913978494623,2.013812288981431,1.8869618415038447,1.4726145398566612,5.4394796163475325,301.0,301.0,0.4071029900332226,0.1928843257141189,-0.015,0.63,-0.3967990033222591,0.2343253806546362,-0.7553333333333333,0.395,-0.8036760797342193,0.192389602473449,-1.2916666666666667,-0.4863333333333333,-27.292740863787376,33.27937878556223,-87.75333333333333,14.873333333333331,12.401971207087485,20.83526259969586,-29.71333333333333,61.403333333333336,52.44316722037652,58.06343970829385,-15.276666666666666,154.3033333333333,1.0452357037014766,0.0754079879137039,151.0,82.31346578366447,25.665367406886816,37.66666666666666,120.0,93.0,82.33333333333334,59.16666666666666,101.16666666666666,41.99999999999999,38.0,111.0,73.0,73.0,1.6044444444444448,13.333333333333345,0.4872336470314857
right,leudies,combined_augmented,/Users/vibha/COSMOS-Cluster10/labs/Cosmos-Gesture-Recognition-/data/processed/combined_augmented/sessions/leudies_right_004,30.0,421992.6194444445,134473.68273725614,246717.3333333333,650643.6666666666,247231.0,328306.25,81075.25,4.71111111111111,2.5191611380588923,1.7865854106705712,1.199405218194846,4.125362288763332,301.0,301.0,0.4688493909191584,0.2722386413685765,-0.0813333333333333,0.7436666666666666,-0.4164496124031008,0.2424779166140281,-0.7783333333333333,0.2913333333333333,-0.7340459579180508,0.2462797514571099,-1.2173333333333334,-0.3916666666666666,-26.8575138427464,34.86432185225068,-105.67333333333332,21.30333333333333,18.26156699889258,24.376887139359148,-14.963333333333331,74.19,51.20059800664452,63.242479339719,-14.763333333333334,189.44666666666663,1.0585183916792127,0.0719405846939292,151.0,91.11810154525386,27.48171356443564,31.666666666666668,126.33333333333331,103.66666666666669,94.66666666666666,68.83333333333334,112.5,43.66666666666666,41.5,98.0,56.5,56.5,2.025555555555555,12.0,0.5362803532008827
right,leudies,combined_augmented,/Users/vibha/COSMOS-Cluster10/labs/Cosmos-Gesture-Recognition-/data/processed/combined_augmented/sessions/leudies_right_005,30.0,436724.0166666667,149997.31464163167,268665.5,707745.0,268665.5,307340.0,38674.5,4.575000000000001,2.299391022439218,3.125346468767165,3.2753725013724253,14.157588706911136,302.0,302.0,0.3737842163355408,0.1798940644576926,-0.0866666666666666,0.638,-0.4921037527593819,0.336227765480858,-1.0113333333333334,0.4305,-0.7573818984547461,0.2308396729227265,-1.291,-0.3899999999999999,-27.631666666666664,38.02360129577902,-109.34999999999998,26.113333333333333,12.95021523178808,19.60924632762719,-16.95,63.470000000000006,54.42264348785872,65.33610004315366,-18.94333333333333,172.07333333333335,1.0685351394372142,0.1115288261333402,151.0,86.8057395143488,18.46724257489036,44.66666666666666,111.66666666666669,94.33333333333331,67.0,83.5,99.0,15.5,45.0,103.0,58.0,58.0,1.8533333333333333,12.0,0.2991657952829088
right,leudies,combined_augmented,/Users/vibha/COSMOS-Cluster10/labs/Cosmos-Gesture-Recognition-/data/processed/combined_augmented/sessions/leudies_right_006,30.0,436685.8333333333,132893.1032247417,277006.6666666667,712264.0,288048.0,325009.0,36961.0,5.505555555555556,2.0960648020328447,2.078339549792681,1.423200601178697,6.002651630084352,303.0,303.0,0.4385693069306931,0.2355331801500407,-0.009,0.7123333333333332,-0.440936193619362,0.3421864558290916,-1.145333333333333,0.306,-0.7409884488448846,0.2603812522972912,-1.348,-0.0413333333333333,-31.34046204620462,46.38698378762113,-178.03666666666666,31.899999999999995,11.809389438943896,29.622242955069897,-37.04,95.66333333333334,47.79103960396039,69.37589221084298,-31.77,177.50666666666666,1.079940988821415,0.0996240526305946,150.0,89.3,27.58693652856796,34.666666666666664,150.33333333333334,98.66666666666666,115.66666666666669,69.5,107.45833333333331,37.95833333333333,44.0,107.5,63.5,63.5,3.3277404921700224,19.999999999999982,0.4929937626857488
right,leudies,combined_augmented,/Users/vibha/COSMOS-Cluster10/labs/Cosmos-Gesture-Recognition-/data/processed/combined_augmented/sessions/leudies_right_007,30.0,437935.18888888886,117205.50257676357,285200.0,671613.0,285200.0,399416.0,114216.0,5.480555555555555,1.7172441495418769,2.152408336706236,1.290509879965591,4.893769202238896,300.0,300.0,0.378691111111111,0.2347505211501071,-0.1896666666666666,0.6796666666666668,-0.4850705555555555,0.268899478922351,-0.97,0.2426666666666666,-0.7945266666666667,0.2377901234437784,-1.4203333333333334,-0.4313333333333333,-35.09359444444444,51.27013392994176,-180.1,22.35,10.724194444444445,24.536140660054286,-27.62,72.15333333333334,57.6122,69.9232133328384,-15.516666666666667,207.16,1.08704339792854,0.1107635152851674,149.0,87.14317673378075,25.9672569013617,34.666666666666664,120.0,96.33333333333331,85.33333333333334,73.0,108.33333333333331,35.33333333333333,40.0,99.5,59.5,59.5,2.269144144144145,11.666666666666671,0.4551502509220633
right,leudies,combined_augmented,/Users/vibha/COSMOS-Cluster10/labs/Cosmos-Gesture-Recognition-/data/processed/combined_augmented/sessions/leudies_right_008,30.0,461935.2444444445,90234.65820407876,305608.0,625896.3333333334,305608.0,320493.0,14885.0,6.066666666666666,1.083205120618128,1.6689419652148298,1.0724486236504536,5.375374727358003,303.0,303.0,0.2982887788778878,0.1989553593068858,-0.2243333333333333,0.576,-0.562078107810781,0.3363186311257742,-1.4056666666666668,0.17,-0.757026402640264,0.2740045222573137,-1.2423333333333335,-0.1693333333333333,-31.32441694169417,42.19811132138088,-120.79333333333334,24.916666666666668,14.591034103410344,32.169600248325814,-30.55666666666667,108.44333333333331,60.71318481848184,72.9141875186025,-17.203333333333333,218.36666666666667,1.0923105507967177,0.1123679876741813,151.0,92.10375275938188,21.43447155887204,44.0,122.83333333333331,102.0,78.83333333333333,74.5,107.41666666666666,32.91666666666666,69.5,108.0,38.5,38.5,2.378888888888889,10.0,0.3831433716742181
left,leudies,combined_augmented,/Users/vibha/COSMOS-Cluster10/labs/Cosmos-Gesture-Recognition-/data/processed/combined_augmented/sessions/leudies_left_001,30.0,438686.7555555555,126689.3751988152,263303.0,630121.3333333334,263303.0,366883.0,103580.0,5.922222222222223,2.499530820171589,1.7864026291120576,1.41687889025885,5.199897826711195,301.0,301.0,0.3481799557032115,0.2048174625504437,-0.158,0.8370000000000001,-0.6220741971207087,0.2373914469401229,-1.3663333333333334,-0.207,-0.727889258028793,0.2025735662709221,-1.1063333333333334,-0.1463333333333333,34.51227021040975,48.92657594364152,-77.95333333333333,143.20333333333332,-26.49533776301218,51.13762171815654,-117.21333333333332,154.425,-34.621777408637875,56.49675551978517,-146.10333333333332,82.2,1.0776383764607471,0.126747116761144,149.0,49.42673378076062,29.81493989951483,12.666666666666666,109.0,32.666666666666664,96.33333333333331,27.666666666666668,73.66666666666667,46.0,104.5,15.75,-88.75,88.75,2.2370495495495493,19.333333333333336,-0.5991281214100006
left,leudies,combined_augmented,/Users/vibha/COSMOS-Cluster10/labs/Cosmos-Gesture-Recognition-/data/processed/combined_augmented/sessions/leudies_left_002,30.0,423628.3555555555,113523.23342985733,268855.3333333333,617730.3333333334,279559.0,276663.0,-2896.0,6.127777777777777,2.132501284500214,2.4250924811014585,2.033011139927066,7.663891952245165,301.0,301.0,0.41915780730897,0.1903037335306612,-0.0283333333333333,0.6616666666666667,-0.6954651162790698,0.2197552826611246,-1.2463333333333333,-0.3186666666666666,-0.594749723145072,0.2192119361407645,-1.1043333333333334,-0.0416666666666666,35.152580287929126,40.28320334722082,-17.293333333333333,121.44333333333331,-38.164617940199335,48.56716901146241,-143.48,9.246666666666668,-33.50553709856035,47.752044564151085,-118.82666666666668,29.435,1.065227915391495,0.1046111133709795,150.0,49.16444444444445,30.10062038813212,16.333333333333332,107.0,34.5,90.66666666666669,26.33333333333333,75.0,48.66666666666667,91.0,24.5,-66.5,66.5,2.2046979865771807,16.0,-0.6037530556913645
left,leudies,combined_augmented,/Users/vibha/COSMOS-Cluster10/labs/Cosmos-Gesture-Recognition-/data/processed/combined_augmented/sessions/leudies_left_003,30.0,421718.6166666666,93818.06608599937,288861.0,565301.3333333334,409952.5,407163.0,-2789.5,5.022222222222222,1.8820464302009392,2.1053499888333578,1.2146908080534635,5.644901634652434,300.0,300.0,0.3788044444444444,0.202154014414834,-0.163,0.703,-0.7963861111111111,0.1449947804598383,-1.1293333333333335,-0.4386666666666667,-0.5135166666666667,0.2292994167022672,-1.031,-0.0946666666666666,29.326138888888885,52.55644878260057,-89.77666666666669,155.20000000000002,-45.298233333333336,55.477501315174464,-175.09666666666666,9.26,-26.820072222222223,41.52625730391206,-130.76333333333332,30.47,1.0695019167623332,0.1098026251612984,150.0,58.75333333333333,36.4016235266586,14.0,113.33333333333331,41.5,99.33333333333331,24.0,101.66666666666669,77.66666666666667,96.5,22.5,-74.0,74.0,1.695749440715883,6.0,-0.7684276338207631
left,leudies,combined_augmented,/Users/vibha/COSMOS-Cluster10/labs/Cosmos-Gesture-Recognition-/data/processed/combined_augmented/sessions/leudies_left_004,30.0,444172.9388888889,120065.25881812714,318139.0,675001.0,324388.5,364744.0,40355.5,6.050000000000001,1.8273386841706896,2.113129090950831,0.9911415729203652,4.329096160514774,300.0,300.0,0.485245,0.2784947605097421,-0.2516666666666666,0.7506666666666666,-0.6645511111111112,0.3193535666558344,-1.4349999999999998,-0.057,-0.584935,0.2707197774537901,-1.3849999999999998,-0.0033333333333333,39.729255555555554,57.38398705537747,-21.35333333333333,189.60333333333327,-34.395338888888894,50.48039864517609,-164.46333333333334,15.613333333333332,-32.97146666666667,52.63773483581132,-139.28666666666666,32.85,1.1165175965952432,0.1595729616633241,148.0,71.97100225225225,19.108515415014065,50.0,112.66666666666669,62.5,62.66666666666667,56.66666666666666,93.41666666666666,36.74999999999999,97.625,57.0,-40.625,40.625,1.774092970521542,9.333333333333336,-0.3864004653194487
left,leudies,combined_augmented,/Users/vibha/COSMOS-Cluster10/labs/Cosmos-Gesture-Recognition-/data/processed/combined_augmented/sessions/leudies_left_005,30.0,488494.3277777778,112800.3936491562,339071.3333333333,777194.3333333334,345276.5,411474.0,66197.5,6.822222222222222,1.7394833914515548,1.9079879860947253,1.3914809560538428,6.734297520984977,302.0,302.0,0.3688653421633553,0.3248996699558947,-0.376,0.7293333333333334,-0.6376092715231788,0.3232977513058137,-1.4813333333333334,-0.064,-0.6448140176600442,0.2494801041818916,-1.1953333333333334,0.011,26.30722406181016,40.04489252152053,-30.183333333333337,150.68999999999997,-31.93080573951435,51.089584694090576,-169.61333333333334,18.16,-38.44908940397352,66.61006029286426,-189.32666666666668,33.1,1.0988685468005028,0.1523214099347151,150.0,55.43444444444444,28.094677849020066,18.0,108.33333333333331,51.66666666666666,90.33333333333331,28.833333333333336,79.08333333333334,50.25000000000001,98.0,21.0,-77.0,77.0,1.753914988814318,8.333333333333343,-0.6262936130494691
left,leudies,combined_augmented,/Users/vibha/COSMOS-Cluster10/labs/Cosmos-Gesture-Recognition-/data/processed/combined_augmented/sessions/leudies_left_006,30.0,457293.4888888888,131006.51103575344,257602.0,711813.0,390423.0,257602.0,-132821.0,5.066666666666666,1.850725583436179,1.7464582781139115,1.038432223041147,4.93155276104212,302.0,302.0,0.203719646799117,0.3128031703363727,-0.5619999999999999,0.842,-0.7766705298013246,0.2147072111487933,-1.2403333333333333,-0.018,-0.6197389624724062,0.2647382294266859,-1.1843333333333332,-0.0053333333333333,25.58522626931568,38.97315574476161,-56.16333333333333,127.94,-40.90418874172185,60.91903378119602,-185.68666666666664,21.243333333333336,-34.546147902869755,64.8266782550439,-159.3766666666667,82.48333333333333,1.105203665297593,0.1461211353115027,151.0,49.32781456953642,33.895830955612766,16.666666666666668,111.0,27.0,94.33333333333331,24.666666666666668,87.83333333333334,63.16666666666667,100.5,24.0,-76.5,76.5,1.57,7.333333333333336,-0.6663303125363078
left,leudies,combined_augmented,/Users/vibha/COSMOS-Cluster10/labs/Cosmos-Gesture-Recognition-/data/processed/combined_augmented/sessions/leudies_left_007,30.0,407547.75000000006,121133.33244681975,260706.0,640480.0,260706.0,276732.5,16026.5,4.688888888888888,2.857003523939456,1.921624051810255,1.1367565632334808,5.22571488616995,300.0,300.0,0.3512186111111111,0.2589019282199998,-0.4006666666666666,0.6853333333333333,-0.6754794444444445,0.2686431931879038,-1.3886666666666667,-0.0353333333333333,-0.6777861111111111,0.2384946949710223,-1.288,-0.0113333333333333,32.975855555555555,50.44619814132791,-28.48,155.79666666666665,-33.36853333333333,44.71518614226914,-139.70666666666668,18.126666666666665,-35.564988888888884,67.99867359681218,-213.2333333333333,44.55666666666667,1.099279557054122,0.1633540747191766,149.0,58.1185682326622,29.28107737482495,30.0,118.0,41.5,88.0,38.66666666666666,82.66666666666667,44.00000000000001,117.5,37.5,-80.0,80.0,1.5337837837837838,7.666666666666671,-0.5623901082290342
left,leudies,combined_augmented,/Users/vibha/COSMOS-Cluster10/labs/Cosmos-Gesture-Recognition-/data/processed/combined_augmented/sessions/leudies_left_008,30.0,470995.7888888888,114540.12522020828,323207.6666666667,701868.6666666666,326292.5,514178.5,187886.0,6.75,1.1620499482830018,2.0435155030028342,1.40523914095399,6.398103203044286,300.0,300.0,0.2643544444444444,0.3153830435245344,-0.702,0.665,-0.692155,0.3165548073676857,-1.4126666666666663,0.1653333333333333,-0.6799861111111111,0.3428117028390295,-1.627,0.145,27.89300555555556,46.21913697703389,-39.535,145.16666666666666,-38.377233333333336,65.79019098952479,-203.57666666666668,22.166666666666668,-36.13471111111112,63.73859369715195,-169.79333333333332,48.34,1.1366589984053932,0.1911609865646681,150.0,97.56888888888888,101.74038143733132,29.33333333333333,331.6666666666667,37.83333333333333,302.33333333333337,35.333333333333336,109.16666666666666,73.83333333333331,318.5,31.0,-287.5,287.5,4.649888143176735,76.99999999999997,-1.8329839844733848
bye_bye,leudies,combined_augmented,/Users/vibha/COSMOS-Cluster10/labs/Cosmos-Gesture-Recognition-/data/processed/combined_augmented/sessions/leudies_bye_bye_001,31.0,383185.2204301075,19417.79399004331,345018.3333333333,419966.6666666667,405943.0,404301.5,-1641.5,5.129032258064516,1.2412487045832792,3.4603880721974085,2.269381964393593,9.54530166514469,302.0,302.0,0.3478689293598234,0.1083803109530295,-0.0823333333333333,0.5876666666666667,-0.5282742825607064,0.7112230935601774,-1.732,0.8943333333333333,-0.2037417218543046,0.5397188482274705,-1.149,0.5313333333333334,-1.332820088300227,263.25445043467056,-426.15,472.82,4.161920529801322,154.73500553870667,-296.74333333333334,263.82,-3.352488962472407,217.25903126418595,-446.5333333333333,353.3433333333333,1.0763044299649165,0.3033924663511008,150.0,70.37222222222222,3.5966166400218587,62.0,77.0,70.33333333333333,15.0,67.66666666666667,73.58333333333334,5.916666666666671,74.0,69.5,-4.5,4.5,1.151006711409396,3.666666666666664,-0.0300318532675528
bye_bye,leudies,combined_augmented,/Users/vibha/COSMOS-Cluster10/labs/Cosmos-Gesture-Recognition-/data/processed/combined_augmented/sessions/leudies_bye_bye_002,30.0,398488.60000000015,33967.85660546791,333665.5,477418.6666666667,444800.0,333665.5,-111134.5,6.572222222222222,1.2676044286978176,3.209385115905328,2.082630827692799,7.790214221276378,302.0,302.0,0.269317880794702,0.2533043925543756,-0.2536666666666667,1.014,-0.3446959161147903,1.087119856156619,-2.2066666666666666,1.5493333333333332,-0.2570612582781457,0.6760859620843213,-1.4713333333333332,0.902,9.177141280353196,269.5102020321094,-438.92333333333335,498.8366666666666,13.409591611479028,218.5187919632469,-329.02000000000004,371.2866666666666,6.124569536423839,288.95991276932347,-502.8533333333333,537.5833333333334,1.283445945857701,0.5597136009922853,151.0,74.99116997792495,4.415997353036571,66.0,86.33333333333333,75.0,20.33333333333333,71.5,78.0,6.5,73.0,66.0,-7.0,7.0,1.277777777777778,4.333333333333343,0.0169094922737304
bye_bye,leudies,combined_augmented,/Users/vibha/COSMOS-Cluster10/labs/Cosmos-Gesture-Recognition-/data/processed/combined_augmented/sessions/leudies_bye_bye_003,30.0,365107.7388888889,20683.708449221005,312713.6666666667,412893.5,358857.0,360086.0,1229.0,4.966666666666667,1.57433113369409,1.9332856700756416,1.3148655805193297,5.404290290192217,301.0,301.0,0.3246738648947951,0.1529264934753206,-0.0066666666666666,0.8896666666666667,-0.5778903654485049,0.896378256926197,-2.310666666666666,1.3086666666666666,-0.1843975636766334,0.4498553086868646,-1.0216666666666667,0.5426666666666666,-10.8631561461794,299.94810056695883,-444.44,587.1566666666666,-2.469667774086377,158.3681835713873,-234.2,309.65000000000003,-0.6603100775193823,254.1999905086168,-389.94666666666666,443.8633333333333,1.1274901441482603,0.481029229894403,150.0,65.5788888888889,3.896723066720601,57.333333333333336,74.33333333333333,65.16666666666666,16.999999999999993,62.66666666666666,68.33333333333333,5.666666666666664,70.0,69.0,-1.0,1.0,1.149888143176734,3.333333333333343,-0.0346560587877981
bye_bye,leudies,combined_augmented,/Users/vibha/COSMOS-Cluster10/labs/Cosmos-Gesture-Recognition-/data/processed/combined_augmented/sessions/leudies_bye_bye_004,30.0,344712.8444444445,18263.61464694485,313161.3333333333,382495.3333333333,344749.5,350768.0,6018.5,4.294444444444443,2.0164523914324337,3.168886363937762,2.4670681521639235,12.884269941380598,302.0,302.0,0.2672582781456953,0.1657000129915481,-0.1943333333333333,0.8140000000000001,-0.596548013245033,0.9609229306148384,-2.157,1.12,-0.2896672185430464,0.4566821625483473,-1.2713333333333334,0.4426666666666667,1.451506622516561,277.2404646160985,-473.84,479.89,9.388283664459165,166.1179090568667,-247.88333333333333,270.01666666666665,8.539210816777043,281.08547819977247,-508.1633333333333,436.14,1.1936364352127695,0.4958060587080984,150.0,68.03444444444445,4.29862830672918,61.0,76.66666666666667,68.0,15.666666666666671,64.33333333333333,72.0,7.666666666666671,61.75,64.25,2.5,2.5,1.1487695749440716,4.333333333333329,0.0035343793057467
bye_bye,leudies,combined_augmented,/Users/vibha/COSMOS-Cluster10/labs/Cosmos-Gesture-Recognition-/data/processed/combined_augmented/sessions/leudies_bye_bye_005,30.0,354181.5888888889,16413.8941962196,326701.6666666667,397640.5,397640.5,386798.5,-10842.0,4.133333333333334,1.089852181618121,4.446527954169799,4.245933716773698,16.20624215743156,300.0,300.0,0.2201127777777777,0.1979710836621298,-0.2833333333333334,0.9923333333333334,-0.6294438888888889,1.1066974053209555,-2.693,1.172,-0.1059716666666666,0.5184793274504959,-1.1903333333333332,0.997,-5.078955555555556,379.12781282602106,-685.8000000000001,699.5866666666667,3.849477777777776,161.7382116173285,-211.09666666666664,301.5133333333333,4.101588888888888,330.3211536677622,-585.4866666666667,545.0933333333334,1.237348366630326,0.6764915135003582,150.0,66.93888888888888,4.859104198484793,58.333333333333336,77.0,66.83333333333334,18.666666666666664,62.66666666666666,70.66666666666667,8.000000000000007,69.5,77.0,7.5,7.5,1.5067114093959733,6.0,-0.018700979302784
bye_bye,leudies,combined_augmented,/Users/vibha/COSMOS-Cluster10/labs/Cosmos-Gesture-Recognition-/data/processed/combined_augmented/sessions/leudies_bye_bye_006,30.0,376061.4444444443,25526.541479094867,336360.3333333333,421758.6666666667,405824.0,401721.0,-4103.0,5.477777777777778,1.3708157434422523,2.687563571706348,1.639756195292344,5.813061719813981,301.0,301.0,0.3709285714285714,0.2500607800983025,-0.198,1.0663333333333334,-0.2304169435215947,1.0202289064349206,-1.85,1.47,-0.4437054263565892,0.5910691319039079,-1.602666666666667,0.8123333333333332,1.580166112956811,197.37084001539188,-400.77,452.2866666666667,3.2067718715393143,200.20242767543385,-315.5366666666667,302.7733333333333,11.869296788482831,259.7881534727595,-407.0366666666667,429.28,1.281919300684548,0.4438440253433649,150.0,70.65111111111112,3.185148390725632,64.33333333333333,77.0,70.66666666666667,12.666666666666671,68.0,73.58333333333334,5.583333333333343,74.0,68.0,-6.0,6.0,1.1454138702460852,4.0,-0.0234481532512558
bye_bye,leudies,combined_augmented,/Users/vibha/COSMOS-Cluster10/labs/Cosmos-Gesture-Recognition-/data/processed/combined_augmented/sessions/leudies_bye_bye_007,30.0,401045.93333333335,36747.93187797809,334062.6666666667,473629.6666666667,353933.5,446098.5,92165.0,5.916666666666667,1.1869272497909449,2.8590630246870075,2.0401976559191524,8.639436306205662,301.0,301.0,0.2695365448504982,0.3063091401870801,-0.2973333333333333,1.2096666666666664,-0.2806373200442968,1.071537997596998,-2.4166666666666665,1.4903333333333333,-0.4143815060908083,0.6444456627536216,-1.4306666666666663,0.983,-14.806766334440752,234.8752336333407,-346.33666666666664,561.57,-9.29873754152824,226.1816814241625,-380.8250000000001,402.12000000000006,-0.1706921373200469,278.8884015914604,-445.3966666666667,587.2366666666667,1.3122131094431406,0.5084734253680591,150.0,72.60222222222221,3.192482002660385,66.33333333333333,78.5,72.66666666666667,12.166666666666671,70.0,75.33333333333333,5.333333333333329,78.5,73.5,-5.0,5.0,1.0268456375838926,4.0,-0.023387113501341
bye_bye,leudies,combined_augmented,/Users/vibha/COSMOS-Cluster10/labs/Cosmos-Gesture-Recognition-/data/processed/combined_augmented/sessions/leudies_bye_bye_008,30.0,397751.57777777774,38448.09033726954,338825.6666666667,472577.5,375637.5,472577.5,96940.0,6.755555555555556,1.5496315770825522,2.156194063345946,1.108908558536275,4.200339574989206,301.0,301.0,0.3082901439645625,0.3298732756372357,-0.313,1.0639999999999998,-0.2170553709856035,1.0374698067529904,-1.898,1.7153333333333334,-0.4530487264673311,0.5874460703688216,-1.3873333333333333,0.749,-17.779606866002215,223.0604775258808,-338.36,389.02,-11.289844961240307,221.01994262525545,-412.9866666666667,329.31333333333333,-12.891029900332226,268.82745319937214,-437.95,408.3033333333333,1.2846360405848796,0.4768355085550577,150.0,76.0411111111111,2.9629791743901523,70.0,84.66666666666667,76.0,14.666666666666671,73.66666666666667,78.33333333333333,4.666666666666657,76.5,78.0,1.5,1.5,1.166666666666667,4.0,-0.0129265004370568
t_arm,leudies,combined_augmented,/Users/vibha/COSMOS-Cluster10/labs/Cosmos-Gesture-Recognition-/data/processed/combined_augmented/sessions/leudies_t_arm_001,30.0,326286.86111111107,70180.76010536519,257125.3333333333,512865.3333333333,274878.0,323637.5,48759.5,3.255555555555555,1.5721731441103193,1.928916700796217,1.450501272484753,5.5123304368262405,301.0,301.0,0.4196312292358803,0.2242444345805383,-0.1506666666666667,0.6093333333333333,0.201578626799557,0.7645536139413673,-1.998,2.103666666666667,-0.4736561461794019,0.306298397514686,-0.9303333333333332,0.5453333333333333,-6.155409745293466,26.39155744499611,-126.90666666666668,89.03333333333335,-12.011306755260245,36.47956327378422,-117.35333333333334,52.96,-41.39854374307863,90.62002096836224,-266.2866666666667,50.866666666666674,1.0452995963635818,0.2776143248092254,146.0,78.08333333333334,27.44780661769908,50.0,143.0,65.33333333333333,93.0,62.333333333333336,70.25,7.916666666666664,136.0,59.0,-77.0,77.0,1.6735632183908042,10.666666666666655,-0.4919093570352097
t_arm,leudies,combined_augmented,/Users/vibha/COSMOS-Cluster10/labs/Cosmos-Gesture-Recognition-/data/processed/combined_augmented/sessions/leudies_t_arm_002,30.0,337540.3333333333,68324.19413079252,250837.0,462282.0,250837.0,305516.0,54679.0,4.166666666666666,1.8373692949230227,2.4660770963722274,1.694708202001388,7.1337753871487415,300.0,300.0,0.5563916666666667,0.1909185991584623,0.11,0.773,-0.0031061111111111,0.6429733414413215,-1.2926666666666666,0.6846666666666668,-0.4111427777777778,0.3059708648871223,-0.757,0.2516666666666666,1.1755666666666664,14.79110459818483,-45.88,46.51,-17.35021111111111,29.619909225232067,-92.63333333333333,11.523333333333332,-41.73285,50.09574409103938,-136.67,6.663333333333333,1.0063136478642734,0.0971357811102251,150.0,73.57,36.537030698042216,41.333333333333336,143.0,48.333333333333336,101.66666666666666,44.75,109.16666666666669,64.41666666666667,126.0,47.5,-78.5,78.5,1.455257270693513,10.333333333333345,-0.7497171726150795
t_arm,leudies,combined_augmented,/Users/vibha/COSMOS-Cluster10/labs/Cosmos-Gesture-Recognition-/data/processed/combined_augmented/sessions/leudies_t_arm_003,30.0,363971.2277777778,97343.68587491364,250233.66666666663,592060.5,322951.0,326894.0,3943.0,4.433333333333334,1.7886473266855203,1.7252886935774103,1.114138030539617,4.299627356366831,303.0,303.0,0.487953795379538,0.1578566801093913,0.1176666666666666,0.6386666666666666,-0.1187640264026402,0.5627583875290889,-1.461666666666667,0.3343333333333333,-0.5333778877887788,0.389236993608107,-0.8603333333333333,0.337,0.1884983498349828,17.250503197602555,-38.11666666666667,77.84333333333332,-20.86876787678768,35.83492682114879,-101.99333333333334,15.196666666666664,-40.262409240924086,53.10840697487181,-162.73333333333332,9.39,1.0064043419255666,0.1302583721325657,151.0,69.93708609271523,38.54380260374218,38.0,151.5,43.66666666666666,113.5,40.16666666666667,110.66666666666666,70.49999999999999,151.5,43.0,-108.5,108.5,1.6100000000000003,11.666666666666671,-0.7755803415824336
t_arm,leudies,combined_augmented,/Users/vibha/COSMOS-Cluster10/labs/Cosmos-Gesture-Recognition-/data/processed/combined_augmented/sessions/leudies_t_arm_004,30.0,337910.7666666666,72418.16502984593,248267.66666666663,489170.3333333333,256058.0,345562.0,89504.0,3.2472222222222222,1.811036552657546,3.241566261713277,2.355788495755121,9.900299111241178,302.0,302.0,0.5209558498896247,0.1930301797307589,0.0956666666666666,0.8386666666666667,-0.1542759381898455,0.5883618237060307,-1.4603333333333337,0.4896666666666666,-0.467726821192053,0.3593549126463921,-0.8616666666666667,0.348,3.5615066225165566,20.13694679113347,-29.35666666666667,136.92666666666665,-23.21702538631347,29.25112803856954,-85.58333333333333,9.88,-42.92087748344371,41.70918695962605,-122.60333333333334,7.81,1.0068067005149102,0.113450204160032,150.0,69.06666666666666,43.409591307102446,27.33333333333333,143.66666666666666,47.0,116.33333333333331,31.75,110.58333333333334,78.83333333333334,141.0,30.5,-110.5,110.5,1.5335570469798654,23.0,-0.9241347022830648
t_arm,leudies,combined_augmented,/Users/vibha/COSMOS-Cluster10/labs/Cosmos-Gesture-Recognition-/data/processed/combined_augmented/sessions/leudies_t_arm_005,30.0,347133.03888888884,95756.9753053094,252631.66666666663,595190.0,320157.0,256611.5,-63545.5,3.6222222222222222,2.118233599074218,2.3872844057616738,1.7858177587749977,6.808919985522896,302.0,302.0,0.4510055187637969,0.1115139105700821,0.2263333333333333,0.6116666666666667,-0.0792494481236203,0.5964581118596292,-1.1953333333333334,0.6363333333333333,-0.4432422737306843,0.5320847407546192,-1.0006666666666666,0.6346666666666666,-0.61976821192053,17.31280636097757,-48.053333333333335,49.196666666666665,-24.58869205298013,49.5763371214772,-151.29999999999998,14.293333333333337,-36.15323951434879,61.485363100558,-159.54999999999998,21.563333333333333,1.0215291549655472,0.1180684316755274,151.0,75.98675496688742,42.813114653836166,37.333333333333336,165.5,47.66666666666666,128.16666666666666,44.333333333333336,118.0,73.66666666666666,165.5,41.0,-124.5,124.5,1.736666666666666,10.666666666666686,-0.8741460439177419
t_arm,leudies,combined_augmented,/Users/vibha/COSMOS-Cluster10/labs/Cosmos-Gesture-Recognition-/data/processed/combined_augmented/sessions/leudies_t_arm_006,31.0,355275.72043010755,76744.47969002831,279242.6666666667,540882.0,395282.5,302539.0,-92743.5,4.46236559139785,1.23473451169537,2.11626896008655,1.4113796815762998,4.804317263161716,303.0,303.0,0.4231691419141914,0.2246929272353984,0.0366666666666666,0.6696666666666667,-0.1567535753575357,0.6532877435213508,-1.4086666666666667,0.937,-0.3963465346534653,0.4892506360011795,-0.9433333333333334,0.6033333333333333,-1.780748074807481,18.3145285623942,-54.88333333333333,59.53333333333333,-21.616182618261824,47.600156291290496,-147.52666666666667,16.80666666666667,-38.90709570957095,67.89377607755328,-188.17666666666665,9.816666666666666,1.025046473355883,0.1632546515742519,151.0,82.2075055187638,52.648586794327,40.0,227.66666666666663,46.16666666666666,187.66666666666663,42.66666666666666,130.66666666666669,88.00000000000003,154.0,42.5,-111.5,111.5,2.296666666666666,20.333333333333343,-1.0426379690949232
t_arm,leudies,combined_augmented,/Users/vibha/COSMOS-Cluster10/labs/Cosmos-Gesture-Recognition-/data/processed/combined_augmented/sessions/leudies_t_arm_007,30.0,347421.26111111115,68503.41098189907,256825.5,471586.3333333333,333470.0,256825.5,-76644.5,3.794444444444444,1.563284371025105,2.6397712343102264,1.435198511186662,5.831274184846415,300.0,300.0,0.4594188888888889,0.2565530818200359,-0.079,0.7903333333333334,-0.166025,0.5927331257458802,-1.359,0.4936666666666666,-0.4188433333333333,0.4474014940697949,-0.9533333333333333,0.5299999999999999,-1.0336,18.361698646589,-69.07333333333334,43.39666666666667,-20.460522222222224,35.124623019005966,-94.58666666666666,21.60666666666667,-44.353883333333336,50.02529312557151,-130.86666666666667,15.026666666666666,1.00819725793767,0.1221400102397506,150.0,80.94777777777779,46.51813665958569,39.333333333333336,178.5,56.5,139.16666666666666,42.333333333333336,116.33333333333331,74.0,174.5,42.5,-132.0,132.0,1.7225950782997768,11.666666666666655,-0.9817873386965354
t_arm,leudies,combined_augmented,/Users/vibha/COSMOS-Cluster10/labs/Cosmos-Gesture-Recognition-/data/processed/combined_augmented/sessions/leudies_t_arm_008,31.0,345443.9731182796,82893.42092406849,248715.66666666663,533544.6666666666,272744.5,317925.0,45180.5,4.03763440860215,1.258455044615357,2.089081109656872,1.2045517645354205,5.310513434689398,302.0,302.0,0.445091059602649,0.2556194097461698,0.0063333333333333,0.7416666666666667,-0.3225496688741722,0.5489906650134817,-1.3153333333333332,0.435,-0.3926048565121413,0.4530135662973121,-0.9716666666666668,0.449,-2.399067328918322,27.89273529724685,-60.60999999999999,69.52,-24.417168874172184,34.63781412850685,-99.63333333333333,24.35333333333333,-41.77238410596026,47.7690358018552,-148.20000000000002,7.169999999999999,1.0081449276204977,0.10899560844072,150.0,75.39666666666668,45.4377320971868,31.666666666666668,150.0,48.0,118.33333333333331,34.0,130.33333333333334,96.33333333333334,137.0,38.5,-98.5,98.5,1.589485458612975,9.666666666666655,-0.9621165385128236
raise_arms,leudies,combined_augmented,/Users/vibha/COSMOS-Cluster10/labs/Cosmos-Gesture-Recognition-/data/processed/combined_augmented/sessions/leudies_raise_arms_001,30.0,394825.8222222223,78132.36218906009,290502.6666666667,560582.0,292899.0,331475.0,38576.0,5.199999999999999,1.977840198765272,2.3915372149599774,1.529466696381487,6.1187700098632805,301.0,301.0,-0.0962342192691029,0.6440681942300736,-1.100666666666667,0.5626666666666666,-0.3052076411960133,0.1513636202463513,-0.6063333333333333,0.0646666666666666,-0.6507967884828351,0.2264747879972467,-0.8926666666666666,0.0036666666666666,-5.438920265780731,18.655918440627254,-44.13,66.00333333333333,31.55756367663345,29.4632495934174,-3.51,100.88333333333334,-25.510382059800666,32.479578033182214,-96.16333333333334,66.78333333333335,1.001415660091176,0.1101883785966616,151.0,51.52097130242826,9.156986452643874,34.666666666666664,78.33333333333333,50.0,43.66666666666666,44.16666666666667,56.66666666666666,12.499999999999991,61.0,43.5,-17.5,17.5,1.432962962962963,8.0,-0.1753276402927853
raise_arms,leudies,combined_augmented,/Users/vibha/COSMOS-Cluster10/labs/Cosmos-Gesture-Recognition-/data/processed/combined_augmented/sessions/leudies_raise_arms_002,30.0,403561.1500000001,103444.54475146424,260909.66666666663,641326.6666666666,261707.0,355839.5,94132.5,5.01111111111111,1.9002598912572424,2.159081718314832,1.3813639455528703,6.657157275689876,302.0,302.0,-0.1514415011037527,0.669297408789483,-1.1863333333333337,0.5663333333333332,-0.2882996688741721,0.1254749591591242,-0.5173333333333333,0.0063333333333333,-0.6517599337748344,0.2081913907881672,-0.8633333333333333,-0.148,-0.5637251655629141,13.699484588745404,-35.95,45.696666666666665,29.39122516556291,39.07815728053602,-11.13,115.27,-22.13875827814569,32.812381877900506,-103.76666666666668,17.66,1.0083928416826384,0.1450267473037882,150.0,47.85666666666667,15.032412119111717,19.33333333333333,90.0,47.5,70.66666666666667,37.66666666666666,58.0,20.333333333333336,90.0,49.0,-41.0,41.0,2.405667412378822,20.66666666666667,-0.2621980236158647
raise_arms,leudies,combined_augmented,/Users/vibha/COSMOS-Cluster10/labs/Cosmos-Gesture-Recognition-/data/processed/combined_augmented/sessions/leudies_raise_arms_003,30.0,425709.2111111112,95752.0845064843,269366.0,563316.6666666666,269366.0,362396.0,93030.0,4.833333333333333,2.355057599358517,2.29008799989802,1.206258504250704,5.374627573481078,300.0,300.0,-0.1162977777777777,0.659017520867144,-1.1076666666666668,0.528,-0.3855322222222221,0.1215337336140581,-0.6813333333333333,-0.053,-0.6197616666666667,0.1864647552661936,-0.789,-0.109,-1.0530055555555555,13.420850677279027,-41.46666666666667,44.22,29.484577777777776,35.69593011150476,-6.436666666666667,100.16,-23.50335,34.52406655816613,-100.57,13.506666666666666,1.0042411644822349,0.1469970091158146,148.0,43.0670045045045,13.70786562547308,12.666666666666666,70.33333333333333,40.5,57.66666666666666,32.708333333333336,53.0,20.291666666666664,59.75,39.0,-20.75,20.75,1.9722222222222217,10.0,-0.2752432099268148
raise_arms,leudies,combined_augmented,/Users/vibha/COSMOS-Cluster10/labs/Cosmos-Gesture-Recognition-/data/processed/combined_augmented/sessions/leudies_raise_arms_004,31.0,437012.8763440861,121989.50247124847,273724.3333333333,694464.6666666666,301738.0,312074.5,10336.5,6.17741935483871,2.614042408422329,2.1332471041779644,1.9056449025082152,9.48327989181954,300.0,300.0,-0.1127005555555555,0.7158470850183865,-1.2793333333333334,0.567,-0.3084,0.1380477943268871,-0.7776666666666667,-0.0186666666666666,-0.6038788888888889,0.2337580557419996,-0.8353333333333333,0.067,-0.9561638888888891,18.354446933400386,-57.23,112.90666666666668,30.002222222222223,44.25534001098234,-10.783333333333331,131.96,-24.838144444444445,42.84525318711543,-126.18333333333334,44.43666666666667,1.0108596409010968,0.1917851541116651,148.0,43.134009009009006,12.454902151273686,17.333333333333332,73.5,42.33333333333333,56.16666666666667,32.333333333333336,53.66666666666666,21.33333333333333,55.0,40.0,-15.0,15.0,3.2018140589569164,10.666666666666671,-0.1451686243153163
raise_arms,leudies,combined_augmented,/Users/vibha/COSMOS-Cluster10/labs/Cosmos-Gesture-Recognition-/data/processed/combined_augmented/sessions/leudies_raise_arms_005,30.0,398566.5055555556,106826.02401539586,254911.0,634893.0,259527.0,263150.5,3623.5,4.211111111111111,2.2043447558104736,2.053199061800102,1.1472209548393326,4.461222561381565,301.0,301.0,-0.1861157253599113,0.6586544866801995,-1.06,0.549,-0.2443975636766334,0.1451651289521147,-0.5316666666666667,0.022,-0.6250343300110742,0.2687268575335889,-0.8786666666666667,-0.014,-8.08874861572536,28.053857931541724,-77.79,90.07000000000001,32.3868161683278,28.987745715181223,-5.146666666666667,83.61,-25.331627906976745,29.22091503145226,-95.82666666666668,7.366666666666667,1.0005387390599814,0.1052242801709488,149.0,50.72595078299776,7.674571762404731,37.0,85.5,48.333333333333336,48.5,46.16666666666666,54.0,7.833333333333336,37.0,46.5,9.5,9.5,1.9290540540540533,28.0,-0.0438351774593386
raise_arms,leudies,combined_augmented,/Users/vibha/COSMOS-Cluster10/labs/Cosmos-Gesture-Recognition-/data/processed/combined_augmented/sessions/leudies_raise_arms_006,30.0,407748.0444444445,93246.11782158104,258173.5,573637.0,258173.5,342815.5,84642.0,5.755555555555556,2.492853984423139,2.1858323195366745,1.347284420548301,5.146950007362062,302.0,302.0,-0.2755458057395143,0.6134505861225683,-1.1056666666666668,0.4816666666666666,-0.3472869757174393,0.17536469269722,-0.8133333333333334,0.0136666666666666,-0.5858879690949227,0.2505315997310379,-0.858,-0.0346666666666666,-1.3025772626931569,17.32865277139381,-55.27,37.73,27.892400662251653,26.245446365334093,-5.830000000000001,73.42666666666666,-26.49057395143488,26.90904315871661,-82.20666666666666,16.856666666666666,1.000609743315212,0.0917554793957735,151.0,51.703090507726266,8.220545490590322,29.0,81.5,52.0,52.5,47.83333333333333,55.66666666666666,7.833333333333336,50.0,52.5,2.5,2.5,2.774444444444445,17.666666666666668,-0.0678796328569771
raise_arms,leudies,combined_augmented,/Users/vibha/COSMOS-Cluster10/labs/Cosmos-Gesture-Recognition-/data/processed/combined_augmented/sessions/leudies_raise_arms_007,30.0,429751.9111111111,101326.59288868411,266587.6666666667,572040.0,274787.0,333562.0,58775.0,5.377777777777778,2.789508563294144,2.150468696938358,1.578085193415928,6.5183919775791415,301.0,301.0,-0.2281605758582502,0.6184508883542501,-1.0586666666666666,0.462,-0.3568178294573643,0.1622322948322815,-0.6016666666666667,0.134,-0.6086727574750831,0.2463640673785782,-0.8686666666666666,-0.038,-5.813809523809524,21.651358487585952,-68.81,99.98,25.746362126245845,28.55770490757177,-12.666666666666666,76.43666666666667,-26.49870985603544,35.80089918060041,-112.68666666666668,34.296666666666674,1.0031332264489907,0.1143614444164583,150.0,47.738888888888894,13.352940080103409,24.666666666666668,105.66666666666669,46.333333333333336,81.0,39.16666666666666,53.54166666666666,14.375,58.0,35.0,-23.0,23.0,2.605518269947801,21.66666666666667,-0.2397401365986638
raise_arms,leudies,combined_augmented,/Users/vibha/COSMOS-Cluster10/labs/Cosmos-Gesture-Recognition-/data/processed/combined_augmented/sessions/leudies_raise_arms_008,30.0,439118.4777777777,104471.87903883542,261125.3333333333,628354.0,275080.5,330474.0,55393.5,6.03888888888889,2.68799916409452,1.5626143566768536,0.9138894778150868,3.975869305645884,302.0,302.0,-0.3305833333333333,0.5954905098671139,-1.146,0.3413333333333333,-0.3312527593818984,0.1931716300184058,-0.7120000000000001,0.018,-0.5656032008830022,0.294049802501293,-0.952,0.0456666666666666,-10.06921633554084,21.93165624464123,-67.21333333333332,46.083333333333336,23.775314569536423,28.531956731894763,-13.703333333333331,79.57,-28.688479580573947,34.77720723896677,-95.96,10.04,1.0016381067044502,0.1184539035208804,150.0,50.66555555555556,23.99322935091394,12.666666666666666,188.5,48.333333333333336,175.83333333333334,39.5,55.66666666666666,16.166666666666664,49.0,37.0,-12.0,12.0,3.762863534675616,61.33333333333333,-0.2739372120242383
fist_open,leudies,combined_augmented,/Users/vibha/COSMOS-Cluster10/labs/Cosmos-Gesture-Recognition-/data/processed/combined_augmented/sessions/leudies_fist_open_001,30.0,316765.4611111112,27690.90019234436,270058.3333333333,375433.0,334557.5,319438.5,-15119.0,2.3666666666666663,1.2060035010083698,4.748528074642882,4.672193108745216,20.83437036671225,302.0,302.0,0.7215866445916114,0.0369823648146556,0.6376666666666667,0.823,-0.1349045253863134,0.0693993604999284,-0.2716666666666666,0.0706666666666666,-0.6735562913907285,0.0496778765940213,-0.8196666666666667,-0.52,0.2897185430463576,16.865843536397062,-53.21666666666667,39.25666666666667,1.6820419426048572,13.647500940432195,-34.23,57.64666666666667,-0.5765838852097127,6.662311208495336,-20.08,14.486666666666666,1.0003174068733351,0.0241150942129444,150.0,94.0422222222222,1.5784597994470626,90.0,97.66666666666669,94.0,7.666666666666671,93.0,95.0,2.0,94.5,90.5,-4.0,4.0,0.5712155108128265,2.0,-0.008359482643673
fist_open,leudies,combined_augmented,/Users/vibha/COSMOS-Cluster10/labs/Cosmos-Gesture-Recognition-/data/processed/combined_augmented/sessions/leudies_fist_open_002,30.0,302894.8777777778,19709.905140419145,272903.0,338011.0,329469.5,272903.0,-56566.5,2.5444444444444447,2.055225198678712,3.4656765441019544,2.857758378848013,10.361446860697091,302.0,302.0,0.6751153421633553,0.0594243052170647,0.4975,0.8136666666666666,-0.2019426048565121,0.0573840604057655,-0.3436666666666667,0.016,-0.702884105960265,0.0537533851403441,-0.85,-0.5323333333333333,-2.436103752759382,11.346437764007447,-37.51666666666667,24.07,3.1746026490066224,13.34708947006338,-18.99,45.82666666666668,0.4545916114790287,4.925665644804112,-15.286666666666669,14.5,0.9999327288947648,0.0213482980688603,150.0,86.90333333333334,1.888213569677144,82.0,91.66666666666669,87.0,9.666666666666671,85.66666666666667,88.0,2.3333333333333286,83.0,88.5,5.5,5.5,0.8378076062639822,3.0,-0.0009170777960507
fist_open,leudies,combined_augmented,/Users/vibha/COSMOS-Cluster10/labs/Cosmos-Gesture-Recognition-/data/processed/combined_augmented/sessions/leudies_fist_open_003,30.0,287370.6888888889,29386.04393578357,256925.0,377764.0,377764.0,257283.5,-120480.5,1.6666666666666663,1.7207879332187073,2.42104059755253,1.640374461761214,7.0557888556984265,302.0,302.0,0.6572378587196469,0.0545625757990626,0.509,0.8016666666666667,-0.2288449227373068,0.0543511102736781,-0.335,-0.0576666666666666,-0.7101252759381899,0.040652458314518,-0.8553333333333333,-0.599,-3.055899558498896,10.71266907741346,-32.59,28.790000000000003,2.160513245033113,11.213982444520454,-16.52,47.50666666666667,1.3223509933774833,4.793260567118634,-11.74,11.366666666666664,0.997937157948416,0.0177391697094958,151.0,83.29580573951435,1.6864571878514223,78.66666666666667,87.33333333333333,83.33333333333333,8.666666666666657,82.33333333333333,84.33333333333333,2.0,82.0,87.0,5.0,5.0,0.6111111111111113,3.0,0.0238073660973623
fist_open,leudies,combined_augmented,/Users/vibha/COSMOS-Cluster10/labs/Cosmos-Gesture-Recognition-/data/processed/combined_augmented/sessions/leudies_fist_open_004,30.0,298469.9277777777,14325.908060527005,273018.5,330890.3333333333,273018.5,304265.0,31246.5,1.944444444444444,0.9152345715649371,6.249324709107951,5.912555254382993,21.90848489039627,301.0,301.0,0.6662475083056478,0.0579529527639491,0.5223333333333333,0.7923333333333332,-0.1473427464008859,0.0738855080145043,-0.31,0.0046666666666666,-0.7213676633444075,0.061077416720608,-0.919,-0.559,-1.3266334440753045,14.27147346310005,-80.26666666666667,24.47666666666667,2.128388704318936,15.842371168198552,-29.023333333333337,71.80999999999999,0.132142857142857,7.031884535736173,-33.906666666666666,16.88,0.998831614520388,0.0291616641481671,150.0,84.47222222222223,1.7629267605638372,79.66666666666667,87.66666666666667,84.41666666666666,8.0,83.0,85.66666666666667,2.6666666666666714,83.0,87.0,4.0,4.0,0.930648769574944,2.6666666666666714,0.0066322947686559
fist_open,leudies,combined_augmented,/Users/vibha/COSMOS-Cluster10/labs/Cosmos-Gesture-Recognition-/data/processed/combined_augmented/sessions/leudies_fist_open_005,30.0,353492.4777777779,81609.43264971743,299856.3333333333,609149.5,609149.5,342268.0,-266881.5,4.172222222222222,1.4013771885867696,3.1911783460316823,1.909245096490832,7.606161443298445,302.0,302.0,0.5953316777041942,0.0463506833911614,0.488,0.7643333333333334,-0.3094834437086092,0.0554675184699319,-0.4013333333333334,-0.1106666666666666,-0.734641280353201,0.0420152386766065,-0.8283333333333335,-0.6313333333333333,0.0007450331125827,9.614630530679127,-31.383333333333336,30.133333333333336,1.585165562913907,10.782437099609067,-26.67333333333333,35.57666666666666,0.8632781456953642,6.639670582073739,-21.646666666666665,20.790000000000003,0.998003214773111,0.0296228669518711,151.0,79.81788079470199,3.31155949574268,73.0,85.66666666666667,80.33333333333333,12.666666666666671,77.0,82.66666666666667,5.666666666666671,82.0,77.0,-5.0,5.0,0.9244444444444446,4.0,-0.0588770767979555
fist_open,leudies,combined_augmented,/Users/vibha/COSMOS-Cluster10/labs/Cosmos-Gesture-Recognition-/data/processed/combined_augmented/sessions/leudies_fist_open_006,30.0,270685.7444444444,15739.032108855366,243796.0,299692.0,284342.0,270997.0,-13345.0,1.1666666666666667,0.7781745019952501,1.546899549026218,1.6878737371795478,4.889295197381546,301.0,301.0,0.7250232558139535,0.0475663343464464,0.6196666666666667,0.8156666666666667,-0.160250276854928,0.0570972069061938,-0.2553333333333333,0.009,-0.6627923588039867,0.0502181980956746,-0.7759999999999999,-0.5396666666666666,-0.7285215946843853,7.925422463630323,-27.47666666666667,24.47333333333333,2.374933554817276,8.745093825469048,-15.38,29.736666666666665,2.357868217054264,4.651881243191622,-12.413333333333334,15.230000000000002,0.9991846792768572,0.0175235530109183,151.0,79.59602649006622,1.8704759828066653,73.0,83.0,80.0,10.0,78.66666666666667,80.66666666666667,2.0,76.5,80.5,4.0,4.0,0.711111111111111,2.666666666666657,0.0061885674451026
fist_open,leudies,combined_augmented,/Users/vibha/COSMOS-Cluster10/labs/Cosmos-Gesture-Recognition-/data/processed/combined_augmented/sessions/leudies_fist_open_007,30.0,279195.0277777777,17804.656082260102,252368.3333333333,319897.3333333333,283939.0,284470.5,531.5,1.2277777777777776,0.9373755061373072,1.4929858849230262,1.2686487071827184,4.358947017500054,302.0,302.0,0.637121412803532,0.0512153931064309,0.4973333333333333,0.7373333333333333,-0.2280325607064018,0.0608529140875547,-0.359,-0.087,-0.7293598233995585,0.0361535468859399,-0.909,-0.6555,-1.3891501103752757,13.089790885198743,-53.085,27.246666666666663,2.970987858719647,9.927404575100114,-14.79,41.54666666666666,0.8550883002207506,6.00977371812361,-24.05,23.203333333333333,0.9985089477399,0.0223908299155635,150.0,80.42222222222222,1.673438888382062,75.0,84.66666666666667,80.33333333333333,9.666666666666671,79.41666666666666,81.33333333333333,1.916666666666672,83.5,81.0,-2.5,2.5,0.837807606263982,3.666666666666657,-0.0068797131724377
fist_open,leudies,combined_augmented,/Users/vibha/COSMOS-Cluster10/labs/Cosmos-Gesture-Recognition-/data/processed/combined_augmented/sessions/leudies_fist_open_008,30.0,302569.2555555555,18480.67221394113,281717.0,354912.3333333333,286324.0,285886.0,-438.0,2.2666666666666666,1.189926857384909,2.2481841740593254,2.42573027715144,8.416090981995955,302.0,302.0,0.6185345842531272,0.0517828858332203,0.4846666666666667,0.7559999999999999,-0.3366843267108168,0.0761045027748512,-0.5123333333333334,-0.1443333333333333,-0.701901766004415,0.0429635214430779,-0.876,-0.592,1.3255905077262695,12.25353080285776,-47.41666666666666,27.793333333333333,1.8909933774834435,11.246116782291152,-32.813333333333325,40.0,1.74560706401766,6.12850577684202,-24.293333333333333,27.8,0.9990720256337174,0.0279601729031772,151.0,78.3476821192053,1.7238995843136171,72.66666666666667,82.33333333333333,78.33333333333333,9.666666666666655,77.0,79.33333333333333,2.3333333333333286,79.5,78.5,-1.0,1.0,0.6422222222222214,3.0,-0.0136993145114445
clapping,leudies,combined_augmented,/Users/vibha/COSMOS-Cluster10/labs/Cosmos-Gesture-Recognition-/data/processed/combined_augmented/sessions/leudies_clapping_001_seg000,30.0,417050.2277777778,60849.74704720064,330120.0,534539.3333333334,379502.0,376730.5,-2771.5,5.722222222222224,0.7166451331820933,1.5081387149524523,0.8961568337566072,3.610009298728105,300.0,300.0,0.6637161111111112,0.1586889382701925,-0.2783333333333333,1.4853333333333332,-0.6706305555555555,0.1585960256252842,-1.085,0.1885,-0.1437733333333333,0.3748551155789663,-1.0826666666666669,0.6483333333333333,2.6171388888888902,64.22041936340958,-111.97333333333334,187.59666666666664,9.537944444444443,84.0205866371867,-190.75333333333333,108.16,1.1757333333333326,26.11710778644697,-55.29666666666666,48.96333333333334,1.0444847379182916,0.1041059939481009,148.0,32.85698198198199,17.997889879414757,4.0,64.66666666666667,35.333333333333336,60.66666666666667,13.583333333333332,47.66666666666666,34.08333333333333,13.0,53.0,40.0,40.0,2.9727891156462585,15.333333333333332,-0.0205448223185518
clapping,leudies,combined_augmented,/Users/vibha/COSMOS-Cluster10/labs/Cosmos-Gesture-Recognition-/data/processed/combined_augmented/sessions/leudies_clapping_001_seg001,30.0,440247.688888889,46303.75403151042,368345.0,548066.3333333334,415902.0,475174.5,59272.5,6.5,0.9727776191382572,1.921708834061082,1.5981737064371937,7.338023684677753,300.0,300.0,0.5952938888888889,0.1581417407335672,0.3393333333333333,1.067,-0.7092522222222222,0.1954131901957213,-1.4783333333333335,0.3939999999999999,0.1971066666666666,0.4196137375069205,-1.468,0.911,14.93638888888889,45.84224585342436,-181.4,162.89,0.7858111111111111,73.17724035726587,-162.00333333333333,128.44333333333333,1.2779166666666657,25.42440531391248,-55.07666666666668,61.36000000000001,1.053973523986663,0.1570833900335587,143.0,28.104895104895103,17.605346658196574,1.3333333333333333,54.66666666666666,30.33333333333333,53.33333333333333,9.5,44.0,34.5,54.0,3.5,-50.5,50.5,2.843896713615023,15.333333333333332,-0.1678225921183666
clapping,leudies,combined_augmented,/Users/vibha/COSMOS-Cluster10/labs/Cosmos-Gesture-Recognition-/data/processed/combined_augmented/sessions/leudies_clapping_001_seg002,30.0,414707.5666666666,45228.24280830549,362434.0,517721.6666666667,372402.0,430998.0,58596.0,5.216666666666667,0.85,2.535835643666928,1.930810552718752,9.292693807136803,300.0,300.0,0.581635,0.1196714187581671,0.2233333333333333,1.0619999999999998,-0.7170677777777779,0.1773793273652349,-1.4613333333333334,0.0886666666666666,0.3891622222222222,0.2528072437258215,-0.487,0.8766666666666666,-5.433877777777775,42.22264742629317,-185.29666666666665,170.23,7.030522222222222,61.10904326318731,-144.41,84.97333333333333,-1.700161111111111,25.761725452697743,-65.37,47.65,1.0465370915809722,0.1356060434741805,149.0,20.10290827740492,11.629987343023528,2.6666666666666665,46.0,16.666666666666668,43.333333333333336,10.666666666666666,29.666666666666668,19.0,5.0,43.0,38.0,38.0,1.8873873873873872,10.333333333333336,0.0390325896366165
clapping,leudies,combined_augmented,/Users/vibha/COSMOS-Cluster10/labs/Cosmos-Gesture-Recognition-/data/processed/combined_augmented/sessions/leudies_clapping_002_seg000,30.0,411432.48888888885,29700.7811682695,360360.0,484771.6666666667,360360.0,434442.5,74082.5,4.761111111111111,0.9542141747836408,2.240530686298999,1.9398101401153705,8.7468618504773,300.0,300.0,0.5783766666666667,0.3507609211138812,-1.7373333333333336,2.519,-0.7269811111111111,0.3614013509583017,-2.283,1.122,0.2423416666666666,0.4371189045918092,-1.0186666666666666,2.0116666666666667,8.768905555555557,82.87361444529307,-296.3433333333333,402.52,-3.890616666666665,138.08367030951737,-462.13,313.9633333333333,-7.850133333333333,32.386289763371124,-107.78,92.13333333333334,1.1311577639800054,0.2948725111874787,146.0,15.138127853881278,8.427943740176778,2.333333333333333,36.0,13.5,33.666666666666664,8.027777777777779,21.45833333333333,13.430555555555554,35.0,21.5,-13.5,13.5,2.077777777777778,11.0,-0.0773752486351178
clapping,leudies,combined_augmented,/Users/vibha/COSMOS-Cluster10/labs/Cosmos-Gesture-Recognition-/data/processed/combined_augmented/sessions/leudies_clapping_002_seg001,30.0,399266.3611111111,49893.04394279759,332441.6666666667,504438.6666666667,400837.0,462433.5,61596.5,5.755555555555556,1.379568728459445,1.2231264509304065,0.686172843518887,2.857359694444231,300.0,300.0,0.4998144444444444,0.3649673166679483,-1.7453333333333336,2.795666666666667,-0.7708405555555555,0.4372073214074576,-2.6123333333333334,1.6409999999999998,0.2677688888888889,0.5194276275285303,-2.2116666666666664,1.3326666666666669,6.473472222222223,92.41155618293917,-449.2733333333333,590.9933333333333,-6.318338888888889,168.78489530220378,-440.1466666666667,427.76,11.553438888888888,42.46917946171418,-88.94833333333334,116.89333333333332,1.1725446874057002,0.3674305638157626,145.0,17.43333333333333,15.095368126974874,1.0,56.0,10.333333333333334,55.0,5.666666666666667,26.0,20.33333333333333,10.0,48.5,38.5,38.5,2.489583333333333,11.333333333333334,0.1997802183383194
clapping,leudies,combined_augmented,/Users/vibha/COSMOS-Cluster10/labs/Cosmos-Gesture-Recognition-/data/processed/combined_augmented/sessions/leudies_clapping_002_seg002,30.0,411789.3388888889,25172.0055368129,349811.6666666667,464231.0,422016.0,422634.5,618.5,6.422222222222221,0.9503735457930266,1.5570744155596157,0.8264748596261849,3.5681773660653784,300.0,300.0,0.3096127777777777,0.2836711873965183,-0.9575,2.2455000000000003,-0.8591344444444445,0.4090214742151515,-2.504,1.8520000000000003,0.3041016666666667,0.4536247157281495,-1.352,1.6926666666666668,7.4826444444444435,93.38083117975404,-397.07666666666665,576.0266666666666,10.797694444444444,148.8572647930388,-322.3566666666667,264.5333333333333,9.178544444444444,42.95653420395451,-139.97666666666666,66.23333333333333,1.1381977754671706,0.290687125674144,149.0,35.733035048471294,20.448017010054823,3.0,71.33333333333333,35.666666666666664,68.33333333333333,17.0,53.333333333333336,36.333333333333336,48.16666666666667,17.5,-30.66666666666667,30.66666666666667,2.6441441441441444,12.666666666666666,0.0635995727270895
clapping,leudies,combined_augmented,/Users/vibha/COSMOS-Cluster10/labs/Cosmos-Gesture-Recognition-/data/processed/combined_augmented/sessions/leudies_clapping_003_seg000,30.0,452889.2,49429.79898765522,369590.6666666667,551786.0,539100.0,503123.0,-35977.0,7.283333333333334,1.5992764567719946,1.298751543942506,0.7674312835989648,3.780574344181249,300.0,300.0,-0.1433522222222222,0.3259212223248562,-1.649,1.9566666666666668,-0.9320855555555556,0.1661410258124846,-1.755,-0.4056666666666667,0.4256244444444444,0.270307540417548,-0.2186666666666666,1.0096666666666667,9.485722222222222,35.08543532204858,-140.02,194.13666666666668,-16.075983333333337,105.72234551170352,-250.8733333333333,150.78,-5.232844444444444,41.28960151290299,-98.67333333333332,70.40666666666668,1.1088492999660786,0.2187153176873412,148.0,42.1677927927928,17.559245320596265,6.0,75.0,40.66666666666667,69.0,29.25,56.75,27.5,67.5,35.0,-32.5,32.5,2.7698412698412698,13.333333333333332,0.0213943912409877
clapping,leudies,combined_augmented,/Users/vibha/COSMOS-Cluster10/labs/Cosmos-Gesture-Recognition-/data/processed/combined_augmented/sessions/leudies_clapping_003_seg001,30.0,411878.5444444445,33083.981279743144,355274.3333333333,472149.3333333333,421951.0,390766.5,-31184.5,7.088888888888889,1.271287866498447,1.6110450280895738,1.1069832856069843,5.730109351055373,300.0,300.0,0.3997088888888889,0.3530970225192138,-1.1673333333333331,2.811666666666667,-0.7861055555555555,0.2460365615918042,-1.256,0.4833333333333334,0.2753133333333333,0.3487025607825332,-0.6726666666666666,0.903,13.890022222222225,44.7311766774138,-190.67,225.79666666666665,-18.180883333333338,99.97057283472913,-230.5566666666667,155.84,-5.271238888888891,45.850577750533816,-127.49,101.29333333333334,1.0428627428612955,0.2697570096275031,146.0,25.826484018264843,11.841544451023548,7.333333333333333,50.66666666666666,23.0,43.33333333333333,16.333333333333332,34.58333333333333,18.25,32.5,15.0,-17.5,17.5,2.4126436781609195,9.666666666666668,-0.0498941191970413
clapping,leudies,combined_augmented,/Users/vibha/COSMOS-Cluster10/labs/Cosmos-Gesture-Recognition-/data/processed/combined_augmented/sessions/leudies_clapping_003_seg002,30.0,413875.8055555556,40726.04020903041,327052.0,497307.0,497307.0,397502.5,-99804.5,7.15,1.467140075112121,1.533397031042476,1.1515935359383265,4.64108552942696,300.0,300.0,0.5836933333333333,0.2747445390868118,-1.4189999999999998,2.269,-0.7580077777777777,0.2497385365272027,-2.183333333333333,0.6629999999999999,0.1939272222222222,0.3523282784769144,-0.5386666666666667,0.8690000000000001,4.176305555555555,57.48205896471787,-335.4,388.8033333333333,4.224461111111111,104.0787315078971,-275.45,257.13,-7.994583333333333,32.78857155854843,-100.73,66.655,1.0757876164560465,0.2398991132691149,143.0,19.667832167832167,10.225901028280031,1.3333333333333333,40.66666666666666,19.0,39.33333333333333,12.0,28.5,16.5,19.5,13.0,-6.5,6.5,1.881455399061033,10.333333333333334,-0.1174769088501482
two_arm_boxing,leudies,combined_augmented,/Users/vibha/COSMOS-Cluster10/labs/Cosmos-Gesture-Recognition-/data/processed/combined_augmented/sessions/leudies_two_arm_boxing_001_seg000,30.0,518358.6333333334,117164.62851018016,271130.0,710793.3333333334,280521.0,575069.5,294548.5,8.466666666666667,2.960980818480155,1.6643879941645,0.8226436870940979,3.823196449490647,300.0,300.0,0.4895861111111111,0.6442065557519308,-0.8603333333333333,1.485,-0.5838483333333333,0.1850736511475203,-0.992,0.0076666666666666,-0.3339327777777778,0.3814499765996054,-1.0326666666666666,0.392,-16.872333333333334,124.93748913030542,-266.7733333333333,293.06,0.0752444444444457,51.80779506891998,-90.02999999999999,101.60666666666668,-1.4773166666666673,70.19360570140657,-164.23000000000002,142.90666666666667,1.112864344206507,0.2199452556157919,148.0,48.29279279279279,13.40019547275695,24.0,89.33333333333333,47.0,65.33333333333333,38.333333333333336,55.5,17.166666666666664,41.0,43.5,2.5,2.5,2.9920634920634925,12.666666666666671,0.0840234152794077
two_arm_boxing,leudies,combined_augmented,/Users/vibha/COSMOS-Cluster10/labs/Cosmos-Gesture-Recognition-/data/processed/combined_augmented/sessions/leudies_two_arm_boxing_001_seg001,30.0,604291.0444444445,60129.12098628426,456746.6666666667,703296.3333333334,601587.0,669321.0,67734.0,10.105555555555556,0.7987065160404241,1.4483278840826153,0.8446187894424246,4.001598531435208,299.0,299.0,0.4597196209587513,0.6145545704257842,-0.7506666666666666,1.2421666666666666,-0.5174927536231884,0.2528098197175734,-1.2853333333333332,0.1826666666666666,-0.4349347826086956,0.336020987959743,-1.067,0.2363333333333333,-0.7420234113712383,78.65114479637646,-187.9533333333333,187.82,8.97320512820513,60.34845556150362,-109.0,133.88666666666666,-8.058578595317726,76.26633337301786,-163.16333333333333,123.09333333333332,1.0926730727688612,0.1699262500086153,150.0,50.89666666666667,14.599110325239268,24.666666666666668,77.0,50.83333333333333,52.33333333333333,38.75,60.58333333333333,21.83333333333333,39.0,55.0,16.0,16.0,2.3594332587621176,8.666666666666664,-0.0215254011289393
two_arm_boxing,leudies,combined_augmented,/Users/vibha/COSMOS-Cluster10/labs/Cosmos-Gesture-Recognition-/data/processed/combined_augmented/sessions/leudies_two_arm_boxing_001_seg002,30.0,556627.2722222222,56949.89068890891,461143.6666666667,652128.6666666666,589471.0,488992.0,-100479.0,9.41111111111111,1.042373834032946,1.834484289619216,1.0849725327953323,5.303595859768603,301.0,301.0,0.3808493909191583,0.4901778554135204,-0.4703333333333333,1.054,-0.5947740863787376,0.1716320998249551,-0.9646666666666668,-0.0453333333333333,-0.4486389811738649,0.3577264625512705,-1.0136666666666665,0.139,-5.776506090808411,89.3397744813373,-153.17333333333332,181.01666666666665,-12.67171650055371,44.10567204227343,-105.84666666666664,80.73333333333333,-6.610531561461791,64.124303303319,-156.11999999999998,84.25,1.0386134832996043,0.1380636438955184,148.0,52.09121621621622,11.428477751921958,30.666666666666668,79.0,50.16666666666667,48.33333333333333,43.58333333333333,61.0,17.41666666666667,59.5,46.0,-13.5,13.5,2.200680272108844,9.0,0.0437213339897903
two_arm_boxing,leudies,combined_augmented,/Users/vibha/COSMOS-Cluster10/labs/Cosmos-Gesture-Recognition-/data/processed/combined_augmented/sessions/leudies_two_arm_boxing_002_seg000,30.0,514272.6611111111,43785.488550717,402124.6666666667,572524.3333333334,490505.0,563125.5,72620.5,8.18888888888889,1.3128519516356671,1.7768405971574357,1.0048621367141637,3.653834937917461,300.0,300.0,0.3323422222222222,0.502586128711129,-0.6696666666666667,1.0373333333333334,-0.6666122222222222,0.3130448692822654,-1.1143333333333334,0.1923333333333333,-0.2919983333333333,0.4128044345703252,-1.0833333333333333,0.3826666666666667,-2.052327777777779,142.7323733548792,-273.8833333333333,270.9533333333333,-11.107333333333331,45.95767817363178,-94.89,107.91333333333334,-12.000411111111111,50.852539591317786,-112.53333333333336,111.42333333333332,1.060608212526181,0.190246844485876,150.0,44.94111111111111,9.613060821323344,27.33333333333333,59.333333333333336,46.5,32.0,36.66666666666666,53.58333333333333,16.916666666666664,51.5,33.0,-18.5,18.5,1.9720357941834448,9.666666666666664,-0.0099604426863418
two_arm_boxing,leudies,combined_augmented,/Users/vibha/COSMOS-Cluster10/labs/Cosmos-Gesture-Recognition-/data/processed/combined_augmented/sessions/leudies_two_arm_boxing_002_seg001,30.0,582709.511111111,63757.02762205808,423681.6666666667,695484.0,557479.5,627196.5,69717.0,9.272222222222222,0.8481825158814073,1.5770819425470235,0.9298036900893868,3.7557199029761295,299.0,299.0,0.4222357859531772,0.4242894406069498,-0.7713333333333333,0.9653333333333332,-0.8174738015607582,0.2217161275427751,-1.2343333333333335,0.0783333333333333,0.0653567447045707,0.3951252690858822,-0.8783333333333334,0.5483333333333333,-16.11315496098105,112.13351811457088,-227.24,255.14666666666668,-2.9986008918617606,61.53950820766472,-136.57,181.89,-13.23433110367893,43.5021138587609,-152.53333333333333,87.43666666666667,1.091088954434314,0.2136502320635801,150.0,44.88666666666666,13.195349087869932,22.33333333333333,67.66666666666667,42.0,45.33333333333334,33.0,58.333333333333336,25.333333333333336,34.0,32.0,-2.0,2.0,2.335570469798658,19.333333333333336,-0.0102623820317941
two_arm_boxing,leudies,combined_augmented,/Users/vibha/COSMOS-Cluster10/labs/Cosmos-Gesture-Recognition-/data/processed/combined_augmented/sessions/leudies_two_arm_boxing_002_seg002,30.0,557240.6111111111,63545.67992253513,426855.0,650650.6666666666,617609.5,577398.5,-40211.0,9.111111111111112,1.6740576859243737,1.7344030454660782,0.9092071007273252,4.166614399078456,300.0,300.0,0.1691238888888888,0.5604404808023004,-0.994,0.879,-0.7383666666666667,0.2950392553919261,-1.2336666666666667,0.1159999999999999,-0.1426688888888888,0.4476299368512255,-0.8776666666666667,0.507,19.727166666666665,139.68738785916452,-241.91,311.92,-10.428266666666666,58.49020963181217,-145.36,148.23666666666668,-14.38046666666667,78.6387242409564,-184.63333333333333,151.85333333333332,1.0755677891384028,0.1970046247468114,150.0,46.86555555555555,13.758607863101522,24.666666666666668,79.0,46.33333333333333,54.33333333333333,34.083333333333336,58.25,24.166666666666664,39.0,53.5,14.5,14.5,2.4821029082774047,10.0,-0.0664672503963139
two_arm_boxing,leudies,combined_augmented,/Users/vibha/COSMOS-Cluster10/labs/Cosmos-Gesture-Recognition-/data/processed/combined_augmented/sessions/leudies_two_arm_boxing_003_seg000,30.0,551569.9,50728.68795684877,438646.0,623351.3333333334,497127.0,535350.0,38223.0,9.255555555555556,0.9186678492708616,1.7470616033330897,0.9327202587943596,4.023119715720136,300.0,300.0,0.3886105555555555,0.5087634021345709,-0.837,0.9515,-0.7526694444444444,0.229632199662664,-1.455,-0.0566666666666666,-0.0358616666666666,0.3937464006102386,-0.7976666666666666,0.4553333333333333,17.210172222222226,123.16762836197232,-176.19333333333336,312.15000000000003,-3.7827611111111135,51.41475822731025,-133.56000000000003,136.0633333333333,-28.47027777777778,68.85626707604123,-200.01,124.10666666666668,1.0765173823529148,0.1628901948694909,148.0,47.93243243243244,11.767604136754612,26.33333333333333,66.66666666666667,49.0,40.33333333333334,36.833333333333336,58.083333333333336,21.25,61.0,39.5,-21.5,21.5,2.134920634920636,14.0,0.0489116016441041
two_arm_boxing,leudies,combined_augmented,/Users/vibha/COSMOS-Cluster10/labs/Cosmos-Gesture-Recognition-/data/processed/combined_augmented/sessions/leudies_two_arm_boxing_003_seg001,30.0,522166.4851851852,47032.44004559814,414461.6666666667,623991.5,529271.6666666667,623991.5,94719.83333333326,9.044444444444446,0.7588164923983944,1.7911715039944212,1.5447417058939463,6.972413541374585,300.0,300.0,0.1867594444444444,0.5069442985725818,-0.7976666666666667,0.875,-0.7180394444444445,0.2889622649651083,-1.233,0.081,-0.1995616666666666,0.4239574495955845,-0.9273333333333332,0.4513333333333333,1.570188888888891,141.69068910371826,-237.17,298.5833333333333,-12.241866666666668,36.55495306479073,-98.16666666666669,94.28333333333336,-5.579911111111112,63.07504338522213,-130.95666666666668,113.59,1.037835698282932,0.1827930182918533,150.0,46.44,10.57886965707946,27.33333333333333,75.33333333333333,44.33333333333333,48.0,37.66666666666666,55.333333333333336,17.66666666666667,42.0,40.0,-2.0,2.0,1.8702460850111853,10.0,0.0114731025082594
two_arm_boxing,leudies,combined_augmented,/Users/vibha/COSMOS-Cluster10/labs/Cosmos-Gesture-Recognition-/data/processed/combined_augmented/sessions/leudies_two_arm_boxing_003_seg002,30.0,535801.5777777778,65646.21752082978,440100.5,670721.3333333334,634072.5,468423.0,-165649.5,8.677777777777779,1.0164693190368363,2.171404912780285,1.1130397266164285,5.262215469437857,299.0,299.0,0.3744804905239687,0.3810959421730279,-0.639,0.8355,-0.8241020066889633,0.2446632919742445,-1.179,0.0056666666666666,-0.0530362318840579,0.3980471699494804,-0.8456666666666667,0.4626666666666666,-23.59527870680045,116.4369349179884,-227.77,238.5433333333333,-3.73103121516165,36.77211940857308,-86.14333333333333,103.87333333333332,-5.192670011148274,41.84630352614347,-128.67666666666665,83.49,1.0749441247284812,0.1738491268348496,150.0,48.24,12.262622740679852,27.0,90.66666666666669,45.333333333333336,63.66666666666667,39.333333333333336,55.58333333333333,16.249999999999993,35.5,44.5,9.0,9.0,3.055928411633109,22.0,-0.0165156969939404
soli,leudies,combined_augmented,/Users/vibha/COSMOS-Cluster10/labs/Cosmos-Gesture-Recognition-/data/processed/combined_augmented/sessions/leudies_soli_001_seg000,30.0,292417.8388888889,19880.33726698426,269775.3333333333,340876.3333333333,305345.5,306476.5,1131.0,1.5361111111111112,0.8611155913861942,7.452960428781313,4.220294520584643,15.699215262359562,300.0,300.0,0.091515,0.0283285324781615,0.02,0.1726666666666666,-0.9811333333333332,0.0326251294874683,-1.084666666666667,-0.882,0.2074611111111111,0.0584301567699814,0.0653333333333333,0.3223333333333333,1.132377777777778,22.018594605929028,-55.88333333333333,47.71,-0.1409666666666673,9.986704015042903,-25.85,18.87,-0.24785,6.7107570637179785,-15.86,17.19,1.0091956622099425,0.0290315182082385,150.0,75.07444444444445,1.7942796529610645,69.33333333333333,77.66666666666667,75.66666666666667,8.333333333333343,74.0,76.33333333333333,2.3333333333333286,75.5,74.0,-1.5,1.5,0.4910514541387024,2.333333333333343,-0.0131392506333617
soli,leudies,combined_augmented,/Users/vibha/COSMOS-Cluster10/labs/Cosmos-Gesture-Recognition-/data/processed/combined_augmented/sessions/leudies_soli_001_seg001,30.0,306255.0555555556,24707.00936862569,272833.6666666667,355035.3333333333,286156.0,280650.0,-5506.0,2.4611111111111112,1.7060259937521542,3.690718721014989,4.496019135711131,16.402396944960234,300.0,300.0,0.0765166666666666,0.0340730543828906,-0.0373333333333333,0.16,-0.9829105555555554,0.0529830722025495,-1.141,-0.8513333333333333,0.2049655555555555,0.0774136311967196,-0.0019999999999999,0.353,-1.5735555555555565,22.5325710506884,-70.55,44.81,2.648894444444444,10.97809347147708,-31.02666666666667,27.343333333333334,-0.6012277777777776,6.595444554553647,-20.15333333333333,17.493333333333332,1.0107018603335705,0.0492101438001139,150.0,71.52666666666667,1.8148940513426133,65.5,75.33333333333333,71.66666666666667,9.833333333333329,70.08333333333333,72.95833333333333,2.875,71.0,65.5,-5.5,5.5,0.5178970917225945,2.333333333333343,-0.0191688519489757
soli,leudies,combined_augmented,/Users/vibha/COSMOS-Cluster10/labs/Cosmos-Gesture-Recognition-/data/processed/combined_augmented/sessions/leudies_soli_001_seg002,30.0,308482.6777777777,40424.06986112252,262714.0,386209.3333333333,273240.0,274082.0,842.0,3.2944444444444443,2.0824146122431886,2.97964869215525,4.270419638374741,18.43370320874129,300.0,300.0,0.0548861111111111,0.0276610979539962,-0.0229999999999999,0.1145,-0.9800833333333332,0.0406476059611186,-1.0983333333333334,-0.8330000000000001,0.2302805555555555,0.0564188566828794,0.0666666666666666,0.3456666666666666,0.9328333333333342,23.46183717566481,-70.87333333333333,66.38,1.3594166666666667,9.668305349518752,-20.51,31.80666666666667,0.1727499999999998,7.066632787032255,-13.083333333333334,21.363333333333333,1.0102653052673436,0.0396159603004803,150.0,70.0788888888889,1.3986646271530982,66.0,73.33333333333333,70.16666666666666,7.333333333333329,69.0,71.0,2.0,66.0,68.5,2.5,2.5,0.3836689038031317,2.0,-0.0186583107397367
soli,leudies,combined_augmented,/Users/vibha/COSMOS-Cluster10/labs/Cosmos-Gesture-Recognition-/data/processed/combined_augmented/sessions/leudies_soli_002_seg000,30.0,337837.69444444444,34299.73502797133,274874.6666666667,418246.0,310674.0,336807.5,26133.5,4.066666666666667,1.3868429375143148,3.076714826172497,2.1543107003436,8.687554464131841,300.0,300.0,0.0563327777777777,0.0621871495870765,-0.0533333333333333,0.2279999999999999,-0.9913987037037038,0.0636415338568528,-1.165,-0.8753333333333333,0.1582688888888888,0.0725757777899121,-0.052,0.2966666666666666,-0.005422222222222,21.98412602537354,-56.43666666666667,58.56333333333333,-1.2623277777777775,9.73544977085885,-25.12666666666667,34.56,-1.346244444444444,11.272894551199755,-21.975,23.02,1.0099607068061396,0.0652526886997001,150.0,69.03,1.4636002507264707,65.66666666666667,72.0,69.0,6.333333333333329,68.0,70.0,2.0,69.5,69.5,0.0,0.0,0.6308724832214763,3.666666666666672,-0.0045563506526217
soli,leudies,combined_augmented,/Users/vibha/COSMOS-Cluster10/labs/Cosmos-Gesture-Recognition-/data/processed/combined_augmented/sessions/leudies_soli_002_seg001,30.0,343988.06666666665,31399.17369712493,289575.3333333333,411630.3333333333,329053.0,358081.5,29028.5,3.894444444444445,1.5649419190105884,6.778476287384384,6.251981389858837,27.03951769108047,300.0,300.0,0.1126866666666666,0.0379401132390586,0.012,0.1993333333333333,-0.9911244444444444,0.0454185870836477,-1.133333333333333,-0.8606666666666666,0.1457566666666666,0.0529970311964534,0.02,0.2856666666666667,0.7172944444444442,20.21144935573891,-54.26333333333333,43.56999999999999,0.8464833333333334,7.063452957254819,-29.22666666666667,18.343333333333334,1.528088888888889,6.8218510450601055,-13.01,20.33333333333333,1.0103024455358671,0.0432540079377878,150.0,68.74888888888889,1.4451859509000091,65.33333333333333,72.0,68.66666666666667,6.666666666666671,68.0,69.66666666666667,1.6666666666666714,68.5,71.0,2.5,2.5,0.4433258762117817,2.3333333333333286,0.0165814776953048
soli,leudies,combined_augmented,/Users/vibha/COSMOS-Cluster10/labs/Cosmos-Gesture-Recognition-/data/processed/combined_augmented/sessions/leudies_soli_002_seg002,30.0,333672.9944444444,46422.934373569566,270831.0,417268.3333333333,372626.0,402531.5,29905.5,3.6277777777777778,1.8356971293264268,2.780414166820952,2.3566649150688352,9.887446413251997,300.0,300.0,0.1044022222222222,0.0275162523467473,0.036,0.1909999999999999,-0.9928927777777778,0.0396440486311934,-1.1003333333333334,-0.8943333333333333,0.1306661111111111,0.0464648911631402,0.0326666666666666,0.2223333333333333,-1.2722833333333334,18.30824913901897,-40.376666666666665,41.443333333333335,-0.5465000000000001,5.901054871957373,-16.086666666666666,13.54,-0.6288999999999999,6.324907208600566,-14.636666666666668,13.246666666666668,1.0082742147978372,0.0409928454830909,150.0,68.19888888888887,1.4676090965761182,62.333333333333336,70.66666666666667,68.66666666666667,8.333333333333336,67.875,69.0,1.125,68.5,69.5,1.0,1.0,0.472035794183445,3.000000000000007,-0.0111332355512097
soli,leudies,combined_augmented,/Users/vibha/COSMOS-Cluster10/labs/Cosmos-Gesture-Recognition-/data/processed/combined_augmented/sessions/leudies_soli_003_seg000,30.0,286127.8,23393.73716800986,251778.0,325183.3333333333,316107.0,251778.0,-64329.0,2.2833333333333337,1.7176372660657364,2.806576979146827,1.413629955594008,5.436944233584683,299.0,299.0,0.312860646599777,0.0603110898956644,0.21,0.4146666666666667,-0.9142686733556296,0.064410554474758,-1.1093333333333335,-0.754,0.2763751393534002,0.0723594488322797,0.131,0.4313333333333333,-1.0898606465997769,24.325821427001816,-56.55,101.3,0.1868338907469342,9.527757367366773,-23.203333333333333,22.58666666666667,1.9700501672240809,7.931727206383697,-17.0,27.113333333333333,1.0105884468184003,0.043419316064847,150.0,68.29222222222222,1.664084875772804,64.66666666666667,71.66666666666667,68.33333333333333,7.0,67.0,69.33333333333333,2.3333333333333286,68.5,67.5,-1.0,1.0,0.7225950782997764,2.6666666666666714,-0.0227485666029603
soli,leudies,combined_augmented,/Users/vibha/COSMOS-Cluster10/labs/Cosmos-Gesture-Recognition-/data/processed/combined_augmented/sessions/leudies_soli_003_seg001,30.0,332448.0055555556,39507.24126317632,267058.3333333333,412969.6666666667,315342.5,274174.0,-41168.5,4.116666666666666,1.9725664801264668,3.030465815325526,2.773738612681601,10.701307275067332,301.0,301.0,0.2502214839424141,0.0389700792439155,0.1496666666666667,0.332,-0.9730420819490588,0.0406776369245556,-1.0826666666666669,-0.8569999999999999,0.0898870431893687,0.0514019119579052,-0.0456666666666666,0.1823333333333333,-1.5718217054263566,20.14205772552948,-70.77333333333333,37.89333333333334,2.116179401993356,7.346291585411313,-19.59,25.473333333333333,-1.6826190476190477,8.012731546117273,-26.070000000000004,27.49666666666667,1.010777462347022,0.0405682164966004,150.0,71.19666666666667,2.0749446323799114,64.5,75.33333333333333,71.33333333333333,10.833333333333329,70.0,72.66666666666667,2.6666666666666714,64.5,73.5,9.0,9.0,0.5861297539149884,2.333333333333343,0.029227669377898
soli,leudies,combined_augmented,/Users/vibha/COSMOS-Cluster10/labs/Cosmos-Gesture-Recognition-/data/processed/combined_augmented/sessions/leudies_soli_003_seg002,30.0,328743.3277777778,48682.61407973158,262317.3333333333,435140.3333333333,273791.0,351865.0,78074.0,3.8777777777777778,1.919651460134121,2.287514715469721,1.4824855696732109,5.692702692980161,300.0,300.0,0.3178772222222222,0.0314043465331288,0.2313333333333333,0.4016666666666666,-0.9541966666666668,0.0344875143686103,-1.041,-0.8496666666666667,0.0808472222222222,0.0376259698000604,-0.03,0.161,-3.68985,10.292490299282935,-32.12,28.09,4.7077333333333335,8.932410539569227,-20.59,27.15,-0.1252777777777779,5.780458189953671,-12.949999999999998,20.59,1.010337172765641,0.0297256284436156,150.0,73.94666666666667,1.8183052971425628,69.33333333333333,78.33333333333333,73.66666666666667,9.0,73.0,75.33333333333333,2.3333333333333286,77.0,71.0,-6.0,6.0,0.7673378076062645,2.3333333333333286,-0.0216738521712077
palm_up_down,leudies,combined_augmented,/Users/vibha/COSMOS-Cluster10/labs/Cosmos-Gesture-Recognition-/data/processed/combined_augmented/sessions/leudies_palm_up_down_001_seg000,30.0,367571.43333333335,32873.61696985503,314002.0,430306.0,329471.5,364697.5,35226.0,4.372222222222223,1.164031415298775,3.4271844659289874,2.392792386258562,9.3694109215188,300.0,300.0,0.2206683333333333,0.6028893568407659,-0.8133333333333334,0.938,-0.3595861111111111,0.2394057668394553,-0.909,0.078,-0.6409872222222222,0.2176504901332568,-1.122,-0.1606666666666666,7.668466666666666,42.18943980452051,-75.12666666666667,140.38333333333333,-29.92306666666666,177.09483967596236,-483.82,281.4633333333333,10.234555555555554,70.81793970918895,-131.65333333333334,164.61666666666667,1.0081276295203334,0.2017484075107025,150.0,92.98,2.918794046784837,87.66666666666667,98.66666666666669,92.33333333333331,11.0,90.66666666666669,95.66666666666669,5.0,96.5,90.5,-6.0,6.0,0.8523489932885903,3.666666666666657,-0.0415894039735106
palm_up_down,leudies,combined_augmented,/Users/vibha/COSMOS-Cluster10/labs/Cosmos-Gesture-Recognition-/data/processed/combined_augmented/sessions/leudies_palm_up_down_001_seg001,30.0,358653.55,33331.66129704081,295230.6666666667,421540.0,354400.5,411689.0,57288.5,4.316666666666666,1.5571519586161855,3.809942464493847,2.568811371810395,11.343279239221708,299.0,299.0,0.1670903010033444,0.603307487129966,-0.9806666666666668,0.9876666666666668,-0.3692971014492753,0.2541033808064528,-0.9556666666666668,0.1786666666666666,-0.628680602006689,0.2758092001267433,-1.4543333333333337,-0.0286666666666666,1.3293088071348944,49.6199784694527,-143.49666666666667,122.23666666666668,15.282502787068006,195.3799523023677,-304.6466666666667,380.01666666666665,-3.2400724637681164,84.03081167026272,-129.48999999999998,168.16666666666666,1.0062214846373774,0.2273242355332288,150.0,90.54555555555557,2.2204137868955964,85.66666666666667,96.33333333333331,90.66666666666669,10.666666666666655,88.66666666666667,92.29166666666666,3.624999999999986,90.0,88.0,-2.0,2.0,0.8926174496644294,3.3333333333333286,-0.0057113649495534
palm_up_down,leudies,combined_augmented,/Users/vibha/COSMOS-Cluster10/labs/Cosmos-Gesture-Recognition-/data/processed/combined_augmented/sessions/leudies_palm_up_down_001_seg002,30.0,380850.35,32079.11870176812,324080.6666666667,461929.3333333333,343150.5,378890.5,35740.0,5.027777777777778,1.1353603876639975,2.208178834428535,1.3929491670139855,5.404768813807976,300.0,300.0,0.1537033333333333,0.5935482823413528,-0.8036666666666666,1.0386666666666666,-0.391425,0.2213334480107634,-0.8879999999999999,0.036,-0.6560455555555555,0.2916078124091066,-1.1546666666666667,-0.1586666666666666,0.8516888888888888,39.65901038481936,-73.11,130.99333333333334,11.934105555555558,185.8615780665168,-329.8633333333333,312.6433333333333,-4.05742222222222,75.59661032599934,-115.21999999999998,168.08666666666667,1.020662301555763,0.2276085617603094,150.0,89.06888888888889,2.6295159498312177,81.66666666666667,95.0,89.0,13.333333333333329,87.33333333333333,91.25,3.916666666666672,87.0,92.5,5.5,5.5,0.8840417598806859,3.666666666666657,0.0219049735543797
palm_up_down,leudies,combined_augmented,/Users/vibha/COSMOS-Cluster10/labs/Cosmos-Gesture-Recognition-/data/processed/combined_augmented/sessions/leudies_palm_up_down_002_seg000,30.0,352187.32222222217,21389.295319064928,271441.0,387437.0,349544.0,271441.0,-78103.0,3.438888888888889,0.6389854999417455,2.998966705391956,2.0867877490475406,9.80096404982454,301.0,301.0,0.096985603543743,0.5791847991261284,-0.9486666666666668,1.001,-0.364312292358804,0.2379686472555938,-0.7986666666666666,0.147,-0.6705193798449612,0.2699934280215154,-1.2016666666666669,-0.133,-0.934662236987819,37.8710546615717,-85.19666666666667,91.08,-8.125332225913622,201.683891296023,-318.9266666666667,332.63000000000005,2.8676578073089685,85.49860055469931,-144.21,160.9466666666667,1.002339357452286,0.2280838983762803,150.0,87.28944444444444,3.1482701336925447,81.33333333333333,94.66666666666669,87.0,13.333333333333345,84.66666666666667,89.33333333333333,4.666666666666657,81.75,88.0,6.25,6.25,0.697427293064877,3.0,0.0469856438063911
palm_up_down,leudies,combined_augmented,/Users/vibha/COSMOS-Cluster10/labs/Cosmos-Gesture-Recognition-/data/processed/combined_augmented/sessions/leudies_palm_up_down_002_seg001,30.0,361458.5333333333,34237.74583296866,301700.3333333333,452311.0,369586.0,417526.0,47940.0,5.383333333333335,1.8283518179962983,1.958282501094224,1.4186091115071795,6.1507038260181215,299.0,299.0,0.0293489409141583,0.5929740887392934,-0.8226666666666667,0.906,-0.3915769230769231,0.2215854115303914,-0.8446666666666666,0.1585,-0.6880468227424749,0.2595622348008188,-1.1913333333333334,-0.1063333333333333,1.23516164994426,46.31428071856609,-106.62333333333332,153.77,5.528578595317724,191.77497392972865,-368.43,343.03000000000003,-7.228010033444817,69.8609588277121,-114.33,175.36,1.0215376260557325,0.228372664983554,150.0,85.63555555555554,5.648020528054589,71.33333333333333,96.33333333333331,86.33333333333333,25.0,83.66666666666667,89.91666666666667,6.25,84.5,88.0,3.5,3.5,0.98993288590604,3.3333333333333286,-0.0682128094581982
palm_up_down,leudies,combined_augmented,/Users/vibha/COSMOS-Cluster10/labs/Cosmos-Gesture-Recognition-/data/processed/combined_augmented/sessions/leudies_palm_up_down_002_seg002,30.0,345485.7833333333,23347.121610245897,305725.3333333333,397854.0,358978.5,356976.0,-2002.5,4.433333333333334,1.17819699038325,2.9254543009703857,2.553556392527109,8.394882487635401,301.0,301.0,-0.0516710963455149,0.6162612763000594,-0.9823333333333334,0.9033333333333332,-0.4031644518272425,0.2117543147301446,-0.8573333333333334,0.1533333333333333,-0.677421926910299,0.2440488598042943,-1.1273333333333333,-0.17,6.70999446290144,48.1220075208315,-73.91666666666667,159.97,-16.701904761904764,217.4181681431676,-453.19,331.53333333333336,10.291578073089704,88.28617348225637,-135.5,182.5433333333333,1.0193563081045574,0.2630634106952257,150.0,85.63166666666666,2.4104635733255964,81.66666666666667,92.33333333333331,85.0,10.666666666666655,84.0,87.33333333333333,3.3333333333333286,87.25,83.0,-4.25,4.25,0.7119686800894863,2.6666666666666714,-0.0090743292294476
palm_up_down,leudies,combined_augmented,/Users/vibha/COSMOS-Cluster10/labs/Cosmos-Gesture-Recognition-/data/processed/combined_augmented/sessions/leudies_palm_up_down_003_seg000,30.0,395881.7555555556,33309.602007355104,342109.6666666667,454459.6666666667,398959.0,344048.0,-54911.0,6.222222222222222,0.986326267607651,2.5796220003062387,1.8090404888559093,6.999099555245982,300.0,300.0,0.001945,0.6418376421802047,-1.012,0.953,-0.3465577777777778,0.2388933172612803,-0.9656666666666668,0.164,-0.6492883333333332,0.2951314602144836,-1.239,-0.1346666666666666,-9.399205555555556,40.98394856309677,-79.78333333333332,109.91666666666669,19.310522222222225,228.0681270363242,-452.2833333333333,378.2966666666666,-11.773633333333336,85.24468743793646,-139.36,175.7733333333333,1.001922097892244,0.306531696046478,150.0,88.5311111111111,2.439222950151719,83.66666666666667,93.66666666666669,88.16666666666666,10.0,86.75,90.33333333333331,3.5833333333333286,86.5,93.5,7.0,7.0,0.8970917225950779,2.6666666666666714,0.0105237269804578
palm_up_down,leudies,combined_augmented,/Users/vibha/COSMOS-Cluster10/labs/Cosmos-Gesture-Recognition-/data/processed/combined_augmented/sessions/leudies_palm_up_down_003_seg001,30.0,388527.2555555555,42714.51203745226,300159.0,502928.6666666667,361967.0,300159.0,-61808.0,5.544444444444443,1.5527355390796551,2.808583454968921,2.130296186814421,7.910288116584756,300.0,300.0,0.0713605555555555,0.6820959327023995,-1.0286666666666666,0.949,-0.3556038888888888,0.2832854071290718,-0.9063333333333334,0.1986666666666666,-0.6129577777777778,0.3033603804709939,-1.2663333333333333,-0.1186666666666666,6.092094444444444,55.95172153569313,-119.95,153.50666666666666,-0.0214055555555629,234.36000083789327,-419.68,404.32,3.404861111111112,90.244831974782,-144.35333333333332,161.42,1.0265905636378505,0.3015103819291099,150.0,88.05888888888889,2.385337439540218,81.66666666666667,92.33333333333331,88.33333333333333,10.666666666666655,86.66666666666667,90.0,3.3333333333333286,84.5,85.0,0.5,0.5,0.8646532438478746,2.6666666666666714,-0.0023766982236251
palm_up_down,leudies,combined_augmented,/Users/vibha/COSMOS-Cluster10/labs/Cosmos-Gesture-Recognition-/data/processed/combined_augmented/sessions/leudies_palm_up_down_003_seg002,30.0,422921.4333333333,37948.53810490279,357260.6666666667,490142.0,442571.5,362984.5,-79587.0,6.305555555555555,1.032870266613538,2.919798204527667,2.218872141701045,9.124198143692505,300.0,300.0,-0.1034372222222222,0.7030227637400716,-1.2486666666666668,0.8943333333333333,-0.3757372222222223,0.3229902846888665,-0.8409999999999999,0.2783333333333333,-0.6353116666666667,0.3376456459303759,-1.308,-0.06,3.9188222222222224,55.76470981708064,-106.36666666666667,151.97000000000003,-17.922150000000002,269.66953570493035,-532.7600000000001,449.31,7.208083333333331,114.05055588041624,-171.345,242.91,1.063542191830492,0.3700607404999292,150.0,85.59444444444443,3.1807596836370635,78.33333333333333,92.66666666666669,85.66666666666667,14.333333333333345,83.33333333333333,88.0,4.666666666666671,87.5,84.0,-3.5,3.5,1.070469798657718,3.666666666666657,-0.0103432745159047
pull,peter,combined_augmented,/Users/vibha/COSMOS-Cluster10/labs/Cosmos-Gesture-Recognition-/data/processed/combined_augmented/sessions/peter_pull_001,30.0,328238.7833333333,55664.73172226374,264623.0,414127.0,362469.5,287572.0,-74897.5,3.8222222222222224,1.9182038924054725,3.755770653719713,3.918795772888615,13.057120196735369,301.0,301.0,0.768266888150609,0.1266486974034432,0.43,0.8783333333333333,0.293750830564784,0.068704426314022,0.1173333333333333,0.4623333333333333,-0.517329457364341,0.1735338612493585,-0.913,-0.2743333333333334,1.56984496124031,4.028822357458309,-7.1933333333333325,20.876666666666665,11.63469545957918,13.68607482452621,-12.513333333333334,38.94,-4.594800664451827,7.921455792026314,-26.21666666666667,10.833333333333334,0.9973468987551244,0.0180744193760063,151.0,69.49779249448125,6.976149493889794,61.66666666666666,84.0,66.33333333333333,22.333333333333336,64.0,75.66666666666667,11.666666666666671,83.5,68.0,-15.5,15.5,0.7455555555555559,3.0,-0.1352503775996284
pull,peter,combined_augmented,/Users/vibha/COSMOS-Cluster10/labs/Cosmos-Gesture-Recognition-/data/processed/combined_augmented/sessions/peter_pull_002,30.0,412524.0888888889,110003.962995588,307048.6666666667,668483.0,383932.5,327167.5,-56765.0,3.822222222222223,1.2419618093172065,1.5359048726129996,1.5247743501167534,5.320757162014849,301.0,301.0,0.7528887043189368,0.1142549116964906,0.5133333333333333,0.8686666666666666,0.3316571613141381,0.0802432564409148,0.1736666666666666,0.5163333333333334,-0.5175935769656699,0.1813238686461449,-0.9173333333333332,-0.246,0.6497563676633444,6.559513843841904,-16.376666666666665,22.37,10.105243632336656,15.672175871414796,-12.006666666666668,47.00666666666667,-3.4142081949058687,9.84330519453035,-26.71333333333333,13.713333333333331,0.9982703941013616,0.0238477527379147,151.0,74.65673289183223,7.414805803707613,65.66666666666667,91.66666666666669,71.33333333333333,26.0,69.33333333333333,81.25,11.916666666666671,86.5,68.5,-18.0,18.0,0.6800000000000004,2.666666666666657,-0.1543853839897761
pull,peter,combined_augmented,/Users/vibha/COSMOS-Cluster10/labs/Cosmos-Gesture-Recognition-/data/processed/combined_augmented/sessions/peter_pull_003,30.0,346266.8666666668,74578.26818586359,271820.0,531614.0,404969.5,281431.5,-123538.0,4.261111111111111,1.8903670686723748,5.235230451187473,5.686068692382191,19.48178164385114,302.0,302.0,0.7597538631346579,0.1176250979273235,0.384,0.9,0.3413289183222958,0.0693497071296081,0.156,0.5466666666666667,-0.5121837748344371,0.1481538171485888,-0.8816666666666667,-0.297,1.8975441501103751,5.499217108898425,-14.323333333333332,24.863333333333333,8.937522075055188,16.632037049473993,-8.686666666666666,49.64333333333334,-3.13296357615894,10.790954154176548,-40.67,13.14,0.9977722487320108,0.0332974619467738,151.0,74.62472406181014,7.508075123024551,66.5,91.33333333333331,70.33333333333333,24.83333333333333,69.0,80.66666666666667,11.666666666666671,88.5,68.0,-20.5,20.5,0.5877777777777775,2.6666666666666714,-0.1535395608225866
pull,peter,combined_augmented,/Users/vibha/COSMOS-Cluster10/labs/Cosmos-Gesture-Recognition-/data/processed/combined_augmented/sessions/peter_pull_004,30.0,328374.10555555555,70791.47233666982,265499.0,480419.3333333333,317122.0,273875.5,-43246.5,4.605555555555555,2.624134189959344,5.329830001273291,4.739953104619234,18.75031148792343,301.0,301.0,0.7548975636766335,0.1387806844529582,0.2516666666666666,0.8906666666666667,0.3159485049833886,0.0768070955905956,0.0229999999999999,0.5086666666666666,-0.5328776301218161,0.1499436236782177,-0.8873333333333333,-0.2793333333333333,2.1691251384274643,7.072281509783666,-22.146666666666665,38.94,8.849944629014393,18.45805392114272,-17.516666666666666,72.14666666666666,-2.922009966777409,11.277906281422752,-48.95,14.536666666666669,1.0001035144811836,0.0329820715667293,150.0,74.67888888888888,6.513197084878349,66.5,91.5,71.66666666666667,25.0,70.33333333333333,79.5,9.166666666666671,91.5,68.5,-23.0,23.0,0.7785234899328864,3.3333333333333286,-0.1260349348859952
pull,peter,combined_augmented,/Users/vibha/COSMOS-Cluster10/labs/Cosmos-Gesture-Recognition-/data/processed/combined_augmented/sessions/peter_pull_005,30.0,350137.3388888889,84533.92083854819,267436.3333333333,494718.3333333333,445326.5,273295.0,-172031.5,4.811111111111113,2.6630994659291454,6.179194758379134,5.379996967303984,20.2574471379154,301.0,301.0,0.7331782945736434,0.1479860660383235,0.3736666666666666,0.888,0.3035858250276855,0.0684189440701866,0.043,0.4693333333333333,-0.5624828349944629,0.1664806286743883,-0.8983333333333333,-0.2663333333333333,2.86703211517165,5.711142351442945,-8.81,26.266666666666666,10.221013289036549,19.16944108518725,-10.01,58.870000000000005,-3.8701495016611296,9.811502650538186,-41.34333333333333,13.43,0.9999125010633974,0.0239483203002641,151.0,73.47075055187638,8.322777751868088,64.66666666666667,90.33333333333331,68.66666666666667,25.666666666666657,67.0,81.16666666666666,14.166666666666655,89.25,67.5,-21.75,21.75,0.537222222222222,2.666666666666657,-0.1680501336121766
pull,peter,combined_augmented,/Users/vibha/COSMOS-Cluster10/labs/Cosmos-Gesture-Recognition-/data/processed/combined_augmented/sessions/peter_pull_006,30.0,446354.9666666667,135830.96674391956,306725.6666666667,772584.0,398727.0,314313.0,-84414.0,2.2500000000000004,2.09529897097712,3.304006877185991,2.5999724524191263,8.607049702247819,302.0,302.0,0.7672737306843267,0.1398111504114957,0.391,0.9006666666666666,0.3127935982339956,0.0722177009049141,0.064,0.536,-0.5124884105960265,0.1678159434202029,-0.9486666666666664,-0.2066666666666666,3.2348565121412807,6.59415085190687,-10.803333333333333,35.9,10.877075055187635,19.422110588402248,-11.893333333333333,66.39666666666666,-3.531059602649007,10.673524705323564,-38.24666666666666,10.386666666666668,1.0008527883763296,0.0202885400749411,151.0,74.46799116997794,6.642754761888186,67.66666666666667,90.0,71.33333333333333,22.33333333333333,69.66666666666667,79.91666666666666,10.249999999999986,87.5,71.5,-16.0,16.0,0.5200000000000006,2.3333333333333286,-0.1166010224236088
pull,peter,combined_augmented,/Users/vibha/COSMOS-Cluster10/labs/Cosmos-Gesture-Recognition-/data/processed/combined_augmented/sessions/peter_pull_007,30.0,356923.8111111111,67744.85835891812,266882.3333333333,501092.6666666667,277948.5,322796.5,44848.0,3.9500000000000006,2.69125813893249,7.402050174843414,6.05526320735158,21.284219830212525,302.0,302.0,0.7541081677704194,0.1693595987516423,0.286,0.9183333333333332,0.313424944812362,0.0964103521999086,-0.0643333333333333,0.5296666666666666,-0.5102991169977925,0.2069305664103145,-0.9943333333333332,-0.2676666666666666,1.9935596026490063,9.10218282543153,-24.126666666666665,54.91,10.848934878587196,23.56895067741436,-15.18,84.45666666666666,-2.9176379690949226,13.117060438728654,-55.99333333333333,17.823333333333334,1.0036494045573472,0.02837737275756,151.0,74.84437086092716,7.644549471359562,64.0,88.0,70.66666666666667,24.0,68.66666666666667,82.0,13.333333333333329,87.0,67.5,-19.5,19.5,0.5788888888888889,5.666666666666671,-0.1580608806785179
pull,peter,combined_augmented,/Users/vibha/COSMOS-Cluster10/labs/Cosmos-Gesture-Recognition-/data/processed/combined_augmented/sessions/peter_pull_008,30.0,335058.3666666666,75008.50192879867,280042.6666666667,512054.0,291510.5,312553.0,21042.5,4.258333333333334,2.7240654190763127,3.352425881757793,2.326812976409536,9.77190015420713,302.0,302.0,0.8155331125827815,0.1504696269177174,0.2181666666666666,0.9013333333333334,0.3299707505518764,0.0794261957773957,-0.1123333333333333,0.4989999999999999,-0.4140309050772627,0.1746920462957301,-1.036333333333333,-0.141,1.135353200883002,6.092580689080902,-14.68,36.67333333333334,12.070601545253863,24.371674262213528,-6.703333333333333,96.85666666666668,-3.657284768211921,13.43512799776236,-67.74,8.03,1.0020123100726896,0.0288931652823532,151.0,72.36975717439293,6.046115803638978,64.0,86.0,70.0,22.0,68.66666666666667,74.66666666666667,6.0,85.5,69.0,-16.5,16.5,0.5699999999999993,2.6666666666666714,-0.0903479725804581
push,peter,combined_augmented,/Users/vibha/COSMOS-Cluster10/labs/Cosmos-Gesture-Recognition-/data/processed/combined_augmented/sessions/peter_push_001,30.0,392207.9833333333,74671.04688390062,282790.5,549588.6666666666,425362.0,282790.5,-142571.5,4.461111111111111,2.197508409512133,3.474737795893636,3.291891126801048,13.324880840753051,302.0,302.0,0.6563719646799117,0.1869964791172482,0.333,1.1626666666666667,0.2953134657836644,0.0716409013425355,0.1226666666666666,0.618,-0.6385253863134659,0.221850443949583,-0.9503333333333334,-0.052,-1.557820088300221,9.669693118933886,-42.09333333333333,16.103333333333335,-11.565805739514351,25.29245662152969,-99.74333333333334,7.8,1.7657781456953645,11.047237696236694,-35.56333333333333,41.24,1.0050117877078504,0.0708371093001646,150.0,81.99777777777777,8.240285597979385,61.66666666666666,89.66666666666667,86.0,28.000000000000007,77.5,87.33333333333333,9.833333333333329,73.0,87.0,14.0,14.0,0.6442953020134228,3.0,0.1513092433737794
push,peter,combined_augmented,/Users/vibha/COSMOS-Cluster10/labs/Cosmos-Gesture-Recognition-/data/processed/combined_augmented/sessions/peter_push_002,30.0,362915.4518518519,94899.6719669099,272092.6666666667,574751.3333333334,376548.0,282445.6666666666,-94102.33333333336,4.522222222222222,1.512744215566001,4.141503630456254,3.683824613683404,15.813529684620722,301.0,301.0,0.6485836101882613,0.1389326459400265,0.4303333333333333,1.0543333333333331,0.3127414174972314,0.0769691075040586,0.1056666666666666,0.6143333333333333,-0.6510805647840531,0.1942954868257576,-0.9296666666666668,-0.089,-2.0179125138427465,7.20116856545578,-25.32,12.99,-10.833676633444076,20.21866041899248,-74.09,6.9366666666666665,2.9065725359911405,12.09113598615051,-20.05333333333333,51.21,1.0015753508986576,0.0468814649247979,151.0,88.28090507726269,10.880072745765618,66.66666666666667,101.66666666666669,93.0,35.0,80.83333333333333,94.58333333333334,13.750000000000014,70.25,94.5,24.25,24.25,0.7694444444444444,4.0,0.174468746369234
push,peter,combined_augmented,/Users/vibha/COSMOS-Cluster10/labs/Cosmos-Gesture-Recognition-/data/processed/combined_augmented/sessions/peter_push_003,30.0,364027.0222222222,96147.06877113304,270602.3333333333,582621.0,410490.0,275613.0,-134877.0,4.794444444444445,2.670026818194256,3.765229443107438,4.00537657849196,18.15284163321071,300.0,300.0,0.638995,0.1625500981517894,0.359,1.078,0.287131111111111,0.0913867864848793,0.155,0.6486666666666667,-0.6668911111111111,0.2187652045631846,-0.8793333333333333,0.028,-1.977722222222222,9.135664166572854,-35.10666666666666,18.686666666666667,-11.89198888888889,24.674291386272703,-84.77,11.25,4.152183333333333,14.921001364715906,-29.10666666666667,48.676666666666655,1.0075412088244813,0.0547324901057647,150.0,86.49333333333334,10.004974154388288,65.66666666666667,98.33333333333331,90.83333333333334,32.66666666666666,84.41666666666667,93.0,8.583333333333329,72.0,96.0,24.0,24.0,0.7337807606263983,3.333333333333343,0.1623396595404237
push,peter,combined_augmented,/Users/vibha/COSMOS-Cluster10/labs/Cosmos-Gesture-Recognition-/data/processed/combined_augmented/sessions/peter_push_004,30.0,365539.2388888888,95882.7151907541,270700.0,589324.0,505725.5,270700.0,-235025.5,4.905555555555555,2.163537626603336,3.4613548918883192,3.18628418345936,13.494910407948268,300.0,300.0,0.6265533333333334,0.1497291878926613,0.4063333333333334,1.031,0.33191,0.1318260822981327,0.093,0.7399999999999999,-0.6488533333333334,0.2422817753651192,-0.9143333333333334,0.0053333333333333,-0.56425,5.52033077416782,-20.966666666666665,12.93,-10.052422222222225,25.92509564258701,-94.57666666666668,39.73333333333333,5.314505555555556,14.434005166746784,-20.83666666666667,61.13,1.0095471073039093,0.0552812651658946,151.0,90.42384105960264,8.431548671492962,72.0,100.0,94.33333333333331,28.0,82.83333333333333,96.66666666666669,13.833333333333345,81.0,97.5,16.5,16.5,0.7566666666666663,4.333333333333343,0.1461101429069358
push,peter,combined_augmented,/Users/vibha/COSMOS-Cluster10/labs/Cosmos-Gesture-Recognition-/data/processed/combined_augmented/sessions/peter_push_005,30.0,363414.81666666665,100137.00474881206,266455.6666666667,625566.0,383285.0,276457.5,-106827.5,4.461111111111111,2.4523923819531266,4.442430872285968,3.2004648542831293,12.535122604286524,301.0,301.0,0.6534451827242526,0.1484955483292992,0.4646666666666667,1.1023333333333334,0.2872862679955703,0.0955670458985875,0.092,0.6823333333333333,-0.6541179401993356,0.2108363433207382,-0.9393333333333334,0.073,-1.0259191583610188,6.400835255591604,-22.453333333333333,21.056666666666665,-11.271782945736431,21.689233764506035,-74.20333333333333,9.796666666666669,4.125049833887043,12.832561562536284,-19.656666666666663,51.67,1.0047122946764455,0.0598618661689521,150.0,91.43666666666668,9.272063796130974,73.33333333333333,101.5,96.33333333333331,28.16666666666667,85.0,98.0,13.0,80.5,98.0,17.5,17.5,0.8713646532438484,3.3333333333333286,0.1679858364075439
push,peter,combined_augmented,/Users/vibha/COSMOS-Cluster10/labs/Cosmos-Gesture-Recognition-/data/processed/combined_augmented/sessions/peter_push_006,30.0,345472.9944444444,82258.11529356265,263618.0,541642.3333333334,412881.0,272546.5,-140334.5,4.922222222222223,2.611843868814085,3.6992766096837486,2.546639819185327,8.456899520916611,302.0,302.0,0.6398046357615894,0.1572626412050637,0.4303333333333333,1.1663333333333334,0.2884701986754966,0.1219921529794235,0.1066666666666666,0.7666666666666666,-0.6648752759381898,0.2214058399819768,-0.883,0.147,-0.9115562913907284,7.25372110722191,-27.093333333333334,30.326666666666668,-10.231192052980132,22.28664313669368,-77.98333333333333,16.873333333333335,5.029657836644591,13.157092444663457,-16.22666666666667,46.63333333333333,1.0089388703974036,0.0728058068183312,150.0,90.54777777777778,9.706262665114,66.66666666666667,103.5,93.33333333333331,36.83333333333333,82.5,97.33333333333331,14.833333333333329,86.0,93.0,7.0,7.0,0.955257270693512,6.333333333333343,0.1778043468598601
push,peter,combined_augmented,/Users/vibha/COSMOS-Cluster10/labs/Cosmos-Gesture-Recognition-/data/processed/combined_augmented/sessions/peter_push_007,30.0,451487.7944444445,87012.50774182775,308571.3333333333,667184.6666666666,467029.0,351752.5,-115276.5,3.972222222222222,1.965481438210653,4.238072990233716,3.075846210850478,12.882562497063615,302.0,302.0,0.6130469094922738,0.1549450313993624,0.3113333333333333,0.9996666666666668,0.3175739514348786,0.1380051855886597,0.0863333333333333,0.8809999999999999,-0.6663603752759382,0.2526638225588719,-0.905,0.1806666666666666,-1.629575055187638,7.854017421923288,-38.953333333333326,22.44,-11.945336644591611,28.21024616342081,-97.45666666666666,37.07666666666668,6.14809050772627,14.412646302847008,-21.69,49.836666666666666,1.0120050726815348,0.0587708406226472,150.0,89.14,7.7679113941453455,75.33333333333333,102.33333333333331,90.83333333333334,27.0,82.91666666666667,95.45833333333331,12.541666666666655,76.0,96.5,20.5,20.5,1.240492170022371,6.666666666666657,0.1046345763515412
push,peter,combined_augmented,/Users/vibha/COSMOS-Cluster10/labs/Cosmos-Gesture-Recognition-/data/processed/combined_augmented/sessions/peter_push_008,31.0,357890.8010752688,112087.39252641186,256957.3333333333,612802.5,612802.5,284515.0,-328287.5,3.795698924731183,3.2634364315925377,2.37210818514874,1.7710188701917653,6.4709053857710135,301.0,301.0,0.5765885935769657,0.1721997038277191,0.1806666666666666,1.0823333333333334,0.3863964562569213,0.1308369404472459,-0.031,0.8936666666666667,-0.6823300110741971,0.2025101542302989,-0.954,-0.0253333333333333,-2.5301550387596903,10.765920674245676,-44.68,19.5,-10.282297895902548,23.93537873512803,-92.49333333333334,19.745,2.926467331118494,17.706519880226782,-43.95666666666667,70.03666666666668,1.0150238909329998,0.0695613258143312,151.0,91.13796909492274,7.849882320170156,71.33333333333333,102.33333333333331,93.66666666666669,31.0,89.58333333333334,96.33333333333331,6.749999999999986,84.5,101.0,16.5,16.5,1.185555555555556,7.333333333333343,0.1397182525851048
clockwise,peter,combined_augmented,/Users/vibha/COSMOS-Cluster10/labs/Cosmos-Gesture-Recognition-/data/processed/combined_augmented/sessions/peter_clockwise_001,30.0,418310.0777777778,84443.50692818832,312337.0,588729.0,316224.0,328217.0,11993.0,6.95,1.6992100561186705,3.29135860205493,2.369483482473442,9.62411888252648,301.0,301.0,0.5409501661129568,0.3063961471845713,-0.1853333333333333,0.9993333333333332,0.2549003322259136,0.4269061735393398,-0.8863333333333333,1.096,-0.595311184939092,0.5309710358644301,-2.082666666666667,-0.0653333333333333,-13.051926910299006,64.21021553992732,-145.26,140.53666666666666,-17.310999446290143,60.89384557858672,-162.30999999999997,99.565,-15.219263565891476,84.94254026820212,-277.6666666666667,113.92666666666666,1.0552490734244713,0.3956055895451851,151.0,86.03973509933775,18.311135132898933,37.333333333333336,111.33333333333331,92.33333333333331,74.0,82.33333333333334,95.0,12.666666666666655,90.0,89.0,-1.0,1.0,1.6999999999999995,7.333333333333343,0.0255222493319387
clockwise,peter,combined_augmented,/Users/vibha/COSMOS-Cluster10/labs/Cosmos-Gesture-Recognition-/data/processed/combined_augmented/sessions/peter_clockwise_002,30.0,499187.25,91169.74374805808,364473.0,688138.0,364473.0,475576.5,111103.5,5.9944444444444445,2.022321426138112,4.022922594134212,4.182665146937347,17.8297933066256,301.0,301.0,0.5326633444075304,0.2947827443394836,-0.2746666666666666,0.8490000000000001,0.2546832779623478,0.4070682336800966,-0.8246666666666665,0.8126666666666668,-0.6028039867109635,0.5212737781239999,-1.9921666666666664,-0.027,-15.701339977851609,69.327236456702,-153.29333333333332,156.29666666666665,-18.807009966777407,62.71360264806057,-175.63333333333333,92.94,-17.717369878183828,73.45721184933615,-266.40333333333336,95.90333333333336,1.05017877616393,0.3652653282614486,148.0,85.54729729729729,20.75909257695277,31.666666666666668,112.0,92.58333333333334,80.33333333333333,79.41666666666667,99.0,19.58333333333333,92.5,98.5,6.0,6.0,1.861678004535148,11.666666666666655,0.0344035310478261
clockwise,peter,combined_augmented,/Users/vibha/COSMOS-Cluster10/labs/Cosmos-Gesture-Recognition-/data/processed/combined_augmented/sessions/peter_clockwise_003,30.0,415989.1166666668,90094.93373972308,276876.5,563423.3333333334,336925.0,276876.5,-60048.5,6.766666666666668,2.580769336916876,3.8555292995780457,4.054494891208591,17.639319838840645,301.0,301.0,0.5808648947951273,0.2871988834184161,-0.1243333333333333,1.0036666666666665,0.2623953488372093,0.362855302751239,-0.6739999999999999,0.9416666666666664,-0.588641749723145,0.4957249678498778,-1.953,-0.0743333333333333,-12.46642857142857,70.8027509781832,-145.58666666666667,174.86,-16.839939091915838,55.077214315052544,-165.53333333333333,85.09666666666666,-15.71273532668882,69.26716379382846,-229.94666666666663,93.11,1.0475867482138284,0.3394213792646228,151.0,84.0,19.10544812738367,36.333333333333336,105.33333333333331,91.66666666666669,69.0,76.83333333333334,95.0,18.166666666666657,101.5,90.5,-11.0,11.0,1.5333333333333337,8.0,0.0364796096200763
clockwise,peter,combined_augmented,/Users/vibha/COSMOS-Cluster10/labs/Cosmos-Gesture-Recognition-/data/processed/combined_augmented/sessions/peter_clockwise_004,30.0,417083.9555555556,73933.64995049093,280354.0,519039.3333333333,280354.0,303164.5,22810.5,6.427777777777776,2.0618597023315544,5.158850018741547,5.180721198666028,24.05094273906442,303.0,303.0,0.5226545654565457,0.3070843681593472,-0.2883333333333333,1.030333333333333,0.2538767876787678,0.3551092531162448,-0.7383333333333333,0.7183333333333333,-0.6147953795379538,0.4755801549897477,-1.814,-0.0113333333333333,-16.51247524752475,65.51332966590454,-131.59666666666666,137.97333333333336,-19.34137513751375,57.41998628580202,-162.9,77.69,-15.103316831683166,71.37195357700367,-236.99666666666667,59.64333333333334,1.0303808367640646,0.3170012345116955,149.0,81.7751677852349,19.4042821342932,35.22222222222222,111.0,90.0,75.77777777777777,75.33333333333333,93.66666666666669,18.333333333333343,90.0,92.0,2.0,2.0,1.6704204204204205,11.666666666666671,-0.0013253521978351
clockwise,peter,combined_augmented,/Users/vibha/COSMOS-Cluster10/labs/Cosmos-Gesture-Recognition-/data/processed/combined_augmented/sessions/peter_clockwise_005,30.0,423500.57777777786,57221.94334369584,321597.6666666667,507679.0,417392.0,330642.0,-86750.0,7.155555555555556,1.85339195217716,5.003730505238431,3.915788000408861,16.786954270172167,301.0,301.0,0.5801838316722038,0.2518267999133647,-0.0229999999999999,0.9843333333333332,0.2335741971207087,0.32674432467746,-0.6036666666666667,0.8260000000000001,-0.5985055370985604,0.4549870735985021,-1.561,-0.0243333333333333,-12.881212624584716,60.05451264734626,-133.44,148.44333333333333,-16.376511627906975,56.62361970831814,-189.9533333333333,67.28,-13.679839424141743,66.4814994952756,-195.16333333333333,68.01333333333334,1.0217169247940487,0.2875159397785043,151.0,82.78918322295804,20.839333770818,38.0,149.44444444444446,86.66666666666667,111.44444444444446,79.0,92.0,13.0,93.5,87.5,-6.0,6.0,2.39925925925926,31.66666666666667,-0.0591175787149996
clockwise,peter,combined_augmented,/Users/vibha/COSMOS-Cluster10/labs/Cosmos-Gesture-Recognition-/data/processed/combined_augmented/sessions/peter_clockwise_006,30.0,420420.0666666666,72302.01873656498,318096.0,552864.0,324906.5,366343.5,41437.0,6.805555555555556,1.5694321533442015,4.6430155995552544,4.414888000449704,18.81533366691388,302.0,302.0,0.5497748344370861,0.2821598755961855,-0.0813333333333333,0.9776666666666666,0.1881004415011037,0.3691852710740562,-0.709,0.883,-0.6558852097130242,0.4376361493967385,-1.7406666666666668,-0.0816666666666666,-15.781258278145698,61.24943306504807,-118.11666666666667,144.10666666666663,-16.999619205298014,59.34465555659837,-172.39666666666668,72.94666666666667,-12.841114790286976,70.34911799840746,-209.44,92.86666666666667,1.0441111718365932,0.2916997992334471,151.0,77.88741721854305,19.891469879107348,33.0,118.0,85.0,85.0,68.33333333333334,87.58333333333334,19.25,88.5,86.0,-2.5,2.5,1.7722222222222224,15.666666666666671,-0.0636603927036139
clockwise,peter,combined_augmented,/Users/vibha/COSMOS-Cluster10/labs/Cosmos-Gesture-Recognition-/data/processed/combined_augmented/sessions/peter_clockwise_007,30.0,429936.1055555556,56054.30044335125,327469.5,526614.5,360491.5,327469.5,-33022.0,7.255555555555555,1.398235219265722,2.840038607515348,2.272423072986781,9.326338121390076,302.0,302.0,0.5518261589403973,0.2949414027496987,-0.1253333333333333,0.999,0.1791650110375275,0.3423712439224247,-0.6823333333333333,0.789,-0.6470678807947019,0.4596071905255389,-1.6923333333333332,0.062,-16.970402869757173,63.34143283470834,-139.5533333333333,145.75666666666666,-19.785226269315675,62.84739843130123,-178.50333333333333,80.45666666666666,-16.3549889624724,73.07781178783969,-227.2733333333333,83.97666666666666,1.033851226585079,0.3192302677056038,152.0,78.34978070175438,19.20408451406561,32.333333333333336,106.33333333333331,84.83333333333334,74.0,70.91666666666667,90.25,19.33333333333333,90.0,85.0,-5.0,5.0,1.6320824135393668,13.666666666666671,-0.0283709452178689
clockwise,peter,combined_augmented,/Users/vibha/COSMOS-Cluster10/labs/Cosmos-Gesture-Recognition-/data/processed/combined_augmented/sessions/peter_clockwise_008,30.0,408303.061111111,84489.78771542269,273031.5,582915.3333333334,273031.5,336661.0,63629.5,5.527777777777778,2.086146249149256,3.647799868093788,3.2084033772992906,13.608601184310825,302.0,302.0,0.5460491169977925,0.2827739993860837,-0.0908333333333333,0.9716666666666668,0.1616153421633553,0.374242669973133,-0.773,0.763,-0.659387417218543,0.4332354232441301,-1.5546666666666666,-0.0523333333333333,-17.960518763796905,67.6710233721781,-162.55,121.65,-19.1855353200883,59.63218421045151,-152.60333333333335,109.20666666666666,-13.761456953642384,73.98592112464159,-222.98,81.09666666666668,1.0375831502982926,0.3003560752020841,151.0,77.8907284768212,18.1370632252572,34.0,105.66666666666669,83.0,71.66666666666667,74.5,88.33333333333333,13.833333333333329,84.0,84.0,0.0,0.0,1.4474074074074073,6.333333333333343,-0.03668467526432
anti_clockwise,peter,combined_augmented,/Users/vibha/COSMOS-Cluster10/labs/Cosmos-Gesture-Recognition-/data/processed/combined_augmented/sessions/peter_anti_clockwise_001,30.0,470027.06666666665,70316.56962382495,360986.0,589172.6666666666,400134.0,360986.0,-39148.0,5.95,1.3159632438861122,3.3046937594772023,3.8760604355673673,21.01047906237493,301.0,301.0,0.51737430786268,0.3427881017574414,-0.2249999999999999,1.221666666666667,0.3246921373200442,0.3557627824030006,-0.5176666666666666,0.97,-0.6075,0.4526065301079355,-1.654,-0.02,11.979955703211518,56.20609681547214,-124.30333333333331,125.38333333333334,14.954263565891472,55.523842093712105,-61.75666666666667,164.42333333333332,5.747895902547067,71.63477235580196,-106.89666666666666,202.7033333333333,1.0444277915028823,0.3166251852841122,150.0,76.91444444444444,18.5990680035064,29.666666666666668,100.33333333333331,85.5,70.66666666666666,68.33333333333333,87.66666666666667,19.333333333333343,84.5,87.0,2.5,2.5,1.3031319910514545,6.166666666666671,0.1651329688726902
anti_clockwise,peter,combined_augmented,/Users/vibha/COSMOS-Cluster10/labs/Cosmos-Gesture-Recognition-/data/processed/combined_augmented/sessions/peter_anti_clockwise_002,30.0,440867.5333333333,81648.98625987682,300932.5,600217.0,329887.5,300932.5,-28955.0,6.050000000000001,2.0317616876876965,2.534415262298525,1.6000641989736757,5.320701124443812,300.0,300.0,0.4075466666666666,0.3765150373859958,-0.3916666666666666,1.1723333333333334,0.3255333333333333,0.4093039891762057,-0.6536666666666667,0.9323333333333332,-0.6380061111111112,0.4853426294130954,-1.8186666666666664,-0.1783333333333333,18.78343333333333,62.94572220208011,-118.40333333333332,178.85666666666668,18.933533333333333,64.8732846468206,-102.66333333333334,184.81,8.692683333333337,79.62236646283702,-121.95,262.7866666666667,1.0504459519407157,0.3471773802361835,150.0,77.57666666666667,19.4111162867028,26.33333333333333,98.66666666666669,85.33333333333333,72.33333333333334,73.5,88.66666666666667,15.166666666666671,84.5,88.5,4.0,4.0,1.3870246085011195,8.666666666666671,0.1940717365216229
anti_clockwise,peter,combined_augmented,/Users/vibha/COSMOS-Cluster10/labs/Cosmos-Gesture-Recognition-/data/processed/combined_augmented/sessions/peter_anti_clockwise_003,30.0,420276.2944444444,90910.3704948887,271579.0,597866.6666666666,438002.5,271579.0,-166423.5,5.849999999999999,1.5924300089276555,3.999577751660045,3.600386380268044,16.354495624541737,303.0,303.0,0.3549317931793179,0.2767306441287294,-0.3153333333333333,0.824,0.4001655665566557,0.38227593939218,-0.4483333333333333,0.991,-0.6705786578657865,0.4321291183732629,-1.604,-0.1999999999999999,13.559790979097906,57.50076518369982,-112.48,151.16,14.521160616061607,56.42419089936043,-87.14,152.87,7.902992299229924,66.23263585211522,-74.67999999999999,191.00666666666663,1.029058408242124,0.2937241996541817,151.0,82.86754966887418,22.11865110686286,32.666666666666664,104.33333333333331,95.66666666666669,71.66666666666666,68.5,99.0,30.5,84.0,95.0,11.0,11.0,1.4688888888888885,7.666666666666657,0.3611850819100728
anti_clockwise,peter,combined_augmented,/Users/vibha/COSMOS-Cluster10/labs/Cosmos-Gesture-Recognition-/data/processed/combined_augmented/sessions/peter_anti_clockwise_004,30.0,412243.5,86556.33612067452,279052.0,551649.0,279052.0,313266.0,34214.0,6.544444444444443,2.000894861534104,5.1143057668519685,4.668685052843682,18.005398273863133,300.0,300.0,0.3981272222222222,0.3682043274833541,-0.47,1.0313333333333332,0.3427588888888889,0.3840943586019932,-0.448,1.011,-0.6506072222222222,0.4960373228226125,-1.9206666666666663,-0.0956666666666666,16.352911111111112,65.07966144918278,-112.25666666666666,207.15,17.538088888888886,63.02024168027481,-93.66,164.89,7.365016666666666,69.13930785786431,-88.95333333333333,201.0666666666667,1.0472485496490307,0.3629119763424962,149.0,79.27964205816555,18.206679191210185,32.333333333333336,103.0,86.33333333333333,70.66666666666666,76.33333333333333,88.66666666666667,12.333333333333345,79.0,85.5,6.5,6.5,1.679054054054054,10.666666666666655,0.1764459761775199
anti_clockwise,peter,combined_augmented,/Users/vibha/COSMOS-Cluster10/labs/Cosmos-Gesture-Recognition-/data/processed/combined_augmented/sessions/peter_anti_clockwise_005,30.0,402457.5722222222,65686.81568310683,303576.6666666667,513187.1666666667,306394.0,337901.0,31507.0,6.838888888888889,1.4558205865582867,3.7959768390499695,3.080171439508565,12.924867728531371,303.0,303.0,0.4068019801980198,0.3004237339171723,-0.3486666666666666,0.958,0.3674713971397139,0.3911159066873543,-0.5256666666666666,0.977,-0.6655346534653466,0.4608139545677082,-1.7556666666666665,-0.153,14.08493399339934,60.16689656389016,-112.05333333333331,172.08333333333334,16.25854785478548,57.14035758404884,-112.78666666666668,151.06666666666666,8.65877887788779,69.78387303921046,-89.07666666666667,210.47666666666663,1.0410770249683965,0.3394019076905325,151.0,80.1887417218543,18.6440704057636,29.33333333333333,100.66666666666669,88.66666666666667,71.33333333333334,78.33333333333334,91.0,12.666666666666655,86.0,88.5,2.5,2.5,1.5388888888888892,8.0,0.1850499593354245
anti_clockwise,peter,combined_augmented,/Users/vibha/COSMOS-Cluster10/labs/Cosmos-Gesture-Recognition-/data/processed/combined_augmented/sessions/peter_anti_clockwise_006,30.0,422204.66666666674,83460.2709906314,311454.6666666667,586013.3333333334,347297.0,326756.0,-20541.0,5.783333333333335,1.9931131427994748,3.13672439251463,2.094775916364775,8.340654997556033,301.0,301.0,0.4104036544850498,0.3529272671637157,-0.4543333333333333,0.9946666666666668,0.3057923588039866,0.403781596745985,-0.6776666666666668,0.9473333333333332,-0.677470099667774,0.4566941564537159,-1.8256666666666668,-0.0166666666666666,16.723881506090805,60.32452008680077,-121.22666666666667,173.59333333333333,16.80031561461794,64.05994113136414,-134.15,193.1233333333333,6.981539313399776,75.73508430141305,-102.11333333333332,241.73666666666668,1.045275316638944,0.3528061238189705,150.0,75.79166666666667,17.344649093093963,25.33333333333333,95.33333333333331,83.0,70.0,74.58333333333333,85.0,10.416666666666671,79.25,84.5,5.25,5.25,1.5542505592841165,11.0,0.1698379187223134
anti_clockwise,peter,combined_augmented,/Users/vibha/COSMOS-Cluster10/labs/Cosmos-Gesture-Recognition-/data/processed/combined_augmented/sessions/peter_anti_clockwise_007,30.0,501858.5444444444,99683.23646091204,280829.0,690957.3333333334,280829.0,534572.0,253743.0,6.205555555555555,2.3490279050631626,3.3948347042801497,3.5060806888517337,19.377719501114004,301.0,301.0,0.447281838316722,0.2477741778593894,-0.1746666666666666,0.9563333333333331,0.3396633444075304,0.3809752910324996,-0.6753333333333332,0.843,-0.6878084163898118,0.3961582939904431,-1.775,-0.243,10.863997785160574,54.9872216354931,-108.04666666666668,147.8733333333333,14.77983942414175,44.58821570498844,-75.66333333333334,134.70666666666668,4.822729789590254,68.5110145761221,-86.36666666666667,218.79666666666665,1.03030986259057,0.3007488065079701,150.0,75.78777777777779,16.832772895477834,34.333333333333336,92.66666666666669,83.66666666666667,58.333333333333336,69.16666666666667,85.625,16.45833333333333,85.0,85.5,0.5,0.5,1.298657718120806,8.333333333333329,0.1491079603537933
anti_clockwise,peter,combined_augmented,/Users/vibha/COSMOS-Cluster10/labs/Cosmos-Gesture-Recognition-/data/processed/combined_augmented/sessions/peter_anti_clockwise_008,30.0,376378.31666666665,63168.02405264441,287240.5,478493.0,287240.5,305221.5,17981.0,5.433333333333334,1.3281845030243629,5.894791179077027,4.13393263900528,16.656551797581354,301.0,301.0,0.4665127353266888,0.217111601089532,0.0063333333333333,0.8533333333333332,0.352485603543743,0.3347277368020478,-0.3693333333333333,0.8883333333333333,-0.6903394241417498,0.3834741337783294,-1.59,-0.0796666666666666,8.205149501661127,52.262122761612126,-93.46,138.17666666666665,14.16200996677741,41.42857988955319,-62.81999999999999,114.63666666666666,6.970492801771873,58.104351791801975,-80.33666666666667,157.61666666666667,1.025507846749687,0.2702127422903853,150.0,75.75833333333334,17.215866785172405,33.0,95.0,83.33333333333333,62.0,71.08333333333333,85.66666666666667,14.583333333333345,87.0,82.75,-4.25,4.25,1.2500000000000009,4.0,0.2038580973969211
right,peter,combined_augmented,/Users/vibha/COSMOS-Cluster10/labs/Cosmos-Gesture-Recognition-/data/processed/combined_augmented/sessions/peter_right_001,30.0,399621.43333333335,95836.26849805214,299331.3333333333,597900.3333333334,335044.0,310287.0,-24757.0,4.133333333333334,1.39204086785474,3.097302480767129,2.347374976394808,8.914814550399957,301.0,301.0,0.5129933554817275,0.2530722294060858,-0.2076666666666666,0.8656666666666667,0.0734867109634551,0.2773880361577174,-0.5786666666666667,0.7886666666666667,-0.827405869324474,0.1263784869453575,-1.1860000000000002,-0.6016666666666667,-16.47393133997785,30.642287591277988,-96.05,9.613333333333332,-5.004867109634552,10.918082700078726,-49.57333333333333,7.170000000000001,32.34348837209302,64.35545825442685,-16.71,193.2133333333333,1.0500265849667376,0.0869960963199351,151.0,112.30132450331126,49.41925593828032,47.0,274.0,111.33333333333331,227.0,95.16666666666669,118.5,23.33333333333333,47.0,103.5,56.5,56.5,4.661111111111111,50.0,0.2282485186476122
right,peter,combined_augmented,/Users/vibha/COSMOS-Cluster10/labs/Cosmos-Gesture-Recognition-/data/processed/combined_augmented/sessions/peter_right_002,30.0,419514.3722222223,73784.2163996008,326112.0,556345.0,355870.5,539537.5,183667.0,6.383333333333334,1.1691639938197056,3.4148324926833338,2.230082212036978,9.987030018623347,301.0,301.0,0.5111046511627907,0.3791921935750908,-0.6126666666666667,0.902,0.0543654485049833,0.33200180883952,-0.8326666666666668,0.8946666666666667,-0.8066993355481727,0.1887790161228585,-1.399,-0.5903333333333333,-12.00501107419712,34.450200474826154,-98.33,27.72,0.1867054263565889,16.162088131568396,-62.47333333333333,24.7,32.738920265780735,82.7918500496877,-27.25333333333333,254.38,1.0871367438701844,0.1507664491917854,149.0,101.46700223713646,46.46713781435654,36.0,298.3333333333333,98.66666666666669,262.3333333333333,91.33333333333331,108.33333333333331,17.0,36.0,101.25,65.25,65.25,4.31813063063063,69.33333333333334,0.1836023943406496
right,peter,combined_augmented,/Users/vibha/COSMOS-Cluster10/labs/Cosmos-Gesture-Recognition-/data/processed/combined_augmented/sessions/peter_right_003,30.0,388598.77222222224,77772.86138690446,293063.3333333333,501245.6666666667,329298.0,297130.5,-32167.5,5.400000000000001,1.8587132147845764,5.300256750601053,4.034420824108405,19.45895491691904,302.0,302.0,0.5640706401766005,0.2248824105588652,0.066,0.7996666666666666,0.1599392935982339,0.1870096418319984,-0.124,0.9176666666666669,-0.776439293598234,0.1173447751258027,-1.0396666666666667,-0.6466666666666666,-23.67934878587196,30.064634163113872,-80.49666666666667,11.526666666666666,-6.2366832229580575,13.29668394339184,-37.50666666666667,15.973333333333334,32.5498233995585,49.91863683112466,-27.416666666666668,135.15666666666667,1.0201429258233832,0.0723681784211661,151.0,89.98454746136865,26.78479288696381,41.0,178.5,100.0,137.5,73.66666666666667,106.5,32.83333333333333,43.5,178.5,135.0,135.0,2.6311111111111107,26.166666666666657,0.5096706169396998
right,peter,combined_augmented,/Users/vibha/COSMOS-Cluster10/labs/Cosmos-Gesture-Recognition-/data/processed/combined_augmented/sessions/peter_right_004,30.0,410169.9222222222,69602.20559651473,323055.5,557810.6666666666,347839.5,323055.5,-24784.0,5.25,1.6935334527417978,5.063651007961405,3.856460091977112,18.9772198379643,302.0,302.0,0.5655011037527594,0.2163205517850986,0.1223333333333333,0.8173333333333334,0.1045209713024282,0.2018847768811789,-0.2299999999999999,0.7613333333333333,-0.7854701986754966,0.1221628697742703,-1.086666666666667,-0.5796666666666667,-22.08291390728477,28.8520178835656,-79.50999999999999,8.933333333333332,-4.710270419426048,8.578730865462925,-35.01333333333333,5.576666666666667,37.91752759381899,52.73622492367024,-11.84,137.8733333333333,1.023597873294695,0.0490180537552392,151.0,95.43046357615891,29.887885993461463,38.0,164.0,102.66666666666669,126.0,77.66666666666667,108.66666666666669,31.0,41.5,164.0,122.5,122.5,3.104814814814816,24.33333333333333,0.5352143604043219
right,peter,combined_augmented,/Users/vibha/COSMOS-Cluster10/labs/Cosmos-Gesture-Recognition-/data/processed/combined_augmented/sessions/peter_right_005,30.0,389872.2694444445,94012.03068951612,286072.0,548051.3333333334,327756.75,288805.0,-38951.75,5.622222222222223,1.5933503795771868,4.516770986554253,3.9931263496957,17.503931093853563,301.0,301.0,0.5892757475083057,0.2002504780877835,0.0213333333333333,0.8523333333333333,0.1543981173864894,0.2157649251604101,-0.145,1.0833333333333333,-0.7642519379844961,0.1129736177945121,-1.2183333333333335,-0.5665,-25.786428571428573,32.27847389089881,-88.26666666666665,8.69,-9.30717054263566,18.166158470110567,-75.97333333333331,36.306666666666665,35.02650055370986,52.93249834745339,-36.78333333333334,174.22,1.0241968359904856,0.0748621822788017,146.0,97.10616438356166,31.4473814484981,47.0,228.66666666666663,103.0,181.66666666666663,80.41666666666666,107.33333333333331,26.91666666666667,50.0,172.5,122.5,122.5,3.873946360153256,70.0,0.6213480763112991
right,peter,combined_augmented,/Users/vibha/COSMOS-Cluster10/labs/Cosmos-Gesture-Recognition-/data/processed/combined_augmented/sessions/peter_right_006,30.0,372779.8944444445,72187.40520874308,282183.0,507676.3333333333,438198.5,306128.0,-132070.5,5.272222222222223,2.197845465759143,4.3145153894907375,3.5088974514392413,14.983881140787124,299.0,299.0,0.5918528428093646,0.2072387307738448,0.133,0.8329999999999999,0.1262285395763656,0.1769341480399336,-0.1086666666666666,0.6309999999999999,-0.7599977703455963,0.11896322720611,-1.025,-0.594,-19.20485507246377,27.519778254127267,-71.13,15.475,-2.3431438127090303,6.424631758938237,-23.03,7.783333333333334,32.530691192865106,45.71613133295693,-31.965000000000003,132.30666666666664,1.0149228057686328,0.0464497008470086,149.0,100.55480984340043,37.57604123617022,48.66666666666666,213.66666666666663,95.66666666666669,165.0,78.33333333333333,110.0,31.66666666666667,53.5,110.0,56.5,56.5,5.388513513513513,43.0,0.396251284841889
right,peter,combined_augmented,/Users/vibha/COSMOS-Cluster10/labs/Cosmos-Gesture-Recognition-/data/processed/combined_augmented/sessions/peter_right_007,30.0,356943.27222222224,73601.21121993603,286159.6666666667,491652.3333333333,291693.5,296242.0,4548.5,4.641666666666667,1.6458632205443868,4.293402044203391,2.8908440235173525,12.20113297747231,302.0,302.0,0.6393040838852098,0.2073045578370754,0.0926666666666666,0.8483333333333333,0.0693162251655628,0.1610335312301528,-0.1436666666666666,0.621,-0.7279994481236204,0.1473938459496556,-1.0889999999999995,-0.5196666666666667,-21.30114790286976,31.567978714819112,-93.03000000000002,23.64333333333333,0.1745143487858718,10.348302404725825,-29.45,25.126666666666665,32.41789183222958,49.4700746314356,-28.16,142.08333333333334,1.015573179324616,0.052351584050592,151.0,133.44701986754967,57.76776100412732,47.333333333333336,301.3333333333333,122.66666666666669,254.0,92.33333333333331,180.0,87.66666666666667,47.5,97.0,49.5,49.5,6.914444444444444,58.66666666666666,0.7454078075984663
right,peter,combined_augmented,/Users/vibha/COSMOS-Cluster10/labs/Cosmos-Gesture-Recognition-/data/processed/combined_augmented/sessions/peter_right_008,31.0,399342.3225806452,60045.884579923935,307334.0,530205.0,530205.0,307334.0,-222871.0,6.82258064516129,1.5103795505983038,2.970959412888835,2.195475141455041,8.835735388355923,300.0,300.0,0.5602316666666667,0.2157529424223199,0.0865,0.7920000000000001,0.2104077777777777,0.1380972746160423,0.02,0.698,-0.7688466666666668,0.120146702624085,-1.0353333333333332,-0.6063333333333333,-21.04055,22.24074891706537,-71.92,27.76,-3.822122222222223,8.26216344951752,-23.47666666666667,16.51,29.166722222222223,42.8070785607278,-81.775,121.52333333333333,1.013446939454347,0.0472955665180483,150.0,84.44,21.85062399175895,44.333333333333336,113.66666666666669,94.5,69.33333333333334,67.58333333333333,101.58333333333334,34.000000000000014,46.5,98.5,52.0,52.0,1.4563758389261738,4.666666666666671,0.4580055409870067
left,peter,combined_augmented,/Users/vibha/COSMOS-Cluster10/labs/Cosmos-Gesture-Recognition-/data/processed/combined_augmented/sessions/peter_left_001,31.0,424093.9247311828,62123.72584604319,323582.3333333333,525052.0,419643.0,333336.0,-86307.0,7.376344086021506,1.2144350884727313,3.5464718719038406,2.15744565921876,8.554533006154303,303.0,303.0,0.6330990099009901,0.1212889086628407,0.321,1.026333333333333,0.1262645764576457,0.1797622350742655,-0.4643333333333333,0.5566666666666666,-0.7460418041804181,0.0828775309025644,-0.9336666666666668,-0.442,24.867420242024203,27.65257601639614,-16.666666666666668,72.71333333333332,2.232161716171617,7.853256149723235,-15.78,22.746666666666663,-30.64333333333333,35.43131291205281,-98.93333333333332,24.08,1.0122502163698213,0.0507850204458918,150.0,69.24333333333334,22.58992824943653,50.333333333333336,143.33333333333334,56.0,93.0,53.333333333333336,81.83333333333333,28.5,143.0,52.5,-90.5,90.5,1.1800894854586126,17.0,-0.440839444716062
left,peter,combined_augmented,/Users/vibha/COSMOS-Cluster10/labs/Cosmos-Gesture-Recognition-/data/processed/combined_augmented/sessions/peter_left_002,31.0,470752.1021505376,28117.215712962097,418328.0,524231.6666666667,456087.5,423962.0,-32125.5,4.575268817204302,1.2922700357510557,4.116761410115565,4.358600681717513,20.311330511271244,301.0,301.0,0.6654595791805095,0.1061242643190918,0.4163333333333333,0.866,0.1370764119601328,0.1322149883005403,-0.1139999999999999,0.478,-0.7209036544850499,0.0679839769229751,-0.8896666666666667,-0.5925,28.96552048726468,22.45434001723256,-15.543333333333331,60.67,3.6527187153931338,6.717408929406165,-22.17,17.546666666666667,-30.769745293466222,28.163149389022507,-68.36333333333333,23.64333333333333,1.0069398914774357,0.0276678869290589,151.0,74.1699779249448,19.088230523493475,45.333333333333336,111.0,75.33333333333333,65.66666666666666,53.66666666666666,90.5,36.833333333333336,92.5,47.5,-45.0,45.0,1.857777777777777,12.0,-0.4022150575113282
left,peter,combined_augmented,/Users/vibha/COSMOS-Cluster10/labs/Cosmos-Gesture-Recognition-/data/processed/combined_augmented/sessions/peter_left_003,30.0,463631.4444444444,96457.19420981644,328222.6666666667,640291.6666666666,396089.5,333747.5,-62342.0,5.666666666666667,1.651037832978374,2.2862178498327093,1.687455847162784,6.61279642894549,301.0,301.0,0.6281517165005537,0.1205631115956985,0.38,1.1293333333333333,0.0648737541528239,0.1842969734624922,-0.6973333333333334,0.5056666666666666,-0.7608809523809524,0.1107351299689498,-1.11,-0.3403333333333333,28.450022148394243,32.16442555667934,-14.283333333333331,95.11666666666667,1.3382502768549278,6.747025512714345,-10.813333333333333,34.37333333333333,-32.29367663344408,38.91419886665112,-116.66,18.84,1.015986315349191,0.0791070221541928,150.0,73.23888888888888,26.41935385782507,47.66666666666666,183.3333333333333,63.33333333333333,135.66666666666669,52.0,88.0,36.0,113.0,51.5,-61.5,61.5,2.218120805369128,37.0,-0.5156481028786468
left,peter,combined_augmented,/Users/vibha/COSMOS-Cluster10/labs/Cosmos-Gesture-Recognition-/data/processed/combined_augmented/sessions/peter_left_004,30.0,424619.8722222223,82907.56185910689,294006.0,576478.0,301911.0,342619.5,40708.5,4.522222222222222,1.588578058174536,2.240609303121501,1.6992495195956618,6.72475526192447,302.0,302.0,0.6500590507726268,0.0997623429843088,0.522,0.998,0.1225656732891832,0.1317715627781851,-0.331,0.2913333333333333,-0.7371114790286976,0.0878515752403188,-0.907,-0.4396666666666666,30.30376931567329,29.29388795419808,-23.67333333333333,89.59999999999998,3.717422737306844,8.703070451922352,-15.896666666666668,22.246666666666663,-32.92176600441501,29.71123617163453,-93.99333333333334,12.725,1.0069535893198072,0.0448451149959606,151.0,79.3907284768212,25.63029362543211,53.66666666666666,165.66666666666666,69.0,112.0,58.0,96.66666666666666,38.66666666666666,99.5,56.0,-43.5,43.5,1.9699999999999995,27.66666666666667,-0.5147635645404908
left,peter,combined_augmented,/Users/vibha/COSMOS-Cluster10/labs/Cosmos-Gesture-Recognition-/data/processed/combined_augmented/sessions/peter_left_005,30.0,467922.06666666665,106529.91660437196,305506.5,655733.0,387730.5,305506.5,-82224.0,5.208333333333334,1.335198348422297,2.282520089922939,1.590107984159106,7.153081309925546,301.0,301.0,0.6236705426356589,0.137361762732377,0.2863333333333333,1.0490000000000002,0.1522934662236988,0.1904846524090023,-0.379,0.592,-0.740952934662237,0.0982014511548678,-0.907,-0.448,32.31697674418604,32.22110961601479,-8.4,100.97666666666667,3.2231229235880403,8.861901536820866,-16.866666666666667,26.65333333333333,-33.780249169435216,37.76342611081163,-97.98666666666666,25.626666666666665,1.012114841970623,0.0398650890691943,150.0,71.43777777777777,20.9128419871646,49.66666666666666,120.0,63.66666666666666,70.33333333333334,52.333333333333336,87.91666666666667,35.583333333333336,98.5,50.5,-48.0,48.0,1.393736017897092,14.666666666666671,-0.4513954694282713
left,peter,combined_augmented,/Users/vibha/COSMOS-Cluster10/labs/Cosmos-Gesture-Recognition-/data/processed/combined_augmented/sessions/peter_left_006,30.0,444114.40555555554,74001.67848991901,321794.0,541453.0,499065.0,441223.5,-57841.5,4.466666666666667,1.0623175224566892,2.1673415517255217,1.4518034572342902,6.971821795819359,302.0,302.0,0.626516004415011,0.1122197310982281,0.2566666666666666,0.9776666666666666,0.0861633554083885,0.1357418731757421,-0.2703333333333333,0.3953333333333333,-0.7392064017660045,0.073587416564273,-0.9233333333333336,-0.5185,39.533107064017656,29.40344164277325,-15.72,89.04333333333334,3.444116997792495,13.82546179247286,-38.10666666666667,29.896666666666665,-27.74826158940398,37.38153827533578,-77.94666666666667,52.0,0.988320186322445,0.077652903232366,151.0,71.10154525386312,20.5190063067999,41.0,122.0,59.0,81.0,55.333333333333336,91.25,35.916666666666664,122.0,41.5,-80.5,80.5,1.394444444444445,7.0,-0.4443540141745095
left,peter,combined_augmented,/Users/vibha/COSMOS-Cluster10/labs/Cosmos-Gesture-Recognition-/data/processed/combined_augmented/sessions/peter_left_007,30.0,434701.6166666666,96343.58076883684,289968.6666666667,590195.6666666666,302499.5,299421.0,-3078.5,4.3,1.1266140684632244,1.9661904979085345,1.4256763992729342,6.01251411225689,300.0,300.0,0.6064911111111112,0.1281873510063481,0.3616666666666666,0.919,0.1497916666666666,0.1686512274032704,-0.3193333333333333,0.5093333333333333,-0.7603177777777778,0.0730344726993297,-0.959,-0.5853333333333333,28.432166666666664,20.61149601759497,-11.839999999999998,69.18333333333334,5.279744444444444,6.489106781644161,-11.43,20.76333333333333,-35.84115555555556,30.57056432586301,-84.08,20.796666666666667,1.0081589045847137,0.0466586030243089,151.0,80.30794701986756,24.868474378323302,48.333333333333336,130.33333333333334,77.0,82.0,57.0,91.66666666666669,34.66666666666667,130.0,52.5,-77.5,77.5,1.403333333333333,7.0,-0.5429563146276294
left,peter,combined_augmented,/Users/vibha/COSMOS-Cluster10/labs/Cosmos-Gesture-Recognition-/data/processed/combined_augmented/sessions/peter_left_008,30.0,422080.4055555556,80604.54953497632,301186.3333333333,566576.6666666666,364126.5,304714.0,-59412.5,4.3,1.7177720281634408,2.0000423405526067,1.7461024360580752,6.35941580720057,300.0,300.0,0.6596394444444444,0.0903585332811926,0.4823333333333333,0.8553333333333333,0.0551677777777777,0.1151091317880021,-0.1563333333333333,0.3693333333333333,-0.7417183333333334,0.0771384206583636,-0.9336666666666668,-0.572,32.8455,27.305554088900152,-19.746666666666663,109.62333333333332,2.177761111111111,8.074982914576962,-30.14333333333333,14.03,-33.961822222222224,31.7254277459105,-93.97333333333334,28.885,1.0069030039855285,0.0427225893292143,149.0,78.24384787472037,22.172910482568422,33.666666666666664,123.66666666666669,77.33333333333333,90.0,58.333333333333336,94.16666666666669,35.833333333333336,99.0,55.5,-43.5,43.5,2.224099099099099,17.33333333333333,-0.4799183747505892
bye_bye,peter,combined_augmented,/Users/vibha/COSMOS-Cluster10/labs/Cosmos-Gesture-Recognition-/data/processed/combined_augmented/sessions/peter_bye_bye_001,30.0,327471.16666666674,34182.18933355769,285719.6666666667,432234.5,432234.5,320230.0,-112004.5,4.55,2.09282283230268,2.029789417913928,1.5541244958254905,4.998342726899598,301.0,301.0,0.6980287929125137,0.2788839830931425,0.0656666666666666,1.404,-0.1801234772978959,0.8077115677793428,-1.750333333333333,1.5466666666666666,-0.4250365448504983,0.1535475739582381,-1.0503333333333331,0.099,0.9716555924695456,216.0708183459282,-381.6133333333333,412.6000000000001,7.74528792912514,84.35649455515761,-144.95333333333335,201.02666666666667,0.6690974529346606,186.8128253891316,-352.92666666666673,325.53000000000003,1.1476562291647132,0.370109466436065,151.0,61.04635761589402,1.8220012339302805,54.0,64.66666666666667,61.333333333333336,10.666666666666671,60.0,62.333333333333336,2.333333333333336,57.5,61.0,3.5,3.5,0.725555555555556,3.0,0.0123190426397117
bye_bye,peter,combined_augmented,/Users/vibha/COSMOS-Cluster10/labs/Cosmos-Gesture-Recognition-/data/processed/combined_augmented/sessions/peter_bye_bye_002,30.0,303358.91111111105,15072.70443843423,278967.6666666667,343542.3333333333,335053.0,299561.5,-35491.5,3.194444444444444,0.6354982491646676,2.135764463056976,2.62719316108536,10.974579905368852,300.0,300.0,0.7309577777777777,0.2442220522595708,0.3616666666666666,1.31,-0.0795005555555555,0.7007720482516426,-1.3,1.051,-0.4717144444444445,0.1268702177886063,-0.757,-0.209,-1.712105555555556,147.90532692752774,-275.41,255.7033333333333,-0.627999999999999,81.98894767069613,-140.97333333333333,112.39666666666666,3.6539055555555553,171.9472694675565,-270.64000000000004,262.54,1.11770474615242,0.2840636466282905,150.0,59.08,1.6875337983744878,54.66666666666666,62.66666666666666,59.333333333333336,8.0,58.0,60.333333333333336,2.333333333333336,59.0,61.5,2.5,2.5,0.8333333333333335,2.5,-0.0125362608708536
bye_bye,peter,combined_augmented,/Users/vibha/COSMOS-Cluster10/labs/Cosmos-Gesture-Recognition-/data/processed/combined_augmented/sessions/peter_bye_bye_003,30.0,309672.85833333334,29998.764775073018,278638.1666666667,381071.3333333333,309621.5,315569.75,5948.25,2.594444444444445,0.7273535659337508,3.286917698949384,4.20656988731778,11.968127352787532,301.0,301.0,0.7942934662236988,0.1952177624747802,0.4803333333333333,1.223,-0.0618975636766334,0.5327089800697928,-1.053,0.7893333333333333,-0.4690730897009967,0.1123569391489148,-0.7273333333333333,-0.2433333333333333,0.3281284606865994,93.43676612354172,-166.27333333333334,186.33666666666667,0.3856367663344405,66.15742946930033,-112.52333333333333,98.79,5.808034330011077,136.00936236876976,-213.04666666666665,224.03666666666663,1.0717007379400685,0.2018252329682408,151.0,60.2682119205298,1.3235716983662853,56.66666666666666,63.0,60.333333333333336,6.333333333333336,59.333333333333336,61.333333333333336,2.0,60.0,58.5,-1.5,1.5,0.6499999999999997,2.6666666666666714,0.0003206692227254
bye_bye,peter,combined_augmented,/Users/vibha/COSMOS-Cluster10/labs/Cosmos-Gesture-Recognition-/data/processed/combined_augmented/sessions/peter_bye_bye_004,31.0,291735.7150537634,18557.943604078955,264671.5,324874.6666666667,264671.5,271805.0,7133.5,1.3279569892473122,0.9451667950957168,2.952186642772751,3.215411423588204,10.513685892461645,302.0,302.0,0.7786766004415012,0.19245121198954,0.425,1.155333333333333,-0.1453824503311258,0.5473658607043702,-1.1155,0.7933333333333333,-0.466703642384106,0.1491557804726187,-0.7843333333333334,-0.2106666666666666,3.200607064017662,120.14894801306193,-222.5133333333333,188.59333333333333,2.979448123620309,82.43257157197284,-141.33,125.07333333333332,7.9591832229580595,132.8425392789708,-220.4766666666667,199.32666666666668,1.0766909068044217,0.2119353374686593,151.0,59.288079470198674,1.299420636545157,56.0,62.333333333333336,59.333333333333336,6.333333333333336,58.333333333333336,60.16666666666667,1.833333333333336,60.0,59.5,-0.5,0.5,0.741111111111111,3.0,0.0016469153014984
bye_bye,peter,combined_augmented,/Users/vibha/COSMOS-Cluster10/labs/Cosmos-Gesture-Recognition-/data/processed/combined_augmented/sessions/peter_bye_bye_005,31.0,269679.2849462365,8077.363185077442,257224.3333333333,288381.0,288303.5,266701.0,-21602.5,2.1021505376344085,0.9453502691914172,4.59767861339823,3.7569363539897935,11.46324252047124,302.0,302.0,0.7822417218543047,0.180712392990645,0.4586666666666667,1.126,-0.0398256070640176,0.454043575006913,-0.8650000000000001,0.7786666666666667,-0.5177886313465784,0.179887234543874,-0.854,-0.2396666666666666,-3.624729580573952,56.97818094627427,-115.55,144.79999999999998,-2.3214348785871963,69.62145888946148,-117.43666666666668,114.50666666666666,-1.851269315673289,114.80204858709745,-190.27,205.78666666666663,1.0653064559669814,0.1337436583608525,151.0,59.81567328918323,1.4025017456460478,56.333333333333336,63.333333333333336,59.66666666666666,7.0,58.66666666666666,60.66666666666666,2.0,60.0,61.0,1.0,1.0,0.8333333333333334,2.6666666666666643,-0.0006239107703033
bye_bye,peter,combined_augmented,/Users/vibha/COSMOS-Cluster10/labs/Cosmos-Gesture-Recognition-/data/processed/combined_augmented/sessions/peter_bye_bye_006,31.0,277775.2652329749,9672.545380073016,262643.0,303455.0,275867.6666666666,287981.5,12113.833333333372,1.5322580645161292,0.900437323894851,3.20228348464788,2.3017588268931264,6.336711940485925,302.0,302.0,0.787849889624724,0.1751366572015121,0.5,1.1289999999999998,-0.0681385209713024,0.4621559930579419,-0.8586666666666666,0.785,-0.498719646799117,0.2323969308527537,-0.9616666666666666,-0.0929999999999999,-1.8512748344370853,62.526095117208605,-130.83333333333334,109.6,0.7032947019867541,78.57257122427379,-141.92999999999998,131.38333333333333,0.9272185430463584,107.29762999312746,-188.3933333333333,163.84333333333333,1.0734406636980218,0.1416547857635067,152.0,59.80646929824561,1.5136848083382246,56.0,63.66666666666666,60.0,7.666666666666664,58.66666666666666,61.0,2.333333333333336,63.0,59.75,-3.25,3.25,0.7772259013980863,3.3333333333333286,0.0010469419555898
bye_bye,peter,combined_augmented,/Users/vibha/COSMOS-Cluster10/labs/Cosmos-Gesture-Recognition-/data/processed/combined_augmented/sessions/peter_bye_bye_007,30.0,274145.9555555556,15053.526251281615,260320.66666666663,329430.0,281384.5,329430.0,48045.5,1.0000000000000002,0.6776866969767514,5.43873341759533,4.10323041666886,14.04493049695664,301.0,301.0,0.7898693244739757,0.166001350069076,0.4263333333333333,1.154,-0.0608471760797342,0.4285732229946609,-0.7943333333333333,0.8746666666666667,-0.5025055370985604,0.2962574977156346,-1.038,0.0773333333333333,0.8364174972314504,46.14223498781012,-74.38333333333334,140.13333333333335,0.9608637873754152,82.89133316789936,-155.79666666666668,137.25333333333333,4.169822812846069,95.00814943871536,-169.55,184.43,1.0792200352058088,0.1199659103764684,150.0,58.78333333333333,1.757961306718702,53.66666666666666,62.333333333333336,59.0,8.666666666666671,58.0,60.0,2.0,58.5,54.5,-4.0,4.0,0.8031319910514545,3.666666666666664,-0.0223829207224027
bye_bye,peter,combined_augmented,/Users/vibha/COSMOS-Cluster10/labs/Cosmos-Gesture-Recognition-/data/processed/combined_augmented/sessions/peter_bye_bye_008,30.0,276495.26111111115,10748.81428186757,264219.3333333333,304722.6666666667,264985.5,293867.0,28881.5,1.2111111111111112,0.9831292945877176,3.4082002491181487,3.163109124861861,11.749061746671872,301.0,301.0,0.7915099667774087,0.1829117963953521,0.4523333333333333,1.1803333333333337,-0.0403859357696567,0.4613840669114627,-0.8069999999999999,0.839,-0.494781838316722,0.2890753975702798,-0.9953333333333332,-0.0373333333333333,-1.2746400885935771,50.47570743786124,-80.52999999999999,95.15666666666668,-1.2621705426356595,82.47716124702039,-144.70666666666668,111.99,1.569064230343299,101.27608251293483,-165.03333333333333,160.21333333333334,1.089279451767296,0.1276517244001457,150.0,57.986666666666665,1.682508356307528,53.66666666666666,62.0,58.0,8.333333333333336,57.0,59.333333333333336,2.333333333333336,57.0,56.0,-1.0,1.0,0.7494407158836692,2.6666666666666714,0.0167551150421498
t_arm,peter,combined_augmented,/Users/vibha/COSMOS-Cluster10/labs/Cosmos-Gesture-Recognition-/data/processed/combined_augmented/sessions/peter_t_arm_001,31.0,298119.47311827954,58500.03279293412,246703.3333333333,444200.3333333333,305244.5,254459.5,-50785.0,1.67741935483871,1.6471630242458075,4.610049554161631,4.08072048392651,13.953407406794268,302.0,302.0,0.6922008830022075,0.1597099137671538,0.3429999999999999,0.8513333333333333,0.0874845474613686,0.6595635449670633,-1.1616666666666666,1.157333333333333,-0.2124359823399559,0.1620471243538056,-0.434,0.1323333333333333,1.485673289183223,11.606482384862865,-51.91,46.29666666666666,-8.290093818984547,17.897853088587905,-58.67666666666667,12.4,-34.53294701986755,56.26648835315306,-158.34,44.82,1.0043613781297716,0.0998672824499258,150.0,97.74777777777778,50.66592243311092,54.66666666666666,270.0,73.16666666666666,215.3333333333333,65.08333333333333,112.83333333333334,47.750000000000014,135.5,65.0,-70.5,70.5,5.083892617449664,47.66666666666666,-0.8905998785131198
t_arm,peter,combined_augmented,/Users/vibha/COSMOS-Cluster10/labs/Cosmos-Gesture-Recognition-/data/processed/combined_augmented/sessions/peter_t_arm_002,30.0,334782.3194444444,75063.48286038639,267681.6666666667,525087.6666666666,287252.0,276752.25,-10499.75,2.3777777777777778,1.5927691547261058,4.078277705413824,4.172438684739727,14.749909600804283,301.0,301.0,0.7030404208194906,0.1507056459582382,0.3363333333333334,0.8833333333333333,0.1641633444075304,0.6324862051701718,-1.3673333333333335,1.1956666666666669,-0.2129767441860465,0.1869736140462941,-0.3960000000000001,0.3043333333333333,1.6950498338870432,9.31195793694953,-21.05666666666667,47.69,-10.218604651162792,18.49678604416864,-58.24,6.349999999999999,-35.50342192691029,55.52861442701505,-140.67,50.28333333333333,1.005512741680353,0.1150164363882275,149.0,99.70246085011183,41.109447796187965,72.66666666666667,254.66666666666663,78.66666666666667,182.0,76.66666666666667,101.33333333333331,24.666666666666657,228.5,76.5,-152.0,152.0,3.653153153153152,40.0,-0.7060668722413688
t_arm,peter,combined_augmented,/Users/vibha/COSMOS-Cluster10/labs/Cosmos-Gesture-Recognition-/data/processed/combined_augmented/sessions/peter_t_arm_003,30.0,336250.3055555557,62272.15350465697,274991.3333333333,471759.3333333333,279286.5,279650.0,363.5,3.066666666666666,2.279376132970501,1.6613481015780094,1.2150367882256707,4.243761991649462,301.0,301.0,0.6621168327796235,0.1411972605898917,0.3873333333333333,0.8953333333333333,0.067124584717608,0.7051200616157299,-1.1716666666666669,0.9723333333333332,-0.0953239202657807,0.2145449139965893,-0.4003333333333334,0.331,3.835498338870433,11.299725287236251,-20.456666666666667,34.23,-11.71950166112957,18.90736806724915,-53.39666666666667,11.656666666666666,-35.3207253599114,49.55463329747855,-128.97333333333333,14.153333333333334,1.003981415658841,0.0846927666510097,148.0,119.97972972972973,71.72836927575419,53.333333333333336,289.6666666666667,78.16666666666666,236.3333333333333,71.83333333333333,182.16666666666669,110.33333333333336,172.0,73.5,-98.5,98.5,6.569160997732426,61.33333333333334,-1.3527549601375093
t_arm,peter,combined_augmented,/Users/vibha/COSMOS-Cluster10/labs/Cosmos-Gesture-Recognition-/data/processed/combined_augmented/sessions/peter_t_arm_004,30.0,312602.4722222222,41618.1450527265,244083.5,381788.3333333333,287254.0,244083.5,-43170.5,2.1222222222222227,1.709414743540051,6.226117396867345,7.18093046931256,24.8120302580694,300.0,300.0,0.6476455555555556,0.171759724288479,0.2923333333333333,0.899,0.1091794444444445,0.7027473326675074,-1.3676666666666666,1.0253333333333332,-0.1439055555555556,0.2170472869767107,-0.3943333333333333,0.316,3.459988888888889,7.640210314384329,-16.47,28.436666666666667,-10.8454,18.83359754650459,-53.580000000000005,11.99,-37.406811111111104,52.60014744326493,-135.72,27.506666666666664,1.0054780086611632,0.1074822821747729,148.0,107.22184684684684,49.41183009578644,63.0,269.0,80.33333333333333,206.0,76.0,120.75,44.75,269.0,76.0,-193.0,193.0,6.071806500377928,42.66666666666666,-0.8728993683451979
t_arm,peter,combined_augmented,/Users/vibha/COSMOS-Cluster10/labs/Cosmos-Gesture-Recognition-/data/processed/combined_augmented/sessions/peter_t_arm_005,30.0,308540.6944444444,49082.79975054404,255744.3333333333,428524.3333333333,279219.0,276566.5,-2652.5,2.4055555555555554,1.5573501552871272,3.399578984782567,3.604155894513049,13.744943012086146,300.0,300.0,0.6871594444444444,0.1665095744207084,0.3036666666666667,0.8976666666666667,0.0575655555555555,0.6576405016467377,-1.2323333333333333,0.8316666666666666,-0.170745,0.2104346504372073,-0.3753333333333333,0.257,2.332044444444444,7.1696823671744925,-19.256666666666664,20.58,-10.08525,15.201209581577892,-44.95666666666667,5.22,-36.04058333333333,46.53344217635412,-128.92333333333332,13.273333333333332,1.0020255726326552,0.0714122676812957,150.0,112.44,57.42746058231752,71.66666666666667,288.0,79.5,216.3333333333333,74.33333333333333,125.41666666666666,51.08333333333333,210.0,72.5,-137.5,137.5,5.392617449664429,51.0,-1.0660467872646202
t_arm,peter,combined_augmented,/Users/vibha/COSMOS-Cluster10/labs/Cosmos-Gesture-Recognition-/data/processed/combined_augmented/sessions/peter_t_arm_006,30.0,345002.2166666666,49529.07649917762,271554.6666666667,452512.3333333333,289182.0,290671.5,1489.5,2.311111111111111,1.5803968871734893,4.721629946953842,4.762591168400611,17.94508837077694,301.0,301.0,0.6825758582502769,0.1534962320948143,0.367,0.9176666666666669,0.0617596899224806,0.664766949607023,-1.0936666666666666,0.8733333333333334,-0.1560404208194905,0.2237533003845343,-0.384,0.248,3.0334994462901443,4.781966571541814,-7.48,16.476666666666663,-12.531002214839424,16.126008037248976,-56.336666666666666,4.24,-35.95521594684386,40.86350816167998,-111.22,12.993333333333332,1.002513956551753,0.0676769636139228,151.0,97.47130242825604,31.923402315597297,67.0,187.16666666666663,82.33333333333333,120.16666666666666,71.0,126.83333333333334,55.83333333333334,134.0,73.5,-60.5,60.5,2.8811111111111103,31.666666666666657,-0.6306175206227498
t_arm,peter,combined_augmented,/Users/vibha/COSMOS-Cluster10/labs/Cosmos-Gesture-Recognition-/data/processed/combined_augmented/sessions/peter_t_arm_007,30.0,315999.98888888885,62466.50170040671,256384.66666666663,466223.0,270951.5,273800.5,2849.0,3.422222222222222,1.515190571887181,3.3469882224757828,1.8866736425447688,7.943431075262624,300.0,300.0,0.7223544444444444,0.162119408650898,0.3686666666666666,0.924,0.0129944444444443,0.6157461913738144,-1.1953333333333334,1.1766666666666663,-0.1914011111111111,0.2363665962304746,-0.481,0.2933333333333333,0.5398222222222221,11.447712799453235,-43.04333333333333,43.03333333333333,-12.485833333333334,18.26600466080414,-50.080000000000005,11.576666666666668,-32.638833333333324,41.72181356550126,-103.66,45.046666666666674,1.0063839265192638,0.0841773095290739,149.0,102.39821029082772,38.98469237642995,70.33333333333333,220.0,78.66666666666667,149.66666666666669,74.33333333333333,115.0,40.66666666666667,156.5,72.5,-84.0,84.0,3.834084084084084,34.33333333333334,-0.7632970554447063
t_arm,peter,combined_augmented,/Users/vibha/COSMOS-Cluster10/labs/Cosmos-Gesture-Recognition-/data/processed/combined_augmented/sessions/peter_t_arm_008,30.0,280476.68888888886,36726.06178934874,241174.66666666663,355159.0,258726.0,251704.0,-7022.0,1.5499999999999998,1.0266360024280667,5.382683831586487,6.938453690210467,26.04163945471373,300.0,300.0,0.6803049999999999,0.1572487452752417,0.347,0.946,0.0320394444444444,0.6607114500320053,-1.1846666666666668,0.9516666666666664,-0.1708483333333333,0.2307019165764277,-0.4146666666666667,0.294,2.183455555555556,6.7667549668477,-21.313333333333333,25.186666666666667,-12.78006111111111,16.78853493613487,-49.13666666666666,5.97,-36.205333333333336,39.55905738026141,-96.39666666666666,15.903333333333334,1.001626674532049,0.0653049714801639,149.0,119.52908277404924,72.16195917412007,50.66666666666666,272.3333333333333,82.0,221.66666666666663,70.66666666666667,146.0,75.33333333333333,270.0,71.5,-198.5,198.5,4.863738738738738,49.66666666666666,-1.4104153818247775
raise_arms,peter,combined_augmented,/Users/vibha/COSMOS-Cluster10/labs/Cosmos-Gesture-Recognition-/data/processed/combined_augmented/sessions/peter_raise_arms_001,31.0,353772.75268817204,100983.13585247847,242262.66666666663,579244.0,245960.5,267714.5,21754.0,3.908602150537634,1.8451907409234525,4.173485700006361,4.23475508064723,20.231404446176764,301.0,301.0,-0.0574086378737541,0.4406240660739006,-0.9233333333333332,0.2933333333333333,-0.3890919158361018,0.1379000854078727,-0.7633333333333333,-0.2233333333333333,-0.7808316722037651,0.1947756550204249,-0.9676666666666668,-0.1684999999999999,-12.68186046511628,16.89531020028472,-84.35333333333334,45.48333333333333,21.59233111849391,39.32322307608028,-17.753333333333334,140.46166666666667,-14.036788482834991,22.420249322075104,-97.63,6.863333333333333,1.000183770570495,0.1229729768000885,151.0,53.69536423841058,5.355293732283832,47.66666666666666,73.5,52.333333333333336,25.833333333333336,51.333333333333336,53.66666666666666,2.3333333333333286,69.5,51.0,-18.5,18.5,0.91,5.666666666666664,-0.0546456372719881
raise_arms,peter,combined_augmented,/Users/vibha/COSMOS-Cluster10/labs/Cosmos-Gesture-Recognition-/data/processed/combined_augmented/sessions/peter_raise_arms_002,30.0,337585.8333333333,92057.37619876993,260839.3333333333,510569.6666666667,272410.5,267275.0,-5135.5,2.9444444444444446,2.694415807407957,2.7397447066797085,2.4544562843631192,9.990655404921071,302.0,302.0,-0.136280353200883,0.4717430417054439,-0.9723333333333332,0.2716666666666666,-0.3903565121412803,0.1480232061786089,-0.8356666666666667,-0.192,-0.7324486754966888,0.2452392823116913,-0.956,-0.1213333333333333,-12.849668874172185,22.371800433000665,-91.81,52.78666666666666,21.29956953642384,35.87548319532842,-11.893333333333333,148.89,-15.69453090507726,26.653984212549435,-134.57,12.093333333333334,0.999100960153143,0.1175735831351466,151.0,53.966887417218544,7.014192487182015,46.333333333333336,78.0,52.0,31.666666666666664,49.5,55.25,5.75,78.0,52.5,-25.5,25.5,1.352222222222222,8.333333333333329,-0.1105838271174628
raise_arms,peter,combined_augmented,/Users/vibha/COSMOS-Cluster10/labs/Cosmos-Gesture-Recognition-/data/processed/combined_augmented/sessions/peter_raise_arms_003,30.0,374169.56666666665,94222.71532216948,259299.66666666663,536262.3333333334,259351.0,285437.0,26086.0,4.872222222222223,2.430395232807685,2.740916511143249,2.132369282144484,9.011773908185363,301.0,301.0,-0.1137214839424141,0.4557925322457071,-0.9486666666666668,0.2826666666666666,-0.401218715393134,0.1136549036387155,-0.637,-0.2503333333333333,-0.7474601328903655,0.2127998719429127,-0.9453333333333332,-0.1263333333333333,-10.071112956810632,18.52410323866512,-112.84666666666664,28.47,23.94437984496124,31.561797112527767,-9.946666666666667,110.74333333333334,-14.468361018826135,19.89244699624233,-77.24333333333334,17.973333333333333,0.994964722113022,0.0927304727358875,147.0,54.73356009070295,3.909333835279788,49.0,70.33333333333333,53.66666666666666,21.33333333333333,52.66666666666666,55.66666666666666,3.0,63.0,55.0,-8.0,8.0,1.111872146118721,6.000000000000007,-0.0329199062075775
raise_arms,peter,combined_augmented,/Users/vibha/COSMOS-Cluster10/labs/Cosmos-Gesture-Recognition-/data/processed/combined_augmented/sessions/peter_raise_arms_004,30.0,376274.1361111112,82297.69743605879,281594.25,541709.0,327931.0,281594.25,-46336.75,4.538888888888889,1.5774354088633242,2.8655323330378004,3.110145486308231,14.917149288740973,301.0,301.0,-0.1780725359911406,0.4958612816775644,-0.921,0.3565,-0.3869595791805094,0.1143343678199671,-0.682,-0.2273333333333333,-0.7085924695459579,0.2334880860879169,-0.95,-0.172,-8.426207087486157,18.946903347441747,-134.99333333333334,46.68,24.940858250276857,30.8766243235224,-49.39000000000001,100.0,-15.9896511627907,17.840404493043785,-55.37,15.8,0.995176391003786,0.0814998610826942,151.0,63.22369389256807,19.86165883421896,51.0,194.25,57.0,143.25,55.333333333333336,59.0,3.666666666666664,68.33333333333334,53.0,-15.333333333333345,15.333333333333345,3.5662962962962963,55.66666666666667,-0.2393121877541538
raise_arms,peter,combined_augmented,/Users/vibha/COSMOS-Cluster10/labs/Cosmos-Gesture-Recognition-/data/processed/combined_augmented/sessions/peter_raise_arms_005,31.0,344913.940860215,105797.17147858144,252420.3333333333,589602.0,288376.5,257610.0,-30766.5,3.333333333333333,2.5889204237622825,4.142335919006952,4.204685834866094,16.764161302340042,302.0,302.0,-0.1087610375275937,0.4937116809373598,-0.936,0.335,-0.3776026490066225,0.1012395222093639,-0.6386666666666666,-0.2506666666666666,-0.736809050772627,0.2285938493198425,-0.9236666666666666,-0.118,-8.526887417218543,15.469185110856603,-61.56666666666666,23.100000000000005,25.96788079470199,34.29508322361305,-10.833333333333334,116.14333333333332,-13.73346578366446,17.614700273616055,-61.74,6.876666666666668,0.9976343480456438,0.0910045131789433,150.0,62.59333333333333,10.075543887966028,51.333333333333336,113.0,58.83333333333333,61.66666666666666,57.66666666666666,62.0,4.333333333333336,84.0,58.0,-26.0,26.0,1.5883668903803134,20.333333333333343,-0.1376197460627882
raise_arms,peter,combined_augmented,/Users/vibha/COSMOS-Cluster10/labs/Cosmos-Gesture-Recognition-/data/processed/combined_augmented/sessions/peter_raise_arms_006,30.0,349313.1666666667,95374.85314987968,259730.66666666663,542858.0,283060.0,261956.0,-21104.0,3.138888888888889,1.7192178095119917,2.9333747393343166,2.2821130695765617,9.326054917775826,301.0,301.0,-0.1778322259136212,0.5065533385441355,-0.9463333333333332,0.3393333333333333,-0.3463826135105204,0.1305094974701036,-0.6333333333333333,-0.163,-0.7145204872646733,0.2619038412135934,-0.963,-0.0946666666666666,-11.03080841638981,14.777254469631083,-52.42,9.183333333333334,24.620105204872647,34.37870661378492,-11.656666666666666,114.72,-14.509261720191954,19.354733219575564,-67.02,12.726666666666668,0.9979280689433906,0.0922331134364293,149.0,93.10178970917224,76.31299817507495,53.66666666666666,325.6666666666667,61.333333333333336,272.0,59.0,63.66666666666666,4.666666666666664,303.0,61.0,-242.0,242.0,5.38963963963964,76.0,-1.1118550093717876
raise_arms,peter,combined_augmented,/Users/vibha/COSMOS-Cluster10/labs/Cosmos-Gesture-Recognition-/data/processed/combined_augmented/sessions/peter_raise_arms_007,30.0,346620.90555555554,97369.19424854312,243398.3333333333,534158.6666666666,274200.5,265923.0,-8277.5,3.344444444444445,2.6963395397427683,2.175920799483157,1.442466318628044,5.394754430804586,302.0,302.0,-0.2235491169977924,0.5022063581400789,-0.9555,0.3103333333333333,-0.3739359823399558,0.0995518986397752,-0.5796666666666667,-0.24,-0.6947433774834437,0.2501502802590566,-0.9225,-0.1103333333333333,-8.556258278145695,11.605232961883663,-44.49666666666667,31.22,25.197417218543045,28.92470805842684,-5.463333333333334,91.40333333333332,-14.718874172185432,16.34139513565939,-51.54666666666666,5.826666666666667,0.9961742114741852,0.0693151999399763,149.0,63.680089485458616,18.93706941574302,43.88888888888889,179.66666666666666,59.333333333333336,135.77777777777777,56.0,63.66666666666666,7.666666666666664,138.0,55.5,-82.5,82.5,2.286411411411412,41.66666666666666,-0.2192683959126909
raise_arms,peter,combined_augmented,/Users/vibha/COSMOS-Cluster10/labs/Cosmos-Gesture-Recognition-/data/processed/combined_augmented/sessions/peter_raise_arms_008,30.0,350322.0333333333,92462.94074766547,258276.0,523872.3333333333,276727.5,258276.0,-18451.5,2.911111111111111,1.7383119383648402,5.121579812446553,5.892326782455598,19.619285467355667,301.0,301.0,-0.1632535991140642,0.4931818260263539,-0.9466666666666668,0.3226666666666666,-0.3730351605758582,0.1174738474405961,-0.6256666666666666,-0.2123333333333333,-0.7213942414174972,0.2429696891031351,-0.9363333333333334,-0.118,-9.737862679955702,11.9901103654719,-41.44333333333333,19.38,25.6452657807309,30.966534569384,-3.316666666666667,101.92,-16.418709856035434,18.03069072334312,-63.42666666666667,6.733333333333334,0.9980950816700772,0.0780097194196998,150.0,60.932222222222215,8.78875334452498,52.333333333333336,118.66666666666669,58.66666666666666,66.33333333333334,56.66666666666666,61.25,4.583333333333336,71.0,57.5,-13.5,13.5,1.761744966442953,23.111111111111114,-0.1108064062106467
fist_open,peter,combined_augmented,/Users/vibha/COSMOS-Cluster10/labs/Cosmos-Gesture-Recognition-/data/processed/combined_augmented/sessions/peter_fist_open_001,30.0,266979.97777777776,21376.800507911885,244275.0,306735.6666666667,303350.0,244275.0,-59075.0,1.4555555555555555,1.7960519115927032,3.433381684067046,1.9785470493504231,6.469178621734717,301.0,301.0,0.6599042081949059,0.0283669489338368,0.549,0.7000000000000001,0.2161589147286821,0.0286966550694823,0.1083333333333333,0.2813333333333334,-0.7112585825027685,0.040383388617499,-0.8316666666666667,-0.5443333333333333,-1.6154097452934664,7.048427264022528,-40.223333333333336,3.903333333333333,2.157004429678848,6.776045000542078,-5.626666666666668,30.526666666666667,-0.2526467331118494,2.9178366154025284,-14.660000000000002,8.636666666666665,0.9955054745833242,0.0177443384979299,150.0,77.8511111111111,1.2783907358384228,75.33333333333333,81.66666666666667,78.0,6.333333333333343,77.04166666666667,78.66666666666667,1.625,79.5,77.0,-2.5,2.5,0.5917225950783,2.6666666666666714,0.0106167681526582
fist_open,peter,combined_augmented,/Users/vibha/COSMOS-Cluster10/labs/Cosmos-Gesture-Recognition-/data/processed/combined_augmented/sessions/peter_fist_open_002,31.0,252009.0645161291,6580.267475263971,241207.3333333333,262894.0,257285.0,242993.0,-14292.0,0.5483870967741935,0.5714120540037171,12.063764560098752,9.426377542222326,21.27950794557356,301.0,301.0,0.6608848283499447,0.0371856845613325,0.5743333333333333,0.719,0.2056810631229235,0.034672469454784,0.1056666666666666,0.298,-0.7127220376522703,0.0417253949348439,-0.8256666666666667,-0.6383333333333333,-1.5485991140642306,5.801479128697091,-22.64333333333333,9.43,2.193272425249169,6.172320843703696,-6.276666666666666,29.756666666666664,-0.0052104097452935,3.4871130854550345,-17.19,5.73,0.9956341321248806,0.0092085737499627,151.0,75.86975717439293,1.437061564666813,71.66666666666667,78.66666666666667,76.0,7.0,75.0,77.0,2.0,77.0,75.0,-2.0,2.0,0.924444444444444,3.666666666666672,0.0121889159986055
fist_open,peter,combined_augmented,/Users/vibha/COSMOS-Cluster10/labs/Cosmos-Gesture-Recognition-/data/processed/combined_augmented/sessions/peter_fist_open_003,30.0,253941.9277777778,8829.404165615253,244652.66666666663,272486.0,248149.0,251089.0,2940.0,0.4777777777777777,0.5421721288335933,5.19768784335206,7.677128273598609,18.4734395859794,301.0,301.0,0.6586899224806202,0.0402313746339901,0.5663333333333332,0.7106666666666667,0.195828349944629,0.0395451467968951,0.1053333333333333,0.2966666666666667,-0.7179966777408638,0.0459107401342364,-0.82,-0.643,-2.0810243632336656,5.321510918356439,-23.386666666666667,12.566666666666668,2.809341085271318,6.390861437316349,-6.376666666666666,31.62,-0.0627574750830563,3.0370986769491903,-12.29,6.053333333333334,0.996450709490574,0.0107957223942092,151.0,76.69646799116998,0.8981639899581223,73.83333333333333,78.66666666666667,77.0,4.833333333333343,76.33333333333333,77.33333333333333,1.0,76.5,77.0,0.5,0.5,0.405555555555556,2.6666666666666714,-0.008702800046474
fist_open,peter,combined_augmented,/Users/vibha/COSMOS-Cluster10/labs/Cosmos-Gesture-Recognition-/data/processed/combined_augmented/sessions/peter_fist_open_004,30.0,247789.63333333336,3715.079281692283,240789.66666666663,255178.66666666663,245238.0,246878.5,1640.5,0.2,0.339934634239519,0.0,0.0,0.0,302.0,302.0,0.6567146799116997,0.030617438411607,0.574,0.6943333333333334,0.1696186534216335,0.0316505337978985,0.079,0.2383333333333333,-0.7289547461368653,0.0357474047740763,-0.8356666666666666,-0.6343333333333333,-2.113758278145695,5.317204757766143,-32.309999999999995,5.28,1.926092715231788,5.063909246786458,-3.356666666666667,26.296666666666667,-0.1056181015452539,2.246108433440307,-8.453333333333333,4.546666666666666,0.997263823689684,0.0100800321452493,151.0,75.8167770419426,1.0341851268631592,71.66666666666667,78.0,76.0,6.333333333333329,75.33333333333333,76.5,1.1666666666666714,76.0,77.5,1.5,1.5,0.538888888888889,3.3333333333333286,-0.0023846868827701
fist_open,peter,combined_augmented,/Users/vibha/COSMOS-Cluster10/labs/Cosmos-Gesture-Recognition-/data/processed/combined_augmented/sessions/peter_fist_open_005,31.0,254258.79569892475,6420.8715257367785,241741.3333333333,265896.6666666667,259763.5,257693.5,-2070.0,0.5752688172043011,0.6445785899032664,4.266025815171956,4.731796982112035,12.302146795521969,300.0,300.0,0.6406299999999999,0.0366258023297278,0.5486666666666667,0.6863333333333334,0.1444261111111111,0.0328548604508817,0.051,0.226,-0.7473255555555555,0.0367960028301966,-0.8530000000000001,-0.6533333333333333,-2.2028111111111115,6.108557749816196,-24.146666666666665,8.85,2.805861111111111,5.728523765073003,-7.06,21.096666666666664,-0.1740388888888889,2.7914376676170574,-8.636666666666665,6.6433333333333335,0.9967069423514612,0.0105495308579367,150.0,75.11055555555556,1.1263518038106335,72.66666666666667,77.33333333333333,75.0,4.666666666666657,74.33333333333333,76.0,1.6666666666666714,77.0,74.25,-2.75,2.75,0.3458240119313939,1.6666666666666572,-0.0151433397039871
fist_open,peter,combined_augmented,/Users/vibha/COSMOS-Cluster10/labs/Cosmos-Gesture-Recognition-/data/processed/combined_augmented/sessions/peter_fist_open_006,30.0,258088.28888888887,16900.932094333846,240381.0,296415.5,287380.5,241460.0,-45920.5,0.7777777777777778,1.2090196007764835,2.2879645655152294,0.866826698873939,3.584227946594102,301.0,301.0,0.6560055370985604,0.0333905770025302,0.547,0.703,0.1354778516057586,0.0345235704118932,0.0489999999999999,0.268,-0.7346395348837209,0.0362848538062193,-0.879,-0.6539999999999999,-1.7755924695459575,6.77693159008273,-44.89333333333334,9.26,2.444490586932447,6.179458789703232,-6.723333333333334,38.76,0.1873089700996677,4.977688176258483,-29.97,19.216666666666665,0.9959217688121104,0.0124895060869351,151.0,75.19867549668874,1.2338910498437352,71.5,77.66666666666667,75.33333333333333,6.166666666666671,74.33333333333333,76.0,1.6666666666666714,72.0,76.5,4.5,4.5,0.4833333333333339,2.0,-0.0025415359591033
fist_open,peter,combined_augmented,/Users/vibha/COSMOS-Cluster10/labs/Cosmos-Gesture-Recognition-/data/processed/combined_augmented/sessions/peter_fist_open_007,30.0,241609.3055555556,3831.198222798781,236127.3333333333,252150.3333333333,243018.0,245128.5,2110.5,0.2444444444444444,0.5958705634574188,0.3962428841784751,0.2069048266344105,0.6031477108128857,300.0,300.0,0.6559855555555556,0.0429416755276193,0.553,0.7126666666666667,0.1371072222222222,0.0302006686368217,0.054,0.216,-0.7340679629629628,0.041805387108885,-0.8489999999999999,-0.6556666666666667,-1.592372222222222,5.739299608221555,-25.26666666666667,12.48,2.841888888888889,5.970852658468119,-7.095,24.30333333333333,0.0914111111111111,3.122294361977984,-11.626666666666663,9.286666666666669,0.996188218412658,0.0091654515429909,150.0,74.41666666666667,1.2599714140431189,69.66666666666667,77.33333333333333,74.66666666666667,7.666666666666657,74.0,75.125,1.125,74.0,74.0,0.0,0.0,0.572706935123042,3.0,0.0091100345200524
fist_open,peter,combined_augmented,/Users/vibha/COSMOS-Cluster10/labs/Cosmos-Gesture-Recognition-/data/processed/combined_augmented/sessions/peter_fist_open_008,30.0,256908.27222222224,14615.470595272172,237651.3333333333,288074.6666666667,275075.0,252124.0,-22951.0,0.8777777777777778,1.0164693190368363,2.0575723785956783,1.883772957723299,5.2920360243596765,301.0,301.0,0.668703765227021,0.0243045931418189,0.606,0.7213333333333333,0.1437962347729789,0.0346211167006629,0.08,0.2259999999999999,-0.7242829457364341,0.0300024169820818,-0.798,-0.6186666666666667,-0.9856699889258028,5.511923472649958,-19.683333333333334,11.656666666666666,1.1897619047619048,5.453711507146775,-13.193333333333332,18.13,0.9648837209302328,3.423691715725992,-5.908333333333334,14.11,0.9975109068245216,0.009451931474817,151.0,74.31456953642385,0.9200529466160604,72.0,76.33333333333333,74.33333333333333,4.333333333333329,73.66666666666667,75.0,1.3333333333333286,75.5,74.5,-1.0,1.0,0.3222222222222224,1.3333333333333428,-0.0155768560474036
one_arm_boxing,peter,combined_augmented,/Users/vibha/COSMOS-Cluster10/labs/Cosmos-Gesture-Recognition-/data/processed/combined_augmented/sessions/peter_one_arm_boxing_001_seg000,30.0,376501.93888888886,83011.07881018368,258362.0,503762.6666666667,258362.0,467932.5,209570.5,5.122222222222222,2.850254482898668,1.716653826304365,2.832892338967705,15.168695451402913,300.0,300.0,0.2369266666666666,0.2780185456791755,-0.3313333333333333,0.6999999999999998,-0.215575,0.1078811650098796,-0.4413333333333333,0.1676666666666666,-0.9077916666666666,0.0770787501640488,-1.0586666666666666,-0.6854999999999999,-4.340366666666667,12.57329548623089,-41.120000000000005,28.576666666666668,-4.596877777777778,18.176053268473744,-34.97333333333333,41.406666666666666,-1.9425722222222224,29.016620542505407,-61.473333333333336,65.11666666666666,1.0072875143508668,0.0832958026396248,150.0,66.06333333333333,3.4915296460437064,56.0,73.5,66.0,17.5,63.333333333333336,68.58333333333334,5.250000000000007,59.5,73.5,14.0,14.0,0.923937360178971,2.999999999999993,0.0633097767308174
one_arm_boxing,peter,combined_augmented,/Users/vibha/COSMOS-Cluster10/labs/Cosmos-Gesture-Recognition-/data/processed/combined_augmented/sessions/peter_one_arm_boxing_001_seg001,30.0,409496.1833333334,31184.924151753978,347637.0,470428.6666666667,424205.0,390197.5,-34007.5,6.955555555555557,0.8670227188844181,1.3933017089982498,0.7249461875013725,3.2740184653736564,300.0,300.0,0.2086572222222222,0.339113099241933,-0.383,0.7023333333333334,-0.1516288888888888,0.0968039411247494,-0.4186666666666667,0.136,-0.933126111111111,0.0788443457404962,-1.1816666666666666,-0.7850000000000001,-0.1946333333333334,10.08956168590607,-29.206666666666667,28.35333333333333,3.141216666666667,21.772829426436186,-41.690000000000005,59.35,-2.584333333333334,34.054279107309235,-84.97333333333334,61.84,1.029905616165877,0.0844573579299246,150.0,71.47944444444445,2.283584725189013,66.66666666666667,76.66666666666667,71.0,10.0,69.66666666666667,73.33333333333333,3.666666666666657,69.75,71.5,1.75,1.75,0.7723713646532443,3.0,0.0184625983377036
one_arm_boxing,peter,combined_augmented,/Users/vibha/COSMOS-Cluster10/labs/Cosmos-Gesture-Recognition-/data/processed/combined_augmented/sessions/peter_one_arm_boxing_001_seg002,30.0,401269.06666666665,47368.7345825399,313634.3333333333,497077.0,497077.0,402096.0,-94981.0,6.533333333333333,1.6377491328717664,2.1523998869952097,1.5349444282723692,7.059969882227242,300.0,300.0,0.1570183333333333,0.2468393752715822,-0.215,0.588,-0.0873242592592592,0.1207765910618667,-0.4093333333333333,0.1526666666666667,-0.95457,0.0700239437092241,-1.0943333333333332,-0.7466666666666667,-3.038361111111111,17.78616190951411,-53.34333333333333,33.10333333333333,-1.7509,19.18996478359878,-32.52333333333333,39.77333333333333,0.1386055555555556,29.781976302945854,-58.56666666666666,52.02333333333333,1.0100948195571642,0.06010522845243,150.0,73.07166666666667,2.479765803752765,68.0,78.0,72.75,10.0,71.33333333333333,75.33333333333333,4.0,69.0,74.75,5.75,5.75,0.7555928411633105,3.0,0.0343240440315864
one_arm_boxing,peter,combined_augmented,/Users/vibha/COSMOS-Cluster10/labs/Cosmos-Gesture-Recognition-/data/processed/combined_augmented/sessions/peter_one_arm_boxing_002_seg000,30.0,380394.46111111104,56736.25162786924,281506.3333333333,466095.3333333333,306830.5,448247.0,141416.5,6.51111111111111,2.1585031393234377,1.943518284335665,1.4977180167018962,5.515634540647091,300.0,300.0,0.1906411111111111,0.2245365669606381,-0.2566666666666666,0.4923333333333333,-0.0263305555555555,0.0962704816671865,-0.2556666666666666,0.159,-0.9636327777777778,0.0517206264791433,-1.07,-0.831,1.0027333333333337,11.796267577124178,-32.48333333333333,39.336666666666666,-2.478088888888889,12.834454557478612,-26.883333333333336,32.07666666666666,2.2604500000000005,26.234124991430885,-64.51666666666667,62.11666666666667,1.0125216373656372,0.0527739938034308,150.0,73.70666666666666,2.425910347512564,68.0,78.33333333333333,73.66666666666667,10.333333333333329,71.66666666666667,75.625,3.9583333333333286,71.5,78.0,6.5,6.5,0.7527964205816554,3.0,0.0148848096952453
one_arm_boxing,peter,combined_augmented,/Users/vibha/COSMOS-Cluster10/labs/Cosmos-Gesture-Recognition-/data/processed/combined_augmented/sessions/peter_one_arm_boxing_002_seg001,30.0,407723.65277777775,61059.231470041246,275403.5,474366.3333333333,275403.5,466467.25,191063.75,6.716666666666668,2.0580240433393784,2.832458476066298,1.8243239069324768,6.833584841211684,301.0,301.0,0.1587652270210409,0.2230410037890116,-0.189,0.5140000000000001,-0.0233732004429678,0.0822175539038613,-0.213,0.1456666666666667,-0.96559357696567,0.0575810589527056,-1.1136666666666668,-0.8323333333333333,-1.739634551495017,10.956358504996016,-29.186666666666667,24.413333333333338,2.2586600221483946,13.307164247725344,-30.793333333333333,29.016666666666666,-1.4928682170542638,26.39845014308913,-54.77,47.22,1.007769564433569,0.0484433543427917,150.0,77.07666666666667,2.842866578000663,69.66666666666667,81.66666666666667,77.16666666666666,12.0,75.0,79.66666666666667,4.666666666666671,79.5,74.0,-5.5,5.5,0.6565995525727064,2.6666666666666714,-0.0043874542572265
one_arm_boxing,peter,combined_augmented,/Users/vibha/COSMOS-Cluster10/labs/Cosmos-Gesture-Recognition-/data/processed/combined_augmented/sessions/peter_one_arm_boxing_002_seg002,30.0,392827.1277777777,68773.75066928976,282092.0,505831.6666666667,382294.0,460764.5,78470.5,6.388888888888888,1.8906854201650496,2.2302603334644435,2.42161294683198,10.601655597803411,299.0,299.0,0.2795490523968785,0.2118210872253801,-0.138,0.5406666666666667,-0.0281783723522854,0.0867474076801785,-0.303,0.1406666666666666,-0.9423422519509476,0.0539719217157175,-1.091,-0.8313333333333333,1.7626700111482718,13.222387111895312,-32.28,34.04999999999999,0.2271739130434784,15.749618655262084,-41.32,30.926666666666662,-2.0753344481605343,26.31723264930651,-66.60000000000001,55.64666666666667,1.0100381962107596,0.0456038313957916,149.0,76.06711409395973,3.2178135624645035,69.5,82.0,75.0,12.5,73.66666666666667,79.0,5.333333333333329,75.0,69.5,-5.5,5.5,0.845720720720721,3.0,-0.016985912086583
one_arm_boxing,peter,combined_augmented,/Users/vibha/COSMOS-Cluster10/labs/Cosmos-Gesture-Recognition-/data/processed/combined_augmented/sessions/peter_one_arm_boxing_003_seg000,30.0,407197.6277777778,66488.50599945945,307521.0,511986.6666666667,307521.0,463967.5,156446.5,6.549999999999999,2.126181588705008,2.295053118546812,1.8389448669708404,7.044993175996313,300.0,300.0,0.2901144444444444,0.2265293544673426,-0.152,0.5776666666666666,-0.0689088888888889,0.1117566164859828,-0.329,0.175,-0.9308716666666664,0.0634975685813302,-1.0976666666666668,-0.7976666666666666,1.315116666666667,14.378032101969929,-33.57,40.70333333333333,-6.044566666666666,19.387106661893352,-53.26333333333333,43.57,0.5543333333333328,25.892486748089688,-56.70333333333334,62.656666666666666,1.0102602987035394,0.0514591633137342,150.0,74.44444444444444,3.0929345444812504,68.33333333333333,83.5,74.33333333333333,15.166666666666671,72.0,76.66666666666667,4.666666666666671,72.0,83.5,11.5,11.5,0.6744966442953025,2.333333333333343,0.0248070284605241
one_arm_boxing,peter,combined_augmented,/Users/vibha/COSMOS-Cluster10/labs/Cosmos-Gesture-Recognition-/data/processed/combined_augmented/sessions/peter_one_arm_boxing_003_seg001,30.0,373638.9111111111,61411.180036937374,260627.66666666663,461805.3333333333,402178.5,402732.0,553.5,5.683333333333334,2.3689152072751063,2.525953002882725,2.4240894068047627,8.657683687916263,300.0,300.0,0.1687377777777777,0.2209043083819969,-0.1903333333333333,0.5406666666666667,-0.1065855555555555,0.1085980828844268,-0.373,0.0979999999999999,-0.9533266666666668,0.0544217034592579,-1.143,-0.794,2.0579499999999995,12.114917758212012,-30.386666666666667,29.616666666666664,4.798722222222223,16.477969533330192,-37.763333333333335,37.83,-1.8984388888888888,27.23578316156969,-62.07666666666666,60.1,1.0051388615728063,0.0437549941341365,150.0,77.22111111111111,3.933663992218813,69.66666666666667,84.33333333333333,77.58333333333334,14.666666666666655,74.0,80.0,6.0,80.5,75.5,-5.0,5.0,0.8769574944071582,3.0,0.0308538157251429
one_arm_boxing,peter,combined_augmented,/Users/vibha/COSMOS-Cluster10/labs/Cosmos-Gesture-Recognition-/data/processed/combined_augmented/sessions/peter_one_arm_boxing_003_seg002,30.0,405624.03333333327,66498.33765025287,281628.6666666667,507761.6666666667,461701.0,334564.0,-127137.0,6.861111111111112,2.1722506392003136,1.6022149501081933,1.2102269466171247,4.092042882373943,300.0,300.0,0.2952938888888889,0.2253681991839023,-0.146,0.6960000000000001,-0.0799811111111111,0.1045121121084358,-0.3763333333333333,0.1063333333333333,-0.9280283333333332,0.0601076975797054,-1.0773333333333337,-0.8043333333333335,-2.93795,13.37804362554886,-37.5,26.01333333333333,0.0187777777777781,15.923270321400532,-40.96666666666666,28.516666666666666,0.0583222222222224,24.740703755819272,-61.16,53.24333333333334,1.0083508019252687,0.0582000752997618,150.0,77.61222222222223,3.915970315871912,70.33333333333333,85.66666666666667,77.0,15.333333333333345,74.375,81.45833333333333,7.083333333333329,75.5,75.5,0.0,0.0,0.7449664429530194,2.6666666666666714,0.0148074729247225
clapping,peter,combined_augmented,/Users/vibha/COSMOS-Cluster10/labs/Cosmos-Gesture-Recognition-/data/processed/combined_augmented/sessions/peter_clapping_001_seg000,30.0,357696.18888888886,17213.53485647447,330763.3333333333,395016.3333333333,389775.5,353213.5,-36562.0,5.438888888888888,1.0022967451968,1.642274521965131,1.134043566938178,4.133069060920786,300.0,300.0,0.7287116666666666,0.4101402418757079,-0.475,2.53,-0.2685627777777777,0.2803075764713886,-1.1203333333333332,1.0845,-0.2827277777777777,0.6410762932245802,-2.079,0.843,14.9103,74.45387704357286,-171.20000000000002,238.5833333333333,-5.841783333333335,111.85568630053253,-290.08666666666664,159.58333333333334,6.470211111111111,32.132051654852084,-103.93,93.93333333333334,1.0937806305463098,0.3801207130378453,150.0,16.804444444444446,3.3454893930701552,8.333333333333334,25.0,16.5,16.666666666666664,14.666666666666666,19.33333333333333,4.666666666666666,21.5,20.5,-1.0,1.0,1.201342281879195,3.333333333333334,-0.002739677318992
clapping,peter,combined_augmented,/Users/vibha/COSMOS-Cluster10/labs/Cosmos-Gesture-Recognition-/data/processed/combined_augmented/sessions/peter_clapping_001_seg001,30.0,332700.0055555555,18751.380988722627,302951.0,373142.0,334125.0,354733.0,20608.0,4.183333333333333,1.459547113928762,1.845442248093062,1.641922971984872,7.131303040371565,300.0,300.0,0.6922377777777778,0.2009036996875571,0.0203333333333333,2.03,-0.6143861111111111,0.4034145768630792,-1.996,0.0699999999999999,0.3008166666666667,0.5398802288204241,-1.171,1.2036666666666669,5.4563833333333305,119.05214150758545,-452.64,249.96000000000004,5.2690277777777785,71.68756301077701,-189.6933333333333,188.07666666666668,3.0933,50.92920551016908,-212.9766666666667,118.83,1.1609288341546171,0.3065528051196976,135.0,9.393827160493826,6.215171862468459,2.0,40.0,7.666666666666667,38.0,5.333333333333333,11.333333333333334,6.000000000000001,27.5,40.0,12.5,12.5,1.3395522388059702,8.0,-0.0214125451175495
clapping,peter,combined_augmented,/Users/vibha/COSMOS-Cluster10/labs/Cosmos-Gesture-Recognition-/data/processed/combined_augmented/sessions/peter_clapping_001_seg002,30.0,351768.6666666666,18973.212585115893,321277.6666666667,398211.6666666667,349076.5,342565.0,-6511.5,5.3388888888888895,1.1622801132809577,1.8816339063826115,1.2814965309213884,4.9800704879576845,300.0,300.0,0.8470122222222222,0.3062019636212583,-0.1989999999999999,2.185,-0.3434694444444444,0.2531558723844592,-1.1645,0.2773333333333333,-0.0457194444444444,0.6758884361717695,-2.142,1.0816666666666668,11.071427777777778,91.06825807167608,-308.42,251.95,-0.5579388888888889,83.76541805311385,-190.72000000000003,130.42666666666665,-0.3672499999999994,23.509757821517194,-77.99666666666666,41.620000000000005,1.1660077893150946,0.3042856932499587,149.0,20.98993288590604,7.125931949105306,7.0,44.0,20.33333333333333,37.0,16.333333333333332,24.33333333333333,8.0,44.0,20.5,-23.5,23.5,3.0874624624624625,12.666666666666664,-0.0276364955559586
clapping,peter,combined_augmented,/Users/vibha/COSMOS-Cluster10/labs/Cosmos-Gesture-Recognition-/data/processed/combined_augmented/sessions/peter_clapping_002_seg000,30.0,319525.85555555555,13774.023961101118,294428.3333333333,354854.0,319428.5,312617.5,-6811.0,4.566666666666666,0.7411202731401019,2.698495979038116,2.718715801703685,12.795719222272222,300.0,300.0,0.893926111111111,0.1654439416307684,-0.1613333333333333,1.659,-0.1612888888888888,0.2372682994976405,-0.824,1.0585000000000002,-0.0998883333333333,0.4663764058172149,-2.204,0.6074444444444445,-7.751949999999999,54.04554409626654,-142.89666666666668,128.665,-2.348433333333334,66.81825275208752,-230.1,119.97,1.910061111111111,24.591571662997623,-83.56,71.27333333333333,1.0513366747851631,0.1759595659941349,144.0,9.20138888888889,2.525232031773875,3.0,14.333333333333334,9.166666666666668,11.333333333333334,7.916666666666667,11.0,3.083333333333333,8.5,10.0,1.5,1.5,1.1806526806526805,4.666666666666667,-0.008709106984969
clapping,peter,combined_augmented,/Users/vibha/COSMOS-Cluster10/labs/Cosmos-Gesture-Recognition-/data/processed/combined_augmented/sessions/peter_clapping_002_seg001,30.0,303075.8027777778,9282.500978904976,288919.6666666667,325306.3333333333,302567.25,289479.5,-13087.75,3.766666666666667,1.0814941653238956,1.699196553468356,1.959787504378524,10.016609965569955,300.0,300.0,0.8026605555555555,0.2006380158110128,-0.0616666666666666,1.6609999999999998,-0.324835,0.4055568852430003,-2.0003333333333333,0.7886666666666667,-0.1490061111111111,0.4578650899673422,-2.0096666666666665,0.7223333333333333,7.613083333333334,55.73731447477838,-214.23666666666668,196.71,-0.6700388888888889,65.01740719741456,-191.4833333333333,169.33666666666667,15.53411666666667,30.59973955597646,-50.54999999999999,122.61333333333334,1.058250318156399,0.2578047150605991,119.0,7.669467787114847,3.679419476011224,1.6666666666666667,17.666666666666668,7.0,16.0,4.333333333333333,10.0,5.666666666666667,9.0,3.5,-5.5,5.5,1.0663841807909604,4.333333333333334,-0.0497732991501686
clapping,peter,combined_augmented,/Users/vibha/COSMOS-Cluster10/labs/Cosmos-Gesture-Recognition-/data/processed/combined_augmented/sessions/peter_clapping_002_seg002,30.0,312573.91111111105,14034.982198047352,281366.6666666667,337811.3333333333,325883.0,310754.5,-15128.5,4.277777777777777,1.5422046108504526,2.157610630666752,1.990884509189783,9.697505751624194,300.0,300.0,0.7556977777777778,0.1582285830858312,0.0833333333333333,1.707,-0.4584205555555555,0.4615061899135242,-1.7053333333333331,0.6773333333333333,-0.15589,0.3918977588396483,-1.3555,0.5498888888888889,-8.483972222222222,86.98003439961778,-396.67,159.66,1.1272388888888891,48.03146473596054,-124.93333333333332,82.06333333333333,-6.789344444444445,48.27930285823439,-237.4,76.00333333333333,1.068710357469961,0.2345133306401803,128.0,10.23046875,7.914241819376552,1.0,23.0,5.166666666666666,22.0,3.0,18.5,15.5,2.0,18.0,16.0,16.0,0.7795275590551182,5.666666666666666,0.1794423907404016
clapping,peter,combined_augmented,/Users/vibha/COSMOS-Cluster10/labs/Cosmos-Gesture-Recognition-/data/processed/combined_augmented/sessions/peter_clapping_003_seg000,30.0,299068.9777777778,11092.4207965946,273908.3333333333,322447.0,278842.0,300153.0,21311.0,3.616666666666666,1.1588228382157344,1.4200162223912576,1.1189428016955014,4.064016984291167,301.0,301.0,0.8509595791805094,0.2718186805561185,-0.0893333333333333,2.463,-0.2059551495016611,0.1256525239523788,-1.0483333333333331,0.0654999999999999,-0.262704134366925,0.352843677804293,-0.9996666666666666,0.2753333333333333,3.639983388704319,34.44791246626163,-60.59,99.20666666666666,-3.886190476190477,54.79152794730695,-141.71666666666667,75.48333333333333,4.034136212624585,18.246334573116687,-85.38999999999999,74.13,0.9847012617804072,0.283018072052304,150.0,14.92888888888889,1.8867395764074604,8.333333333333334,18.666666666666668,15.0,10.333333333333334,14.0,16.0,2.0,17.0,15.0,-2.0,2.0,0.9284116331096196,4.0,0.0083209624131442
clapping,peter,combined_augmented,/Users/vibha/COSMOS-Cluster10/labs/Cosmos-Gesture-Recognition-/data/processed/combined_augmented/sessions/peter_clapping_003_seg001,30.0,304877.31666666665,20365.06522819891,261422.3333333333,347241.5,347241.5,284411.0,-62830.5,3.6777777777777776,1.2216665403466156,2.228117968685282,2.994601338538208,11.387839231963234,299.0,299.0,0.8180707915273133,0.2192883755004505,-0.373,1.992,-0.0854654403567446,0.2288959695622712,-0.7314999999999999,0.8234444444444445,-0.3198667781493868,0.4335549319723166,-1.904,0.508,-1.4871237458193989,43.33092181478453,-158.01666666666668,178.4333333333333,-6.421950947603122,73.57119745500522,-244.58666666666667,165.57333333333335,1.765518394648829,30.436256587347444,-52.13666666666666,105.14666666666666,1.0070830230330792,0.2304199155383919,149.0,15.56711409395973,4.605940130216725,3.0,25.5,16.0,22.5,13.0,18.666666666666668,5.666666666666668,11.5,25.5,14.0,14.0,1.391891891891892,5.333333333333332,0.067042747445432
clapping,peter,combined_augmented,/Users/vibha/COSMOS-Cluster10/labs/Cosmos-Gesture-Recognition-/data/processed/combined_augmented/sessions/peter_clapping_003_seg002,30.0,306267.625,16217.375444930947,266594.0,337538.3333333333,277408.5,293992.25,16583.75,4.388888888888889,1.503288576158908,2.228455514055146,1.9204246654681856,8.214285925884809,301.0,301.0,0.6087203765227022,0.1087773701615227,0.1306666666666666,0.9546666666666668,0.0653482834994462,0.2015910996683947,-0.5426666666666667,0.5283333333333334,-0.6183660022148394,0.3559448956267593,-1.7614999999999998,0.38,-2.994191583610189,28.79530352880961,-115.95,101.48,-2.188687707641196,40.858042856019054,-124.98333333333332,84.03666666666668,2.858925802879291,20.32905899170948,-41.25,66.14333333333333,0.9407653668050492,0.2265307676963601,150.0,22.515555555555554,7.172019401244118,11.666666666666666,50.0,20.33333333333333,38.333333333333336,18.0,24.666666666666668,6.666666666666668,24.5,18.0,-6.5,6.5,2.0950782997762865,11.666666666666664,-0.0106985495651659
two_arm_boxing,peter,combined_augmented,/Users/vibha/COSMOS-Cluster10/labs/Cosmos-Gesture-Recognition-/data/processed/combined_augmented/sessions/peter_two_arm_boxing_001_seg000,30.0,535071.0277777778,78308.41400457083,320216.0,670183.3333333334,320216.0,550620.5,230404.5,9.083333333333334,1.010821081724782,1.699128238194727,2.140491338840348,8.597966436946573,300.0,300.0,0.3240866666666667,0.5126131601450645,-0.919,0.987,-0.5377816666666666,0.1799279105050233,-0.9363333333333334,-0.158,-0.694208888888889,0.1872198729031631,-1.0043333333333333,-0.271,-6.671588888888891,78.02776401617774,-190.41333333333333,184.50333333333333,-0.6959444444444451,45.31937904857882,-75.15666666666667,85.66666666666667,-3.7324055555555553,41.69173986624225,-111.13666666666666,70.97000000000001,1.0884456970598455,0.1471421768923884,150.0,52.32222222222222,8.997817836925664,35.666666666666664,82.33333333333333,52.5,46.66666666666666,46.583333333333336,54.625,8.041666666666664,70.5,54.0,-16.5,16.5,2.256152125279642,12.0,-0.0328571640221049
two_arm_boxing,peter,combined_augmented,/Users/vibha/COSMOS-Cluster10/labs/Cosmos-Gesture-Recognition-/data/processed/combined_augmented/sessions/peter_two_arm_boxing_001_seg001,30.0,557212.4611111111,62634.6904714106,384542.0,656742.3333333334,524394.0,585530.5,61136.5,8.850000000000001,1.3945182214509957,2.1597644434654093,1.829584671883756,7.327162642356404,300.0,300.0,0.3221233333333333,0.4756032410918128,-0.589,0.928,-0.6060333333333333,0.254114341142891,-1.084666666666667,-0.0886666666666666,-0.5701727777777778,0.239892846950904,-0.9646666666666668,-0.0106666666666666,-0.5331611111111124,106.06676463111776,-232.52,194.8,3.833300000000001,42.0519358467818,-71.155,82.86,-0.8521722222222221,41.61504847423504,-115.65333333333336,70.93333333333332,1.0614944048807218,0.1329946887825643,150.0,55.95555555555555,8.687259231035997,39.0,81.0,54.16666666666667,42.0,49.02777777777778,63.16666666666666,14.138888888888886,51.5,61.5,10.0,10.0,2.0932140193885163,12.000000000000009,-0.0609360416018491
two_arm_boxing,peter,combined_augmented,/Users/vibha/COSMOS-Cluster10/labs/Cosmos-Gesture-Recognition-/data/processed/combined_augmented/sessions/peter_two_arm_boxing_001_seg002,30.0,527839.55,60969.78253174926,400563.6666666667,621806.3333333334,515130.5,480046.0,-35084.5,9.183333333333334,1.5589348215296808,1.7670183471397702,1.5747037633775651,7.513091241274953,300.0,300.0,0.3259683333333333,0.466499405558154,-0.5753333333333334,0.8746666666666666,-0.5687761111111111,0.2977738601996654,-0.9503333333333334,0.031,-0.5307027777777777,0.253812788502688,-1.011,-0.1656666666666666,16.369633333333333,95.71802333114236,-203.57666666666668,196.2733333333333,8.070672222222221,45.10660511994076,-78.16666666666667,87.08,-4.746716666666668,41.43178314507877,-114.33,77.14333333333333,1.032585538978852,0.1260399172937845,150.0,55.03888888888888,10.869341579797952,33.0,81.66666666666667,52.83333333333333,48.66666666666667,47.0,61.66666666666666,14.666666666666664,60.0,46.5,-13.5,13.5,2.515659955257271,12.333333333333336,-0.0603490525504839
two_arm_boxing,peter,combined_augmented,/Users/vibha/COSMOS-Cluster10/labs/Cosmos-Gesture-Recognition-/data/processed/combined_augmented/sessions/peter_two_arm_boxing_002_seg000,30.0,478327.6944444445,71440.30083946657,365819.6666666667,614966.3333333334,422432.0,408947.5,-13484.5,7.677777777777777,1.520193295051977,1.719406895208409,0.889139927657068,4.179629622833389,299.0,299.0,0.3843645484949832,0.4337900060757625,-0.503,0.962,-0.6074994425863991,0.2901328766618679,-0.981,0.173,-0.4388216276477146,0.3361097319430468,-1.0063333333333333,0.078,-31.241421404682285,111.6674555737237,-196.3066666666667,271.1166666666668,-8.011750278706803,41.05437615334195,-80.11999999999999,95.26666666666668,9.50751950947603,51.820939016366616,-149.52,109.89,1.0395046770575354,0.118771770836187,149.0,53.12192393736017,9.991151152154243,29.33333333333333,72.66666666666667,54.0,43.33333333333334,47.333333333333336,60.0,12.666666666666664,54.0,72.0,18.0,18.0,2.4121621621621623,14.333333333333336,0.0494382973577605
two_arm_boxing,peter,combined_augmented,/Users/vibha/COSMOS-Cluster10/labs/Cosmos-Gesture-Recognition-/data/processed/combined_augmented/sessions/peter_two_arm_boxing_002_seg001,30.0,482265.3111111112,80379.57012477706,355129.6666666667,629510.3333333334,366001.0,387367.5,21366.5,7.6611111111111105,1.751445611029661,2.2320228370824213,2.46661547921189,12.510574123661796,300.0,300.0,0.4150511111111111,0.4169988107038137,-0.5876666666666667,0.9419999999999998,-0.6131777777777777,0.3079227294045547,-1.0073333333333332,0.146,-0.3941327777777778,0.3443895472287626,-0.998,0.155,30.614483333333336,115.21955510990222,-180.9833333333333,273.83,13.438350000000002,39.22523375647011,-90.62,107.36333333333332,-15.9081,46.13951664949753,-137.14,80.03666666666668,1.0382803818576722,0.1134789972468605,149.0,51.85682326621925,11.459207913129594,31.33333333333333,81.0,52.333333333333336,49.66666666666667,42.66666666666666,61.66666666666666,19.0,66.5,54.0,-12.5,12.5,2.2511261261261257,11.0,0.0099697684261445
two_arm_boxing,peter,combined_augmented,/Users/vibha/COSMOS-Cluster10/labs/Cosmos-Gesture-Recognition-/data/processed/combined_augmented/sessions/peter_two_arm_boxing_002_seg002,30.0,500346.0500000001,63058.89707562861,377822.0,601829.3333333334,450617.0,534772.5,84155.5,8.505555555555556,1.8730463072587933,1.9746185356334889,1.4348608902588935,6.156769979675863,301.0,301.0,0.4834014396456257,0.3554918536142776,-0.4273333333333333,0.8816666666666667,-0.6599977851605758,0.2500331306852698,-1.1376666666666668,-0.0403333333333333,-0.3382486157253598,0.355960696370367,-1.1093333333333335,0.1206666666666666,-28.71027131782945,116.928014154213,-277.21000000000004,255.7933333333333,-4.333300110741972,34.486065350427666,-85.07666666666667,82.60333333333334,1.3268383167220372,46.000674054738425,-144.64666666666665,83.24333333333334,1.040139217886924,0.1318923936733961,149.0,47.74161073825504,10.853680603367255,24.0,93.66666666666669,47.66666666666666,69.66666666666667,40.0,54.66666666666666,14.666666666666664,54.0,54.0,0.0,0.0,2.722972972972973,16.666666666666664,-0.0126640062881674
two_arm_boxing,peter,combined_augmented,/Users/vibha/COSMOS-Cluster10/labs/Cosmos-Gesture-Recognition-/data/processed/combined_augmented/sessions/peter_two_arm_boxing_003_seg000,30.0,471720.8444444445,66016.58700532283,342061.1666666667,592095.0,454058.0,448286.5,-5771.5,7.983333333333332,1.7533712383829263,2.308853806587232,2.36685215294311,11.001157930901815,301.0,301.0,0.4462203765227021,0.3423359117866364,-0.3726666666666666,0.882,-0.6090442967884829,0.2564209932847061,-1.0623333333333334,0.0536666666666666,-0.4543881506090809,0.2890565620320001,-1.119,-0.0183333333333333,20.774169435215946,112.32402423699976,-266.31333333333333,242.1133333333333,5.855913621262458,38.00881934004445,-72.56333333333333,83.39666666666666,-15.078864894795126,52.32258631472361,-132.82666666666665,64.21,1.0153104722729491,0.1102729093255628,148.0,47.08783783783784,12.961531634908388,24.33333333333333,77.0,47.333333333333336,52.66666666666667,35.333333333333336,57.5,22.166666666666664,57.0,28.5,-28.5,28.5,2.273242630385487,9.666666666666671,0.0957847314510785
two_arm_boxing,peter,combined_augmented,/Users/vibha/COSMOS-Cluster10/labs/Cosmos-Gesture-Recognition-/data/processed/combined_augmented/sessions/peter_two_arm_boxing_003_seg001,30.0,478209.4166666667,63455.53198910168,350890.6666666667,629590.0,471126.0,590825.5,119699.5,8.333333333333332,1.057600358603626,1.8158381531482888,1.175831129829535,4.69269906714085,299.0,299.0,0.4639375696767001,0.3100150707858349,-0.2146666666666666,0.8566666666666666,-0.6449888517279823,0.2771497271545073,-1.032333333333333,-0.011,-0.4035735785953177,0.3180040300814806,-0.9896666666666666,0.0076666666666666,-3.474894091415828,90.03947230675766,-179.84333333333333,349.91333333333336,5.067670011148272,31.725217057700643,-58.39333333333334,74.11,0.3028483835005561,32.99462057880657,-86.27666666666666,61.07,1.0257319548338526,0.1266576334378842,150.0,50.69888888888888,14.249255205972403,25.666666666666668,76.33333333333333,48.0,50.66666666666666,39.0,63.333333333333336,24.333333333333336,26.5,27.5,1.0,1.0,2.3646532438478745,15.999999999999991,0.032809458198142
two_arm_boxing,peter,combined_augmented,/Users/vibha/COSMOS-Cluster10/labs/Cosmos-Gesture-Recognition-/data/processed/combined_augmented/sessions/peter_two_arm_boxing_003_seg002,30.0,436381.2777777778,59727.35278722084,320975.0,536119.3333333334,526092.5,449012.5,-77080.0,7.527777777777778,2.000038579874812,1.7179585517063012,1.028981496980597,4.060565705311287,301.0,301.0,0.4350736434108527,0.310290237653271,-0.2426666666666666,0.806,-0.6332236987818384,0.2824389678441373,-1.0426666666666666,0.1306666666666666,-0.406484496124031,0.3189423032772536,-0.9776666666666666,-0.0023333333333333,1.2474473975636684,91.7767138649164,-224.18666666666664,206.48666666666668,1.058272425249169,28.92516432894096,-82.17666666666666,81.19,-2.5634108527131767,38.98723153792029,-120.10333333333334,54.72,1.0125175064620773,0.0898624924334696,149.0,45.29194630872483,8.889250542479624,26.0,67.66666666666667,43.66666666666666,41.66666666666667,38.333333333333336,53.0,14.666666666666664,30.0,26.0,-4.0,4.0,1.9129129129129128,11.000000000000009,-0.0090966805731905
soli,peter,combined_augmented,/Users/vibha/COSMOS-Cluster10/labs/Cosmos-Gesture-Recognition-/data/processed/combined_augmented/sessions/peter_soli_001_seg000,30.0,272960.55833333335,13481.5117521276,250875.66666666663,299401.3333333333,292452.5,270916.25,-21536.25,0.4777777777777777,0.702816204483043,0.9174181801742172,0.670387079530805,2.041384412000566,300.0,300.0,0.2684838888888889,0.0289019336235669,0.2176666666666666,0.3539999999999999,-0.9690711111111112,0.0324322540962128,-1.0563333333333331,-0.8166666666666668,0.1103983333333333,0.0291889397019817,0.0503333333333333,0.1973333333333333,-0.4841722222222224,10.40804471913354,-25.950000000000003,22.113333333333333,0.2342666666666667,6.931927456236001,-20.71,13.466666666666669,0.4010222222222223,6.358878033423084,-16.896666666666665,16.003333333333334,1.0125114093959395,0.030496260471062,150.0,52.282222222222224,1.4701791713677077,49.0,55.0,52.0,6.0,51.333333333333336,53.66666666666666,2.3333333333333286,54.5,50.5,-4.0,4.0,0.5413870246085013,2.3333333333333286,-0.0204257967020758
soli,peter,combined_augmented,/Users/vibha/COSMOS-Cluster10/labs/Cosmos-Gesture-Recognition-/data/processed/combined_augmented/sessions/peter_soli_001_seg001,30.0,296664.4611111112,36398.89066992654,256918.66666666663,388277.5,267738.0,276475.0,8737.0,2.3666666666666667,2.0282267387310773,2.998834237199348,3.7623055342404297,12.54973696005383,300.0,300.0,0.2496438888888888,0.0184478127697473,0.2106666666666666,0.309,-0.9715822222222222,0.0224006758055021,-1.033,-0.8951111111111111,0.12115,0.0202364197719158,0.072,0.1743333333333333,-0.7424666666666667,7.552345023625759,-26.36,22.563333333333333,0.4516833333333332,6.902141440729045,-12.545,21.07,-0.0191055555555555,4.6710429911173215,-13.786666666666669,11.323333333333332,1.0108483592833852,0.020214539065816,150.0,50.92333333333333,1.3402546865826608,47.66666666666666,53.66666666666666,51.0,6.0,50.0,52.0,2.0,50.0,51.0,1.0,1.0,0.5458612975391499,2.333333333333336,-0.0027666414803622
soli,peter,combined_augmented,/Users/vibha/COSMOS-Cluster10/labs/Cosmos-Gesture-Recognition-/data/processed/combined_augmented/sessions/peter_soli_001_seg002,30.0,261364.5666666667,7831.367869805522,247527.3333333333,282326.6666666667,260984.0,254098.0,-6886.0,0.4888888888888888,0.5126787553359702,0.3493090721977184,0.2604317955551507,0.7853376817769648,300.0,300.0,0.2505433333333334,0.0176918628502232,0.21,0.3023333333333333,-0.9669533333333332,0.0149337405974006,-1.0053333333333334,-0.901,0.13785,0.0249706290432342,0.0653333333333333,0.1883333333333333,1.4849888888888887,4.0856577171072495,-8.729999999999999,13.410000000000002,-2.8980833333333336,3.9452462907270927,-12.25,8.506666666666668,0.2118000000000001,3.88404966459455,-12.036666666666669,8.31,1.0088533966554265,0.0121535267797901,150.0,52.00888888888889,1.326856004086507,49.0,54.66666666666666,52.333333333333336,5.666666666666664,50.75,53.0,2.25,50.5,52.0,1.5,1.5,0.4597315436241609,1.6666666666666714,0.0114114701394134
soli,peter,combined_augmented,/Users/vibha/COSMOS-Cluster10/labs/Cosmos-Gesture-Recognition-/data/processed/combined_augmented/sessions/peter_soli_002_seg000,30.0,261052.05,6893.976123204581,248769.3333333333,275924.6666666667,274036.5,262248.0,-11788.5,0.5333333333333333,0.5682983045575298,0.7755717927158985,0.3790685787528838,1.1785578332460145,300.0,300.0,0.271705,0.0130705178919185,0.2446666666666666,0.319,-0.9619183333333334,0.0179412130819477,-1.01,-0.8913333333333333,0.1345027777777777,0.0180153056354844,0.0953333333333333,0.18,0.1017666666666665,5.376925323686582,-12.683333333333332,14.596666666666666,-0.1057944444444444,5.185343787342562,-10.02,14.786666666666669,-0.033261111111111,4.520483778592793,-15.19,9.636666666666663,1.008849064885363,0.0155668024847443,150.0,52.21666666666667,1.4919308190993223,48.0,55.333333333333336,52.333333333333336,7.333333333333336,51.333333333333336,53.333333333333336,2.0,50.5,52.0,1.5,1.5,0.6677852348993288,3.333333333333336,-0.008724239595834
soli,peter,combined_augmented,/Users/vibha/COSMOS-Cluster10/labs/Cosmos-Gesture-Recognition-/data/processed/combined_augmented/sessions/peter_soli_002_seg001,30.0,256581.57222222225,7583.986726147177,243909.0,275265.5,257807.5,275265.5,17458.0,0.4444444444444444,0.7665861471404596,0.3548357806891878,0.2085469937007242,0.6265126182094893,300.0,300.0,0.24537,0.0146934650377239,0.1969999999999999,0.286,-0.9663233333333332,0.018514144931685,-1.0136666666666667,-0.908,0.1545277777777778,0.0212805783380831,0.101,0.1983333333333333,-0.6816833333333332,5.298319664595629,-16.583333333333332,15.093333333333334,-0.3547888888888887,5.6481135224816,-13.49,14.343333333333334,0.4715277777777777,3.319149097390757,-7.123333333333334,8.403333333333332,1.009261863295576,0.0163731896188476,150.0,52.69777777777777,1.189593621929072,50.333333333333336,56.333333333333336,52.66666666666666,6.0,52.0,53.333333333333336,1.3333333333333357,53.0,54.5,1.5,1.5,0.4731543624161073,1.6666666666666714,-0.0002121575773739
soli,peter,combined_augmented,/Users/vibha/COSMOS-Cluster10/labs/Cosmos-Gesture-Recognition-/data/processed/combined_augmented/sessions/peter_soli_002_seg002,30.0,265099.30000000005,16333.52978710653,247539.0,297621.6666666667,295507.0,253264.0,-42243.0,1.0555555555555556,1.1191376750884894,1.928817081914716,1.4966480545765646,4.4627476334404905,300.0,300.0,0.1952966666666666,0.0239102276186083,0.1373333333333333,0.2433333333333333,-0.977507777777778,0.0154094888595819,-1.0293333333333334,-0.936,0.1602133333333333,0.0238868018726597,0.112,0.2086666666666666,-0.4894444444444444,5.057324329775896,-15.045,23.663333333333338,1.5805444444444443,6.3111967389437575,-15.606666666666664,11.78,0.8996333333333333,3.249953124593894,-6.226666666666667,8.75,1.0102214667971543,0.0127622279612643,150.0,50.97,1.2957611728830976,48.0,54.333333333333336,50.91666666666667,6.333333333333336,50.0,51.66666666666666,1.6666666666666643,53.5,52.5,-1.0,1.0,0.6577181208053694,2.0,-0.0030884335600102
soli,peter,combined_augmented,/Users/vibha/COSMOS-Cluster10/labs/Cosmos-Gesture-Recognition-/data/processed/combined_augmented/sessions/peter_soli_003_seg000,30.0,263051.6805555556,13025.217348333765,244053.0,283004.0,247197.25,276957.5,29760.25,0.7000000000000001,0.6286375626584727,1.2434682840537743,1.7960584924092444,4.811100109802986,300.0,300.0,0.2063316666666667,0.0110172044330001,0.1816666666666666,0.2393333333333333,-0.9704666666666666,0.0169396720662453,-1.015,-0.9023333333333332,0.1853122222222222,0.0233288550993595,0.141,0.254,-0.5815166666666667,4.911438927295492,-24.33333333333333,10.396666666666668,-0.7071888888888889,7.009980135853578,-14.656666666666666,18.58333333333333,-0.0654888888888888,3.1601448984985123,-7.669999999999999,7.883333333333333,1.0096747920211506,0.0151098843813299,150.0,51.01888888888889,1.0650565386126818,47.333333333333336,53.333333333333336,51.16666666666666,6.0,50.333333333333336,51.66666666666666,1.3333333333333286,51.0,51.5,0.5,0.5,0.5648769574944071,3.3333333333333286,-0.0103225328533123
soli,peter,combined_augmented,/Users/vibha/COSMOS-Cluster10/labs/Cosmos-Gesture-Recognition-/data/processed/combined_augmented/sessions/peter_soli_003_seg001,30.0,277503.5444444444,7847.7628647505635,265168.6666666667,289639.1666666667,277239.5,265194.0,-12045.5,1.0444444444444445,0.9178611745805948,1.853807545057266,1.254847034819619,4.812661914748327,300.0,300.0,0.2204588888888889,0.037340036286492,0.1596666666666666,0.2956666666666667,-0.973995,0.02039617101008,-1.0346666666666666,-0.9306666666666668,0.1435472222222222,0.0294342987849013,0.0836666666666666,0.211,-0.789188888888889,5.271483602255416,-15.913333333333332,19.17,-0.8637222222222221,6.1807577412622186,-12.503333333333332,14.616666666666667,-1.357611111111111,4.361784096811951,-14.843333333333334,6.223333333333334,1.010077777823886,0.0171385389081943,150.0,50.53111111111111,1.5898853797540422,46.5,54.5,50.333333333333336,8.0,49.333333333333336,51.66666666666666,2.3333333333333286,50.5,46.5,-4.0,4.0,0.5413870246085007,2.6666666666666714,-0.0091832229580574
soli,peter,combined_augmented,/Users/vibha/COSMOS-Cluster10/labs/Cosmos-Gesture-Recognition-/data/processed/combined_augmented/sessions/peter_soli_003_seg002,30.0,286507.1777777778,20385.91457354505,249725.66666666663,317785.8333333333,256981.0,317764.0,60783.0,2.2944444444444443,1.6474915462792907,5.498594881123792,5.306676237876652,16.749788917661892,300.0,300.0,0.2400116666666666,0.0128208468074492,0.212,0.281,-0.9678683333333332,0.0179193247899,-1.0131666666666663,-0.9233333333333336,0.1488327777777777,0.0173049336937196,0.1083333333333333,0.1903333333333333,1.2778833333333333,4.614993958479297,-14.004444444444443,20.23333333333333,-0.6310611111111114,7.1224991292569095,-15.433333333333335,18.96,0.628311111111111,2.9474329979295457,-5.523333333333333,11.923333333333332,1.0084653217850208,0.0175652596783973,150.0,50.69,1.3789468170679864,48.0,55.0,50.66666666666666,7.0,49.66666666666666,51.41666666666667,1.750000000000007,50.0,55.0,5.0,5.0,0.6472781506338551,2.6666666666666643,0.0099610353052726
palm_up_down,peter,combined_augmented,/Users/vibha/COSMOS-Cluster10/labs/Cosmos-Gesture-Recognition-/data/processed/combined_augmented/sessions/peter_palm_up_down_001_seg000,30.0,362667.4833333333,33475.12023650992,308060.6666666667,449320.0,399045.5,329003.0,-70042.5,4.444444444444445,0.7629539733379064,3.1712973147231835,3.0102812155543948,11.539096248171434,300.0,300.0,-0.10838,0.6327984781539139,-0.9376666666666668,0.8353333333333333,-0.3113866666666666,0.2769701991724554,-0.7060000000000001,0.2476666666666666,-0.7153044444444445,0.1716445727386021,-1.0923333333333334,-0.3819999999999999,-1.5058777777777776,75.81019823123493,-163.03,161.04666666666665,2.408199999999997,240.3448360658093,-417.8733333333333,492.43666666666667,0.153372222222224,81.1729398107908,-151.11,149.97666666666666,1.0401347268380277,0.2123589964646912,150.0,78.79777777777778,2.469301788272882,73.0,84.33333333333333,78.66666666666667,11.333333333333329,77.0,80.33333333333333,3.3333333333333286,76.0,80.0,4.0,4.0,0.885906040268456,3.333333333333343,0.0017879313154656
palm_up_down,peter,combined_augmented,/Users/vibha/COSMOS-Cluster10/labs/Cosmos-Gesture-Recognition-/data/processed/combined_augmented/sessions/peter_palm_up_down_001_seg001,30.0,353581.0777777778,27421.193362026646,313354.6666666667,418561.0,338073.5,316778.0,-21295.5,4.316666666666666,0.5730845713556822,2.4045439640262947,2.8941671642801423,10.393240348165016,300.0,300.0,0.0121755555555555,0.6412551074915119,-1.0143333333333333,0.883,-0.2668077777777777,0.2810650397490513,-0.6943333333333334,0.2833333333333334,-0.6848405555555555,0.1276137975954339,-0.9949999999999998,-0.4263333333333333,-5.128911111111111,69.25818893900286,-169.39,168.35333333333332,9.79101111111111,229.24571556583663,-427.1366666666667,451.0033333333333,-2.8024666666666653,89.59583404041193,-151.17666666666665,197.67666666666665,1.0063628440650534,0.1845697641667141,150.0,78.55222222222221,1.9463581719199627,73.33333333333333,83.0,78.66666666666667,9.666666666666671,77.33333333333333,79.79166666666666,2.4583333333333286,76.5,73.5,-3.0,3.0,0.8255033557046986,3.666666666666657,-0.0236611997570265
palm_up_down,peter,combined_augmented,/Users/vibha/COSMOS-Cluster10/labs/Cosmos-Gesture-Recognition-/data/processed/combined_augmented/sessions/peter_palm_up_down_001_seg002,30.0,330590.5888888889,35758.16126325759,282484.3333333333,434787.6666666667,339122.5,340604.5,1482.0,3.2000000000000006,0.7383665655927176,1.9519459324459985,2.452214247730524,9.24370303827487,300.0,300.0,0.0162066666666666,0.5195236597399868,-0.761,0.8176666666666668,-0.3137538888888889,0.2291878202028218,-0.695,0.1083333333333333,-0.76123,0.1173434996700491,-1.0436666666666667,-0.525,2.182999999999999,59.27399702980127,-117.46666666666664,137.97333333333333,-19.20566666666667,190.761871398659,-397.91,391.4933333333333,5.184916666666667,70.84029672558538,-125.28666666666668,139.02333333333334,0.9937963903028446,0.1635401884313053,150.0,77.90555555555555,1.6223252651326772,72.66666666666667,82.5,78.0,9.833333333333329,77.0,79.0,2.0,82.5,77.0,-5.5,5.5,0.8057419835943321,3.666666666666657,-0.0050731143606385
palm_up_down,peter,combined_augmented,/Users/vibha/COSMOS-Cluster10/labs/Cosmos-Gesture-Recognition-/data/processed/combined_augmented/sessions/peter_palm_up_down_002_seg000,30.0,321182.94444444444,21762.037871636545,276478.3333333333,365161.0,350020.0,343200.0,-6820.0,3.402777777777778,0.7397707769769875,1.569988173958219,1.4518367139390036,5.757337809734119,299.0,299.0,-0.0407491638795986,0.5587821642908352,-0.7600000000000001,0.9376666666666668,-0.3347207357859532,0.2535777424264305,-0.6946666666666667,0.1643333333333333,-0.7323717948717949,0.1061887238116445,-0.949,-0.4093333333333334,-6.152787068004461,73.40167797016458,-154.18,143.30333333333334,15.175351170568565,200.8027753769992,-389.5366666666666,361.1133333333333,-4.635546265328874,71.3044072086905,-135.42,151.63333333333333,1.004646338810753,0.1690203206961842,150.0,77.11888888888888,1.6650256649154829,72.0,80.33333333333333,77.33333333333333,8.333333333333329,76.0,78.0,2.0,77.0,78.0,1.0,1.0,0.6778523489932888,2.333333333333343,-0.0051400802998654
palm_up_down,peter,combined_augmented,/Users/vibha/COSMOS-Cluster10/labs/Cosmos-Gesture-Recognition-/data/processed/combined_augmented/sessions/peter_palm_up_down_002_seg001,30.0,298011.25,17164.15927102223,274185.0,348420.3333333333,298466.0,274185.0,-24281.0,3.144444444444444,0.9415642356613506,1.1490193420097223,1.223057705007338,5.47279701906601,300.0,300.0,0.0444972222222222,0.4960407044338669,-0.754,0.7526666666666667,-0.2032777777777777,0.2555159005465193,-0.6016666666666667,0.2633333333333333,-0.7972566666666667,0.1099486296379325,-1.222,-0.561,7.214722222222223,70.08766177745602,-136.9777777777778,155.21333333333334,-20.42497222222222,150.6672643330979,-249.22333333333336,348.3966666666667,1.814622222222222,42.68527702856609,-99.95666666666666,72.63666666666667,0.9925131952692342,0.1314194221995742,150.0,77.45777777777779,2.241496206742754,72.33333333333333,82.33333333333333,77.0,10.0,76.0,78.66666666666667,2.6666666666666714,77.0,76.5,-0.5,0.5,0.6342281879194629,2.6666666666666714,0.0057335881594736
palm_up_down,peter,combined_augmented,/Users/vibha/COSMOS-Cluster10/labs/Cosmos-Gesture-Recognition-/data/processed/combined_augmented/sessions/peter_palm_up_down_002_seg002,30.0,303717.9222222222,16407.962159095838,259951.5,332451.3333333333,259951.5,328422.5,68471.0,3.1888888888888887,1.022644840174634,1.4657862086625746,2.713255903492507,10.971166113505364,301.0,301.0,-0.1217585825027685,0.5345361397375081,-0.8253333333333334,0.754,-0.329234496124031,0.2779741301881064,-0.746,0.2416666666666666,-0.7360083056478406,0.1100123605645026,-1.0493333333333332,-0.49,-5.081118493909191,73.13126651624847,-125.64666666666665,153.14333333333337,21.720254706533776,159.56756068739722,-209.7,330.96,-6.011395348837209,43.15388619427502,-92.75666666666666,89.13666666666666,1.012380411904631,0.1229465519721003,150.0,76.40111111111112,2.001313575589773,71.0,81.33333333333333,76.33333333333333,10.333333333333329,75.0,77.33333333333333,2.3333333333333286,77.5,74.5,-3.0,3.0,0.5436241610738252,2.6666666666666714,-0.0162730195416095
palm_up_down,peter,combined_augmented,/Users/vibha/COSMOS-Cluster10/labs/Cosmos-Gesture-Recognition-/data/processed/combined_augmented/sessions/peter_palm_up_down_003_seg000,30.0,299955.22500000003,16269.858173013585,278726.0,342826.3333333333,293793.5,293091.75,-701.75,3.016666666666666,0.5449260908090605,0.731618627633319,0.5219994938789813,2.000998074531269,300.0,300.0,-0.0805216666666666,0.5182925444767512,-0.7639999999999999,0.706,-0.3507383333333333,0.299256204726974,-0.7706666666666666,0.2583333333333333,-0.7499535185185184,0.0926312706066606,-1.148,-0.475,-1.6805611111111125,76.86331697378752,-137.92666666666668,178.12,-0.8880055555555555,166.3956731516388,-258.0833333333333,344.20000000000005,-4.306022222222223,60.86161980423953,-109.14333333333332,99.75333333333332,1.0190000029493806,0.1425916590185856,150.0,74.70222222222222,1.922102171747858,71.0,79.0,74.33333333333333,8.0,73.08333333333333,76.33333333333333,3.25,78.0,72.0,-6.0,6.0,0.7472035794183448,2.6666666666666714,0.0028054580203563
palm_up_down,peter,combined_augmented,/Users/vibha/COSMOS-Cluster10/labs/Cosmos-Gesture-Recognition-/data/processed/combined_augmented/sessions/peter_palm_up_down_003_seg001,30.0,314080.4222222222,24461.854646977947,267881.0,367704.0,278708.0,324648.0,45940.0,3.75,1.0172129679778086,1.1633064301281522,1.275675116143298,5.396381932420714,300.0,300.0,0.1009588888888889,0.4817127353734667,-0.7850000000000001,0.7963333333333334,-0.2435566666666666,0.2790707612280942,-0.6836666666666668,0.2823333333333333,-0.7756033333333333,0.1142786477091071,-1.1303333333333334,-0.4756666666666667,3.239888888888889,73.95385152234947,-143.57000000000002,125.21666666666664,-11.022644444444442,141.14211971038355,-218.98,306.97666666666663,-0.0418277777777772,53.04476461165158,-97.67666666666666,121.00666666666666,0.989769305053066,0.1200710585097139,150.0,75.22,1.8559535981239563,71.66666666666667,80.0,75.0,8.333333333333329,74.0,77.0,3.0,74.5,73.0,-1.5,1.5,0.6476510067114094,2.333333333333343,0.0032434034105216
palm_up_down,peter,combined_augmented,/Users/vibha/COSMOS-Cluster10/labs/Cosmos-Gesture-Recognition-/data/processed/combined_augmented/sessions/peter_palm_up_down_003_seg002,30.0,303526.28888888896,26127.49133450532,263104.3333333333,363752.0,352167.0,267884.5,-84282.5,3.15,0.939217562458044,0.7846178993450886,0.5585853412213386,2.433722492203832,300.0,300.0,-0.152775,0.5541795392197504,-0.8023333333333333,0.8053333333333333,-0.3674472222222222,0.2567986952842466,-0.725,0.164,-0.7076672222222222,0.1085637007904621,-1.006,-0.5223333333333334,-1.11083888888889,62.984960627664826,-154.24,121.05666666666669,-3.871466666666669,160.734333570776,-264.5433333333333,350.8833333333334,0.8960888888888894,53.48007619110984,-95.83666666666666,147.61666666666667,1.015116189340645,0.1163455629102292,150.0,74.38888888888889,1.8002862938744413,69.0,78.66666666666667,74.33333333333333,9.666666666666671,73.0,75.66666666666667,2.6666666666666714,73.0,71.5,-1.5,1.5,0.7386278896346011,3.3333333333333286,0.001176348578455
pull,tyler,combined_augmented,/Users/vibha/COSMOS-Cluster10/labs/Cosmos-Gesture-Recognition-/data/processed/combined_augmented/sessions/tyler_pull_001,30.0,391988.5333333333,102177.90011621888,274668.5,590032.6666666666,274668.5,277875.0,3206.5,5.072222222222222,1.688569048661844,1.400632968914344,1.2844168776355012,4.99660920864811,300.0,300.0,0.7647066666666666,0.0937928645754435,0.5950000000000001,0.8936666666666667,0.13139,0.0845065071568565,-0.0289999999999999,0.3539999999999999,-0.5991599999999999,0.1337209822250898,-0.806,-0.3960000000000001,0.6651499999999998,9.538003606707962,-22.666666666666668,31.51333333333333,6.769327777777779,9.051720716856952,-8.403333333333332,25.126666666666665,-5.154105555555555,7.231855789053929,-18.383333333333336,12.89,0.9971631280884352,0.022754604142763,148.0,79.46621621621621,7.2673011294787315,63.333333333333336,95.66666666666669,82.33333333333333,32.333333333333336,74.58333333333334,84.0,9.416666666666655,83.5,68.0,-15.5,15.5,1.429705215419502,8.333333333333343,-0.1281294306222397
pull,tyler,combined_augmented,/Users/vibha/COSMOS-Cluster10/labs/Cosmos-Gesture-Recognition-/data/processed/combined_augmented/sessions/tyler_pull_002,30.0,347485.65,41781.12434271472,248621.0,389214.0,248621.0,316668.5,68047.5,5.027777777777778,1.6159410360835469,1.0445726708623642,0.6834751879078114,2.413835191408279,303.0,303.0,0.698546204620462,0.1449584601345044,0.4446666666666667,0.9,0.0691721672167216,0.0990013036726951,-0.0933333333333333,0.296,-0.663962596259626,0.1655241811938347,-0.9476666666666668,-0.2856666666666667,0.0823817381738175,8.721288998493097,-25.86,18.37333333333333,12.38542904290429,6.835230272753222,-5.766666666666667,22.836666666666662,-7.797860286028604,5.560731911758319,-22.396666666666665,8.953333333333333,0.9956857049572024,0.0205027494781139,150.0,77.42111111111109,7.798991709688837,56.333333333333336,89.66666666666667,78.08333333333334,33.333333333333336,71.66666666666667,83.91666666666667,12.25,83.5,64.5,-19.0,19.0,1.7472035794183447,6.666666666666671,-0.1505035779367974
pull,tyler,combined_augmented,/Users/vibha/COSMOS-Cluster10/labs/Cosmos-Gesture-Recognition-/data/processed/combined_augmented/sessions/tyler_pull_003,30.0,373346.52222222224,84372.40535077469,230340.5,493584.0,230340.5,260086.0,29745.5,5.438888888888887,2.372872666486346,1.0371216337291942,0.6334002393386695,2.726557552785684,301.0,301.0,0.7427087486157253,0.1448505756254005,0.4506666666666667,0.9436666666666668,0.1068455149501661,0.0947524522583803,-0.0754444444444444,0.2816666666666667,-0.6035564784053157,0.1919707759870663,-0.9053333333333334,-0.2503333333333333,-0.5884662236987819,10.093886356056188,-33.02,26.77333333333333,13.843499446290144,7.621839158720559,-2.206666666666667,32.343333333333334,-6.859767441860465,7.555647118474884,-25.33,7.273333333333333,0.9969575515022572,0.014170665616556,141.0,77.48877068557921,7.543072217471583,62.333333333333336,89.75,75.66666666666667,27.416666666666664,71.66666666666667,84.66666666666667,13.0,89.75,70.0,-19.75,19.75,1.7089285714285722,7.333333333333329,-0.1382893103300654
pull,tyler,combined_augmented,/Users/vibha/COSMOS-Cluster10/labs/Cosmos-Gesture-Recognition-/data/processed/combined_augmented/sessions/tyler_pull_004,30.0,319200.71944444446,22089.5028224662,296787.25,379360.3333333333,296787.25,377234.0,80446.75,4.472222222222223,0.7176135002927893,0.9080671322759412,0.8047656911210601,3.576565962224729,302.0,302.0,0.7063057395143489,0.1184604266197425,0.4103333333333332,0.8569999999999999,0.0374536423841059,0.0636562440279599,-0.125,0.1606666666666666,-0.6757494481236203,0.1159529776972334,-0.932,-0.455,1.3597847682119204,5.691143232667307,-10.253333333333332,18.973333333333333,11.782560706401767,6.212044104215335,-6.256666666666668,32.32,-7.513951434878587,3.832118857504133,-17.05,-0.2666666666666666,0.9940396247094752,0.0179776878687042,149.0,82.79753914988814,8.731749816861464,70.0,110.5,80.0,40.5,76.66666666666667,88.0,11.333333333333329,110.5,92.0,-18.5,18.5,1.620495495495495,6.0,-0.1311820545377589
pull,tyler,combined_augmented,/Users/vibha/COSMOS-Cluster10/labs/Cosmos-Gesture-Recognition-/data/processed/combined_augmented/sessions/tyler_pull_005,30.0,324104.4722222222,34596.80964594759,252391.0,390864.0,252391.0,328250.5,75859.5,4.138888888888889,1.2443080282373022,0.6240083896594066,0.4552810092260313,1.933336707881673,300.0,300.0,0.6659266666666667,0.1343984367744186,0.3596666666666666,0.8373333333333334,0.0183761111111111,0.0742241557694754,-0.1246666666666666,0.1453333333333333,-0.7155177777777777,0.1213470568348039,-0.993,-0.5056666666666667,2.3223055555555554,8.343660699511334,-17.56,25.42,11.24154444444444,6.170129005784619,-0.0833333333333333,27.406666666666663,-7.876594444444445,4.694928998434322,-20.936666666666667,1.9933333333333327,0.9968079971927024,0.0208035380557344,150.0,79.62,6.536163889919705,62.0,93.66666666666669,80.0,31.66666666666667,74.75,84.25,9.5,90.0,91.0,1.0,1.0,1.60178970917226,7.0,-0.100303124583315
pull,tyler,combined_augmented,/Users/vibha/COSMOS-Cluster10/labs/Cosmos-Gesture-Recognition-/data/processed/combined_augmented/sessions/tyler_pull_006,30.0,345266.13333333336,37801.70981431827,288172.6666666667,427980.0,335575.0,315823.0,-19752.0,5.738888888888889,1.1119580105759166,0.8859995074041329,0.6603858676167101,2.430347665221297,300.0,300.0,0.6896866666666667,0.1553031914246023,0.3453333333333333,0.917,0.0684227777777777,0.0941995314314969,-0.0756666666666666,0.325,-0.6666133333333334,0.1790777033084304,-0.9316666666666666,-0.2753333333333334,-0.4473555555555554,7.378432935457588,-17.903333333333336,20.07,14.982788888888887,6.4214619859432,0.4066666666666667,30.26333333333333,-6.936272222222221,7.394589968221178,-26.35666666666667,14.963333333333331,0.994747909980302,0.0161481663047507,149.0,78.19127516778525,9.317884089400383,60.333333333333336,103.66666666666669,77.66666666666667,43.333333333333336,71.0,85.0,14.0,85.5,75.5,-10.0,10.0,2.675675675675676,12.666666666666671,-0.0962730515750647
pull,tyler,combined_augmented,/Users/vibha/COSMOS-Cluster10/labs/Cosmos-Gesture-Recognition-/data/processed/combined_augmented/sessions/tyler_pull_007,30.0,351731.44999999995,59901.29367398456,280929.0,485964.3333333333,280929.0,324213.5,43284.5,5.227777777777777,1.1694279492106652,0.7931242133761498,0.4370027243757529,1.841119139292832,300.0,300.0,0.6821488888888888,0.1600553112111984,0.3396666666666667,0.943,0.0949811111111111,0.0583103717877419,-0.0313333333333333,0.2585,-0.6813772222222222,0.1620410819527939,-0.971,-0.2885,1.2260499999999994,10.02769670611375,-29.320000000000004,29.166666666666668,14.852144444444445,7.635620037974715,-4.029999999999999,30.866666666666664,-6.667861111111111,6.072431972780199,-25.19,8.986666666666666,0.996717055878262,0.0212993406061926,147.0,82.36281179138322,6.544218281742717,68.33333333333333,100.33333333333331,82.0,32.0,78.33333333333333,85.0,6.666666666666671,99.5,85.5,-14.0,14.0,1.3417047184170474,4.666666666666671,-0.0660475963802775
pull,tyler,combined_augmented,/Users/vibha/COSMOS-Cluster10/labs/Cosmos-Gesture-Recognition-/data/processed/combined_augmented/sessions/tyler_pull_008,30.0,347945.78888888884,26900.89035439413,293650.0,381883.0,293650.0,347372.5,53722.5,6.055555555555554,1.5541660460727584,1.076413970982457,0.6822072168278884,3.116599948819751,300.0,300.0,0.7085355555555556,0.1544312787194147,0.353,0.891,0.0852266666666666,0.0675854446306741,-0.0583333333333333,0.2396666666666666,-0.6546922222222222,0.1642011404713705,-0.934,-0.4006666666666666,1.858172222222222,9.34524524091969,-21.775,32.623333333333335,13.29685,7.742346644799672,0.65,38.42333333333334,-6.515055555555556,7.201649508623821,-28.35333333333333,9.663333333333332,0.9964103450556328,0.0212926045108526,150.0,81.42888888888888,5.070397288201767,65.5,93.66666666666669,80.66666666666667,28.16666666666667,78.20833333333334,84.33333333333333,6.124999999999986,92.0,80.5,-11.5,11.5,1.1152125279642062,4.666666666666657,-0.0758664829547981
push,tyler,combined_augmented,/Users/vibha/COSMOS-Cluster10/labs/Cosmos-Gesture-Recognition-/data/processed/combined_augmented/sessions/tyler_push_001,30.0,393658.2611111111,80578.14894192359,270236.0,557485.6666666666,328577.0,289311.5,-39265.5,4.394444444444445,2.271597306079503,1.0735864830707624,0.8177367460714869,2.965689215825276,302.0,302.0,0.6843940397350993,0.1956889157819447,0.3376666666666666,0.9836666666666668,0.0643013245033112,0.0886569195277173,-0.29,0.2783333333333334,-0.6545910596026491,0.2318300222202249,-1.1656666666666669,-0.121,-1.954806843267108,10.636753384469728,-33.78666666666667,31.576666666666664,-16.005082781456952,13.806837003904333,-46.126666666666665,26.19666666666667,7.277991169977925,12.417471342754098,-44.93333333333334,47.79,0.9994939814178938,0.0439369858049229,150.0,84.89666666666666,4.825928525139376,75.0,92.66666666666669,85.33333333333333,17.66666666666667,81.0,89.0,8.0,80.0,92.0,12.0,12.0,1.1610738255033557,5.333333333333343,0.0975892261878302
push,tyler,combined_augmented,/Users/vibha/COSMOS-Cluster10/labs/Cosmos-Gesture-Recognition-/data/processed/combined_augmented/sessions/tyler_push_002,31.0,380334.6129032258,77720.17271216848,252583.0,554266.5,254899.0,259099.5,4200.5,4.075268817204301,1.4090330129844235,1.114509514756257,0.9498069838498188,4.363045415558113,302.0,302.0,0.7831125827814569,0.1395477262411278,0.4909999999999999,0.957,0.1162505518763796,0.0802345787706932,-0.0293333333333333,0.248,-0.5458692052980133,0.200786180840865,-0.8753333333333333,-0.2086666666666666,-2.15476821192053,6.663084876770326,-15.493333333333334,12.25,-15.538438189845476,6.011867424072118,-27.933333333333334,3.675,6.959243929359824,6.237635235417601,-6.835,20.01,0.9953256407050604,0.017487490277129,151.0,81.64238410596025,5.891123182570516,67.66666666666667,95.33333333333331,81.0,27.666666666666657,77.25,85.16666666666666,7.916666666666657,78.5,88.5,10.0,10.0,1.4377777777777778,5.0,0.1043232252817472
push,tyler,combined_augmented,/Users/vibha/COSMOS-Cluster10/labs/Cosmos-Gesture-Recognition-/data/processed/combined_augmented/sessions/tyler_push_003,31.0,329390.4784946237,33062.002509045626,278190.3333333333,409861.3333333333,348155.0,314179.5,-33975.5,4.306451612903225,1.3117177813772554,1.1928470483808742,0.7069231786175088,2.882015600351194,301.0,301.0,0.7900575858250277,0.1225794430969576,0.4695,0.972,0.1070382059800664,0.0518259139650919,0.0103333333333333,0.2436666666666666,-0.5555741971207088,0.1680055494308808,-0.8765000000000001,-0.24,-0.0667607973421924,6.792681519296347,-10.733333333333333,25.613333333333333,-15.435348837209302,4.03770203511617,-26.856666666666666,-6.173333333333333,4.887281284606866,3.4288596256045283,-5.755,13.976666666666668,0.9949983091557324,0.0150575433091124,149.0,86.90156599552571,6.674728048998336,74.0,102.0,86.66666666666667,28.0,82.0,91.66666666666669,9.666666666666671,76.5,89.5,13.0,13.0,1.2691441441441442,6.0,0.1031549670475846
push,tyler,combined_augmented,/Users/vibha/COSMOS-Cluster10/labs/Cosmos-Gesture-Recognition-/data/processed/combined_augmented/sessions/tyler_push_004,30.0,356693.2277777778,58511.93653413779,251648.66666666663,456240.0,372431.0,253265.5,-119165.5,4.166666666666666,2.321796877580109,1.1890737645847211,0.6137737401755838,2.320832348623049,301.0,301.0,0.7560476190476191,0.1368075967006324,0.4909999999999999,0.9815,0.12690642303433,0.0680185671789519,-0.018,0.2776666666666667,-0.5896904761904762,0.1868590842181586,-0.8933333333333334,-0.1745,2.6440033222591364,8.783253439235406,-14.159999999999998,30.24333333333333,-15.326810631229236,4.17477851543702,-24.69666666666667,-3.793333333333333,5.013571428571429,6.862169543654377,-9.29,20.73,0.9966889300795876,0.0178448365761446,151.0,90.69094922737304,8.307460022353503,69.66666666666667,113.33333333333331,90.0,43.66666666666666,85.33333333333333,96.16666666666666,10.833333333333329,71.0,91.5,20.5,20.5,2.065555555555556,9.0,0.0565632624607875
push,tyler,combined_augmented,/Users/vibha/COSMOS-Cluster10/labs/Cosmos-Gesture-Recognition-/data/processed/combined_augmented/sessions/tyler_push_005,30.0,345280.8055555556,37229.27578837524,279106.6666666667,423216.3333333333,311329.0,290750.5,-20578.5,5.294444444444445,1.251431279341211,0.9056866160754248,0.5001034042889543,2.2062245744257285,300.0,300.0,0.7895644444444444,0.1268197909059627,0.546,0.9763333333333332,0.1435455555555555,0.0557940969818913,0.0053333333333333,0.2456666666666666,-0.539905,0.1997533097880891,-0.8673333333333333,-0.1516666666666666,0.8762777777777777,6.276539207464532,-22.433333333333334,18.33,-14.985294444444444,5.1946391825974345,-26.66333333333333,0.395,4.177177777777778,6.342275895533222,-13.84666666666667,18.726666666666667,0.9972177892362056,0.0130020652676944,149.0,86.55369127516778,9.786559784907285,68.66666666666667,108.33333333333331,86.66666666666667,39.66666666666666,79.0,93.0,14.0,78.0,92.0,14.0,14.0,1.97072072072072,7.0,0.1378390471007924
push,tyler,combined_augmented,/Users/vibha/COSMOS-Cluster10/labs/Cosmos-Gesture-Recognition-/data/processed/combined_augmented/sessions/tyler_push_006,30.0,335816.7611111111,24376.968320249554,289315.6666666667,397397.3333333333,316821.0,296942.0,-19879.0,4.744444444444444,1.2001028762486352,1.1147790375940454,0.8640787766298587,3.697661371415576,300.0,300.0,0.8295322222222222,0.1093831832249728,0.6056666666666667,0.992,0.1360288888888889,0.0579069106162584,0.011,0.242,-0.4826516666666667,0.1881059449731965,-0.7803333333333334,-0.1446666666666666,2.0918388888888884,6.416625630955044,-8.503333333333332,21.31,-13.872394444444447,5.420182088320029,-22.87,1.3966666666666667,3.882016666666666,5.272017396006608,-10.336666666666666,14.89,0.9950526741693064,0.0123333241956069,149.0,84.55704697986577,7.246614924044715,72.33333333333333,109.66666666666669,85.66666666666667,37.33333333333334,78.0,89.0,11.0,79.5,87.0,7.5,7.5,1.7443693693693685,8.0,0.1047487756212592
push,tyler,combined_augmented,/Users/vibha/COSMOS-Cluster10/labs/Cosmos-Gesture-Recognition-/data/processed/combined_augmented/sessions/tyler_push_007,30.0,333069.0999999999,31276.90689241292,262192.6666666667,390313.3333333333,352644.0,262649.0,-89995.0,4.46111111111111,1.896235712284528,1.222349540200923,0.6084761186798134,2.7733693320524844,301.0,301.0,0.7861777408637873,0.1543641223516291,0.437,0.972,0.1231184939091915,0.0624413765245475,-0.0283333333333333,0.2236666666666666,-0.5332458471760797,0.209069031243144,-0.933,-0.1743333333333333,-0.9102823920265782,6.107662468586866,-14.79,14.066666666666668,-18.326672203765227,6.917340642153271,-36.3,-3.0033333333333334,6.467126245847175,6.731310287645749,-4.586666666666666,23.683333333333334,0.9943970875600529,0.0140084671321085,150.0,85.01222222222222,8.921588506900152,60.66666666666666,106.33333333333331,85.83333333333334,45.66666666666666,79.0,90.45833333333331,11.458333333333329,75.0,90.5,15.5,15.5,2.200223713646533,11.0,0.1241184052624558
push,tyler,combined_augmented,/Users/vibha/COSMOS-Cluster10/labs/Cosmos-Gesture-Recognition-/data/processed/combined_augmented/sessions/tyler_push_008,30.0,351481.9833333334,64659.8390725614,250657.3333333333,477843.3333333333,255489.5,279840.0,24350.5,4.166666666666667,1.808928473495352,0.768958759473422,0.4631460728539873,1.897398677296084,301.0,301.0,0.8429180509413069,0.1171584151656018,0.581,0.9826666666666668,0.1192281284606866,0.0960923156031807,-0.0263333333333333,0.3096666666666667,-0.4289235880398671,0.2468165583244523,-0.798,0.0303333333333333,1.8109745293466228,8.058194633057367,-14.65,18.71,-15.66842746400886,7.900518096329756,-27.72,4.803333333333334,5.546140642303433,4.977763231661569,-2.776666666666667,20.28333333333333,0.996013032069854,0.0231929378941883,151.0,83.45584988962472,4.380668898135813,74.66666666666667,97.0,82.33333333333333,22.33333333333333,80.33333333333333,86.16666666666666,5.833333333333329,78.0,91.5,13.5,13.5,1.1166666666666665,4.333333333333329,0.0611519693272913
clockwise,tyler,combined_augmented,/Users/vibha/COSMOS-Cluster10/labs/Cosmos-Gesture-Recognition-/data/processed/combined_augmented/sessions/tyler_clockwise_001,30.0,427871.5444444444,94566.58588201944,267341.0,647721.6666666666,267341.0,419256.0,151915.0,7.294444444444446,1.767862977205202,1.8087087646685347,1.205382469607709,5.114231125914121,301.0,301.0,0.3854352159468439,0.4392840049643245,-0.4033333333333333,0.8973333333333334,0.1588626799557032,0.241610509316616,-0.4823333333333333,0.5873333333333334,-0.7261661129568105,0.3437606439167804,-1.2853333333333332,-0.2053333333333333,-24.38963455149501,34.38520862762832,-75.32333333333334,77.26333333333334,-14.185669988925804,61.16577997283981,-144.98333333333332,85.90000000000002,-21.59934662236988,60.0422161274452,-161.57666666666668,59.985,1.0268869392249402,0.1270257846523553,148.0,79.29729729729729,25.23445604928248,35.0,128.33333333333334,84.33333333333334,93.33333333333334,54.16666666666666,100.08333333333331,45.91666666666666,100.0,75.5,-24.5,24.5,2.7063492063492065,18.0,-0.4843307901793038
clockwise,tyler,combined_augmented,/Users/vibha/COSMOS-Cluster10/labs/Cosmos-Gesture-Recognition-/data/processed/combined_augmented/sessions/tyler_clockwise_002,30.0,439774.8222222222,83853.58067901734,243264.0,548518.0,243264.0,538563.0,295299.0,7.250000000000001,1.981745396062475,1.962671071409128,1.2420631417264414,5.432411586546463,301.0,301.0,0.3667840531561462,0.3906263546373718,-0.45,0.8676666666666667,0.0591223698781838,0.2835732172476695,-0.545,0.5316666666666667,-0.7512552602436323,0.3427187522289944,-1.352,-0.1809999999999999,-28.89955149501661,38.899320724385575,-122.07333333333334,67.04,-19.13118493909192,65.08480547180311,-134.22,91.37,-16.572580287929124,65.02999108601655,-168.33333333333334,62.473333333333336,1.0138800312360208,0.1578499483088651,148.0,84.86148648648648,35.42972022220898,35.0,180.0,87.33333333333334,145.0,50.91666666666667,107.83333333333334,56.91666666666667,112.5,100.5,-12.0,12.0,4.167800453514739,37.66666666666667,-0.4197601587342717
clockwise,tyler,combined_augmented,/Users/vibha/COSMOS-Cluster10/labs/Cosmos-Gesture-Recognition-/data/processed/combined_augmented/sessions/tyler_clockwise_003,30.0,424256.7222222222,74829.06214250278,311174.3333333333,614992.3333333334,326177.0,348083.0,21906.0,7.938888888888888,1.292774315995938,2.3996415437398912,1.9521282668101232,9.132008811557249,300.0,300.0,0.3260811111111111,0.3828931679341083,-0.4553333333333333,0.8056666666666668,-0.0167277777777777,0.3555052736581631,-0.7543333333333333,0.5573333333333333,-0.7529838888888889,0.3087819961223791,-1.268333333333333,-0.1973333333333333,-29.081266666666664,36.12948805140284,-83.41666666666667,54.88999999999999,-24.86194444444445,62.016258561444005,-134.8733333333333,69.21666666666667,-11.864716666666668,72.2138243737876,-196.68,63.79333333333333,1.00905276803506,0.1540891190141624,149.0,80.6185682326622,31.70194985111512,35.333333333333336,194.3333333333333,82.0,159.0,56.333333333333336,99.0,42.66666666666666,96.0,99.0,3.0,3.0,3.720720720720722,48.0,-0.3118157083257752
clockwise,tyler,combined_augmented,/Users/vibha/COSMOS-Cluster10/labs/Cosmos-Gesture-Recognition-/data/processed/combined_augmented/sessions/tyler_clockwise_004,30.0,397636.2111111112,89784.94260508286,245188.66666666663,537844.6666666666,247434.5,433473.5,186039.0,6.094444444444445,2.764082907763017,1.5439405229775855,1.1088452068076569,4.86418788736248,301.0,301.0,0.2686589147286821,0.5065568629696324,-0.6423333333333333,0.8489999999999999,0.0398482834994463,0.305520694027974,-0.4153333333333333,0.6136666666666667,-0.738625138427464,0.3432503176621209,-1.3926666666666667,-0.224,-29.529617940199337,28.382825333513285,-95.77666666666669,14.77,-20.92331118493909,70.92198293034221,-161.36333333333332,108.90333333333336,-20.820138427464013,65.42108581774639,-147.65,69.87666666666667,1.0287619221255246,0.1695435971623498,150.0,87.91277777777776,42.906007756431904,33.333333333333336,259.3333333333333,89.16666666666667,226.0,62.833333333333336,98.45833333333331,35.62499999999999,98.75,75.5,-23.25,23.25,4.603467561521253,64.0,-0.5111111604960226
clockwise,tyler,combined_augmented,/Users/vibha/COSMOS-Cluster10/labs/Cosmos-Gesture-Recognition-/data/processed/combined_augmented/sessions/tyler_clockwise_005,30.0,397493.5,93479.37412648098,255453.66666666663,547528.5,259654.5,547528.5,287874.0,5.805555555555555,3.3138551269585004,2.3816372748770283,2.380184343767838,10.033408322989226,300.0,300.0,0.2471744444444444,0.5235272133406538,-0.6853333333333333,0.8693333333333334,-0.0526716666666666,0.3131190751321699,-0.578,0.417,-0.7550866666666666,0.3019565762992592,-1.264,-0.3276666666666667,-27.4946,27.95575434806255,-80.64,34.57666666666666,-25.77500555555556,64.76053929002401,-137.65666666666667,83.46666666666668,-18.33965,67.10889036592707,-155.17666666666665,75.90666666666667,1.036918793665572,0.148751041229981,150.0,88.88444444444445,43.04822290642718,33.333333333333336,261.3333333333333,94.16666666666666,228.0,50.333333333333336,107.0,56.66666666666666,105.5,59.5,-46.0,46.0,4.742729306487695,55.0,-0.6883488155029116
clockwise,tyler,combined_augmented,/Users/vibha/COSMOS-Cluster10/labs/Cosmos-Gesture-Recognition-/data/processed/combined_augmented/sessions/tyler_clockwise_006,30.0,443516.4722222222,95428.54832438852,240540.0,643195.0,240540.0,433216.5,192676.5,7.377777777777777,2.5614424948300103,1.815606610746684,1.077233795710452,4.642912702388436,301.0,301.0,0.2274706533776301,0.4706132674655063,-0.7545000000000001,0.7995000000000001,-0.0537153931339978,0.3111232591437891,-0.5806666666666667,0.454,-0.7880321151716501,0.2479964992533703,-1.3046666666666669,-0.4363333333333333,-33.234258028792915,34.662057817240786,-112.69333333333331,37.11000000000001,-19.147126245847176,67.10400902457124,-149.47,79.60333333333334,-14.535747508305649,67.54189913528323,-172.51,68.33,1.0154980697038003,0.1554455535359125,149.0,85.4586129753915,42.00392743166745,32.0,195.66666666666663,75.66666666666667,163.66666666666666,50.0,110.0,60.0,104.0,85.5,-18.5,18.5,4.546171171171171,45.33333333333334,-0.6281945704093354
clockwise,tyler,combined_augmented,/Users/vibha/COSMOS-Cluster10/labs/Cosmos-Gesture-Recognition-/data/processed/combined_augmented/sessions/tyler_clockwise_007,30.0,441754.5444444444,102755.4279704784,242247.0,670181.1666666666,242247.0,476114.5,233867.5,6.905555555555554,2.461437149209009,2.3280003836278973,2.019888619461676,8.928568548341563,301.0,301.0,0.1795304540420819,0.4701405775869743,-0.6173333333333333,0.8705,0.0504152823920265,0.2824742289765928,-0.4443333333333333,0.526,-0.7961279069767442,0.2956159678605469,-1.314,-0.2803333333333334,-39.43703211517165,29.59062855685712,-118.73,25.290000000000003,-19.545703211517164,61.69159854695946,-149.1966666666667,70.23333333333333,-18.63186046511628,72.99618702925255,-160.19000000000003,81.63666666666666,1.0170498535239574,0.149715655578013,149.0,81.49328859060402,41.45628363892666,33.333333333333336,256.6666666666667,76.33333333333333,223.3333333333333,50.66666666666666,95.33333333333331,44.66666666666666,109.5,92.0,-17.5,17.5,4.093468468468469,41.33333333333334,-0.5653497793095108
clockwise,tyler,combined_augmented,/Users/vibha/COSMOS-Cluster10/labs/Cosmos-Gesture-Recognition-/data/processed/combined_augmented/sessions/tyler_clockwise_008,30.0,427521.8777777777,76689.98173783769,325372.5,632313.6666666666,325372.5,454178.5,128806.0,6.522222222222222,1.1822243107750976,1.958123891682216,1.2986527858283852,4.653987693506927,302.0,302.0,0.1796236203090507,0.4486632241763535,-0.6269999999999999,0.7480000000000001,-0.0572875275938189,0.3230428259842062,-0.586,0.543,-0.8025165562913907,0.2454405396231513,-1.1899999999999995,-0.3366666666666666,-31.92375275938189,33.28637146853831,-109.97666666666667,45.156666666666666,-20.600921633554087,65.90107830156064,-144.26333333333332,58.19,-8.524862030905076,63.43090495878243,-164.92333333333332,73.61,1.0131155127894995,0.1381039510531532,149.0,78.93176733780761,42.58572000779298,32.0,226.0,70.33333333333333,194.0,46.333333333333336,97.33333333333331,50.99999999999999,101.5,87.0,-14.5,14.5,5.181306306306307,57.66666666666667,-0.540684442832094
anti_clockwise,tyler,combined_augmented,/Users/vibha/COSMOS-Cluster10/labs/Cosmos-Gesture-Recognition-/data/processed/combined_augmented/sessions/tyler_anti_clockwise_001,30.0,404906.1722222223,96539.15360049982,264326.0,628704.3333333334,264598.0,362837.5,98239.5,5.78888888888889,2.20518468754271,1.8273945147711048,1.384414919530017,6.068247030759841,302.0,302.0,0.2561865342163355,0.4139941470150867,-0.365,0.9186666666666669,0.0873532008830022,0.272379905251665,-0.3143333333333333,0.735,-0.8196777041942606,0.2842989775476013,-1.2583333333333335,-0.3539999999999999,32.92238962472406,22.789585329815143,-7.649999999999999,89.07333333333334,6.405943708609271,53.43058784497232,-89.265,105.48000000000002,16.956418322295804,68.22877791937478,-129.3766666666667,136.54333333333332,1.0284121655073912,0.1179404671439039,149.0,73.12192393736018,22.92059678544276,35.333333333333336,110.0,77.66666666666667,74.66666666666666,50.0,91.33333333333331,41.33333333333333,110.0,94.5,-15.5,15.5,2.054429429429429,14.000000000000009,-0.1180954108470885
anti_clockwise,tyler,combined_augmented,/Users/vibha/COSMOS-Cluster10/labs/Cosmos-Gesture-Recognition-/data/processed/combined_augmented/sessions/tyler_anti_clockwise_002,30.0,420054.9777777778,103645.1340956758,249030.0,645290.0,249030.0,373754.0,124724.0,5.127777777777778,1.8031265712918672,1.4291260983538965,0.7984864477344079,3.408293798785362,302.0,302.0,0.1170750551876379,0.5105538449040048,-0.6623333333333333,0.8596666666666666,0.0977185430463576,0.1868838536511198,-0.3073333333333333,0.4456666666666666,-0.8295182119205298,0.2492683992399419,-1.1769999999999998,-0.2706666666666666,36.90362582781457,17.036496798815076,-2.91,77.52,-2.953173289183224,58.72122014055861,-86.12,113.71333333333332,19.60029249448124,55.21175860336908,-56.91666666666666,127.41666666666669,1.0279691478105266,0.1111796538096031,150.0,70.79555555555557,23.7145838346975,32.0,113.33333333333331,73.83333333333333,81.33333333333333,49.0,92.66666666666669,43.66666666666667,105.5,91.5,-14.0,14.0,2.563758389261745,19.33333333333333,-0.0694128627939023
anti_clockwise,tyler,combined_augmented,/Users/vibha/COSMOS-Cluster10/labs/Cosmos-Gesture-Recognition-/data/processed/combined_augmented/sessions/tyler_anti_clockwise_003,30.0,384811.7611111111,71078.21104162085,267758.0,510919.3333333333,267758.0,391673.5,123915.5,6.705555555555554,1.636212503932387,1.5356215968244462,1.021374881075384,3.927141247345789,300.0,300.0,0.0155194444444444,0.5189234485105627,-0.7106666666666666,0.8853333333333332,0.2403338888888888,0.2019251312016473,-0.1243333333333333,0.7193333333333333,-0.79993,0.2314608260351822,-1.1676666666666666,-0.403,36.38086666666667,24.463340476842607,-38.605,83.84333333333332,-9.697572222222226,45.31098358100514,-94.17,109.99,12.354344444444443,59.9734444342743,-96.54,109.73333333333336,1.0263591356343995,0.090030988653436,150.0,67.95888888888888,22.41914743611733,32.666666666666664,111.0,69.5,78.33333333333334,46.91666666666666,89.83333333333333,42.91666666666666,97.5,111.0,13.5,13.5,2.0525727069351234,14.333333333333345,-0.1493183400743739
anti_clockwise,tyler,combined_augmented,/Users/vibha/COSMOS-Cluster10/labs/Cosmos-Gesture-Recognition-/data/processed/combined_augmented/sessions/tyler_anti_clockwise_004,30.0,434542.4388888889,65842.14354313351,335570.0,618293.0,335570.0,377199.0,41629.0,7.327777777777778,1.6012051788235504,2.373196746177657,1.8857624347592257,8.64313061938711,301.0,301.0,0.2991816168327796,0.4013602157108394,-0.4083333333333334,0.8526666666666666,-0.0148311184939091,0.2044984090249327,-0.345,0.4916666666666667,-0.8039772978959026,0.3171162209986394,-1.3256666666666663,-0.2913333333333333,28.154640088593577,34.119729805882784,-20.89333333333333,159.13,11.467984496124028,56.72329532574596,-84.88,116.5,9.76394795127353,65.11319525494977,-79.64333333333333,150.08,1.007240059279514,0.1582683800090638,149.0,71.66666666666666,24.92331164050629,30.33333333333333,108.0,79.33333333333333,77.66666666666667,50.5,93.5,43.0,103.5,93.5,-10.0,10.0,1.9324324324324325,6.666666666666671,0.100799927444223
anti_clockwise,tyler,combined_augmented,/Users/vibha/COSMOS-Cluster10/labs/Cosmos-Gesture-Recognition-/data/processed/combined_augmented/sessions/tyler_anti_clockwise_005,30.0,434811.0388888888,83614.13099031812,349207.0,668713.0,372363.5,349207.0,-23156.5,7.761111111111111,1.355157045247506,2.7663736684988627,2.4174611404415187,10.951607132976113,302.0,302.0,0.2122466887417218,0.4373092010505526,-0.5866666666666666,0.7726666666666667,0.085456953642384,0.2781872509691219,-0.4023333333333332,0.7016666666666667,-0.8016192052980132,0.2837874564020436,-1.2606666666666666,-0.338,39.12804635761589,31.78488961773868,-13.366666666666664,123.10333333333334,12.660783664459156,67.20280755831514,-118.42,121.39333333333332,4.708714128035323,74.37455434839276,-125.16666666666669,144.55666666666664,1.0094255449632683,0.1586435363393691,150.0,73.53444444444445,22.020923348613884,37.66666666666666,105.0,75.5,67.33333333333334,50.75,93.25,42.5,98.0,94.0,-4.0,4.0,1.7829977628635345,7.0,0.2385602323066208
anti_clockwise,tyler,combined_augmented,/Users/vibha/COSMOS-Cluster10/labs/Cosmos-Gesture-Recognition-/data/processed/combined_augmented/sessions/tyler_anti_clockwise_006,30.0,386730.3777777777,76319.46807091657,254324.5,524815.8333333334,254324.5,338695.0,84370.5,6.805555555555555,2.492241046146774,1.6914786928139878,1.3315010284053208,5.167018671369425,302.0,302.0,0.3139398454746137,0.4413959116009665,-0.5366666666666667,0.8956666666666667,0.033001655629139,0.2395936103890817,-0.4253333333333333,0.4576666666666666,-0.7724873068432672,0.3090108845534329,-1.2466666666666666,-0.3243333333333333,27.38387417218544,33.828642790296335,-39.66333333333333,116.10333333333334,9.339503311258284,62.4330736698872,-108.38333333333333,118.83,8.793333333333331,66.2241919361055,-71.26,153.13333333333333,1.0082350509755456,0.1660398529239598,151.0,74.40397350993378,21.951709940028486,30.33333333333333,104.33333333333331,83.66666666666667,74.0,58.33333333333333,92.33333333333331,34.0,99.0,96.0,-3.0,3.0,2.475555555555555,18.66666666666667,0.0517131404670613
anti_clockwise,tyler,combined_augmented,/Users/vibha/COSMOS-Cluster10/labs/Cosmos-Gesture-Recognition-/data/processed/combined_augmented/sessions/tyler_anti_clockwise_007,30.0,409921.2777777778,90637.11589994398,236107.0,590175.6666666666,236107.0,421141.0,185034.0,6.480555555555555,2.192757790636043,2.359012451904786,2.573954505317736,10.769747300513393,301.0,301.0,0.2283898117386489,0.4582614409976103,-0.594,0.88,0.0038100775193798,0.2674085841560733,-0.4166666666666667,0.4626666666666667,-0.8024269102990034,0.2758114599419398,-1.2696666666666665,-0.3626666666666667,36.19330564784054,28.986241992247297,-28.2,105.97333333333334,8.255581395348836,62.529344131115295,-141.40333333333334,110.62666666666668,11.23138427464009,68.28648719943068,-84.27,159.6233333333333,1.0157427273051978,0.1480369606422281,150.0,73.58333333333331,24.834296109138883,30.666666666666668,108.5,79.0,77.83333333333333,53.16666666666666,96.66666666666669,43.50000000000001,105.5,92.5,-13.0,13.0,1.7986577181208054,14.0,-0.0098668088952104
anti_clockwise,tyler,combined_augmented,/Users/vibha/COSMOS-Cluster10/labs/Cosmos-Gesture-Recognition-/data/processed/combined_augmented/sessions/tyler_anti_clockwise_008,31.0,409467.3870967742,94048.82541974688,258048.5,603894.6666666666,258048.5,343791.5,85743.0,6.091397849462366,2.1013047276779453,1.8195042351648083,1.1301428833728748,5.758335889357334,302.0,302.0,0.2152687637969094,0.4443185601138895,-0.5133333333333333,0.8923333333333333,0.0290932671081677,0.2346323683409533,-0.3166666666666666,0.488,-0.8198222958057394,0.2601228378874269,-1.1676666666666666,-0.3706666666666667,30.95629690949228,30.29780360450769,-21.55666666666667,105.50333333333332,9.33318984547462,55.21416389668659,-97.22,101.48666666666666,7.910860927152314,66.89949569290093,-72.35,147.83333333333334,1.0117500885458228,0.1256687543145219,151.0,69.36423841059603,23.51897897107867,29.0,102.0,74.33333333333333,73.0,51.66666666666667,90.33333333333334,38.66666666666667,102.0,94.0,-8.0,8.0,1.7177777777777778,7.666666666666664,0.0800668060880676
right,tyler,combined_augmented,/Users/vibha/COSMOS-Cluster10/labs/Cosmos-Gesture-Recognition-/data/processed/combined_augmented/sessions/tyler_right_001,30.0,382095.3833333334,56890.54418043982,265612.3333333333,507150.6666666667,272840.0,422317.5,149477.5,5.494444444444444,1.709712631979602,1.957680227869524,1.95410441844212,8.434271560530044,302.0,302.0,0.3841616997792494,0.0546165415167321,0.2353333333333333,0.4963333333333333,0.0979514348785871,0.0633508111395562,-0.0493333333333333,0.3106666666666666,-0.9099128035320088,0.042967922881796,-1.002,-0.8373333333333334,-20.435883002207508,10.759999337180629,-52.94,-0.1333333333333333,-6.405722958057395,5.441367041245462,-19.3,7.446666666666666,45.166986754966885,19.15237384466401,-1.586666666666667,69.27666666666666,0.9964928747634942,0.030991773508273,151.0,78.7008830022075,35.52270696788493,45.0,245.3333333333333,68.66666666666667,200.3333333333333,51.66666666666666,93.83333333333334,42.16666666666668,49.0,100.5,51.5,51.5,3.805555555555556,47.666666666666686,0.6423800395027304
right,tyler,combined_augmented,/Users/vibha/COSMOS-Cluster10/labs/Cosmos-Gesture-Recognition-/data/processed/combined_augmented/sessions/tyler_right_002,30.0,403035.0277777778,49564.82314520016,328746.5,499762.3333333333,456151.0,328746.5,-127404.5,6.15,1.9265926552489656,1.5674862441088269,1.1524776846106908,4.1256753957443895,301.0,301.0,0.440750830564784,0.06272336479486,0.3136666666666667,0.5713333333333334,0.0805741971207087,0.1032940644249865,-0.1366666666666667,0.298,-0.8811162790697674,0.037143029008782,-0.949,-0.7773333333333333,-19.91865448504983,8.152492172087387,-34.75,-1.34,-4.827009966777408,6.851541405488979,-17.44666666666667,10.663333333333332,46.53148394241418,16.172724889642264,0.0633333333333333,70.80333333333333,0.9963683935917034,0.0187857983328932,151.0,86.51434878587197,32.13649993590942,53.66666666666666,244.66666666666663,86.66666666666667,191.0,61.0,98.5,37.5,55.0,104.0,49.0,49.0,4.725185185185185,53.66666666666666,0.4773475078424536
right,tyler,combined_augmented,/Users/vibha/COSMOS-Cluster10/labs/Cosmos-Gesture-Recognition-/data/processed/combined_augmented/sessions/tyler_right_003,30.0,383090.7055555555,78102.68146849879,258172.5,595792.3333333334,301872.0,258172.5,-43699.5,4.994444444444445,1.752502619712383,1.7810130141181155,2.28920442742251,9.202016554753545,302.0,302.0,0.3853079470198675,0.0767562013140054,0.227,0.5853333333333333,0.0512715231788079,0.112465772924171,-0.1644999999999999,0.2963333333333333,-0.9110513245033112,0.050134099387053,-1.0326666666666668,-0.7953333333333333,-18.354381898454744,8.657072332235593,-40.56,3.793333333333333,-3.156766004415012,9.66655796017089,-23.14,12.636666666666663,50.40337196467991,18.56090823289838,10.315,86.72666666666667,1.000717219924402,0.0269079392130321,151.0,83.49227373068435,32.999569793763385,48.333333333333336,254.66666666666663,83.66666666666667,206.3333333333333,58.66666666666667,95.33333333333331,36.66666666666666,50.5,254.0,203.5,203.5,2.7099999999999995,54.66666666666666,0.5700720343906119
right,tyler,combined_augmented,/Users/vibha/COSMOS-Cluster10/labs/Cosmos-Gesture-Recognition-/data/processed/combined_augmented/sessions/tyler_right_004,30.0,420295.0972222223,58585.08080316185,363936.3333333333,598101.3333333334,400026.5,378952.25,-21074.25,6.430555555555555,1.1722255134234998,1.346859468772749,0.971027449663446,4.457648286051428,301.0,301.0,0.4205664451827242,0.0514801389158316,0.323,0.5496666666666666,0.1409014396456256,0.098460174372121,-0.14,0.3233333333333333,-0.8827242524916945,0.034393672406294,-0.9816666666666668,-0.8123333333333335,-19.78719822812846,9.6464316266843,-57.403333333333336,-0.3999999999999999,-6.962225913621263,7.623721976605305,-25.05666666666667,7.036666666666666,45.88473975636767,10.637628052348596,14.75,65.15666666666667,0.994462609217958,0.022430128266418,150.0,90.67222222222225,30.758182536368945,52.5,202.5,91.58333333333334,150.0,63.75,101.91666666666669,38.16666666666667,52.5,103.0,50.5,50.5,3.114765100671141,46.0,0.5027023423263257
right,tyler,combined_augmented,/Users/vibha/COSMOS-Cluster10/labs/Cosmos-Gesture-Recognition-/data/processed/combined_augmented/sessions/tyler_right_005,30.0,386828.75,43847.54836785928,331202.6666666667,491721.3333333333,361836.0,453337.5,91501.5,5.333333333333333,1.250925583244189,1.7135063942098274,0.9668608637199254,4.099343115176566,301.0,301.0,0.4222181616832779,0.0602321013862745,0.3186666666666666,0.5353333333333334,0.0615874861572536,0.0857053966291644,-0.1086666666666666,0.2493333333333333,-0.891153931339978,0.0376133346338509,-1.012,-0.814,-18.748543743078628,5.584111336683294,-32.25666666666667,-1.3833333333333335,-2.7172314507198223,6.40080506760122,-20.44,11.37,45.38487264673311,9.51639654708865,21.955,62.80666666666667,0.993970565662272,0.0250424127660347,150.0,84.47777777777776,26.96843838920552,53.66666666666666,209.66666666666663,87.5,156.0,64.66666666666667,94.91666666666669,30.25,54.5,97.0,42.5,42.5,2.9451901565995526,39.66666666666667,0.4810910114523608
right,tyler,combined_augmented,/Users/vibha/COSMOS-Cluster10/labs/Cosmos-Gesture-Recognition-/data/processed/combined_augmented/sessions/tyler_right_006,30.0,407771.0833333333,50319.98628885592,335820.0,517300.3333333333,335820.0,359617.5,23797.5,6.650000000000001,1.7967821030736937,1.3231766299859442,0.8693066532035143,4.302098956835443,301.0,301.0,0.4722552602436324,0.0544970772396457,0.3783333333333333,0.6216666666666666,0.0928327796234773,0.1009537596659301,-0.145,0.2766666666666666,-0.861513289036545,0.0431500549987462,-0.965,-0.7586666666666667,-22.925941306755256,7.736189853148167,-37.79333333333333,-1.0766666666666669,-4.866434108527132,6.645534601637468,-24.32333333333333,6.216666666666666,46.57049280177188,13.062116507617976,18.055,66.52,0.9939858106179222,0.0293910112439889,149.0,83.89149888143176,19.757814113255805,52.0,126.5,88.66666666666667,74.5,66.0,100.0,34.0,52.0,126.5,74.5,74.5,1.8209459459459456,11.333333333333345,0.4063111433581236
right,tyler,combined_augmented,/Users/vibha/COSMOS-Cluster10/labs/Cosmos-Gesture-Recognition-/data/processed/combined_augmented/sessions/tyler_right_007,30.0,419962.72777777776,51109.77773030945,321421.0,520673.0,321421.0,386886.5,65465.5,6.266666666666666,1.55492050529208,1.546697782522253,1.417360324553253,6.3802093448131085,300.0,300.0,0.4309266666666666,0.0948910485962912,0.3116666666666667,0.6496666666666667,0.0933694444444444,0.1490376993435462,-0.31,0.3373333333333333,-0.8723116666666666,0.0592881912622416,-0.9663333333333334,-0.693,-21.23778888888889,12.717476308865027,-71.09333333333335,9.183333333333332,-2.4589833333333333,7.7990278295925615,-19.55333333333333,12.013333333333334,50.15655,15.52593577300046,18.66,87.34666666666665,0.99436089676693,0.0363501380523118,149.0,77.76733780760628,19.0820786194294,49.333333333333336,114.0,77.66666666666667,64.66666666666666,60.16666666666666,92.83333333333331,32.666666666666664,53.5,109.5,56.0,56.0,1.7942942942942943,9.333333333333329,0.4287792490477056
right,tyler,combined_augmented,/Users/vibha/COSMOS-Cluster10/labs/Cosmos-Gesture-Recognition-/data/processed/combined_augmented/sessions/tyler_right_008,30.0,396871.13333333336,58008.04672863163,283186.0,513375.0,283186.0,331126.0,47940.0,5.905555555555555,1.7005899484706788,1.6857064917509907,1.0928931577287009,4.42293099192852,301.0,301.0,0.5167607973421927,0.0975681189508836,0.3196666666666667,0.67,0.0736932447397563,0.0937810179254694,-0.1003333333333333,0.2425,-0.8363006644518272,0.0632887246257073,-0.9513333333333334,-0.6996666666666665,-26.615952380952383,16.775070001299223,-70.24333333333334,4.506666666666667,-2.189125138427464,6.460181302479056,-19.38,13.813333333333333,47.12142857142857,21.33475796194397,7.036666666666666,92.59666666666668,0.9967101451405516,0.0275678027775263,151.0,92.37417218543048,47.4126637864248,49.333333333333336,253.66666666666663,82.33333333333333,204.3333333333333,59.5,99.33333333333331,39.83333333333333,51.0,108.0,57.0,57.0,4.687407407407406,55.000000000000014,0.8011455791797373
left,tyler,combined_augmented,/Users/vibha/COSMOS-Cluster10/labs/Cosmos-Gesture-Recognition-/data/processed/combined_augmented/sessions/tyler_left_001,30.0,427892.6111111111,36491.156837329,374903.0,495288.5,403350.0,379445.5,-23904.5,7.033333333333333,1.2848115584554574,1.5576878744553968,1.207747350058446,4.713305933876845,303.0,303.0,0.5542249724972499,0.0451812428310573,0.4373333333333333,0.677,-0.1347799779977997,0.1226459511415929,-0.6843333333333333,0.044,-0.8103118811881189,0.0689407133971974,-0.9396666666666668,-0.5373333333333333,29.227084708470848,15.411655202455266,-15.78,63.61333333333334,-7.929147414741474,7.6468044223796605,-26.256666666666664,6.096666666666667,-48.27944994499451,17.05399090705913,-92.45,-8.156666666666666,1.0007120341459217,0.0484554240279042,151.0,73.58609271523179,13.94702748503722,55.0,114.33333333333331,72.66666666666667,59.33333333333333,61.83333333333333,81.16666666666666,19.33333333333333,101.5,55.0,-46.5,46.5,1.2900000000000005,8.0,-0.2987364935517608
left,tyler,combined_augmented,/Users/vibha/COSMOS-Cluster10/labs/Cosmos-Gesture-Recognition-/data/processed/combined_augmented/sessions/tyler_left_002,30.0,405573.5555555556,83213.69350414912,249808.0,536431.3333333334,322504.0,250096.0,-72408.0,5.911111111111112,1.954450445319573,2.444403226853595,1.772981746921947,7.01185111774197,302.0,302.0,0.4159519867549668,0.1187229640564974,0.223,0.66,-0.2073780353200883,0.1444556690845004,-0.5876666666666667,0.0853333333333333,-0.8658774834437086,0.082342295143696,-1.0093333333333332,-0.6546666666666667,24.71786975717439,16.876964175509112,-5.653333333333333,88.76666666666665,-10.250932671081676,12.46797544747726,-41.51333333333333,18.55666666666667,-57.13879139072848,28.036027212756743,-103.91666666666669,-6.6433333333333335,1.0025960343738185,0.0480577684237315,152.0,73.62719298245614,16.782102848786995,56.333333333333336,127.0,63.333333333333336,70.66666666666666,60.66666666666666,88.91666666666667,28.250000000000007,93.5,57.5,-36.0,36.0,1.8609271523178803,16.666666666666657,-0.3299110163410084
left,tyler,combined_augmented,/Users/vibha/COSMOS-Cluster10/labs/Cosmos-Gesture-Recognition-/data/processed/combined_augmented/sessions/tyler_left_003,30.0,400512.9555555555,57829.42024870842,287146.6666666667,490348.3333333333,344089.0,406650.0,62561.0,5.0,1.9350567031599988,2.2226934582207747,1.8490506753069187,7.720555991908671,300.0,300.0,0.4777955555555555,0.0682131132536339,0.333,0.5846666666666667,-0.2228427777777777,0.1008385444184519,-0.5403333333333334,0.0573333333333333,-0.8388744444444445,0.0730448756959178,-1.057,-0.6715,21.4827,15.68246144721336,-19.24,85.11666666666667,-10.901122222222224,9.5695431002752,-36.41666666666666,13.043333333333331,-46.87912222222222,21.64030905868565,-92.56333333333332,-0.3899999999999999,0.9998155901987248,0.0467291170420164,150.0,85.17444444444445,15.654990108705611,60.333333333333336,109.33333333333331,89.75,48.99999999999999,68.83333333333334,97.66666666666669,28.83333333333333,103.0,62.5,-40.5,40.5,1.1331096196868005,5.333333333333329,-0.3447693971583924
left,tyler,combined_augmented,/Users/vibha/COSMOS-Cluster10/labs/Cosmos-Gesture-Recognition-/data/processed/combined_augmented/sessions/tyler_left_004,30.0,456520.5111111112,88752.3519417512,300726.5,628239.3333333334,300726.5,334593.5,33867.0,5.561111111111111,1.5180904997502944,3.0991664763477806,2.416454257637491,10.357942551414656,301.0,301.0,0.4743333333333333,0.049805541015394,0.2733333333333334,0.583,-0.216015503875969,0.1459053384633822,-0.413,0.3145,-0.8327131782945736,0.0565290856038566,-0.98,-0.6846666666666668,25.73611295681064,17.11453143307337,-51.17,67.0,-11.510741971207088,10.082702251077464,-48.94,8.313333333333334,-56.37462901439645,19.581370054526683,-94.98333333333332,-2.056666666666666,0.995201761171247,0.0400499453202691,150.0,81.14111111111112,16.08209430224833,54.66666666666666,110.33333333333331,80.33333333333333,55.66666666666666,66.0,94.33333333333331,28.33333333333333,106.5,55.0,-51.5,51.5,1.6208053691275173,8.0,-0.3607831459175964
left,tyler,combined_augmented,/Users/vibha/COSMOS-Cluster10/labs/Cosmos-Gesture-Recognition-/data/processed/combined_augmented/sessions/tyler_left_005,30.0,427419.1777777777,57365.32350644287,301487.0,523968.3333333333,301487.0,393863.0,92376.0,6.811111111111111,1.4805737960102154,2.438119711557207,1.9541243967932893,9.887966577442578,301.0,301.0,0.437671650055371,0.1178781266550971,0.1206666666666666,0.5836666666666667,-0.1509977851605758,0.2294876063252403,-0.5573333333333333,0.411,-0.8468571428571429,0.1046714307806253,-1.030333333333333,-0.6229999999999999,25.343244739756365,18.63499177634692,-32.836666666666666,63.82333333333333,-7.066135105204873,13.12736149135938,-28.933333333333334,24.02,-68.80074750830565,27.80833224872104,-108.12666666666668,-9.126666666666669,1.0035312176577569,0.0443265451209585,151.0,85.63686534216335,17.58252590134239,49.5,112.33333333333331,91.33333333333331,62.83333333333333,69.0,100.83333333333334,31.833333333333343,111.5,49.5,-62.0,62.0,1.508888888888889,7.333333333333329,-0.3718223538979904
left,tyler,combined_augmented,/Users/vibha/COSMOS-Cluster10/labs/Cosmos-Gesture-Recognition-/data/processed/combined_augmented/sessions/tyler_left_006,30.0,459028.1611111111,62375.5216691684,344017.5,579899.3333333334,344017.5,374486.5,30469.0,6.955555555555557,1.1449836917270864,1.8255696139256736,1.6177365974370268,7.56031453547085,302.0,302.0,0.4658747240618101,0.0914050503012958,0.224,0.6096666666666666,-0.1003233995584989,0.2179375089596745,-0.513,0.4004999999999999,-0.8335805739514349,0.1053353860040874,-1.1275,-0.6136666666666667,24.697952538631345,17.88630937334058,-22.51333333333333,76.86666666666667,-6.228383002207505,14.845618446397978,-52.54333333333333,27.78333333333333,-62.11879139072848,16.26467503950844,-93.34666666666668,-24.28333333333333,0.9927519207692784,0.0578914905103909,150.0,83.22888888888889,16.65203548688046,52.0,109.0,82.91666666666666,57.0,68.66666666666667,99.33333333333331,30.666666666666657,104.0,52.0,-52.0,52.0,1.3042505592841165,6.333333333333343,-0.3754246855415801
left,tyler,combined_augmented,/Users/vibha/COSMOS-Cluster10/labs/Cosmos-Gesture-Recognition-/data/processed/combined_augmented/sessions/tyler_left_007,30.0,443180.1888888888,124983.7183269969,260750.3333333333,812671.6666666666,266305.0,330352.0,64047.0,6.161111111111111,2.3642723934896512,2.6859454693443525,2.1736500117896704,7.282912204048494,301.0,301.0,0.4525830564784053,0.0722376487232063,0.2606666666666666,0.5783333333333333,-0.1812702104097453,0.2283919120361421,-0.606,0.2766666666666666,-0.8348383167220377,0.0973008471073739,-1.0306666666666666,-0.583,25.33249723145072,24.073605766174115,-31.27,113.29666666666668,-6.963316722037651,17.97555554028874,-41.31333333333333,47.95333333333334,-60.64738095238094,27.6425786854896,-139.54,17.7,0.9990451039782106,0.0583335726848226,151.0,85.23951434878586,16.7647069338353,55.0,111.66666666666669,87.0,56.66666666666667,69.16666666666666,102.0,32.83333333333334,99.0,55.0,-44.0,44.0,1.2711111111111106,9.0,-0.3670611130475197
left,tyler,combined_augmented,/Users/vibha/COSMOS-Cluster10/labs/Cosmos-Gesture-Recognition-/data/processed/combined_augmented/sessions/tyler_left_008,31.0,467349.8064516129,93963.39089453836,296312.0,607432.0,296312.0,313553.0,17241.0,7.048387096774193,1.2708431065283263,2.074960201818936,1.6900880701714365,6.34642865982446,301.0,301.0,0.4052768549280177,0.0686229536452662,0.24,0.5186666666666667,-0.1129839424141749,0.2300680116365669,-0.6076666666666667,0.2663333333333333,-0.8674916943521594,0.0688882488652279,-0.9946666666666668,-0.6896666666666667,24.312829457364337,18.3251889161894,-30.526666666666667,64.10000000000001,-8.580227021040976,10.284023528538892,-33.50666666666667,11.31,-66.6217331118494,17.902051977388574,-119.53000000000002,-26.886666666666667,0.9948598500075712,0.0468658678977572,151.0,81.62693156732892,15.66935802661988,54.333333333333336,108.0,79.33333333333333,53.66666666666666,69.5,97.16666666666666,27.666666666666657,104.0,56.0,-48.0,48.0,1.3555555555555563,7.333333333333329,-0.3488579063552925
bye_bye,tyler,combined_augmented,/Users/vibha/COSMOS-Cluster10/labs/Cosmos-Gesture-Recognition-/data/processed/combined_augmented/sessions/tyler_bye_bye_001,30.0,430732.4833333334,46292.026878853554,363726.0,572165.0,363726.0,444712.5,80986.5,7.833333333333334,1.3200729497238373,1.8019324653341595,1.2021859104239012,5.278013000946395,301.0,301.0,0.6709152823920265,0.1140277570867479,0.311,0.9105,0.0168106312292358,0.9710602499278648,-1.7583333333333335,1.5773333333333337,-0.2894036544850498,0.2078807292457554,-0.875,0.2616666666666666,-12.752945736434109,233.02366765417565,-336.61,415.0833333333333,-2.1820874861572537,67.23388610073656,-168.34333333333333,122.61666666666667,-12.205265780730898,218.34815930870343,-314.36000000000007,418.2666666666667,1.192291487492017,0.3343353608591559,151.0,73.78697571743929,4.076134649594962,67.0,85.66666666666667,73.0,18.66666666666667,70.66666666666667,76.0,5.333333333333329,69.5,76.0,6.5,6.5,1.6744444444444435,7.0,0.0029359823399554
bye_bye,tyler,combined_augmented,/Users/vibha/COSMOS-Cluster10/labs/Cosmos-Gesture-Recognition-/data/processed/combined_augmented/sessions/tyler_bye_bye_002,30.0,328004.33888888895,19602.944265891176,298137.0,362331.0,338042.0,354317.0,16275.0,5.066666666666667,0.916515138991168,2.6364600797539457,2.138558821505921,8.713714456321762,300.0,300.0,0.6136983333333333,0.2344820371723204,0.2093333333333333,1.192,0.3895366666666667,0.9275894440988988,-1.3163333333333334,1.7323333333333333,-0.2923588888888888,0.1034254665190897,-0.5613333333333332,-0.0263333333333333,-2.5009500000000005,208.39293659289524,-400.8566666666666,335.74333333333334,-5.48208888888889,45.96924175455143,-113.0,59.32666666666666,3.183800000000002,200.54887169896185,-297.16,290.5566666666667,1.1993162739479934,0.318715364635301,149.0,81.7751677852349,4.103349419506152,73.0,98.0,80.66666666666667,25.0,79.0,84.5,5.5,78.0,80.0,2.0,2.0,2.065315315315316,7.666666666666671,0.0328677670959553
bye_bye,tyler,combined_augmented,/Users/vibha/COSMOS-Cluster10/labs/Cosmos-Gesture-Recognition-/data/processed/combined_augmented/sessions/tyler_bye_bye_003,30.0,371598.4722222222,21895.666741689263,325876.0,409135.0,382478.5,409135.0,26656.5,6.5,0.7018494087712781,2.5131144195995003,1.7522191376323843,6.937417043278697,302.0,302.0,0.5454994481236204,0.2996171718826634,0.0039999999999999,1.2393333333333334,0.552021523178808,0.9606832871534348,-1.1843333333333332,2.0206666666666666,-0.2040883002207505,0.1765217644831854,-0.7113333333333333,0.1493333333333333,-10.45396799116998,230.7761773853901,-462.9566666666667,412.4666666666667,-8.074243929359824,66.07369444657017,-146.18333333333334,87.61500000000001,2.312935982339955,209.96947303311111,-341.7166666666667,312.3566666666666,1.2416153412822593,0.3823395739058553,149.0,81.3993288590604,4.471540755008677,71.0,93.66666666666669,80.66666666666667,22.66666666666667,78.5,84.66666666666667,6.166666666666671,75.5,86.5,11.0,11.0,1.7635135135135136,7.0,0.0054973093899269
bye_bye,tyler,combined_augmented,/Users/vibha/COSMOS-Cluster10/labs/Cosmos-Gesture-Recognition-/data/processed/combined_augmented/sessions/tyler_bye_bye_004,30.0,365770.93333333335,20588.10665033469,314593.5,396985.6666666667,378085.5,314593.5,-63492.0,7.463888888888889,1.2284594638493316,2.162598134364953,1.5971476359205738,7.357986517447048,301.0,301.0,0.5216162790697674,0.3076192223551416,0.0159999999999999,1.1956666666666669,0.5911777408637874,0.9052365925794024,-1.0483333333333331,2.095333333333333,-0.1667325581395348,0.165852143085204,-0.684,0.1323333333333333,-15.797613510520488,218.4786339147598,-413.6366666666666,408.6933333333333,-10.118815060908084,65.56564840194743,-136.8166666666667,100.07,-0.1933831672203765,209.40194778974453,-337.0466666666667,315.6233333333334,1.203103934720916,0.3788207227163107,150.0,81.77444444444446,3.954727801768415,74.0,95.33333333333331,81.58333333333334,21.33333333333333,79.33333333333333,84.25,4.916666666666671,82.5,79.0,-3.5,3.5,1.60738255033557,8.0,-0.0108410744181225
bye_bye,tyler,combined_augmented,/Users/vibha/COSMOS-Cluster10/labs/Cosmos-Gesture-Recognition-/data/processed/combined_augmented/sessions/tyler_bye_bye_005,31.0,350410.5430107527,18879.789980975653,311684.6666666667,380685.3333333333,377399.0,339240.0,-38159.0,6.102150537634409,1.0461376474147277,2.328326819004771,1.570521524694376,7.41315447847115,301.0,301.0,0.4978211517165005,0.3417488789607819,-0.0766666666666666,1.3123333333333334,0.582580287929125,0.929208289030436,-1.126,2.266666666666667,-0.1344169435215946,0.2000272737146435,-0.638,0.4206666666666667,-12.738200442967884,221.24166731915304,-386.67,375.42,-11.072630121816168,83.48389680485487,-168.42333333333332,131.43333333333334,-0.2883720930232556,205.9914459110559,-317.99666666666667,310.86,1.1996889555545387,0.4315915505540014,149.0,81.44444444444444,3.755010000000013,72.66666666666667,90.66666666666669,82.0,18.0,78.66666666666667,83.66666666666667,5.0,86.0,83.66666666666666,-2.333333333333343,2.333333333333343,1.4451951951951951,8.666666666666657,0.0191224781828808
bye_bye,tyler,combined_augmented,/Users/vibha/COSMOS-Cluster10/labs/Cosmos-Gesture-Recognition-/data/processed/combined_augmented/sessions/tyler_bye_bye_006,30.0,350003.23333333334,19318.69182307163,314236.6666666667,400093.3333333333,387718.5,332598.5,-55120.0,6.255555555555555,0.9932488156935017,1.3996649647843271,0.990307139748376,4.355142457355114,301.0,301.0,0.5710127353266888,0.3429453725281025,-0.0316666666666666,1.325,0.6021489479512735,0.8012670402236703,-0.6739999999999999,2.082333333333333,-0.1902231450719822,0.2302430748523433,-0.69,0.245,-10.49308970099668,175.69140544880057,-331.1966666666667,269.05,-10.880581395348838,91.24383200422264,-170.98333333333335,136.46666666666667,5.2082945736434105,167.98151773381315,-281.43333333333334,249.07,1.187188940228495,0.3578525343615906,151.0,80.621412803532,3.644494714950886,70.0,90.0,81.0,20.0,78.0,83.29166666666666,5.291666666666657,77.5,82.0,4.5,4.5,1.351481481481482,6.0,0.0044882072731494
bye_bye,tyler,combined_augmented,/Users/vibha/COSMOS-Cluster10/labs/Cosmos-Gesture-Recognition-/data/processed/combined_augmented/sessions/tyler_bye_bye_007,30.0,367915.6277777778,32578.51347129598,307765.0,446420.3333333333,320918.0,421150.5,100232.5,6.830555555555555,0.8757228055148303,1.408566342127427,1.12912201856677,4.675281567613767,300.0,300.0,0.46597,0.4238800101312739,-0.3996666666666666,1.382,0.6662044444444445,0.84197660028334,-0.613,2.255666666666667,-0.2166622222222222,0.312937772743842,-0.9533333333333333,0.4653333333333333,3.0704666666666665,132.00978132651693,-304.49333333333334,277.92,-4.046955555555557,105.90572789107662,-253.28333333333333,123.74333333333334,11.596222222222222,165.97985581151067,-281.8566666666666,238.74666666666667,1.212473352399475,0.4736414244768267,149.0,96.84787472035792,30.41351824311253,68.66666666666667,203.66666666666663,84.33333333333333,135.0,80.73333333333333,96.0,15.266666666666666,77.0,109.5,32.5,32.5,6.379054054054055,41.0,0.3528429772053935
bye_bye,tyler,combined_augmented,/Users/vibha/COSMOS-Cluster10/labs/Cosmos-Gesture-Recognition-/data/processed/combined_augmented/sessions/tyler_bye_bye_008,30.0,328435.9611111112,22034.156412710337,280088.3333333333,373070.3333333333,332989.0,311075.0,-21914.0,5.905555555555555,1.1782624788797285,1.241430542838312,0.7027296351596274,2.762378650158137,302.0,302.0,0.4191754966887417,0.350027892974575,-0.141,1.133,0.741439293598234,0.8014311995531251,-0.5333333333333333,2.1103333333333336,-0.2537003311258278,0.2191618618646739,-0.7163333333333334,0.2046666666666667,-4.523294701986755,122.22683467191231,-277.26,251.23,-5.268002207505519,74.08300363333689,-197.18,118.27,4.8192825607064025,156.97375290384633,-246.13333333333333,232.81333333333336,1.1854628298374446,0.4442133219256552,149.0,84.24608501118568,8.977113540958408,66.66666666666667,126.0,83.0,59.33333333333333,79.0,86.33333333333333,7.333333333333329,81.0,84.0,3.0,3.0,3.4360360360360365,21.333333333333343,-0.059885724650825
t_arm,tyler,combined_augmented,/Users/vibha/COSMOS-Cluster10/labs/Cosmos-Gesture-Recognition-/data/processed/combined_augmented/sessions/tyler_t_arm_001,30.0,274837.4611111112,33026.3374865476,233755.0,342804.5,241672.0,257174.0,15502.0,1.905555555555556,1.1086222124224931,2.996163013783806,2.9369481731139926,11.405421630687153,300.0,300.0,0.6025861111111112,0.2896647274056397,0.1456666666666667,0.9783333333333334,-0.3200166666666666,0.6568248980963338,-1.1446666666666667,0.7266666666666666,0.07713,0.151117402691736,-0.14,0.2873333333333333,4.811905555555556,12.406770410052204,-22.523333333333337,30.73333333333333,-12.563183333333331,13.097572544591358,-38.02333333333333,5.890000000000001,-39.48172777777778,28.23397758982184,-81.84000000000002,3.93,1.0035664326812646,0.0498518886542541,148.0,100.30855855855856,25.82374823909134,56.333333333333336,146.66666666666666,111.33333333333334,90.33333333333331,70.25,119.5,49.25,117.0,60.0,-57.0,57.0,2.206349206349206,10.0,-0.5249015622937
t_arm,tyler,combined_augmented,/Users/vibha/COSMOS-Cluster10/labs/Cosmos-Gesture-Recognition-/data/processed/combined_augmented/sessions/tyler_t_arm_002,31.0,335080.5483870968,60322.2302591476,251010.3333333333,433173.0,253661.0,284939.0,31278.0,3.4301075268817205,2.5905723041424533,5.663077495692429,5.923869287587074,23.349880747332698,302.0,302.0,0.6104122516556292,0.3266542685409214,0.081,1.0013333333333332,-0.3160397350993377,0.6279799294845314,-1.0793333333333333,0.8585,0.0858184326710816,0.1586256609488224,-0.1333333333333333,0.3866666666666667,3.405,13.82831417429,-38.63666666666666,36.93666666666667,-13.28262141280353,13.50796317953012,-48.02333333333333,6.865,-42.30524282560707,20.998640756229296,-80.47666666666667,1.76,1.0021749279072771,0.0414530058737841,150.0,102.92333333333332,26.13209025201768,58.0,183.5,105.16666666666666,125.5,77.75,121.5,43.75,119.0,63.0,-56.0,56.0,2.7785234899328857,23.5,-0.5320369794213083
t_arm,tyler,combined_augmented,/Users/vibha/COSMOS-Cluster10/labs/Cosmos-Gesture-Recognition-/data/processed/combined_augmented/sessions/tyler_t_arm_003,31.0,278725.5053763441,42297.298985582725,232785.66666666663,358585.6666666667,254085.0,238420.0,-15665.0,2.8225806451612905,2.142309528164429,2.305799818275232,1.644788247347474,5.261108155943431,302.0,302.0,0.6700220750551877,0.2537063610771889,0.136,0.998,-0.0794525386313465,0.6817513722360958,-1.073,0.8786666666666667,0.1029266004415011,0.1065214827638491,-0.0563333333333333,0.332,4.019155629139073,15.435951520169644,-37.21,56.57,-10.76771523178808,14.5522128131761,-48.77,11.016666666666666,-39.93801324503311,29.14156914280782,-85.71666666666665,19.655,1.0020622271278496,0.0469695910699789,150.0,93.50888888888888,25.13416941044477,61.0,163.0,86.58333333333334,102.0,72.0,113.375,41.375,158.0,77.0,-81.0,81.0,2.064504101416853,14.0,-0.5322209875994494
t_arm,tyler,combined_augmented,/Users/vibha/COSMOS-Cluster10/labs/Cosmos-Gesture-Recognition-/data/processed/combined_augmented/sessions/tyler_t_arm_004,31.0,296546.68279569893,35262.70804190547,239151.0,355499.6666666667,239151.0,276913.5,37762.5,3.741935483870968,1.3911127992403884,1.7490042367529868,1.5804156498730315,7.0490773725496,302.0,302.0,0.7117908388520972,0.264512618327666,0.1196666666666666,0.9963333333333332,-0.1280220750551876,0.6200546983798209,-1.1096666666666668,0.782,-0.0029232891832229,0.1481003549689893,-0.1749999999999999,0.286,-0.078780353200883,12.789433783902616,-54.74,29.74666666666667,-9.841672185430465,12.743137953809876,-52.98,12.103333333333332,-42.57814017660044,20.419166130048065,-87.58,2.98,0.9987612900163862,0.0434597576966325,149.0,96.19910514541388,22.311982851674216,62.333333333333336,135.66666666666666,96.0,73.33333333333331,74.66666666666667,116.66666666666669,42.0,129.0,66.5,-62.5,62.5,2.2195945945945947,11.666666666666671,-0.4987490174738495
t_arm,tyler,combined_augmented,/Users/vibha/COSMOS-Cluster10/labs/Cosmos-Gesture-Recognition-/data/processed/combined_augmented/sessions/tyler_t_arm_005,30.0,275663.86666666664,28219.882377251783,232260.0,316820.5,253342.5,232260.0,-21082.5,2.9166666666666665,1.8382509803252287,2.549179505240193,2.3902415914269426,9.862654616713655,302.0,302.0,0.6992831125827814,0.2226174973832711,0.174,0.9803333333333332,-0.0352179911699779,0.6487734030254534,-1.061,0.9526666666666668,0.0335573951434878,0.1830713314964373,-0.2046666666666666,0.3619999999999999,0.8656401766004417,18.089382547241115,-44.25,50.45,-14.570347682119206,14.116920775062958,-39.17333333333334,18.433333333333334,-41.22920529801325,21.5311775806718,-72.57000000000001,15.32,0.996914411605478,0.0388010847519505,150.0,92.22444444444444,24.28867551057147,55.66666666666666,140.0,85.83333333333334,84.33333333333334,70.66666666666667,112.58333333333331,41.91666666666666,118.0,71.0,-47.0,47.0,2.109619686800895,8.333333333333336,-0.5271137976502666
t_arm,tyler,combined_augmented,/Users/vibha/COSMOS-Cluster10/labs/Cosmos-Gesture-Recognition-/data/processed/combined_augmented/sessions/tyler_t_arm_006,30.0,280371.44444444444,48350.730807385225,227326.3333333333,384370.3333333333,269234.0,228915.5,-40318.5,2.933333333333333,1.9652537297311563,2.875341941031784,2.3077435805929865,9.185292534594918,300.0,300.0,0.7394038888888889,0.2183963147575786,0.1983333333333333,0.9873333333333334,-0.0744855555555555,0.6047942395548799,-1.0776666666666668,0.8523333333333333,-0.0652194444444444,0.1525406208549135,-0.299,0.334,-2.2193666666666663,18.63673072006521,-70.96666666666667,67.93333333333332,-13.514683333333336,12.99472978078606,-41.14333333333334,17.7,-41.75797222222222,18.74856277180968,-77.28333333333335,5.536666666666666,0.9958111174891264,0.0402699220062602,146.0,92.35616438356163,22.64310497960956,59.66666666666666,135.0,89.0,75.33333333333334,69.66666666666667,110.91666666666669,41.25,131.5,67.5,-64.0,64.0,2.0091954022988507,8.666666666666664,-0.5151771053248893
t_arm,tyler,combined_augmented,/Users/vibha/COSMOS-Cluster10/labs/Cosmos-Gesture-Recognition-/data/processed/combined_augmented/sessions/tyler_t_arm_007,30.0,273478.3722222222,20515.024668190155,239596.66666666663,307447.0,283000.0,268552.5,-14447.5,2.855555555555555,1.1211215724652317,2.286632931041139,1.8750179534123528,7.796136254546547,303.0,303.0,0.7899455445544554,0.2284060166839162,0.181,0.9946666666666668,-0.1426226622662266,0.5027144202321076,-1.0579999999999998,0.664,-0.0652024202420241,0.1873597089278516,-0.2873333333333333,0.2976666666666667,-0.8198019801980201,15.849339927109623,-71.06,39.553333333333335,-15.08919691969197,13.338582763952408,-46.98,2.5033333333333334,-38.96404840484048,14.349732687459513,-82.02333333333333,-19.66333333333333,0.9938202334499908,0.0303750496363555,149.0,92.99776286353467,20.59929795023329,61.333333333333336,134.0,89.66666666666667,72.66666666666666,73.66666666666667,106.0,32.33333333333333,133.5,69.0,-64.5,64.5,1.6407657657657655,7.666666666666671,-0.4621150009069469
t_arm,tyler,combined_augmented,/Users/vibha/COSMOS-Cluster10/labs/Cosmos-Gesture-Recognition-/data/processed/combined_augmented/sessions/tyler_t_arm_008,30.0,271969.80000000005,24988.24305746382,234296.3333333333,317500.0,234692.5,258576.5,23884.0,2.222222222222222,1.0761155566936225,2.2254619524359427,1.811735500399176,7.372590221832624,302.0,302.0,0.700309050772627,0.293780242535305,0.1366666666666667,1.01,-0.3626870860927153,0.5045847202652993,-1.0433333333333332,0.601,0.0692201986754966,0.1915097091864808,-0.243,0.322,2.9786810154525383,14.10980460985188,-28.35333333333333,29.396666666666665,-17.20567328918322,9.700738377142551,-34.343333333333334,4.13,-36.64921081677704,13.433590122275206,-64.30333333333333,-8.42,1.0014500307625722,0.0381116825239202,151.0,104.01545253863134,24.05895806827221,60.333333333333336,153.0,103.66666666666669,92.66666666666666,81.66666666666667,127.16666666666666,45.49999999999999,126.0,73.5,-52.5,52.5,1.945555555555556,11.0,-0.5271563843383296
raise_arms,tyler,combined_augmented,/Users/vibha/COSMOS-Cluster10/labs/Cosmos-Gesture-Recognition-/data/processed/combined_augmented/sessions/tyler_raise_arms_001,30.0,388990.1388888889,90387.26712530716,270731.5,587719.6666666666,279431.0,270731.5,-8699.5,5.461111111111111,1.4348075966854137,1.944048297863605,1.0443972440491642,3.9181107818567527,301.0,301.0,-0.1404263565891473,0.5334927068624555,-0.859,0.5206666666666667,-0.3228297342192691,0.1713058050925336,-0.602,-0.0946666666666666,-0.7209036544850498,0.1974754152510611,-1.0023333333333333,-0.3003333333333333,-16.675880398671097,17.95724818648109,-63.54,7.159999999999999,26.369440753045406,22.87772723952859,-8.340000000000002,68.00333333333334,-12.174634551495016,12.648700637232984,-47.67,11.17,0.9955090111529552,0.0745598648507492,150.0,48.43222222222222,6.966257672576132,36.0,64.33333333333333,50.5,28.33333333333333,42.66666666666666,54.0,11.333333333333336,55.0,36.0,-19.0,19.0,1.0067114093959733,3.666666666666664,-0.1503388298739205
raise_arms,tyler,combined_augmented,/Users/vibha/COSMOS-Cluster10/labs/Cosmos-Gesture-Recognition-/data/processed/combined_augmented/sessions/tyler_raise_arms_002,30.0,421141.7722222224,82177.4390134665,240485.0,530155.3333333334,240485.0,304433.5,63948.5,6.091666666666667,2.5018835497073595,2.497200621003985,3.260325688827727,16.008269375995436,301.0,301.0,-0.2304479512735326,0.5177027797903984,-0.912,0.611,-0.3365514950166112,0.1026338056786655,-0.4663333333333333,-0.0874999999999999,-0.71174861572536,0.1897302419566348,-0.9376666666666664,-0.2903333333333333,-11.675830564784054,7.938646221625319,-32.583333333333336,12.216666666666669,30.18742524916944,11.538290412799334,0.68,46.51666666666667,-17.068521594684384,8.495551069089679,-36.13333333333333,-1.3,0.9929415572999124,0.0396705659348413,150.0,44.962222222222216,15.112715294067202,28.666666666666668,86.66666666666667,39.16666666666667,58.0,34.666666666666664,46.58333333333333,11.916666666666664,83.0,32.0,-51.0,51.0,1.41834451901566,9.0,-0.2942507074388494
raise_arms,tyler,combined_augmented,/Users/vibha/COSMOS-Cluster10/labs/Cosmos-Gesture-Recognition-/data/processed/combined_augmented/sessions/tyler_raise_arms_003,30.0,428421.3833333333,78865.91335818439,255873.5,564219.6666666666,255873.5,279853.0,23979.5,6.325,2.1104183804972747,2.3957815483391,1.3505868832133012,4.6902669419259135,300.0,300.0,0.0793722222222222,0.5069005571160153,-0.7573333333333334,0.7194444444444444,-0.2369138888888889,0.1583308815355978,-0.48,0.0253333333333333,-0.7951394444444444,0.1069225956984059,-0.96,-0.5595000000000001,-10.42071111111111,8.82475719600234,-36.68666666666667,9.796666666666669,29.75126111111112,14.324158605383818,-1.403333333333333,59.10333333333333,-13.183322222222223,8.733685594033718,-34.25333333333333,-1.13,0.9929556107683116,0.0465114597422043,150.0,42.85444444444444,10.985555845558912,29.666666666666668,80.0,39.0,50.33333333333333,36.66666666666666,44.16666666666667,7.500000000000007,80.0,36.0,-44.0,44.0,0.9977628635346756,6.166666666666671,-0.1935283049617021
raise_arms,tyler,combined_augmented,/Users/vibha/COSMOS-Cluster10/labs/Cosmos-Gesture-Recognition-/data/processed/combined_augmented/sessions/tyler_raise_arms_004,30.0,376424.8666666666,82706.62023560773,271087.0,558468.6666666666,295896.0,271087.0,-24809.0,5.377777777777777,2.197192372321472,2.00672011322012,1.3357158655835475,5.249614028783292,302.0,302.0,0.1958976269315673,0.4699036580790609,-0.6753333333333335,0.7396666666666666,-0.2064713024282561,0.1740246088397298,-0.5426666666666667,0.072,-0.8155154525386313,0.100507895001771,-1.0606666666666669,-0.5683333333333332,-7.811284032376748,10.847845365736005,-35.696666666666665,26.936666666666667,30.10676600441501,22.582636207996504,-14.114999999999998,97.50666666666666,-9.074486754966888,10.564931501620372,-36.946666666666665,23.29,1.000258879853755,0.0821568918742097,151.0,41.86644591611479,4.462519628239836,37.333333333333336,59.66666666666666,40.66666666666666,22.33333333333333,39.333333333333336,42.0,2.6666666666666643,57.5,39.0,-18.5,18.5,0.9522222222222224,9.0,-0.0532334146624841
raise_arms,tyler,combined_augmented,/Users/vibha/COSMOS-Cluster10/labs/Cosmos-Gesture-Recognition-/data/processed/combined_augmented/sessions/tyler_raise_arms_005,31.0,431264.5752688173,67946.28015374273,322142.0,591876.6666666666,340601.0,463054.5,122453.5,5.290322580645162,1.4517124617392272,2.635316832377161,1.9499435199020203,8.271827374284443,303.0,303.0,-0.1415544554455445,0.4540404413417432,-0.8186666666666667,0.63775,-0.3114741474147414,0.0887858325735807,-0.4316666666666666,-0.093,-0.7980566556655666,0.1408283218807481,-1.0013333333333332,-0.431,-6.974867986798681,8.112409763678649,-23.50333333333333,12.126666666666663,30.588074807480748,7.815091748442543,9.39,40.65,-10.778261826182618,4.839131953204689,-23.436666666666667,-1.815,0.9926702825288768,0.0492159210389255,151.0,42.92935982339956,7.012513605614127,35.333333333333336,71.66666666666667,41.0,36.333333333333336,38.66666666666666,43.66666666666666,5.0,64.5,39.5,-25.0,25.0,1.5688888888888892,10.333333333333336,-0.1033885209713025
raise_arms,tyler,combined_augmented,/Users/vibha/COSMOS-Cluster10/labs/Cosmos-Gesture-Recognition-/data/processed/combined_augmented/sessions/tyler_raise_arms_006,30.0,452746.1166666666,80218.57016315268,293026.0,600636.3333333334,293026.0,340106.5,47080.5,6.594444444444445,1.4767853810653715,2.5834948941087967,1.870013675942661,8.911870925169543,301.0,301.0,-0.1391821705426356,0.5475601916439664,-0.9106666666666668,0.6133333333333333,-0.2297718715393134,0.1036377522438041,-0.4283333333333333,-0.0296666666666666,-0.7583355481727575,0.1710579424354548,-0.979,-0.3429999999999999,-10.527043189368772,9.920783770195149,-43.693333333333335,12.939999999999998,32.74378737541529,15.848200131069662,0.7733333333333333,57.03,-11.0265780730897,8.860066522609392,-32.73666666666667,3.2133333333333334,0.992538042093662,0.0439499146821841,151.0,46.19426048565122,17.232434098099937,32.666666666666664,101.0,38.333333333333336,68.33333333333334,36.41666666666667,46.333333333333336,9.916666666666664,78.0,35.5,-42.5,42.5,1.324814814814815,14.5,-0.2973963053328687
raise_arms,tyler,combined_augmented,/Users/vibha/COSMOS-Cluster10/labs/Cosmos-Gesture-Recognition-/data/processed/combined_augmented/sessions/tyler_raise_arms_007,30.0,407015.7888888888,87331.12871651136,243994.0,535770.3333333334,243994.0,336448.0,92454.0,5.233333333333333,1.652495307327903,2.118125606793733,1.0967635535871902,4.524624026701576,300.0,300.0,-0.2399777777777778,0.530739589024622,-0.924,0.539,-0.2756794444444444,0.0751534733658439,-0.3979999999999999,-0.13,-0.7326222222222223,0.1944444138095213,-0.971,-0.2826666666666666,-6.507194444444444,9.435890440089718,-36.54333333333333,24.356666666666666,32.05361666666666,16.19438174306425,-5.636666666666667,62.083333333333336,-13.217366666666669,7.403224864806477,-25.37333333333333,8.513333333333334,0.9968916222013876,0.040891196773566,150.0,48.98166666666667,17.474496356995495,33.0,90.33333333333331,40.83333333333333,57.33333333333333,36.66666666666666,53.66666666666666,17.0,89.0,35.25,-53.75,53.75,1.2757270693512304,8.666666666666671,-0.3433250366682966
raise_arms,tyler,combined_augmented,/Users/vibha/COSMOS-Cluster10/labs/Cosmos-Gesture-Recognition-/data/processed/combined_augmented/sessions/tyler_raise_arms_008,31.0,407108.76881720434,117883.172045642,259932.66666666663,571600.6666666666,260739.0,346415.5,85676.5,4.529569892473117,2.4236133369665653,2.050209616663173,1.3757889212658825,6.616991433962809,302.0,302.0,-0.4880013796909492,0.4483849081618401,-0.9503333333333334,0.3266666666666666,-0.2558603752759382,0.0877186561829215,-0.4423333333333333,-0.1085,-0.6459950331125829,0.2538089645805526,-0.9636666666666668,-0.264,-7.8260927152317885,10.253667107339538,-39.07333333333333,15.3,27.15837196467991,19.19438725046665,-7.243333333333333,59.77333333333333,-13.353576158940395,11.01643145360333,-39.73666666666667,4.73,0.9961162857061028,0.0428297254848832,150.0,50.86222222222222,14.819015760335182,34.0,90.5,46.5,56.5,36.375,66.33333333333333,29.95833333333333,58.0,36.0,-22.0,22.0,1.5391498881431769,10.333333333333329,-0.302474480347275
fist_open,tyler,combined_augmented,/Users/vibha/COSMOS-Cluster10/labs/Cosmos-Gesture-Recognition-/data/processed/combined_augmented/sessions/tyler_fist_open_001,30.0,263166.5,20727.15212392958,236956.0,295277.3333333333,292770.0,236956.0,-55814.0,2.4611111111111104,2.5443049452298343,1.6122160831839754,0.9276920152873036,3.165179813493319,302.0,302.0,0.8719133554083885,0.0458343838293724,0.5630000000000001,1.0276666666666665,0.170130242825607,0.0625513207808978,-0.1326666666666666,0.3746666666666667,-0.4452958057395143,0.0802475208605889,-0.6423333333333333,-0.2113333333333333,-4.114224613686535,11.59238999132026,-72.11333333333333,17.353333333333335,3.2112803532008822,14.132038186008108,-20.05,68.93,-0.3375772626931568,5.196574077738964,-32.72666666666667,11.156666666666666,0.9988639371493626,0.0467922174278572,151.0,78.23620309050773,4.5685866854184765,68.66666666666667,87.66666666666667,79.0,19.0,74.66666666666667,81.66666666666667,7.0,72.0,86.0,14.0,14.0,0.977777777777778,4.666666666666671,0.0652840711049141
fist_open,tyler,combined_augmented,/Users/vibha/COSMOS-Cluster10/labs/Cosmos-Gesture-Recognition-/data/processed/combined_augmented/sessions/tyler_fist_open_002,30.0,233664.28888888887,6563.492918173493,224640.66666666663,245482.0,225844.0,228075.0,2231.0,0.5666666666666667,0.6333333333333333,0.5426617034865882,0.1189014682808594,0.6953922196954353,300.0,300.0,0.8764599999999999,0.0349258857389502,0.798,0.9723333333333332,0.1927572222222222,0.0314313131739592,0.0969999999999999,0.2776666666666667,-0.4262405555555555,0.0696364315282428,-0.5886666666666667,-0.3161666666666666,-2.334681481481481,7.2106911494861885,-35.04333333333333,13.660000000000002,2.848727777777777,9.160650913792775,-10.13,34.18333333333333,-0.1590777777777777,2.9985491185192945,-11.436666666666667,8.06,0.9968738196888448,0.0178340874895736,150.0,84.47111111111111,5.566885240878476,71.0,101.0,83.83333333333334,30.0,79.75,87.66666666666667,7.916666666666671,77.5,83.5,6.0,6.0,1.1543624161073824,7.333333333333343,0.0422875090744772
fist_open,tyler,combined_augmented,/Users/vibha/COSMOS-Cluster10/labs/Cosmos-Gesture-Recognition-/data/processed/combined_augmented/sessions/tyler_fist_open_003,30.0,263836.60555555555,16633.326091319028,231369.0,296302.0,231443.5,270748.5,39305.0,1.4888888888888892,1.2611967665477968,9.938130345289618,10.996062163290713,30.610247582783497,300.0,300.0,0.8914344444444445,0.029535467672229,0.8033333333333333,0.932,0.1927594444444444,0.0232860354684842,0.0773333333333333,0.2433333333333333,-0.3956583333333333,0.0619823692449895,-0.5750000000000001,-0.3243333333333333,-0.5464666666666668,5.681023493370031,-23.82333333333333,10.943333333333332,2.906088888888889,6.838738794237025,-8.33,20.813333333333333,-0.3330833333333334,2.3736784437169804,-8.006666666666666,4.74,0.9967239996340572,0.0124400502323826,150.0,86.65222222222222,5.331583069440867,74.66666666666667,101.0,87.0,26.33333333333333,83.66666666666667,90.58333333333334,6.916666666666671,79.5,89.5,10.0,10.0,0.955257270693512,7.333333333333329,0.0476782671822447
fist_open,tyler,combined_augmented,/Users/vibha/COSMOS-Cluster10/labs/Cosmos-Gesture-Recognition-/data/processed/combined_augmented/sessions/tyler_fist_open_004,30.0,235538.9888888889,3599.4705515851074,229523.66666666663,245187.0,245187.0,235793.5,-9393.5,0.3388888888888888,0.4915646472938588,0.5922668529677781,0.0,0.5922668529677781,301.0,301.0,0.9016384274640088,0.0241979431756442,0.8413333333333334,0.9423333333333334,0.201969545957918,0.0193936505134447,0.1546666666666666,0.2513333333333333,-0.369094684385382,0.054065624178178,-0.5096666666666667,-0.2936666666666667,-1.3714894795127357,4.1917297962557365,-16.666666666666668,7.163333333333333,2.330874861572536,6.290262304717909,-5.666666666666667,30.0,-0.0342635658914728,2.087082814709888,-8.76,5.400000000000001,0.9968233756217106,0.0142246645600623,151.0,95.16666666666669,2.780221147612117,87.5,100.0,95.33333333333331,12.5,93.0,97.0,4.0,87.5,94.0,6.5,6.5,0.9566666666666664,4.333333333333343,0.0124869292436385
fist_open,tyler,combined_augmented,/Users/vibha/COSMOS-Cluster10/labs/Cosmos-Gesture-Recognition-/data/processed/combined_augmented/sessions/tyler_fist_open_005,30.0,257015.5888888889,21562.41892526824,236755.0,306435.3333333333,284049.0,254732.0,-29317.0,1.5777777777777775,2.098823891705796,1.679958311429362,1.348866813815753,4.6880206929818735,300.0,300.0,0.8903466666666668,0.0261002699558749,0.8053333333333335,0.928,0.2004066666666666,0.0242254647167137,0.1149999999999999,0.2466666666666666,-0.3958427777777778,0.0569031015530614,-0.5533333333333333,-0.3143333333333333,-1.8884444444444448,3.820021146495237,-12.56,9.785,3.716633333333333,4.669338114210066,-5.705,22.47,-0.1995666666666666,1.791109178693471,-5.046666666666666,5.503333333333333,0.9969884535860566,0.0095711662125554,150.0,92.86555555555556,6.710640672480378,74.33333333333333,101.66666666666669,95.0,27.333333333333343,91.33333333333331,97.0,5.666666666666671,77.5,92.5,15.0,15.0,0.9574944071588366,4.333333333333343,0.0593327110834553
fist_open,tyler,combined_augmented,/Users/vibha/COSMOS-Cluster10/labs/Cosmos-Gesture-Recognition-/data/processed/combined_augmented/sessions/tyler_fist_open_006,30.0,248141.5777777778,10014.853575576974,236437.0,269425.0,250412.0,269425.0,19013.0,0.9555555555555556,1.0496325047661816,0.6868021153494933,0.5430785597156341,1.6415497393601357,300.0,300.0,0.8896344444444446,0.0270428480082084,0.8193333333333332,0.941,0.1756794444444444,0.0147826952031466,0.141,0.2206666666666666,-0.4093116666666666,0.053360994309356,-0.5503333333333335,-0.3243333333333333,-0.6396444444444445,4.973729590583601,-17.263333333333335,9.936666666666667,2.534333333333333,5.7914264698393225,-7.12,19.01333333333333,0.1019388888888888,1.6527366614773686,-5.77,4.79,0.9967751117238348,0.0092395064377063,143.0,90.3881118881119,3.8961088021522703,78.66666666666667,98.33333333333331,90.33333333333331,19.666666666666657,88.0,93.0,5.0,84.0,88.0,4.0,4.0,1.379499217527386,8.666666666666657,-0.0146227989537843
fist_open,tyler,combined_augmented,/Users/vibha/COSMOS-Cluster10/labs/Cosmos-Gesture-Recognition-/data/processed/combined_augmented/sessions/tyler_fist_open_007,30.0,243274.71481481483,2239.392202167882,239471.66666666663,247981.66666666663,241142.3333333333,247290.0,6147.666666666686,0.3333333333333333,0.3824869884013001,0.4394341782763128,0.0700297359419241,0.509463914218237,301.0,301.0,0.9134717607973424,0.0237534295109442,0.8293333333333334,0.9666666666666668,0.1645968992248062,0.0171131536339502,0.1149999999999999,0.2166666666666666,-0.3618959025470653,0.0462838954577095,-0.508,-0.2793333333333334,-1.0512513842746398,5.92076333796361,-26.986666666666668,10.455,3.907757475083057,6.678180089965601,-6.91,24.456666666666663,-0.0978239202657807,2.620404860034921,-9.706666666666663,7.133333333333334,0.997688025266219,0.0104560962570229,136.0,85.66053921568628,5.967277301267327,70.5,95.33333333333331,86.58333333333334,24.83333333333333,81.33333333333333,90.41666666666666,9.083333333333329,78.5,84.0,5.5,5.5,1.2530864197530862,6.333333333333343,0.0674280012085936
fist_open,tyler,combined_augmented,/Users/vibha/COSMOS-Cluster10/labs/Cosmos-Gesture-Recognition-/data/processed/combined_augmented/sessions/tyler_fist_open_008,30.0,253027.04444444447,19938.408300403025,230658.3333333333,295381.0,282351.0,295381.0,13030.0,1.444444444444444,1.709089715117667,1.523947452835553,1.027580052743784,3.738368503694184,301.0,301.0,0.930503322259136,0.0202850232365737,0.8643333333333333,0.968,0.1329147286821705,0.0144676584919277,0.0933333333333333,0.169,-0.3305836101882614,0.0499600183900957,-0.4956666666666667,-0.2773333333333334,-1.276483942414175,3.738719487193388,-15.353333333333332,7.293333333333333,3.288809523809524,5.932433197487279,-3.203333333333333,26.30666666666667,0.1111240310077519,2.052262083957542,-4.27,8.303333333333335,0.9979084856744822,0.0091506353548384,151.0,84.6523178807947,5.600427906844228,69.33333333333333,97.66666666666669,83.33333333333333,28.333333333333343,80.83333333333334,87.58333333333334,6.75,85.0,85.0,0.0,0.0,1.12,9.666666666666671,-0.0122080864412691
one_arm_boxing,tyler,combined_augmented,/Users/vibha/COSMOS-Cluster10/labs/Cosmos-Gesture-Recognition-/data/processed/combined_augmented/sessions/tyler_one_arm_boxing_001_seg000,30.0,500020.45,101508.55637917234,292083.5,724821.3333333334,292083.5,488185.5,196102.0,7.777777777777777,1.832996602072649,1.80412745480512,1.0816031831925237,3.8939983462234258,300.0,300.0,0.5435827777777777,0.4640892228429256,-0.7733333333333334,1.3426666666666665,0.05677,0.3690887257427005,-1.16,0.9366666666666666,-0.6616494444444444,0.3671291217245097,-1.3763333333333334,0.2526666666666666,-10.619955555555556,41.59947009715725,-116.68,145.04333333333332,0.5309166666666655,63.237039552711536,-154.6266666666667,106.4,-1.85305,75.89632638747521,-108.40333333333332,205.75666666666663,1.087965445894447,0.1980033618842754,150.0,84.90555555555557,5.51972318344627,67.0,97.0,86.0,30.0,82.75,88.0,5.25,73.0,83.0,10.0,10.0,1.389261744966443,8.0,0.0403505340978115
one_arm_boxing,tyler,combined_augmented,/Users/vibha/COSMOS-Cluster10/labs/Cosmos-Gesture-Recognition-/data/processed/combined_augmented/sessions/tyler_one_arm_boxing_001_seg001,30.0,486210.68888888886,103376.16214791004,323188.6666666667,654070.6666666666,403806.5,573291.5,169485.0,8.205555555555554,2.0383741402898705,1.2452622328217788,1.0576645652466268,5.835555650670967,300.0,300.0,0.3992816666666667,0.4171807007194577,-0.467,1.1803333333333332,0.1310683333333333,0.2754473439916186,-0.5533333333333333,0.681,-0.7665016666666666,0.3484601394614863,-1.4173333333333331,-0.04,2.4608777777777773,31.4560229065894,-72.55333333333333,87.41333333333334,-5.685677777777779,67.95286067469088,-161.66666666666666,92.38,-0.9752722222222217,64.83254872954238,-115.11666666666667,142.98000000000002,1.0571174045637115,0.1340440243669288,149.0,87.65212527964205,2.815186513771705,80.33333333333333,92.66666666666669,88.0,12.333333333333345,86.0,89.33333333333333,3.3333333333333286,87.0,89.0,2.0,2.0,0.8828828828828824,4.333333333333329,0.029324626640063
one_arm_boxing,tyler,combined_augmented,/Users/vibha/COSMOS-Cluster10/labs/Cosmos-Gesture-Recognition-/data/processed/combined_augmented/sessions/tyler_one_arm_boxing_001_seg002,30.0,482395.8,86764.35882650672,319956.0,640159.0,524082.0,319956.0,-204126.0,8.82777777777778,2.351706761345476,1.8987383509487608,1.1916429112861988,5.721200226457518,300.0,300.0,0.4841455555555555,0.4413565216284343,-0.4733333333333333,1.0736666666666668,0.1261594444444444,0.3209433402222652,-0.8783333333333333,0.723,-0.6844638888888889,0.3641762013647131,-1.3806666666666667,-0.023,2.1365833333333337,36.19551428523547,-78.58666666666667,118.8,-7.592533333333331,63.27625305524855,-146.59666666666666,103.51,11.77223333333333,66.4792243788405,-102.98333333333332,179.3033333333333,1.0609002803947991,0.1540098928487185,150.0,87.89,1.7428697823703805,83.33333333333333,91.33333333333331,88.0,8.0,86.66666666666667,89.0,2.3333333333333286,90.5,88.0,-2.5,2.5,0.8624161073825505,3.0,-0.0065297716935568
one_arm_boxing,tyler,combined_augmented,/Users/vibha/COSMOS-Cluster10/labs/Cosmos-Gesture-Recognition-/data/processed/combined_augmented/sessions/tyler_one_arm_boxing_002_seg000,30.0,500342.3166666666,63440.1648329156,357854.0,616322.0,616322.0,464166.0,-152156.0,8.566666666666666,2.016873267654113,2.163747342299709,1.6991310500287578,7.306940009742915,300.0,300.0,0.5308766666666666,0.4494440524363075,-0.5233333333333333,1.1609999999999998,0.1426988888888889,0.305051316992347,-0.958,0.7553333333333333,-0.6439199999999999,0.3721076055141596,-1.4846666666666666,0.1943333333333333,-1.2528555555555552,35.043375103200034,-96.87666666666668,76.90666666666667,-11.100044444444448,67.01898069672242,-151.42333333333335,129.63333333333333,9.658166666666666,61.85639111632027,-82.47000000000001,189.51666666666665,1.058826996901613,0.1709727974976244,150.0,87.66222222222221,2.6001883333001814,79.0,92.33333333333331,88.33333333333333,13.333333333333329,86.0,89.58333333333334,3.583333333333343,85.5,90.5,5.0,5.0,0.8568232662192395,3.666666666666657,0.0207458109249297
one_arm_boxing,tyler,combined_augmented,/Users/vibha/COSMOS-Cluster10/labs/Cosmos-Gesture-Recognition-/data/processed/combined_augmented/sessions/tyler_one_arm_boxing_002_seg001,30.0,428832.85,67291.37676930123,305660.3333333333,537201.6666666666,342807.0,380305.5,37498.5,8.216666666666667,1.5063207021126577,1.8202190150817936,1.1023617198947169,4.5247326070924245,300.0,300.0,0.3991972222222222,0.4374831688737745,-0.6946666666666667,1.027,0.1133194444444444,0.2736570049919659,-0.7999999999999999,1.116,-0.7557055555555556,0.2988696562895224,-1.4063333333333332,-0.025,1.039038888888889,33.77666731460967,-87.85333333333334,153.34666666666666,9.552877777777775,64.5185903371173,-143.0,116.13666666666666,-11.555433333333337,57.55192331838751,-96.01333333333334,143.85666666666663,1.0398541254619873,0.1326527574382897,150.0,86.73555555555556,2.2829480615756137,82.0,91.66666666666669,86.66666666666667,9.666666666666671,85.0,88.58333333333334,3.583333333333343,89.5,86.5,-3.0,3.0,0.8076062639821031,3.0,-0.0071292057424776
one_arm_boxing,tyler,combined_augmented,/Users/vibha/COSMOS-Cluster10/labs/Cosmos-Gesture-Recognition-/data/processed/combined_augmented/sessions/tyler_one_arm_boxing_002_seg002,30.0,467565.2444444445,107009.86712371292,278443.5,637934.0,350551.5,278443.5,-72108.0,7.919444444444443,2.83239227291248,1.766917126283855,1.1347123359613305,5.860043477256476,300.0,300.0,0.2597516666666667,0.4779120079178143,-0.8730000000000001,0.9306666666666668,0.0369555555555555,0.2340260405474591,-0.7406666666666667,0.412,-0.85394,0.2146383006448376,-1.4146666666666663,-0.412,4.657044444444444,30.44840333474092,-91.58666666666666,95.82,-13.905694444444446,54.53273441457626,-214.14666666666668,85.94000000000001,10.188922222222226,66.43213298230862,-114.88333333333333,166.58,1.0515230298741696,0.1469256878045468,150.0,86.75666666666666,3.2138327746872566,81.33333333333333,93.33333333333331,86.5,12.0,84.33333333333333,89.66666666666667,5.333333333333343,84.0,91.0,7.0,7.0,0.7606263982102901,3.0,0.003914544350119
one_arm_boxing,tyler,combined_augmented,/Users/vibha/COSMOS-Cluster10/labs/Cosmos-Gesture-Recognition-/data/processed/combined_augmented/sessions/tyler_one_arm_boxing_003_seg000,30.0,477294.62777777785,68742.86169358596,345455.0,659924.0,437759.0,462761.0,25002.0,8.588888888888887,2.480939686569398,1.416004115653978,0.8120132600333505,3.7733052332595887,301.0,301.0,0.4071506090808416,0.4306439586288677,-0.5626666666666668,1.0893333333333337,0.1140376522702104,0.2853689280974116,-1.217,1.0446666666666666,-0.7562513842746401,0.3206693139341052,-1.2939999999999998,0.1313333333333333,2.023416389811738,40.49693057838243,-87.54666666666667,102.62,12.196987818383164,60.99380316837935,-133.77333333333334,133.81333333333336,-13.187679955703212,53.925797134081854,-88.02666666666666,146.51000000000002,1.0487579230963966,0.1432397734430661,150.0,87.05666666666667,2.8554282448545205,79.33333333333333,92.66666666666669,86.91666666666666,13.333333333333345,85.33333333333333,89.0,3.666666666666672,89.0,84.5,-4.5,4.5,0.7684563758389258,3.0,0.0164756952160833
one_arm_boxing,tyler,combined_augmented,/Users/vibha/COSMOS-Cluster10/labs/Cosmos-Gesture-Recognition-/data/processed/combined_augmented/sessions/tyler_one_arm_boxing_003_seg001,30.0,502288.48888888897,104987.481850077,311989.3333333333,685935.3333333334,574444.0,586014.0,11570.0,9.65,2.514204502389452,1.912837094348188,1.7054610701680717,6.570030239830169,300.0,300.0,0.2673544444444444,0.470259191650837,-0.905,1.0163333333333333,0.1050622222222222,0.3033247792119045,-1.301,0.7726666666666667,-0.8275833333333333,0.2584788452193446,-1.3866666666666667,-0.2653333333333333,-3.022522222222221,31.28515591342456,-81.83,99.16666666666669,-0.1805888888888906,74.0131453228353,-167.52333333333334,105.58,-1.0583166666666692,72.70925698407079,-91.42,176.23333333333335,1.0564576516549886,0.1768299064501879,150.0,86.98222222222222,2.789210774345243,80.33333333333333,92.5,87.5,12.166666666666671,84.375,89.33333333333333,4.958333333333329,82.0,86.5,4.5,4.5,0.7080536912751679,2.6666666666666714,0.0294721246870227
one_arm_boxing,tyler,combined_augmented,/Users/vibha/COSMOS-Cluster10/labs/Cosmos-Gesture-Recognition-/data/processed/combined_augmented/sessions/tyler_one_arm_boxing_003_seg002,30.0,469617.5944444444,77448.06264652082,334470.0,576192.3333333334,549669.0,372705.5,-176963.5,9.283333333333331,2.008846177028735,1.6331953111241917,1.477751353996509,6.158319764071547,300.0,300.0,0.4475122222222221,0.5285664372189375,-1.142,1.2113333333333334,0.2302377777777778,0.3932588843604109,-1.491666666666667,1.2656666666666665,-0.6456949999999999,0.4061854808401826,-1.5083333333333335,0.426,7.61131111111111,48.811083961188295,-105.33,164.79,-9.878799999999998,84.50100609594342,-204.6266666666667,187.09,14.00215,77.52475148919108,-122.53000000000002,242.57,1.1011784540260845,0.2379629010920187,150.0,87.5038888888889,3.640158839938413,80.16666666666667,93.66666666666669,87.5,13.5,84.33333333333333,91.29166666666666,6.958333333333329,80.75,91.5,10.75,10.75,0.8517897091722598,3.3333333333333286,0.0050504466865189
clapping,tyler,combined_augmented,/Users/vibha/COSMOS-Cluster10/labs/Cosmos-Gesture-Recognition-/data/processed/combined_augmented/sessions/tyler_clapping_001_seg000,30.0,344779.7,45166.83515123375,275662.0,446483.0,275662.0,446483.0,170821.0,6.188888888888889,1.894794689031043,1.1266858355738394,0.6907260169252437,2.8257725409791283,300.0,300.0,0.3146705555555555,0.2353992147476422,-0.6333333333333334,1.14,-0.8152688888888889,0.5357702863502254,-3.2756666666666665,0.2536666666666666,0.7376644444444445,0.7053397814088328,-1.104,2.2786666666666666,0.1659444444444437,140.1662257030064,-642.0066666666667,445.4166666666667,-19.235677777777777,109.19721109036186,-296.3566666666666,169.83666666666667,-1.4892944444444447,27.016596652393456,-55.626666666666665,67.96666666666667,1.3773245226806137,0.5007731111205808,87.0,4.553639846743295,3.15148279903376,1.0,14.0,3.6666666666666665,13.0,2.6666666666666665,5.0,2.333333333333333,13.5,2.5,-11.0,11.0,0.8372093023255812,2.333333333333333,-0.0634765862311973
clapping,tyler,combined_augmented,/Users/vibha/COSMOS-Cluster10/labs/Cosmos-Gesture-Recognition-/data/processed/combined_augmented/sessions/tyler_clapping_001_seg001,30.0,371767.1,37407.91840109474,325668.6666666667,515272.5,368346.5,515272.5,146926.0,6.855555555555556,0.9464684195131936,1.0678238298199645,0.5553756148587703,2.1939252041534347,300.0,300.0,0.2778883333333333,0.2175411164241884,-0.7033333333333333,1.028,-0.8788733333333334,0.6761868258107371,-3.4760000000000004,0.2833333333333333,0.7226433333333333,0.8058090455126705,-1.5356666666666663,1.991,1.4060388888888902,188.40950117704207,-653.2500000000001,461.17333333333335,-9.075038888888889,126.82049528220992,-338.38666666666666,233.9633333333333,0.0451888888888889,28.63454973844674,-57.67,61.02666666666666,1.4827798152493192,0.5719253859662565,91.0,3.7893772893772897,1.8169019835421736,1.0,8.666666666666666,3.333333333333333,7.666666666666666,2.5,5.0,2.5,1.5,3.0,1.5,1.5,0.8314814814814816,2.999999999999999,-0.0036603493125232
clapping,tyler,combined_augmented,/Users/vibha/COSMOS-Cluster10/labs/Cosmos-Gesture-Recognition-/data/processed/combined_augmented/sessions/tyler_clapping_001_seg002,30.0,362025.3222222222,25080.17466468261,308292.0,399129.6666666667,359663.0,308292.0,-51371.0,7.005555555555556,0.6945333276451725,1.232180435890849,0.6875211778367597,2.7523569220565864,300.0,300.0,0.3101397222222222,0.2209898308202249,-0.6056666666666667,1.035,-0.8214533333333333,0.7044306004037482,-3.5026666666666664,0.397,0.6803972222222222,0.8324696069925664,-1.376,1.9846666666666664,1.8451833333333305,168.11775547667398,-583.4233333333334,406.0666666666666,-17.025844444444445,109.65028747251615,-248.285,143.67333333333332,2.0659166666666664,33.593884197630324,-66.72,85.16,1.4565078256327018,0.5920829187710382,76.0,2.9429824561403506,2.107052115156245,1.0,9.333333333333334,2.333333333333333,8.333333333333334,1.5833333333333337,3.333333333333333,1.75,7.0,2.5,-4.5,4.5,0.7088888888888889,3.0,-0.043695602642971
clapping,tyler,combined_augmented,/Users/vibha/COSMOS-Cluster10/labs/Cosmos-Gesture-Recognition-/data/processed/combined_augmented/sessions/tyler_clapping_002_seg000,30.0,373691.6777777778,29799.96819417683,286825.0,415438.3333333333,286825.0,407384.0,120559.0,6.75,1.555605157939317,1.136601722489884,0.5843298594665509,2.132817494448924,300.0,300.0,0.2850894444444444,0.2436641006048278,-0.5870000000000001,1.078,-0.8310327777777778,0.7627290069014205,-3.469,0.6475,0.6455822222222222,0.8952421051079003,-1.515,1.9266666666666663,-2.4202222222222227,184.165418716955,-616.9,414.3216666666667,-15.558266666666665,112.51867818703931,-282.34833333333336,132.44,0.1432833333333331,31.392412349744465,-50.943333333333335,77.54,1.491435817077086,0.6378661590914588,65.0,2.928205128205128,1.2282727083811016,1.0,5.5,2.6666666666666665,4.5,2.0,4.0,2.0,3.5,3.5,0.0,0.0,0.8489583333333333,2.0,0.0023601398601398
clapping,tyler,combined_augmented,/Users/vibha/COSMOS-Cluster10/labs/Cosmos-Gesture-Recognition-/data/processed/combined_augmented/sessions/tyler_clapping_002_seg001,30.0,389453.2888888888,25300.44959214541,349685.0,433698.3333333333,407710.5,349905.0,-57805.5,7.494444444444443,1.0022967451968,0.8636500228952055,0.4251274053958762,1.7690068058106898,300.0,300.0,0.2832994444444444,0.2262889534338638,-0.378,1.202,-0.8645538888888887,0.8027383205395482,-3.888333333333333,0.5826666666666667,0.6716516666666666,0.9172257323728176,-1.4983333333333333,2.129,11.653761111111113,164.57992361027803,-672.5666666666667,480.25666666666666,-12.501244444444444,121.00477254513696,-300.12333333333333,158.57666666666665,1.427227777777778,35.65558942612004,-83.12333333333333,81.46333333333332,1.5320463273665088,0.68451483547841,109.0,4.92354740061162,2.4499772423990134,1.0,10.333333333333334,4.666666666666667,9.333333333333334,2.6666666666666665,6.666666666666667,4.0,4.5,2.5,-2.0,2.0,1.0956790123456788,2.666666666666667,-0.0149136626200846
clapping,tyler,combined_augmented,/Users/vibha/COSMOS-Cluster10/labs/Cosmos-Gesture-Recognition-/data/processed/combined_augmented/sessions/tyler_clapping_002_seg002,30.0,381318.3555555556,25039.017038589303,331125.0,437751.3333333333,402160.0,331125.0,-71035.0,6.822222222222223,0.9097550884648322,1.0621065898185769,0.5628996364486802,2.3445101444241856,300.0,300.0,0.2996788888888889,0.230984709545963,-0.6263333333333333,1.0893333333333333,-0.8660172222222222,0.7637087180128476,-3.707,0.753,0.6147283333333333,0.8740547752501279,-2.2795,1.8733333333333333,4.408805555555555,167.4073474212392,-586.15,369.7433333333333,-5.846711111111111,108.450878013444,-335.77833333333336,176.43,-1.155166666666667,29.88741807604092,-69.70333333333333,74.11999999999999,1.4832636046729055,0.6466760863346503,76.0,3.0153508771929824,1.2505339989984567,1.0,7.0,3.0,6.0,2.0,3.6666666666666665,1.6666666666666663,1.0,4.0,3.0,3.0,0.6488888888888888,2.0,0.0134358623832308
clapping,tyler,combined_augmented,/Users/vibha/COSMOS-Cluster10/labs/Cosmos-Gesture-Recognition-/data/processed/combined_augmented/sessions/tyler_clapping_003_seg000,30.0,369871.6388888889,23545.274918212966,330910.0,427245.0,330910.0,376954.5,46044.5,6.361111111111112,1.1895247520764205,1.245451640807128,0.8160360653474905,3.5818109253429857,300.0,300.0,0.3023961111111111,0.2208061728447781,-0.6699999999999999,1.0393333333333334,-0.837935,0.6357638113726919,-3.1407777777777777,0.497,0.5921266666666668,0.8452890093610007,-1.5576666666666668,1.859333333333333,-1.3216555555555496,159.4731047174769,-559.77,383.8333333333333,-14.72432222222222,120.48686796548914,-306.03,140.48,-0.8354000000000004,30.36251684822124,-64.03,78.58666666666666,1.4173859779186138,0.5501581139832337,100.0,3.226666666666667,1.4369502559794378,1.0,8.0,3.0,7.0,2.0,4.333333333333333,2.333333333333333,1.5,3.0,1.5,1.5,0.6481481481481483,2.333333333333333,-0.008000800080008
clapping,tyler,combined_augmented,/Users/vibha/COSMOS-Cluster10/labs/Cosmos-Gesture-Recognition-/data/processed/combined_augmented/sessions/tyler_clapping_003_seg001,30.0,392188.05,32183.41055189972,337310.0,457510.6666666667,337310.0,355692.0,18382.0,7.5361111111111105,0.9707965737755366,0.80107063317211,0.4687851323833623,1.9631908867944123,300.0,300.0,0.3004711111111111,0.2234381971629746,-0.5313333333333334,1.2616666666666667,-0.8250127777777778,0.6376420387244418,-3.2753333333333337,0.8039999999999999,0.5783550000000001,0.8308977066420291,-1.5153333333333334,1.8636666666666668,-3.86265,159.195873751163,-579.4866666666667,347.41333333333336,-12.635972222222223,112.32074251837396,-245.505,150.40666666666667,0.2437333333333331,31.91969003706368,-83.41666666666667,81.77,1.3981385548362422,0.5454677405836763,105.0,3.16031746031746,1.3104861044184444,1.0,6.333333333333333,3.0,5.333333333333333,2.0,4.333333333333333,2.333333333333333,3.0,5.0,2.0,2.0,0.6506410256410255,2.333333333333333,-0.0093285645172437
clapping,tyler,combined_augmented,/Users/vibha/COSMOS-Cluster10/labs/Cosmos-Gesture-Recognition-/data/processed/combined_augmented/sessions/tyler_clapping_003_seg002,30.0,365564.1055555556,35763.767545688,308471.0,438815.0,346550.0,308471.0,-38079.0,6.783333333333333,1.1079909895490172,1.0300002519919815,0.3908040153664118,1.966207993976706,300.0,300.0,0.3255427777777778,0.2481555727011874,-0.6666666666666666,1.1716666666666666,-0.8239127777777778,0.6762028619957892,-3.0853333333333333,0.5656666666666667,0.5696011111111111,0.9073010059591048,-1.6843333333333332,1.9786666666666664,2.5766000000000044,161.50538949066868,-540.4499999999999,360.68666666666667,-13.794083333333337,123.70689052892584,-328.61999999999995,181.48,0.88365,32.10450465770168,-62.56333333333333,77.72000000000001,1.4427945729039149,0.607968935041209,110.0,3.1833333333333336,1.6822504532270126,1.0,9.0,3.0,8.0,2.0,3.6666666666666665,1.6666666666666663,6.5,4.5,-2.0,2.0,0.6381243628950053,2.6666666666666665,-0.0059456453951866
two_arm_boxing,tyler,combined_augmented,/Users/vibha/COSMOS-Cluster10/labs/Cosmos-Gesture-Recognition-/data/processed/combined_augmented/sessions/tyler_two_arm_boxing_001_seg000,30.0,631519.3666666666,131155.74994868733,376425.0,819557.0,376425.0,819557.0,443132.0,9.333333333333334,1.847420624265888,2.0684581607797003,1.203304578521003,5.239200188942252,300.0,300.0,0.6180844444444445,0.392558703676404,-0.4616666666666666,1.3283333333333334,-0.2527483333333333,0.6166260395753713,-2.169666666666666,1.4373333333333334,-0.4464022222222221,0.314989416157683,-1.4473333333333331,0.3263333333333333,-9.359822222222222,50.07775350361072,-159.79333333333332,98.16666666666669,5.8458055555555575,47.63940463416159,-128.77666666666667,78.66666666666666,-17.505105555555552,106.82602204405713,-175.42,231.26,1.0932794348420711,0.2889177437077538,146.0,45.88356164383562,12.924638834671123,22.55555555555556,81.16666666666667,43.5,58.61111111111112,35.75,53.58333333333333,17.83333333333333,34.0,39.5,5.5,5.5,2.765134099616858,17.333333333333336,0.0200977509567832
two_arm_boxing,tyler,combined_augmented,/Users/vibha/COSMOS-Cluster10/labs/Cosmos-Gesture-Recognition-/data/processed/combined_augmented/sessions/tyler_two_arm_boxing_001_seg001,30.0,656676.7,75866.04037636193,504090.0,776806.0,692946.5,702388.0,9441.5,10.32777777777778,1.834082338580076,1.9421280167079151,1.1992649520817569,5.103885299920808,300.0,300.0,0.4552583333333334,0.3530648433701254,-0.84,0.9093333333333334,-0.0497772222222221,1.0194554331074428,-3.082666666666667,3.0536666666666665,-0.2483755555555555,0.4843783259619781,-1.4910000000000003,1.3819999999999997,7.1162222222222224,48.05870447948959,-135.64333333333332,153.27666666666667,-8.609716666666667,62.79709390364968,-153.26666666666665,118.78,3.061622222222221,153.87508552760465,-259.2333333333333,360.84,1.1784663406687994,0.5302942096683774,150.0,49.126666666666665,15.067356599594,23.33333333333333,73.66666666666667,47.333333333333336,50.33333333333334,36.0,64.91666666666667,28.91666666666667,43.0,27.0,-16.0,16.0,2.302013422818792,16.333333333333336,0.0406459546350206
two_arm_boxing,tyler,combined_augmented,/Users/vibha/COSMOS-Cluster10/labs/Cosmos-Gesture-Recognition-/data/processed/combined_augmented/sessions/tyler_two_arm_boxing_001_seg002,30.0,664013.438888889,100639.78417337676,478971.5,873991.6666666666,771568.5,619393.5,-152175.0,9.78888888888889,2.1177964322368337,1.4394264333150837,0.7835169879335788,3.1511803837878523,301.0,301.0,0.512671650055371,0.3564989541535286,-0.9096666666666668,1.0726666666666669,0.0146029900332225,0.9737895590439356,-2.436,2.9546666666666663,-0.3014152823920266,0.4512652782455777,-1.895,1.0316666666666667,-0.0578239202657798,65.79980910417457,-193.03,258.52,-8.367425249169434,62.24153074328802,-178.39,132.91666666666666,3.62622369878184,154.2052362784945,-220.8333333333333,332.1933333333333,1.1683890796423713,0.5174568195375595,150.0,48.92777777777778,16.637742425884504,24.0,77.66666666666667,44.0,53.66666666666667,33.75,66.25,32.5,24.0,59.0,35.0,35.0,1.9686800894854588,8.666666666666664,0.1688528379039067
two_arm_boxing,tyler,combined_augmented,/Users/vibha/COSMOS-Cluster10/labs/Cosmos-Gesture-Recognition-/data/processed/combined_augmented/sessions/tyler_two_arm_boxing_002_seg000,30.0,709643.4555555555,98892.0753269454,496513.3333333333,871114.6666666666,776600.0,743440.5,-33159.5,9.758333333333336,1.5462544350066638,1.4995429337612742,0.9516987335815532,4.027926066014828,300.0,300.0,0.3838716666666666,0.3559291497643241,-1.231666666666667,0.906,-0.0463594444444445,1.162814142566018,-3.592,3.814666666666666,-0.1896355555555555,0.3874417085841653,-1.38,1.238,7.575161111111111,59.0510433790121,-159.03333333333333,241.21,-7.804766666666665,48.59479038132395,-141.84666666666666,102.06333333333332,-1.467883333333334,187.1655039002452,-286.53666666666663,444.2466666666666,1.1819739114864398,0.6460180635315598,150.0,42.60333333333333,12.818655280162892,21.666666666666668,70.33333333333333,42.333333333333336,48.66666666666666,31.33333333333333,53.75,22.416666666666668,23.5,29.0,5.5,5.5,2.034675615212528,11.666666666666664,0.0325054446864303
two_arm_boxing,tyler,combined_augmented,/Users/vibha/COSMOS-Cluster10/labs/Cosmos-Gesture-Recognition-/data/processed/combined_augmented/sessions/tyler_two_arm_boxing_002_seg001,30.0,653605.3277777776,115640.36100622069,456563.3333333333,893410.3333333334,661485.5,547113.0,-114372.5,10.530555555555557,1.6102224560676983,1.739814610451735,1.2422965868887954,4.835347108851145,300.0,300.0,0.3983022222222222,0.3448283842546235,-1.0126666666666666,1.0246666666666666,0.0597505555555555,1.1255781597898866,-2.6503333333333337,3.660333333333334,-0.2048555555555555,0.4536049413746572,-1.9866666666666664,1.2153333333333334,0.2796333333333329,61.32589634421262,-225.15666666666667,205.25666666666663,-5.194761111111112,65.25480726841032,-177.9333333333333,101.78000000000002,7.127077777777776,176.7489252498559,-293.44666666666666,389.6933333333333,1.203375455536762,0.5896256032374886,150.0,44.15555555555556,14.801377823819983,23.33333333333333,72.0,40.16666666666667,48.66666666666667,29.833333333333336,59.25,29.416666666666664,28.5,40.5,12.0,12.0,2.1879194630872485,13.666666666666671,0.0913528008652235
two_arm_boxing,tyler,combined_augmented,/Users/vibha/COSMOS-Cluster10/labs/Cosmos-Gesture-Recognition-/data/processed/combined_augmented/sessions/tyler_two_arm_boxing_002_seg002,30.0,676366.1777777778,141118.88043936266,421457.5,1045605.0,659372.5,421457.5,-237915.0,9.9,1.4431190500414692,1.785425452838588,1.4578462019691365,4.805442027017323,299.0,299.0,0.3633494983277592,0.4075156837879901,-1.5446666666666664,0.794,-0.0017965440356744,1.1802631605503526,-3.185666666666666,3.332333333333333,-0.1590284280936454,0.4936522277611474,-2.091,1.797,1.424464882943143,70.38067936119104,-235.09666666666664,263.05,-10.11919732441472,60.58119385157766,-156.37,119.46999999999998,1.061231884057962,192.9198958066426,-293.30333333333334,481.9666666666667,1.2446714188960777,0.6410084773930151,150.0,44.34444444444444,15.056544073257465,21.0,75.0,40.66666666666666,54.0,31.416666666666664,57.81944444444444,26.40277777777778,34.0,48.5,14.5,14.5,2.1569724086502613,16.000000000000007,0.0923768463783574
two_arm_boxing,tyler,combined_augmented,/Users/vibha/COSMOS-Cluster10/labs/Cosmos-Gesture-Recognition-/data/processed/combined_augmented/sessions/tyler_two_arm_boxing_003_seg000,30.0,674983.6888888888,74088.8640036001,511268.3333333333,831602.0,671364.0,670897.5,-466.5,11.03888888888889,1.367400435358013,1.669114021041736,0.8132272132632877,3.462766736727851,300.0,300.0,0.3799333333333333,0.4332058596693399,-1.0865,1.1546666666666667,-0.1054966666666666,1.217264892404718,-2.906,3.965666666666667,-0.1263416666666666,0.4050028765615723,-1.6146666666666665,1.4088333333333332,2.9201833333333336,86.03464880077064,-301.19666666666666,279.13000000000005,-11.300066666666668,57.89574363469282,-180.57666666666668,154.36333333333332,-1.1397277777777846,198.27757371733057,-325.3366666666667,410.83,1.250165906943394,0.6647967896012564,149.0,40.20805369127517,11.573013843183425,20.666666666666668,60.0,37.333333333333336,39.33333333333333,31.33333333333333,53.0,21.666666666666668,56.0,53.0,-3.0,3.0,1.8085585585585584,8.666666666666664,-0.0982441501904587
two_arm_boxing,tyler,combined_augmented,/Users/vibha/COSMOS-Cluster10/labs/Cosmos-Gesture-Recognition-/data/processed/combined_augmented/sessions/tyler_two_arm_boxing_003_seg001,30.0,730775.2166666668,90179.0175572432,526862.5,965877.0,745776.0,965877.0,220101.0,10.183333333333335,1.6801399853495451,1.341519705971172,0.7937443944551136,2.819964989517603,300.0,300.0,0.413655,0.4231261592281292,-1.112,1.1649999999999998,-0.0736622222222222,1.1011294305203292,-2.2166666666666663,3.2936666666666667,-0.080005,0.3233464070567067,-1.6425,1.281,3.611694444444443,101.7990201705973,-300.83,389.15333333333336,-6.982550000000001,55.032301388360565,-137.85333333333332,186.45666666666668,-13.035424999999996,180.3779056650217,-265.94000000000005,472.4166666666667,1.1888617552864074,0.515383136305111,150.0,39.46111111111111,12.02813964939319,19.33333333333333,63.333333333333336,39.16666666666667,44.0,28.0,50.16666666666667,22.16666666666667,55.5,27.5,-28.0,28.0,1.7225950782997763,6.333333333333332,-0.1177637524630725
two_arm_boxing,tyler,combined_augmented,/Users/vibha/COSMOS-Cluster10/labs/Cosmos-Gesture-Recognition-/data/processed/combined_augmented/sessions/tyler_two_arm_boxing_003_seg002,30.0,582137.6444444444,77011.61616744404,432200.0,716527.0,683788.5,432200.0,-251588.5,10.383333333333333,1.375143090197714,1.8567898069337825,1.1104586190314372,4.976724911596119,300.0,300.0,0.2961922222222222,0.4687997041798284,-1.350666666666667,1.2123333333333333,-0.1422822222222222,1.305103289930592,-3.8136666666666654,3.960666666666667,-0.0373944444444444,0.3853092520055416,-1.578,1.783,8.73142222222222,101.84127085293196,-349.02666666666664,543.11,-17.040966666666666,46.61302923947735,-110.7,198.58666666666667,-11.013177777777775,209.8036259867296,-364.0866666666666,492.69,1.2718166135563278,0.7505903602702835,150.0,39.76,9.948061573718183,22.666666666666668,55.66666666666666,38.66666666666666,33.0,31.666666666666668,50.58333333333333,18.91666666666666,44.5,28.5,-16.0,16.0,1.3661446681580909,6.333333333333336,-0.0671372060980489
soli,tyler,combined_augmented,/Users/vibha/COSMOS-Cluster10/labs/Cosmos-Gesture-Recognition-/data/processed/combined_augmented/sessions/tyler_soli_001_seg000,30.0,355681.9722222222,33623.64059050437,314102.6666666667,441463.0,427670.5,323111.5,-104559.0,5.905555555555555,1.670929733064651,1.219951115719958,0.8097620717641895,3.57983544229012,300.0,300.0,0.3529755555555555,0.1364862876152615,0.0281666666666666,0.7106666666666666,-0.8705472222222221,0.1445446064493615,-1.352,-0.4046666666666667,0.3320505555555556,0.1604700934462177,-0.026,0.6233333333333334,6.5533166666666665,46.65619025360059,-107.02,135.30666666666664,-0.0703999999999998,26.696039092858094,-93.97666666666667,85.21666666666665,2.5364722222222222,22.55781451213843,-50.703333333333326,69.36,1.0220422605868105,0.1157743443478306,150.0,61.80055555555555,2.5172206426648054,56.66666666666666,68.33333333333333,61.5,11.666666666666664,60.333333333333336,63.0,2.6666666666666643,67.5,60.25,-7.25,7.25,0.8204697986577183,3.0,-0.026464435456391
soli,tyler,combined_augmented,/Users/vibha/COSMOS-Cluster10/labs/Cosmos-Gesture-Recognition-/data/processed/combined_augmented/sessions/tyler_soli_001_seg001,30.0,310479.4,33049.73777756679,273414.0,400479.3333333333,294543.0,297030.0,2487.0,3.7277777777777774,1.5518706354383418,2.1694326756983893,1.5811242464457265,5.7112569803892,300.0,300.0,0.3486527777777777,0.0737595092042054,0.146,0.544,-0.8539827777777779,0.1401987160468056,-1.2633333333333334,-0.5703333333333332,0.4102205555555556,0.0816608101156537,0.227,0.6320000000000001,1.2127444444444448,50.315137471588976,-101.84,140.02,0.6671500000000001,27.295204538344304,-56.49,73.48,-0.9244166666666664,21.05975047189612,-44.51666666666667,61.086666666666666,1.0170864254677003,0.1281642875797205,150.0,62.41777777777777,1.570579941367107,58.0,66.0,62.58333333333333,8.0,61.333333333333336,63.66666666666666,2.3333333333333286,59.5,58.0,-1.5,1.5,0.5872483221476507,2.3333333333333286,-0.0005363201327468
soli,tyler,combined_augmented,/Users/vibha/COSMOS-Cluster10/labs/Cosmos-Gesture-Recognition-/data/processed/combined_augmented/sessions/tyler_soli_001_seg002,30.0,306733.9166666667,26453.61833049428,269759.6666666667,354786.0,331916.5,280218.5,-51698.0,4.388888888888889,1.2249968505880404,1.7793946986063414,1.1793786973632878,4.676581452866637,300.0,300.0,0.2920644444444444,0.0587553706782545,0.174,0.4673333333333333,-0.8349533333333334,0.1131243959272687,-1.2076666666666669,-0.6141666666666666,0.4794955555555555,0.0879903492697298,0.0956666666666666,0.7133333333333334,-0.5741277777777782,41.85334384922734,-87.48333333333333,122.71333333333337,0.483427777777778,21.107419232309944,-56.31666666666666,49.85666666666666,1.9421111111111111,15.770432505596675,-39.14666666666667,51.13,1.012177968943815,0.108867256957489,150.0,61.647777777777776,1.621611108371119,57.5,65.66666666666667,61.5,8.166666666666671,60.54166666666666,62.66666666666666,2.125,57.5,63.0,5.5,5.5,0.6103653989560028,2.333333333333336,0.0203259404121662
soli,tyler,combined_augmented,/Users/vibha/COSMOS-Cluster10/labs/Cosmos-Gesture-Recognition-/data/processed/combined_augmented/sessions/tyler_soli_002_seg000,30.0,305796.8166666667,37122.63537530782,255510.5,403096.0,255510.5,283019.0,27508.5,3.5333333333333328,2.3626726862225804,1.6509494523281902,1.2468507268875475,4.3593130580126775,300.0,300.0,0.2792044444444445,0.0785226033144324,-0.0029999999999999,0.5586666666666666,-0.8561950000000002,0.1086542785755709,-1.134,-0.5546666666666668,0.4442783333333333,0.081993478296938,0.2256666666666666,0.6346666666666666,-0.4714611111111115,28.424369600885555,-60.85999999999999,87.93333333333334,1.3755944444444443,24.28632811641392,-66.62833333333333,60.59,0.2680166666666664,16.440401023024663,-36.71333333333333,45.333333333333336,1.0112404469040042,0.102447439229341,150.0,59.62555555555555,4.137996966090549,52.0,67.0,59.333333333333336,15.0,56.41666666666667,63.58333333333333,7.166666666666657,64.5,58.5,-6.0,6.0,0.6756152125279643,2.6666666666666714,-0.0493133028134584
soli,tyler,combined_augmented,/Users/vibha/COSMOS-Cluster10/labs/Cosmos-Gesture-Recognition-/data/processed/combined_augmented/sessions/tyler_soli_002_seg001,30.0,284161.43611111114,14522.146153338614,268288.3333333333,326503.6666666667,289715.5,282104.75,-7610.75,2.188888888888889,0.6465482900433847,1.3464840169927657,1.59611547362631,4.680003833061103,299.0,299.0,0.2768567447045708,0.0568868383703493,0.1513333333333333,0.4506666666666666,-0.8452920847268675,0.0903170492389894,-1.0476666666666663,-0.473,0.475211259754738,0.0850576896933602,0.2406666666666666,0.761,0.5066555183946488,31.26227830970124,-61.91,90.12,-0.9332552954292084,22.09636974277884,-60.91666666666666,50.45666666666667,1.3584782608695651,18.707959679820213,-94.27333333333333,44.85666666666666,1.0138105086224922,0.0883767612756789,150.0,61.01888888888888,1.5905021716452072,57.333333333333336,66.33333333333333,61.0,8.999999999999993,60.0,62.0,2.0,57.5,60.5,3.0,3.0,0.7061894108873975,2.333333333333336,0.0054577240469943
soli,tyler,combined_augmented,/Users/vibha/COSMOS-Cluster10/labs/Cosmos-Gesture-Recognition-/data/processed/combined_augmented/sessions/tyler_soli_002_seg002,30.0,283505.7166666667,10326.785783344818,261672.0,309799.6666666667,283809.0,276717.0,-7092.0,2.316666666666667,0.4245913067618999,1.002904800139152,1.98331007027949,7.135459317741373,300.0,300.0,0.2604916666666667,0.0556955453156185,0.0583333333333333,0.4063333333333334,-0.8681572222222221,0.0933836769168261,-1.0976666666666668,-0.6356666666666667,0.4510622222222221,0.0933144334744106,0.1863333333333333,0.659,-0.6937333333333333,30.55604144496636,-81.52666666666666,65.26666666666667,0.0661944444444443,29.22950663743312,-65.27666666666667,87.47666666666667,0.2763722222222221,15.559874362794073,-38.36000000000001,33.419999999999995,1.0198574894808694,0.0736938853797992,150.0,60.36111111111111,1.3474389033680596,57.66666666666666,64.0,60.333333333333336,6.333333333333336,59.333333333333336,61.0,1.6666666666666643,61.0,60.5,-0.5,0.5,0.6856823266219236,2.333333333333336,-0.0022937315732553
soli,tyler,combined_augmented,/Users/vibha/COSMOS-Cluster10/labs/Cosmos-Gesture-Recognition-/data/processed/combined_augmented/sessions/tyler_soli_003_seg000,30.0,273328.6222222222,10259.640894637278,259153.3333333333,298824.6666666667,273101.0,266708.0,-6393.0,1.227777777777778,0.9254461720078326,1.6480348663993614,1.8991036594718769,6.198130514905911,299.0,299.0,0.2564732441471572,0.0540577715728131,0.114,0.4456666666666666,-0.8370735785953177,0.0872854875880767,-1.0663333333333334,-0.608,0.5182569676700113,0.0694529788919127,0.3483333333333333,0.7073333333333333,-0.803974358974359,31.095461640286526,-81.29,61.88,0.6198885172798215,23.70087931396492,-42.470000000000006,70.09,-1.7737458193979934,15.228685542769416,-39.44,22.536666666666665,1.0228821883546797,0.0643251857273905,150.0,60.12,2.7408664676135888,54.333333333333336,67.66666666666667,59.66666666666666,13.333333333333336,58.333333333333336,61.833333333333336,3.5,57.0,57.5,0.5,0.5,0.8378076062639818,3.333333333333336,0.0104585388980249
soli,tyler,combined_augmented,/Users/vibha/COSMOS-Cluster10/labs/Cosmos-Gesture-Recognition-/data/processed/combined_augmented/sessions/tyler_soli_003_seg001,30.0,268977.88333333336,7364.105350624243,256306.5,287780.3333333333,256306.5,265938.0,9631.5,1.5055555555555555,0.7917202710896829,2.5897300453080385,2.23045563608978,7.165596908027832,301.0,301.0,0.2803139534883721,0.0424708815788578,0.1166666666666666,0.42,-0.8341716500553709,0.0819106834981995,-1.018333333333333,-0.5680000000000001,0.4947447397563677,0.0687988075276414,0.3253333333333333,0.699,-0.3402491694352158,29.053252680261416,-65.26,61.00666666666666,-2.3438815060908085,20.43980212191234,-68.95333333333333,47.135000000000005,0.7828460686600219,14.053491391350116,-32.54666666666667,46.31666666666666,1.0139701176538778,0.0655867674795126,150.0,59.47666666666667,2.6859024559077755,53.5,65.0,59.5,11.5,57.333333333333336,61.66666666666666,4.333333333333329,53.5,62.0,8.5,8.5,0.7058165548098435,3.0,0.0525887076462656
soli,tyler,combined_augmented,/Users/vibha/COSMOS-Cluster10/labs/Cosmos-Gesture-Recognition-/data/processed/combined_augmented/sessions/tyler_soli_003_seg002,30.0,306574.1814814816,24399.127289737426,248441.0,352382.6666666667,291616.3333333334,248441.0,-43175.33333333337,4.827777777777778,1.801996492234292,1.450707319853424,1.1874320699266836,5.544059100583503,300.0,300.0,0.3191227777777778,0.051232746947374,0.19,0.508,-0.8389711111111112,0.0799342814480575,-1.038333333333333,-0.6206666666666666,0.4720366666666666,0.0907229198290295,0.2353333333333333,0.6643333333333333,-1.6772388888888894,29.237476202013443,-82.24,63.79333333333333,1.9919111111111112,25.230279771856928,-45.53,79.69333333333333,-0.5694999999999999,19.72540483248837,-64.75,36.330000000000005,1.020254754808596,0.0696825260488009,150.0,61.38222222222223,2.459632835669534,56.0,69.66666666666667,61.16666666666667,13.666666666666671,60.0,62.66666666666666,2.6666666666666643,62.5,63.5,1.0,1.0,0.8344519015659955,3.333333333333336,0.0176831562884275
palm_up_down,tyler,combined_augmented,/Users/vibha/COSMOS-Cluster10/labs/Cosmos-Gesture-Recognition-/data/processed/combined_augmented/sessions/tyler_palm_up_down_001_seg000,30.0,356492.5777777778,37024.17824255581,280099.3333333333,426935.0,339500.5,346199.0,6698.5,5.111111111111112,1.5630770539366283,2.386043576726128,2.1940738239670385,8.304970735101067,299.0,299.0,0.1050880713489409,0.6435405033563044,-0.7123333333333334,1.022333333333333,-0.1047692307692307,0.2967174988657568,-0.5366666666666667,0.4003333333333334,-0.6177831661092531,0.3372610842028185,-1.0796666666666666,-0.0166666666666666,1.7437792642140464,37.01825130347235,-76.75,88.12,-18.49521181716834,168.1563315345726,-350.6366666666667,274.50333333333333,10.851256967670007,79.96058575845021,-134.38333333333333,213.3766666666667,1.0038081095607445,0.1094353986366862,150.0,74.60333333333334,9.38719771292174,62.66666666666666,97.33333333333331,70.33333333333333,34.666666666666664,68.33333333333333,79.83333333333333,11.5,92.0,70.0,-22.0,22.0,0.9686800894854588,4.0,-0.0731377690860339
palm_up_down,tyler,combined_augmented,/Users/vibha/COSMOS-Cluster10/labs/Cosmos-Gesture-Recognition-/data/processed/combined_augmented/sessions/tyler_palm_up_down_001_seg001,30.0,344002.1444444444,46453.38893172487,278669.3333333333,450100.6666666667,383430.0,315809.5,-67620.5,4.261111111111111,1.565651759523415,2.6624655636207364,2.747548304887548,9.470121650009265,301.0,301.0,0.2746439645625692,0.6439500446216211,-0.6976666666666667,1.1793333333333331,-0.0157984496124031,0.3254306893494533,-0.644,0.4773333333333333,-0.5327691029900332,0.3563454659632394,-1.071,0.0273333333333333,-0.0260409745293467,42.870026812208295,-102.85666666666668,108.48333333333332,-13.716035437430786,170.54436002790493,-397.77,304.49,6.714856035437432,82.79404492155041,-134.14,243.8,0.9950044518150102,0.1305635511968147,149.0,75.73042505592842,8.4678910699454,63.66666666666666,92.66666666666669,72.0,29.000000000000007,69.33333333333333,82.66666666666667,13.333333333333345,70.5,71.0,0.5,0.5,1.0349099099099104,5.0,-0.0433889594292273
palm_up_down,tyler,combined_augmented,/Users/vibha/COSMOS-Cluster10/labs/Cosmos-Gesture-Recognition-/data/processed/combined_augmented/sessions/tyler_palm_up_down_001_seg002,30.0,362089.03888888896,57205.421970423646,280549.5,515383.0,280549.5,362758.0,82208.5,5.183333333333334,1.4696623446926194,1.9803251251547624,1.7759416099820524,7.25168209140602,299.0,299.0,0.4899960981047936,0.515608506923417,-0.4785,1.142,-0.003278149386845,0.3105384534889083,-0.711,0.4283333333333333,-0.4859230769230769,0.3990409452493298,-1.146,0.0513333333333333,0.5005239687848388,35.20223330149513,-76.72333333333333,108.13666666666666,24.52591415830546,142.83572500114923,-349.195,283.52666666666664,-11.201142697881831,76.29426229663206,-145.01333333333332,181.4033333333333,0.9936050545349364,0.1024553278404714,150.0,75.28,5.91779127226812,61.66666666666666,86.66666666666667,74.33333333333333,25.000000000000007,70.66666666666667,81.0,10.333333333333329,70.0,73.5,3.5,3.5,1.036912751677853,4.166666666666664,0.0288101693408591
palm_up_down,tyler,combined_augmented,/Users/vibha/COSMOS-Cluster10/labs/Cosmos-Gesture-Recognition-/data/processed/combined_augmented/sessions/tyler_palm_up_down_002_seg000,30.0,341956.4666666667,46591.687793739125,264399.0,441038.6666666667,295491.0,318689.0,23198.0,3.861111111111112,1.7149038053862948,2.324187792027117,2.322562529201486,7.253774046450236,300.0,300.0,0.3635366666666667,0.5435452712955349,-0.4246666666666667,1.2246666666666666,0.0220738888888888,0.3344838233911932,-0.681,0.5183333333333334,-0.5499622222222222,0.4517452070485729,-1.1436666666666666,0.104,4.426872222222222,47.02830582709744,-91.22666666666667,249.1533333333333,-2.941788888888884,184.57654207512664,-490.35,388.96,2.4618277777777773,93.0936045653233,-211.39,262.40000000000003,1.0132598090250362,0.1407259464968269,150.0,79.64888888888888,5.818121638334735,70.66666666666667,89.66666666666667,78.0,19.0,74.33333333333333,86.58333333333334,12.250000000000014,74.0,74.0,0.0,0.0,0.939597315436242,3.666666666666672,-0.001684223002504
palm_up_down,tyler,combined_augmented,/Users/vibha/COSMOS-Cluster10/labs/Cosmos-Gesture-Recognition-/data/processed/combined_augmented/sessions/tyler_palm_up_down_002_seg001,30.0,351849.1388888889,38708.849020870206,268075.5,412610.0,268075.5,367242.0,99166.5,5.061111111111112,1.2175288675057674,1.6997851760133973,1.4178081654378516,5.649462553749716,300.0,300.0,0.2968438888888889,0.5723134499390808,-0.4963333333333333,1.377,0.0295711111111111,0.353740402776356,-0.551,0.5599999999999999,-0.5157333333333334,0.5028870898971112,-1.17,0.243,-3.811961111111112,43.01803965819076,-162.57333333333335,114.675,3.0757944444444547,199.361214236938,-533.9,353.3233333333333,3.7967888888888863,92.81297873174384,-152.91666666666666,263.22,1.0154701019665118,0.171354809763236,150.0,78.99222222222222,7.112296665481379,70.5,95.33333333333331,75.33333333333333,24.83333333333333,73.33333333333333,85.0,11.666666666666671,70.5,74.0,3.5,3.5,0.8355704697986579,3.666666666666672,0.0145698327333064
palm_up_down,tyler,combined_augmented,/Users/vibha/COSMOS-Cluster10/labs/Cosmos-Gesture-Recognition-/data/processed/combined_augmented/sessions/tyler_palm_up_down_002_seg002,30.0,375068.68333333335,48786.24558986223,292478.3333333333,465684.3333333333,335296.5,294625.0,-40671.5,4.522222222222224,1.734045437768836,2.192242676600769,1.6040226947110805,5.2407478930487565,300.0,300.0,0.2803761111111111,0.5634116841664246,-0.5253333333333333,1.1546666666666667,0.098205,0.3153756802499314,-0.3793333333333333,0.5720000000000001,-0.55981,0.4906517226853219,-1.1713333333333331,0.1513333333333333,-3.216438888888889,31.93942260231563,-118.48,90.28333333333332,3.124405555555562,196.4845823945189,-516.0766666666667,425.44000000000005,4.8988944444444495,96.77101025353984,-231.81000000000003,271.56666666666666,1.017917053411552,0.1520550975901886,150.0,77.89444444444445,5.245374250858416,70.0,87.5,75.5,17.5,73.66666666666667,83.79166666666666,10.124999999999986,73.0,74.0,1.0,1.0,0.7449664429530197,3.0,-0.0235912707231434
palm_up_down,tyler,combined_augmented,/Users/vibha/COSMOS-Cluster10/labs/Cosmos-Gesture-Recognition-/data/processed/combined_augmented/sessions/tyler_palm_up_down_003_seg000,30.0,342975.0416666667,52814.90418755071,258303.0,469361.3333333333,266116.5,327872.75,61756.25,4.394444444444445,1.5488845050153168,1.1587745793063984,0.9613807107571172,3.594531127295336,300.0,300.0,0.2895716666666667,0.6197733254638195,-0.8006666666666667,1.3629999999999998,0.0697772222222222,0.3044327309683972,-0.5495000000000001,0.57,-0.5443555555555556,0.4490800104685903,-1.3836666666666666,0.045,0.6550944444444443,34.7186786041882,-82.95,177.9766666666667,1.3593000000000028,201.8836763503484,-643.9399999999999,358.29,4.60111666666667,99.8313447352644,-139.19666666666666,316.4866666666667,1.013662588512467,0.1897441878830282,148.0,76.52927927927927,4.919292554336804,68.0,88.5,75.16666666666666,20.5,72.66666666666667,81.08333333333333,8.416666666666657,88.5,82.0,-6.5,6.5,0.926303854875283,3.333333333333343,-0.0155297743984225
palm_up_down,tyler,combined_augmented,/Users/vibha/COSMOS-Cluster10/labs/Cosmos-Gesture-Recognition-/data/processed/combined_augmented/sessions/tyler_palm_up_down_003_seg001,30.0,349066.2166666667,42273.79193269509,260280.5,430144.0,260280.5,274284.0,14003.5,4.205555555555555,0.8000964448037838,0.9135806521960986,0.7552218994412772,3.1082812014766525,300.0,300.0,0.3802083333333333,0.5583693094752692,-0.5546666666666666,1.0360000000000005,0.0779366666666666,0.2872155822737043,-0.4853333333333333,0.5156666666666667,-0.531315,0.4483509762503363,-1.3236666666666668,0.1266666666666666,0.3244444444444453,31.06611479997832,-93.69,75.67666666666666,-0.037055555555562,179.96194030702986,-505.3333333333333,359.3066666666667,3.775766666666671,88.76044845707524,-129.63333333333335,284.81666666666666,1.004272610577878,0.1401867610891205,147.0,75.93650793650795,4.393173640111031,69.66666666666667,84.33333333333333,74.66666666666667,14.666666666666655,72.16666666666666,79.83333333333334,7.666666666666686,82.0,84.0,2.0,2.0,0.8812785388127847,3.3333333333333286,0.0070117643503162
palm_up_down,tyler,combined_augmented,/Users/vibha/COSMOS-Cluster10/labs/Cosmos-Gesture-Recognition-/data/processed/combined_augmented/sessions/tyler_palm_up_down_003_seg002,30.0,375786.6,61836.333647897285,271042.6666666667,544270.0,367935.5,295890.0,-72045.5,4.488888888888889,1.514701616706842,1.662338166533993,1.517275648625873,6.319356177565771,300.0,300.0,0.3617505555555555,0.5801982725436662,-0.649,1.2373333333333332,0.0557283333333333,0.2786645328084834,-0.4076666666666666,0.511,-0.5515916666666667,0.4280205775870629,-1.215,0.0743333333333333,3.719605555555555,35.397352370616055,-110.98666666666666,100.48666666666666,2.5041999999999884,180.63826339412472,-446.41333333333336,306.9533333333333,2.4412944444444444,79.04708291710735,-141.45000000000002,199.4666666666667,1.0069462884423264,0.1475371907526574,150.0,76.73222222222222,4.348403354397785,68.33333333333333,87.0,75.66666666666667,18.66666666666667,73.33333333333333,80.33333333333333,7.0,81.0,82.5,1.5,1.5,1.065995525727069,3.666666666666672,0.011311613849504
pull,vibha,combined_augmented,/Users/vibha/COSMOS-Cluster10/labs/Cosmos-Gesture-Recognition-/data/processed/combined_augmented/sessions/vibha_pull_001,30.0,430048.6666666667,128414.31857869134,260031.0,653612.3333333334,424829.0,260031.0,-164798.0,6.105555555555555,2.413880897570201,1.5922355918521258,1.4655803603346245,6.042680257160948,301.0,301.0,0.785329457364341,0.1208748839824656,0.492,0.9636666666666668,0.1098499446290144,0.0924954624658855,-0.084,0.3116666666666667,-0.5660830564784054,0.1542847849708224,-0.9486666666666668,-0.284,-2.3668770764119604,14.803806716272424,-30.61,43.04,10.42312292358804,12.160754896967012,-14.53,35.60666666666666,-4.451733111849391,14.237816249329253,-36.81666666666667,30.15,0.9971595476280596,0.0436139126122669,151.0,67.47461368653423,8.486628880608272,46.66666666666666,80.16666666666667,68.66666666666667,33.50000000000001,62.5,74.16666666666666,11.666666666666655,77.0,70.0,-7.0,7.0,1.4533333333333334,11.666666666666671,-0.1427105844080403
pull,vibha,combined_augmented,/Users/vibha/COSMOS-Cluster10/labs/Cosmos-Gesture-Recognition-/data/processed/combined_augmented/sessions/vibha_pull_002,30.0,413237.2833333334,114763.63972655043,260274.0,581795.3333333334,496790.0,264043.0,-232747.0,4.9833333333333325,3.3317635192414468,1.364185502894757,1.1787971937635175,4.670356257695451,302.0,302.0,0.8105496688741722,0.1258023647747738,0.276,0.9813333333333332,0.2482025386313466,0.10989714863935,-0.1143333333333333,0.438,-0.4668371964679911,0.1891986003398864,-1.198,-0.212,-7.893007726269315,15.72879475108847,-51.05666666666667,36.81333333333333,8.426169977924944,17.89739041317807,-18.25,109.58,-3.4106788079470194,22.48410294979931,-102.27666666666666,35.21666666666667,0.9987684460110906,0.051899458439532,151.0,77.74613686534217,19.685234496924867,37.333333333333336,127.33333333333331,77.0,90.0,69.16666666666666,83.0,13.833333333333345,84.0,95.5,11.5,11.5,2.863333333333333,31.333333333333343,-0.0117450912048336
pull,vibha,combined_augmented,/Users/vibha/COSMOS-Cluster10/labs/Cosmos-Gesture-Recognition-/data/processed/combined_augmented/sessions/vibha_pull_003,30.0,381282.7277777778,98927.086106286,247469.0,534651.5,252908.0,247469.0,-5439.0,4.308333333333334,2.0443180063559367,1.267871601877781,0.7580789281144331,2.805724247438376,301.0,301.0,0.8162906976744186,0.1285275038333512,0.503,1.0123333333333333,0.0571074197120708,0.0839043235473417,-0.1236666666666666,0.258,-0.5252563676633445,0.1787389449662282,-0.8243333333333333,-0.218,-2.958887043189369,15.042602897328036,-58.54666666666666,47.28333333333333,9.39017165005537,11.881062989066246,-21.3,38.04333333333333,-3.4053322259136216,11.040645021391226,-35.34,28.41333333333333,0.9998169812751372,0.0368630088290649,146.0,70.08333333333333,12.368577322426493,44.0,87.0,76.0,43.0,63.66666666666667,78.83333333333333,15.166666666666655,81.5,87.0,5.5,5.5,1.2655172413793103,6.666666666666664,-0.1474924405284083
pull,vibha,combined_augmented,/Users/vibha/COSMOS-Cluster10/labs/Cosmos-Gesture-Recognition-/data/processed/combined_augmented/sessions/vibha_pull_004,30.0,377292.2666666667,116292.01533947968,245510.3333333333,577777.0,287550.0,256543.5,-31006.5,4.619444444444443,2.6136822447541723,1.7232492206114498,1.555326414850886,7.669500824713818,301.0,301.0,0.8041478405315614,0.1318959042044477,0.4906666666666666,0.9593333333333331,0.2208233665559246,0.1208392987123308,-0.0133333333333333,0.418,-0.4798992248062015,0.1998812267185851,-0.858,-0.2356666666666667,-4.011436877076411,13.16923231298846,-36.88,26.05333333333333,9.99452380952381,14.295841928075676,-20.916666666666668,49.51333333333333,-4.426932447397563,16.07035965020874,-57.82,22.156666666666663,0.998491579604629,0.0261860751284903,151.0,74.33443708609272,13.43719956341132,36.0,91.0,79.33333333333333,55.0,68.16666666666666,83.41666666666666,15.25,90.5,81.5,-9.0,9.0,1.6711111111111108,11.666666666666664,-0.0501156035784828
pull,vibha,combined_augmented,/Users/vibha/COSMOS-Cluster10/labs/Cosmos-Gesture-Recognition-/data/processed/combined_augmented/sessions/vibha_pull_005,30.0,362243.4333333334,124973.61003143084,248878.3333333333,627513.6666666666,250799.5,250863.5,64.0,4.0,3.0368111930481,1.7851744881849143,1.4210267690669605,6.470114425251199,301.0,301.0,0.8153455149501662,0.1274547082416728,0.451,0.9413333333333332,0.1688493909191583,0.0801625944393522,-0.0383333333333333,0.2946666666666666,-0.5058460686600221,0.1639214138063012,-0.8873333333333333,-0.2339999999999999,-5.009102990033222,15.531968468526337,-56.85666666666666,45.93666666666667,9.519108527131785,14.19834766968729,-14.61,66.25333333333333,-3.312607973421927,12.96840635258735,-43.745000000000005,26.316666666666663,0.999042582160089,0.0251706948116021,150.0,70.87444444444445,8.387053865899933,50.333333333333336,86.33333333333333,69.44444444444444,35.99999999999999,66.0,77.83333333333333,11.833333333333329,82.5,78.0,-4.5,4.5,1.2352721849366144,5.666666666666671,-0.0937283138509862
pull,vibha,combined_augmented,/Users/vibha/COSMOS-Cluster10/labs/Cosmos-Gesture-Recognition-/data/processed/combined_augmented/sessions/vibha_pull_006,31.0,398205.9301075268,156661.7974949568,243851.0,707719.6666666666,296667.0,245957.5,-50709.5,5.139784946236558,2.699428047144222,2.4195731081115066,2.2809137240967456,11.319251734135566,301.0,301.0,0.8221976744186046,0.1232784950629568,0.4989999999999999,0.985,0.1160293466223698,0.0871888009582074,-0.0486666666666666,0.3573333333333333,-0.5135415282392026,0.1706492229177121,-0.8773333333333334,-0.1843333333333333,-1.760442967884828,15.753128720520689,-66.16666666666667,43.29666666666666,8.133826135105204,12.982777443182416,-16.706666666666667,55.96333333333333,-4.9826522702104095,11.415844121146549,-32.93,17.19,1.0018664586932566,0.037161228566894,151.0,70.32781456953643,9.28461326142749,50.66666666666666,85.66666666666667,69.0,35.00000000000001,62.66666666666666,79.58333333333334,16.91666666666668,82.5,73.0,-9.5,9.5,1.0399999999999996,6.666666666666664,-0.1258580225397936
pull,vibha,combined_augmented,/Users/vibha/COSMOS-Cluster10/labs/Cosmos-Gesture-Recognition-/data/processed/combined_augmented/sessions/vibha_pull_007,31.0,374809.2096774193,133327.25862038022,247960.0,634487.3333333334,261287.5,249272.0,-12015.5,3.897849462365591,3.155662095423485,1.6578839759571569,0.996334578955852,4.205963792883103,302.0,302.0,0.8551054083885209,0.1021956593111884,0.4866666666666666,0.9926666666666666,0.1744326710816777,0.1017229545602997,-0.1256666666666666,0.3376666666666667,-0.4359243929359823,0.1700015787817073,-0.974,-0.2303333333333333,-4.8835706401766,14.703679626640769,-42.34,37.27333333333333,7.659210816777041,11.656161270334453,-7.386666666666667,67.28333333333335,-3.9139735099337742,13.095955876337229,-69.10333333333334,19.926666666666662,1.0000788601603507,0.0345892334081628,148.0,64.51351351351352,16.371230890630788,37.0,90.5,68.5,53.5,45.833333333333336,75.25,29.416666666666664,90.5,56.0,-34.5,34.5,1.1938775510204085,5.666666666666671,-0.3445177817181649
pull,vibha,combined_augmented,/Users/vibha/COSMOS-Cluster10/labs/Cosmos-Gesture-Recognition-/data/processed/combined_augmented/sessions/vibha_pull_008,30.0,423758.3222222223,130047.86421665944,262923.6666666667,700506.0,380802.0,271744.0,-109058.0,5.458333333333333,2.8278337147927424,1.611296130757627,1.0031627376016454,4.06289075675117,301.0,301.0,0.8040669988925803,0.1149143478512684,0.544,0.968,0.2339186046511628,0.1604519815624192,-0.0183333333333333,0.4829999999999999,-0.4340492801771871,0.2695729523889379,-0.8770000000000001,-0.032,-5.073986710963455,18.54768857187668,-73.80333333333334,26.926666666666662,9.850542635658917,15.377926067378162,-15.686666666666667,38.87,-7.406799557032115,11.619228503791232,-33.24333333333333,15.39,1.0002428457546495,0.0278280764358554,149.0,74.85234899328859,8.774162909375665,55.333333333333336,94.5,73.33333333333333,39.16666666666666,67.33333333333333,82.33333333333333,15.0,94.5,75.5,-19.0,19.0,1.6126126126126128,6.333333333333336,-0.1446278493258356
push,vibha,combined_augmented,/Users/vibha/COSMOS-Cluster10/labs/Cosmos-Gesture-Recognition-/data/processed/combined_augmented/sessions/vibha_push_001,30.0,345468.80000000005,126114.47243553508,245107.3333333333,610986.0,252473.0,271038.0,18565.0,2.6,2.930554239072901,3.527341747491774,2.955605334757658,9.629265392927309,302.0,302.0,0.7089083885209714,0.133894136832515,0.5356666666666667,1.1303333333333334,0.0881192052980132,0.1572131179351039,-0.1433333333333333,0.5516666666666666,-0.6140060706401765,0.278858333004206,-0.874,0.14,4.045480132450331,12.87161082249622,-16.316666666666666,53.47,-10.689017660044149,20.24414493499448,-71.21,11.016666666666666,4.69423289183223,18.622135030851783,-30.863333333333333,55.17,1.0029137127029806,0.0434650610025185,151.0,78.35761589403974,10.006449722849933,50.0,91.33333333333331,82.0,41.33333333333333,78.58333333333334,84.33333333333333,5.749999999999986,55.0,83.0,28.0,28.0,1.124444444444444,8.0,0.1479609620076679
push,vibha,combined_augmented,/Users/vibha/COSMOS-Cluster10/labs/Cosmos-Gesture-Recognition-/data/processed/combined_augmented/sessions/vibha_push_002,30.0,408278.8944444445,146496.16472756577,246690.5,707556.3333333334,279143.0,246690.5,-32452.5,4.238888888888889,3.3382417564777054,1.700058948528732,1.335853588669413,4.33889470710186,302.0,302.0,0.7407422737306844,0.1631002922603371,0.553,1.079,0.0653294701986755,0.1281871952680842,-0.1656666666666666,0.388,-0.5923344370860927,0.2414886647466841,-0.8370000000000001,-0.0886666666666666,1.6320584988962468,15.809012953557422,-27.76333333333333,70.16333333333333,-10.299023178807948,19.351065130424985,-70.40666666666667,19.116666666666667,4.845631898454747,15.918001994839464,-36.39666666666667,60.98666666666667,1.0018130259868876,0.039347676633818,148.0,76.1233108108108,16.53884793691405,18.666666666666668,92.0,82.5,73.33333333333333,69.66666666666667,86.0,16.33333333333333,19.0,91.25,72.25,72.25,1.4699546485260773,23.666666666666664,0.2800438604609266
push,vibha,combined_augmented,/Users/vibha/COSMOS-Cluster10/labs/Cosmos-Gesture-Recognition-/data/processed/combined_augmented/sessions/vibha_push_003,30.0,410186.0111111112,124300.05018813186,273767.5,666011.0,273767.5,348879.5,75112.0,4.55,1.4460354485691278,2.253015011812737,1.6892149430565804,7.390551283602802,301.0,301.0,0.7053156146179401,0.171720289821337,0.5143333333333334,1.1326666666666665,0.1030847176079734,0.13017031153988,-0.134,0.418,-0.6163106312292359,0.2673362370865326,-0.8736666666666667,0.0443333333333333,0.837619047619048,19.228637459249697,-64.17999999999999,53.703333333333326,-12.918693244739757,18.956552106935945,-63.24666666666667,12.463333333333331,0.3347895902547068,22.698493903785977,-60.75333333333333,40.623333333333335,1.002217643463467,0.0373630315581093,148.0,80.14076576576576,11.90607473456188,30.0,94.66666666666669,83.5,64.66666666666667,80.375,86.41666666666666,6.041666666666657,66.5,80.0,13.5,13.5,1.7471655328798186,18.0,0.1534656489114782
push,vibha,combined_augmented,/Users/vibha/COSMOS-Cluster10/labs/Cosmos-Gesture-Recognition-/data/processed/combined_augmented/sessions/vibha_push_004,30.0,425213.3722222222,148972.7747143484,253061.5,697183.3333333334,344596.0,253061.5,-91534.5,4.633333333333334,3.5945947074894424,1.3509778478343173,1.3027452241518334,5.93352984477833,301.0,301.0,0.6571949058693245,0.12876705361117,0.4453333333333333,1.013,0.1606157253599114,0.1040858925375739,-0.0713333333333333,0.4683333333333333,-0.6971411960132889,0.1638188235689898,-1.0306666666666666,-0.291,3.9155813953488368,19.87865624168216,-65.61333333333334,75.92999999999999,-9.413776301218162,14.539773183700571,-47.72333333333333,19.98,3.810874861572535,15.649178675497216,-36.91666666666666,35.04666666666667,0.9978910458151108,0.0466186386643541,151.0,74.63245033112582,6.857619777251276,56.0,86.66666666666667,76.0,30.66666666666667,68.66666666666667,78.66666666666667,10.0,67.0,78.0,11.0,11.0,1.3496296296296295,7.000000000000007,0.0831416289067035
push,vibha,combined_augmented,/Users/vibha/COSMOS-Cluster10/labs/Cosmos-Gesture-Recognition-/data/processed/combined_augmented/sessions/vibha_push_005,30.0,368793.2277777778,142315.93099574652,241162.5,671988.6666666666,241162.5,244646.0,3483.5,3.566666666666668,2.908671581731147,2.446439738022121,1.9930472565019253,6.5810030050757415,302.0,302.0,0.6919939293598234,0.1601995262420599,0.4723333333333332,1.0613333333333337,0.1139988962472406,0.1273722028972317,-0.2956666666666667,0.436,-0.64848233995585,0.231725111858643,-0.9443333333333334,0.0756666666666666,0.7903532008830022,11.725162448475944,-34.61000000000001,47.81,-9.89133554083885,20.68404289100997,-59.44,27.87,3.8663465783664464,19.564953523767976,-56.75666666666667,48.63666666666666,1.0032343647071162,0.0385434179430825,151.0,74.89403973509934,16.055199728202844,21.0,103.0,79.0,82.0,72.5,82.66666666666667,10.166666666666671,103.0,83.5,-19.5,19.5,2.585555555555556,29.666666666666664,0.1400877192982452
push,vibha,combined_augmented,/Users/vibha/COSMOS-Cluster10/labs/Cosmos-Gesture-Recognition-/data/processed/combined_augmented/sessions/vibha_push_006,30.0,419035.1444444445,127962.17918193738,249322.3333333333,658015.3333333334,254384.0,287948.0,33564.0,4.866666666666668,2.3119656539804363,1.8005604552311996,1.369462387002031,4.719940897538343,300.0,300.0,0.8078688888888889,0.1150658540699173,0.5506666666666666,0.9856666666666666,0.0883505555555555,0.0922939937236932,-0.0793333333333333,0.2773333333333334,-0.5425955555555555,0.1539802859515736,-0.9126666666666666,-0.2743333333333333,0.6081388888888891,11.439890544719136,-23.816666666666663,39.93666666666667,-7.314472222222222,16.69079408850232,-42.59333333333333,27.23333333333333,3.777388888888889,13.408236339565851,-35.836666666666666,33.52333333333333,0.9994280808492196,0.0384664910313848,148.0,81.125,5.496266684566537,66.66666666666667,96.0,81.33333333333333,29.33333333333333,78.0,84.41666666666666,6.416666666666657,96.0,87.0,-9.0,9.0,1.342403628117914,8.666666666666657,-0.0066654450642947
push,vibha,combined_augmented,/Users/vibha/COSMOS-Cluster10/labs/Cosmos-Gesture-Recognition-/data/processed/combined_augmented/sessions/vibha_push_007,30.0,387380.2555555556,108955.4059810262,243445.0,555231.3333333334,253038.0,245330.5,-7707.5,4.05,2.4400781711825306,1.4960955706282426,1.3753161302632368,5.203487068979126,302.0,302.0,0.7257577262693157,0.1585603762680853,0.4146666666666667,1.0036666666666665,0.1098504415011037,0.0682212675443768,-0.0076666666666666,0.253,-0.6304552980132451,0.1745399371965482,-0.9353333333333332,-0.3126666666666666,-0.2260209713024282,10.662269341288594,-38.41333333333333,30.17333333333333,-11.021975717439291,15.671873164856946,-67.77,9.216666666666669,4.215336644591612,11.397994030698126,-20.67,40.15333333333333,0.9970923730721422,0.0482887464751486,151.0,74.75938189845473,4.966727656657197,59.333333333333336,84.66666666666667,74.66666666666667,25.333333333333336,71.5,78.58333333333334,7.083333333333343,74.0,80.0,6.0,6.0,1.2244444444444442,8.0,0.066128151504589
push,vibha,combined_augmented,/Users/vibha/COSMOS-Cluster10/labs/Cosmos-Gesture-Recognition-/data/processed/combined_augmented/sessions/vibha_push_008,30.0,434205.8222222222,123193.74093743964,254596.0,641278.6666666666,275278.0,254596.0,-20682.0,5.838888888888889,2.6114006931619884,2.072336869689905,1.5929998882613958,5.8185975892452815,303.0,303.0,0.7842288228822883,0.1218853023522482,0.5566666666666666,1.043,0.070064906490649,0.0747317964794276,-0.0653333333333333,0.3499999999999999,-0.5703520352035203,0.1736334633403582,-0.8803333333333333,-0.073,-1.4088833883388343,10.516371333104304,-26.03,38.21333333333333,-8.847310231023103,13.13403033777742,-36.50333333333334,25.28,2.064059405940593,14.10679904008892,-35.736666666666665,29.85666666666667,0.9967266774017112,0.0484846398721804,149.0,69.59619686800895,17.38387232379455,19.666666666666668,93.0,74.0,73.33333333333333,63.0,81.66666666666667,18.66666666666667,23.0,89.0,66.0,66.0,2.351351351351351,22.333333333333336,0.319361509160167
clockwise,vibha,combined_augmented,/Users/vibha/COSMOS-Cluster10/labs/Cosmos-Gesture-Recognition-/data/processed/combined_augmented/sessions/vibha_clockwise_001,30.0,476032.6722222221,151721.05775064637,287742.3333333333,743519.6666666666,288443.0,497102.5,208659.5,6.122222222222222,2.406754897325956,1.6136799124785477,0.9711393536168204,5.474587076995533,300.0,300.0,-0.0430233333333332,0.7836587188859755,-1.4983333333333333,0.9496666666666664,0.0223811111111111,0.2935343066811193,-0.5576666666666666,0.754,-0.5821700000000001,0.3479468370731628,-1.1776666666666666,-0.0683333333333333,-68.04087777777778,57.94278419274728,-383.8233333333333,8.156666666666666,-31.107333333333337,87.4418575565873,-153.16333333333333,179.88666666666666,-14.739294444444434,79.64086227224178,-217.8111111111111,78.61666666666666,1.0635071956413729,0.1776982087098613,150.0,87.57777777777778,27.8983438669963,36.333333333333336,129.0,98.08333333333334,92.66666666666666,60.75,110.25,49.5,107.5,73.5,-34.0,34.0,3.0790454884414618,19.66666666666667,-0.5459762656118055
clockwise,vibha,combined_augmented,/Users/vibha/COSMOS-Cluster10/labs/Cosmos-Gesture-Recognition-/data/processed/combined_augmented/sessions/vibha_clockwise_002,30.0,476432.43333333335,164504.87237758623,255602.66666666663,830406.3333333334,304456.5,506485.5,202029.0,4.966666666666667,1.8546238512511453,1.7769584403964744,1.5077152778518597,6.264906469867673,300.0,300.0,-0.0088283333333333,0.6830886474336825,-1.1205,0.9136666666666668,0.0826838888888888,0.2843332717527396,-0.3389999999999999,0.859,-0.6707172222222223,0.3572962524029224,-1.1346666666666667,-0.0139999999999999,-50.99247777777777,31.254436708432937,-133.64,5.156666666666667,-22.80863888888888,88.93525508402357,-172.07333333333335,115.79666666666668,-21.204094444444443,74.72680121309276,-166.70333333333332,85.60333333333334,1.0471660581130822,0.1879774601706425,151.0,87.28476821192054,29.54133694787929,45.0,184.0,87.33333333333333,139.0,62.66666666666667,108.66666666666669,46.0,112.0,83.0,-29.0,29.0,3.235555555555556,29.333333333333343,-0.514360985244569
clockwise,vibha,combined_augmented,/Users/vibha/COSMOS-Cluster10/labs/Cosmos-Gesture-Recognition-/data/processed/combined_augmented/sessions/vibha_clockwise_003,30.0,528220.1222222223,164340.4227923445,263678.0,888185.3333333334,263678.0,381601.0,117923.0,8.177777777777779,3.138451296931318,2.0927354609790614,1.6747174352195913,6.200602349468906,301.0,301.0,0.1045393133997785,1.0088232341040666,-2.5096666666666665,1.0473333333333334,0.1141439645625691,0.3966717499947976,-0.684,1.1346666666666667,-0.4361129568106311,0.4167366848966561,-1.6623333333333334,0.3476666666666666,-71.83250830564783,73.74070442029976,-316.92333333333335,28.71,-11.839889258028794,133.95241856051788,-291.27000000000004,250.04,-15.590830564784056,106.5407013005042,-329.45666666666665,176.9466666666667,1.1305062209118415,0.5337131886328783,148.0,93.4054054054054,24.78591331977637,33.0,158.33333333333334,98.52777777777776,125.33333333333334,90.58333333333334,107.0,16.416666666666657,108.0,95.0,-13.0,13.0,3.3514739229024944,21.66666666666667,-0.0855516521863596
clockwise,vibha,combined_augmented,/Users/vibha/COSMOS-Cluster10/labs/Cosmos-Gesture-Recognition-/data/processed/combined_augmented/sessions/vibha_clockwise_004,30.0,538930.5166666666,140494.88386878843,266631.5,783174.3333333334,266631.5,451429.0,184797.5,9.216666666666669,2.648951574575203,2.3832898773102453,1.6559863447341636,6.689578316126214,302.0,302.0,0.0620115894039734,0.9835643606307212,-2.2593333333333336,1.0716666666666663,0.0497643487858719,0.4892366205289544,-1.1116666666666666,1.4086666666666667,-0.4394332229580573,0.4651587365171081,-1.579,0.3693333333333333,-59.57425496688743,85.6879447323191,-389.04,155.27,-18.327019867549662,148.1474804156775,-329.67,238.86666666666665,-28.5466004415011,89.34496908472153,-318.0966666666667,169.9466666666667,1.1766872373071264,0.4878059072582256,149.0,89.38255033557047,21.028969851090043,34.333333333333336,128.0,97.66666666666669,93.66666666666666,79.16666666666667,104.66666666666669,25.5,107.0,80.5,-26.5,26.5,2.800675675675676,11.333333333333329,-0.0210538726646106
clockwise,vibha,combined_augmented,/Users/vibha/COSMOS-Cluster10/labs/Cosmos-Gesture-Recognition-/data/processed/combined_augmented/sessions/vibha_clockwise_005,30.0,518744.9111111111,158078.07027738454,243694.0,864329.3333333334,243694.0,387910.5,144216.5,7.666666666666665,3.0586852658545234,2.00655002160584,1.5246780076694084,5.4683491966148825,301.0,301.0,0.0480188261351051,0.8593548342194256,-1.675,1.0233333333333332,-0.0249878183831672,0.4916618289448003,-0.9926666666666666,1.1989999999999998,-0.4652120708748615,0.3647747467666275,-1.3016666666666667,0.2496666666666666,-71.12125692137322,59.887975302265744,-308.48,21.60666666666667,-27.651063122923592,116.8632515645436,-250.2433333333333,170.79333333333332,-22.447331118493903,100.90596735057876,-267.67,184.31333333333336,1.0961394539260076,0.3620959378144336,149.0,85.64988814317672,24.934597219544514,29.666666666666668,126.66666666666669,96.66666666666669,97.0,67.66666666666667,103.66666666666669,36.0,91.5,97.5,6.0,6.0,2.8018018018018016,22.66666666666667,0.1034790495193183
clockwise,vibha,combined_augmented,/Users/vibha/COSMOS-Cluster10/labs/Cosmos-Gesture-Recognition-/data/processed/combined_augmented/sessions/vibha_clockwise_006,30.0,503151.9388888889,144841.21730763762,268222.0,773003.6666666666,268222.0,374265.0,106043.0,8.244444444444444,2.8109354358809733,1.5542386611537806,1.0808394710452447,4.6676285692266966,300.0,300.0,0.0379533333333333,0.9087456617900423,-1.8303333333333327,0.958,0.0163894444444444,0.4192258536738643,-0.7746666666666667,0.8996666666666666,-0.4623794444444445,0.330579645252467,-1.2056666666666669,0.1446666666666667,-78.39033888888889,59.69967290100512,-237.92,1.995,-21.73827222222222,128.4922019241648,-320.93333333333334,244.60666666666663,-15.817622222222225,96.03742770695388,-245.37,154.07666666666668,1.0815898591781954,0.3956249393478662,150.0,87.58777777777779,24.247394262292627,30.666666666666668,113.0,99.66666666666669,82.33333333333333,73.16666666666667,105.66666666666669,32.5,107.0,107.0,0.0,0.0,1.9910514541387017,10.333333333333329,0.0298303628309403
clockwise,vibha,combined_augmented,/Users/vibha/COSMOS-Cluster10/labs/Cosmos-Gesture-Recognition-/data/processed/combined_augmented/sessions/vibha_clockwise_007,30.0,521791.0277777778,163110.36691406494,285232.6666666667,798187.0,286498.0,329071.5,42573.5,9.030555555555557,3.3191701420835247,1.4763000606606476,1.2148761536936186,4.302854417408663,301.0,301.0,0.062374861572536,0.9071121965486852,-2.006666666666667,1.0686666666666669,-0.0255570321151716,0.4583087654498893,-0.9626666666666668,1.268,-0.4971506090808417,0.3642673713243505,-1.2253333333333334,0.1696666666666666,-72.37334994462901,70.77410795197015,-322.15500000000003,69.67999999999999,-18.212187153931342,121.54931237706695,-293.09,192.1966666666667,-10.970143964562576,114.41494818234544,-296.87666666666667,220.03666666666663,1.1178863618486723,0.4094176043797505,150.0,86.32333333333334,27.043725400169283,20.0,114.0,101.16666666666666,94.0,70.83333333333334,105.33333333333331,34.499999999999986,108.0,97.0,-11.0,11.0,1.995525727069352,7.333333333333332,0.0001271167607445
clockwise,vibha,combined_augmented,/Users/vibha/COSMOS-Cluster10/labs/Cosmos-Gesture-Recognition-/data/processed/combined_augmented/sessions/vibha_clockwise_008,30.0,547181.9666666667,148256.52482729862,271255.5,892937.0,271255.5,444281.5,173026.0,8.416666666666668,2.638304028755623,2.769423670523998,2.268385650805885,11.367071878548163,301.0,301.0,0.1517630121816168,0.7922817139557543,-1.784,0.993,0.0134269102990033,0.4648679119238588,-1.1356666666666668,1.1603333333333332,-0.5265658914728681,0.4041804172186866,-1.5520000000000005,0.043,-70.95605758582502,74.57673019414787,-327.75666666666666,89.66333333333334,-28.2396788482835,107.9628977066584,-221.47333333333336,147.75,-19.816328903654487,109.30371405782591,-370.70666666666665,158.89,1.0755159014630309,0.3884890951076794,146.0,89.2425799086758,30.567634201136507,31.33333333333333,201.66666666666663,96.33333333333331,170.33333333333331,70.33333333333333,103.25,32.91666666666667,99.5,87.75,-11.75,11.75,3.539655172413793,38.66666666666666,0.1094658080520824
anti_clockwise,vibha,combined_augmented,/Users/vibha/COSMOS-Cluster10/labs/Cosmos-Gesture-Recognition-/data/processed/combined_augmented/sessions/vibha_anti_clockwise_001,30.0,511049.6666666666,137286.08153382834,306464.5,712247.6666666666,306464.5,375733.5,69269.0,8.633333333333333,1.6917008754067169,2.288260253123754,1.7268840637395029,7.507197394864866,302.0,302.0,0.1195938189845475,0.9958607985450132,-2.1490000000000005,1.1606666666666667,-0.130576710816777,0.5018687678266756,-1.4793333333333332,0.6056666666666667,-0.3260320088300221,0.2903791957800709,-1.038333333333333,0.4573333333333333,65.94837196467992,116.87515372518598,-119.89666666666666,522.3833333333333,-0.39595474613687,139.79677149451524,-293.11,352.0533333333333,-20.87722958057395,87.79797435542379,-212.78666666666663,195.8766666666667,1.1076173424661462,0.4886355696605248,149.0,90.01677852348993,25.582513448775373,31.666666666666668,146.66666666666666,100.66666666666669,115.0,77.66666666666667,105.0,27.33333333333333,99.0,92.0,-7.0,7.0,2.855855855855855,26.666666666666657,0.1617915230666912
anti_clockwise,vibha,combined_augmented,/Users/vibha/COSMOS-Cluster10/labs/Cosmos-Gesture-Recognition-/data/processed/combined_augmented/sessions/vibha_anti_clockwise_002,30.0,489566.3111111112,104251.8671303064,341913.3333333333,641751.0,350232.0,354285.5,4053.5,8.43888888888889,1.5422946668863813,2.140225439202146,1.6346700832617926,6.46352544427217,301.0,301.0,0.0559595791805094,0.9751181832612186,-2.0383333333333336,1.088666666666667,-0.1973538205980066,0.4322969303947646,-1.3853333333333333,0.4093333333333333,-0.4192392026578073,0.3340139877866856,-1.0726666666666669,0.753,79.7021650055371,98.32090498167028,-69.31666666666668,334.05333333333334,-0.6060077519379828,120.43772215944183,-274.56333333333333,247.89,-10.234894795127358,100.25090464707188,-203.57,193.07,1.133049210924605,0.4281850663761329,149.0,93.96308724832215,29.971340728199102,35.333333333333336,212.66666666666663,98.66666666666669,177.33333333333331,81.0,107.33333333333331,26.33333333333333,101.5,112.5,11.0,11.0,5.286036036036035,50.0,0.1928187919463091
anti_clockwise,vibha,combined_augmented,/Users/vibha/COSMOS-Cluster10/labs/Cosmos-Gesture-Recognition-/data/processed/combined_augmented/sessions/vibha_anti_clockwise_003,30.0,562371.838888889,170094.2402888735,273349.6666666667,846171.0,318652.5,349630.0,30977.5,8.605555555555554,2.956625746094547,2.0187933389553843,1.946382165547908,7.121772818584188,300.0,300.0,0.0810411111111111,1.0574857208451367,-3.069333333333333,1.116,-0.2065166666666666,0.4378657168796371,-1.4986666666666668,0.4883333333333333,-0.3833272222222222,0.2538005265508114,-1.2386666666666668,0.2259999999999999,76.35413333333332,125.5453207772544,-47.01,539.7633333333333,-16.736405555555557,120.09390132708486,-393.61666666666673,246.46,-18.78836666666667,112.36694029186006,-206.8633333333333,251.86666666666665,1.1158127314834827,0.5705573117089595,149.0,86.31823266219239,20.99159718043729,29.666666666666668,113.0,95.0,83.33333333333333,79.66666666666667,100.0,20.33333333333333,97.25,96.0,-1.25,1.25,1.9532657657657653,8.0,0.1716784569804706
anti_clockwise,vibha,combined_augmented,/Users/vibha/COSMOS-Cluster10/labs/Cosmos-Gesture-Recognition-/data/processed/combined_augmented/sessions/vibha_anti_clockwise_004,30.0,570119.3388888888,163868.53104149434,261859.3333333333,799580.6666666666,263773.0,420127.5,156354.5,8.561111111111112,2.9871587309600103,1.8822674921395832,1.1344725150015085,4.623165130930979,300.0,300.0,0.1250066666666667,0.904898312351336,-2.1495,1.1173333333333335,-0.3116533333333333,0.5218273865021879,-1.475,0.465,-0.3917811111111111,0.240341626561078,-0.9006666666666666,0.1686666666666666,72.18547777777778,126.05797772084092,-64.94333333333333,576.6666666666666,1.832411111111108,142.63657944113783,-325.41,388.8233333333333,-33.97245555555556,80.01054575716338,-206.7633333333333,151.23000000000002,1.099633734818623,0.4538297363761179,149.0,88.20022371364652,23.95762234553857,34.0,170.88888888888889,96.66666666666669,136.88888888888889,71.66666666666667,99.66666666666669,28.0,98.5,101.5,3.0,3.0,2.651651651651652,22.333333333333314,0.18012576334724
anti_clockwise,vibha,combined_augmented,/Users/vibha/COSMOS-Cluster10/labs/Cosmos-Gesture-Recognition-/data/processed/combined_augmented/sessions/vibha_anti_clockwise_005,30.0,502588.77222222224,89291.93638783957,295025.3333333333,629617.6666666666,328779.0,495961.0,167182.0,8.65,2.2036795828122795,1.6885814262778018,1.2107548397512429,4.37567725625989,301.0,301.0,0.0707895902547064,1.0811004060881149,-2.518666666666667,1.1906666666666668,-0.1709712070874861,0.4215506812211362,-1.2516666666666667,0.3613333333333333,-0.2757286821705426,0.2316789153460995,-0.8866666666666667,0.3266666666666666,82.70168327796235,131.24157759884176,-80.44666666666666,500.6366666666666,-13.012065337763014,117.22756703226092,-329.8833333333334,213.72333333333333,-30.893455149501666,103.79986098274333,-243.67,234.08666666666667,1.1162328631548384,0.5142480003110105,150.0,87.36111111111111,24.36421886173242,29.666666666666668,145.66666666666666,92.5,116.0,84.33333333333333,98.66666666666669,14.333333333333345,87.5,95.0,7.5,7.5,2.291946308724832,17.33333333333333,0.1988938767648932
anti_clockwise,vibha,combined_augmented,/Users/vibha/COSMOS-Cluster10/labs/Cosmos-Gesture-Recognition-/data/processed/combined_augmented/sessions/vibha_anti_clockwise_006,30.0,559380.0166666667,143186.64748190108,310921.0,809571.3333333334,310921.0,450473.0,139552.0,8.794444444444446,2.290755711199922,1.9608412786971128,1.4235724946580124,5.380571740747008,301.0,301.0,-0.0163399778516057,1.0970957944819348,-2.571333333333333,1.3103333333333331,-0.2453776301218161,0.4799227976721903,-1.3733333333333333,0.5506666666666667,-0.2271506090808416,0.2298545895901677,-0.6423333333333333,0.4706666666666667,81.46390365448505,144.2386857693174,-142.43,549.0266666666666,-10.501805094130678,114.53619076299894,-356.22333333333336,215.24666666666667,-38.10182724252491,113.53027553507238,-246.8133333333333,243.17,1.1546976353680072,0.515292298285967,151.0,82.68211920529801,18.371471172522213,33.666666666666664,103.66666666666669,90.66666666666669,70.0,75.83333333333334,95.38888888888889,19.555555555555543,88.0,99.0,11.0,11.0,1.5088888888888885,6.333333333333336,0.1428999651446494
anti_clockwise,vibha,combined_augmented,/Users/vibha/COSMOS-Cluster10/labs/Cosmos-Gesture-Recognition-/data/processed/combined_augmented/sessions/vibha_anti_clockwise_007,30.0,573321.0833333334,172926.99146915617,298915.6666666667,921778.3333333334,299866.5,523511.0,223644.5,8.611111111111109,3.181932016562373,2.683188408669439,1.6036340775434466,5.767851922060748,302.0,302.0,0.0491418322295805,1.0101488019713911,-2.4106666666666663,1.209,-0.2671473509933774,0.5688684278163729,-1.3236666666666668,0.4533333333333333,-0.0448603752759381,0.3782362136056174,-0.726,0.7163333333333334,86.84986203090507,131.98019956276545,-78.70333333333333,440.74,-13.091683222958055,95.27084163841332,-284.62666666666667,200.01,-42.35445364238412,125.47498418894584,-329.81666666666666,257.14000000000004,1.1253107465469747,0.5445597555518314,150.0,87.79888888888888,22.61298829483119,32.666666666666664,124.66666666666669,96.16666666666666,92.0,75.5,104.0,28.5,104.5,90.5,-14.0,14.0,2.0134228187919465,10.333333333333336,0.0921436508289255
anti_clockwise,vibha,combined_augmented,/Users/vibha/COSMOS-Cluster10/labs/Cosmos-Gesture-Recognition-/data/processed/combined_augmented/sessions/vibha_anti_clockwise_008,30.0,546596.2444444444,180456.96857103024,279750.3333333333,858666.0,319961.5,379750.5,59789.0,8.205555555555556,2.784109450452472,2.298917030476068,1.7873658877497491,6.890995572160516,301.0,301.0,0.0708682170542636,0.8809841861210991,-1.765,1.1849999999999998,-0.3486954595791805,0.488806303126741,-1.3483333333333334,0.3656666666666666,0.1152403100775194,0.5705352180653167,-0.8569999999999999,1.5066666666666666,91.51120708748616,163.696248256645,-139.78666666666666,538.5600000000001,-4.5571207087486165,113.7103705085876,-256.68,260.15333333333336,-38.024413067552594,112.02184374550036,-284.27,179.9,1.1432064030051008,0.4165878660489444,151.0,80.98013245033113,22.86740302630636,24.33333333333333,103.66666666666669,92.0,79.33333333333334,67.16666666666667,97.5,30.33333333333333,100.5,89.5,-11.0,11.0,1.4600000000000002,10.666666666666655,0.0396438945044728
right,vibha,combined_augmented,/Users/vibha/COSMOS-Cluster10/labs/Cosmos-Gesture-Recognition-/data/processed/combined_augmented/sessions/vibha_right_001,30.0,394033.6111111111,103665.39504250749,275204.0,639925.0,275204.0,297449.0,22245.0,4.411111111111111,2.9741893801733275,2.673069400743382,2.6307885232956854,10.454220239973877,302.0,302.0,0.4636407284768212,0.1476398227552195,0.151,0.6103333333333333,-0.0704613686534216,0.1527191786064919,-0.2456666666666666,0.3356666666666666,-0.8713846578366448,0.089002625177759,-1.089,-0.7760000000000001,-18.051212288447392,22.984197317985245,-67.98333333333333,14.61,-2.6853697571743926,10.377776461271957,-40.41666666666666,15.19,34.962472406181014,43.551609136131454,-19.28,125.00333333333332,1.0152512815739854,0.0393156306888783,150.0,81.54444444444445,11.399819239684875,56.66666666666666,92.0,88.0,35.333333333333336,71.83333333333334,89.33333333333333,17.499999999999986,59.0,92.0,33.0,33.0,0.8299776286353467,3.666666666666657,0.2197176170792774
right,vibha,combined_augmented,/Users/vibha/COSMOS-Cluster10/labs/Cosmos-Gesture-Recognition-/data/processed/combined_augmented/sessions/vibha_right_002,30.0,448055.3722222222,128353.31065249143,295218.0,724306.6666666666,323467.0,357779.5,34312.5,5.516666666666668,1.6976836070450905,2.61650101996525,2.034696521513802,9.446770890856548,302.0,302.0,0.5184398454746137,0.1650055280527959,0.2153333333333333,0.7720000000000001,-0.051841059602649,0.1417625588457576,-0.285,0.336,-0.8290485651214128,0.1157666960789947,-1.0266666666666666,-0.625,-22.533658940397352,21.80792634959093,-67.40333333333332,17.566666666666666,3.413791390728476,8.266878716987618,-15.643333333333333,22.55333333333333,42.9121633554084,35.215325204522685,-6.366666666666667,107.89333333333332,1.0092843403145395,0.0293153178681353,150.0,76.77111111111113,16.814340700548854,36.66666666666666,99.66666666666669,81.33333333333333,63.00000000000001,66.75,89.25,22.5,49.0,91.5,42.5,42.5,1.1577181208053693,9.0,0.3451833414818434
right,vibha,combined_augmented,/Users/vibha/COSMOS-Cluster10/labs/Cosmos-Gesture-Recognition-/data/processed/combined_augmented/sessions/vibha_right_003,30.0,444928.2055555555,131050.57069176178,258673.3333333333,616893.6666666666,428804.0,313270.5,-115533.5,4.716666666666667,2.079952812855067,2.0858630373708813,1.3272349017778822,5.78744830188023,302.0,302.0,0.6011423841059602,0.1770824202837456,0.2333333333333333,0.9423333333333334,-0.1420550036791758,0.1820051874677433,-0.6053333333333333,0.4976666666666666,-0.7734238410596027,0.1564782123441816,-1.203,-0.453,-30.055165562913903,33.04337769761465,-89.24666666666667,38.05,7.537312362030904,21.60765261886588,-39.89,104.54333333333334,33.13051324503311,52.333833746461664,-105.49333333333334,119.76666666666668,1.0309016564920537,0.0771200711706533,152.0,78.44627192982456,15.560139944883929,44.0,93.66666666666669,85.83333333333334,49.66666666666667,73.0,88.66666666666667,15.666666666666671,44.0,80.0,36.0,36.0,0.9381898454746136,4.333333333333329,0.26736872859984
right,vibha,combined_augmented,/Users/vibha/COSMOS-Cluster10/labs/Cosmos-Gesture-Recognition-/data/processed/combined_augmented/sessions/vibha_right_004,30.0,402979.68333333335,104481.9789413054,254493.66666666663,616846.0,275971.0,254532.0,-21439.0,4.461111111111111,2.2907557111999224,1.7123910493767955,2.0557218861495583,11.052912858316017,302.0,302.0,0.6072494481236204,0.1407182038842337,0.3473333333333332,0.8293333333333334,-0.0946672185430463,0.1308711665454051,-0.296,0.3226666666666666,-0.7640629139072849,0.1290751577034649,-1.026,-0.4926666666666666,-29.46568432671081,25.39605585282382,-88.58666666666666,17.283333333333335,3.513830022075056,12.644056383178508,-23.0,38.423333333333325,42.83174392935983,34.36200010675935,-8.98,118.70666666666666,1.006609585058427,0.0428056732647067,149.0,76.65212527964206,15.961676758948975,42.333333333333336,94.66666666666669,84.0,52.333333333333336,67.33333333333333,88.66666666666667,21.333333333333343,44.0,83.5,39.5,39.5,0.7668918918918921,3.0,0.3210714069774475
right,vibha,combined_augmented,/Users/vibha/COSMOS-Cluster10/labs/Cosmos-Gesture-Recognition-/data/processed/combined_augmented/sessions/vibha_right_005,30.0,452092.1277777777,128249.53082146282,265823.0,701096.6666666666,265823.0,288964.5,23141.5,5.55,2.8632893542088835,1.8654893716193075,1.4276361350578757,6.850672404295099,299.0,299.0,0.5212185061315496,0.1877591918601594,0.135,0.8483333333333333,-0.0793238573021181,0.1985545902508541,-0.434,0.583,-0.8129938684503902,0.1356528554580276,-1.151,-0.5086666666666667,-28.328517279821625,24.612622419047582,-92.53,24.11666666666667,4.681923076923078,11.707151737757547,-20.82333333333333,42.66333333333333,48.930167224080265,43.32199353651656,-24.11,132.21333333333334,1.0137251614460634,0.0660338495921255,150.0,74.72,18.48172929336912,31.5,91.33333333333331,83.66666666666667,59.83333333333333,69.83333333333333,87.0,17.16666666666667,31.5,84.0,52.5,52.5,0.9586129753914988,5.0,0.3421603923137322
right,vibha,combined_augmented,/Users/vibha/COSMOS-Cluster10/labs/Cosmos-Gesture-Recognition-/data/processed/combined_augmented/sessions/vibha_right_006,30.0,413486.7777777777,102433.43533035682,252768.66666666663,577276.6666666666,274917.5,267607.5,-7310.0,4.583333333333333,2.6557938061417232,2.61725746246743,2.136227921915084,7.977571511922248,300.0,300.0,0.5433261111111112,0.2061299393399318,0.1873333333333333,0.935,-0.0793888888888888,0.2085051715023152,-0.383,0.6303333333333333,-0.7788788888888889,0.1725808543818721,-1.1236666666666668,-0.3343333333333333,-24.56687777777778,24.205434811977938,-65.01333333333334,31.18,7.17735,15.899661526379292,-35.21666666666666,46.19333333333333,53.35083333333333,38.96791936335913,-12.27,148.9433333333333,1.0106392177501304,0.0501464209191573,150.0,73.00555555555555,16.420400007783314,36.333333333333336,89.33333333333333,80.16666666666666,52.99999999999999,67.33333333333333,84.66666666666667,17.333333333333343,37.5,78.5,41.0,41.0,0.9015659955257268,4.333333333333336,0.3171361690149189
right,vibha,combined_augmented,/Users/vibha/COSMOS-Cluster10/labs/Cosmos-Gesture-Recognition-/data/processed/combined_augmented/sessions/vibha_right_007,30.0,405200.1,91609.93885505566,268488.0,522521.3333333333,268782.5,292235.0,23452.5,5.8,2.2748219303529704,2.495743129877728,1.634724668810005,7.246160210424978,302.0,302.0,0.5296804635761588,0.2291234305853492,0.0433333333333333,0.9053333333333334,-0.1284034216335541,0.211262314861868,-0.418,0.6823333333333332,-0.7943454746136865,0.1626138052830402,-1.1226666666666667,-0.531,-25.014056291390727,26.99600534047661,-68.65666666666665,33.296666666666674,5.402869757174392,20.158853239495752,-63.27666666666666,50.150000000000006,48.86912803532009,49.158481196064656,-64.42333333333333,128.03666666666666,1.0235639345546368,0.0626338478169599,151.0,67.39514348785872,18.203719765314144,21.0,85.66666666666667,74.66666666666667,64.66666666666667,60.0,80.66666666666667,20.66666666666667,21.0,74.0,53.0,53.0,1.2377777777777774,8.0,0.3167189496921109
right,vibha,combined_augmented,/Users/vibha/COSMOS-Cluster10/labs/Cosmos-Gesture-Recognition-/data/processed/combined_augmented/sessions/vibha_right_008,30.0,429769.43333333335,107216.68149087588,246550.0,572000.0,312501.5,254618.0,-57883.5,4.699999999999999,1.9193941945504769,1.996106264724301,1.6680853857633418,6.511681764767104,300.0,300.0,0.5614883333333334,0.1415246548112534,0.145,0.7473333333333333,-0.1237566666666666,0.1576642672239314,-0.4013333333333333,0.5866666666666666,-0.8068961111111111,0.1006718221806521,-1.1153333333333333,-0.633,-37.72987777777778,29.06356381794697,-105.37,19.986666666666668,0.1729333333333331,13.040887455855769,-41.21333333333334,40.906666666666666,49.5803,41.352158497144536,-38.29666666666667,133.97666666666666,1.0163486165946325,0.0610225331019341,149.0,71.6599552572707,24.512636007210823,2.0,92.0,81.66666666666667,90.0,62.66666666666666,89.0,26.333333333333336,2.0,83.5,81.5,81.5,1.014639639639639,4.666666666666666,0.4758981800592541
left,vibha,combined_augmented,/Users/vibha/COSMOS-Cluster10/labs/Cosmos-Gesture-Recognition-/data/processed/combined_augmented/sessions/vibha_left_001,31.0,418497.1075268818,136016.3161927302,263990.0,663785.6666666666,274785.0,263990.0,-10795.0,5.629032258064514,2.3912586019643247,2.5281905418855457,2.731542489801669,11.52530293455839,301.0,301.0,0.5724557032115172,0.10812570559904,0.241,0.7683333333333334,-0.1256633444075304,0.3013260152521469,-0.66,0.5933333333333333,-0.7726201550387597,0.1221491085144455,-1.1883333333333332,-0.5386666666666667,38.95121262458472,37.06519650742719,-15.736666666666666,117.39333333333332,-7.345066445182724,12.76958325662268,-30.39333333333333,31.17,-53.465038759689925,54.15051504339632,-160.40666666666667,20.82333333333333,1.0266495299043947,0.0619547849337102,150.0,63.16222222222223,23.14106584970113,24.666666666666668,92.66666666666669,67.83333333333334,68.0,38.66666666666666,86.91666666666667,48.25000000000001,91.5,35.0,-56.5,56.5,1.0727069351230427,7.0,-0.4988037986873492
left,vibha,combined_augmented,/Users/vibha/COSMOS-Cluster10/labs/Cosmos-Gesture-Recognition-/data/processed/combined_augmented/sessions/vibha_left_002,30.0,470419.4555555555,122194.88778084009,260020.5,690476.6666666666,260020.5,321672.5,61652.0,5.961111111111111,2.7119287625541943,2.185063133501348,2.318195194910261,8.396859188170257,301.0,301.0,0.6632076411960134,0.0822271508570519,0.489,0.8166666666666665,-0.1141810631229235,0.2565364276279061,-0.6203333333333333,0.4463333333333333,-0.7033732004429679,0.1175282753760358,-1.0253333333333332,-0.4773333333333333,42.10254706533777,41.556265230746014,-43.25333333333333,146.18333333333334,-6.565575858250278,14.180329952719056,-46.336666666666666,38.03666666666667,-49.9347619047619,41.73519838446039,-110.26333333333334,26.773333333333337,1.0157279458141546,0.0479314955037302,150.0,69.43555555555555,18.861537727221847,43.66666666666666,96.33333333333331,71.0,52.66666666666666,49.66666666666666,86.125,36.458333333333336,96.0,49.5,-46.5,46.5,1.027218493661446,4.333333333333329,-0.4147775456686968
left,vibha,combined_augmented,/Users/vibha/COSMOS-Cluster10/labs/Cosmos-Gesture-Recognition-/data/processed/combined_augmented/sessions/vibha_left_003,30.0,440722.0666666667,140776.00961815982,275501.5,720498.6666666666,275501.5,279384.5,3883.0,6.455555555555554,2.924333837827297,2.324903458505694,1.6651932346439702,7.155026193979786,302.0,302.0,0.6333631346578367,0.1093698025546855,0.3816666666666666,0.7993333333333333,-0.0735590507726269,0.2531978322566569,-0.4906666666666666,0.4646666666666667,-0.7351192052980131,0.1070009384908665,-1.0643333333333336,-0.6076666666666667,34.60506622516556,34.084522134408864,-19.136666666666667,100.27,1.980932671081678,18.201987049897472,-44.72666666666667,55.31,-46.07086644591613,48.097337940423536,-139.15666666666667,16.67,1.0152979428288524,0.0604170868869163,152.0,66.57127192982455,21.02445755056928,38.333333333333336,93.33333333333331,68.83333333333334,54.99999999999999,42.333333333333336,88.66666666666667,46.333333333333336,88.0,41.5,-46.5,46.5,0.8818984547461374,2.999999999999993,-0.4540515927528211
left,vibha,combined_augmented,/Users/vibha/COSMOS-Cluster10/labs/Cosmos-Gesture-Recognition-/data/processed/combined_augmented/sessions/vibha_left_004,30.0,443040.4444444445,121487.22597142504,270003.0,630996.6666666666,270003.0,280092.0,10089.0,6.661111111111111,1.9247334271093488,2.324688912434724,2.132954512299259,6.863399275511756,300.0,300.0,0.6614394444444445,0.1270245548574305,0.431,0.864,-0.1311772222222222,0.2561452869494973,-0.6783333333333333,0.4616666666666666,-0.7174638888888889,0.1208947617484309,-1.0013333333333332,-0.544,38.79893333333334,52.43261145059331,-73.11,149.26666666666668,-2.981783333333333,12.119429705416712,-46.88,25.01333333333333,-44.91113888888888,48.54989494828974,-123.91666666666669,38.25,1.02967571501754,0.0747873320889156,151.0,68.18432671081678,19.71987192136653,13.333333333333334,91.66666666666669,69.66666666666667,78.33333333333334,54.833333333333336,86.83333333333334,32.00000000000001,83.5,38.5,-45.0,45.0,1.9170370370370369,12.666666666666664,-0.3891675380504245
left,vibha,combined_augmented,/Users/vibha/COSMOS-Cluster10/labs/Cosmos-Gesture-Recognition-/data/processed/combined_augmented/sessions/vibha_left_005,30.0,396818.4388888889,123893.34173110714,236145.5,622745.3333333334,236145.5,277944.0,41798.5,4.894444444444445,2.8062375408725595,2.373729730455265,2.1181847041946047,7.828721759532343,301.0,301.0,0.6027253599114063,0.1066773372581189,0.344,0.7376666666666667,-0.2219640088593577,0.2363278590108681,-0.6829999999999999,0.1896666666666666,-0.745704318936877,0.087241339325355,-0.996,-0.6113333333333333,39.04407530454042,39.34913011482144,-12.43,152.31666666666666,-12.260182724252491,14.510331319437004,-42.24666666666667,19.836666666666662,-45.541351052048725,47.1851063652538,-132.51,18.226666666666667,1.0204851867071896,0.0455275544915472,151.0,61.67991169977926,19.86372058341587,33.666666666666664,92.0,59.0,58.333333333333336,43.83333333333333,82.16666666666666,38.33333333333333,82.0,40.0,-42.0,42.0,1.4399999999999993,6.0,-0.4196560938770773
left,vibha,combined_augmented,/Users/vibha/COSMOS-Cluster10/labs/Cosmos-Gesture-Recognition-/data/processed/combined_augmented/sessions/vibha_left_006,30.0,428219.3611111111,122104.92889411628,259481.5,653567.0,259481.5,273411.0,13929.5,5.455555555555555,2.200981823562912,2.5719310255275523,2.7392298477210666,13.167776080655996,302.0,302.0,0.6806219646799117,0.0596773073635181,0.5453333333333333,0.7913333333333333,-0.129387417218543,0.2457390993480071,-0.519,0.4453333333333333,-0.6880011037527594,0.0764575511790361,-0.919,-0.5146666666666667,41.21328918322296,33.45791497045559,-15.226666666666668,102.79666666666668,-7.175000000000002,13.660419712507164,-40.04,26.633333333333336,-43.20051324503312,38.42699393834987,-116.97666666666667,15.036666666666669,1.0109229106416726,0.0340968200692759,144.0,62.817129629629626,25.423845479708326,2.0,96.0,70.83333333333334,94.0,46.91666666666666,81.33333333333333,34.416666666666664,93.0,52.5,-40.5,40.5,2.1456876456876453,21.33333333333333,-0.5338658467968818
left,vibha,combined_augmented,/Users/vibha/COSMOS-Cluster10/labs/Cosmos-Gesture-Recognition-/data/processed/combined_augmented/sessions/vibha_left_007,30.0,438357.29999999993,130094.5421350722,263485.5,658457.0,263485.5,284423.5,20938.0,5.422222222222223,1.8021249459978224,2.26264813516733,1.5281232318086002,7.080592465993794,302.0,302.0,0.5341534216335541,0.0921693033070341,0.306,0.6875,-0.1770049668874172,0.2490503000683376,-0.5766666666666667,0.3276666666666667,-0.795414459161148,0.089906302632447,-1.057,-0.5936666666666667,32.99996136865342,26.39012811852557,-12.40333333333333,79.96666666666665,-11.153112582781455,18.518978862155564,-40.70333333333334,55.35999999999999,-50.10049116997793,49.36415517834179,-152.60333333333332,40.64,1.0121088786319965,0.0597895598898654,151.0,65.05298013245033,20.754181826365134,18.33333333333333,95.66666666666669,68.0,77.33333333333334,43.5,83.16666666666666,39.66666666666666,90.5,40.5,-50.0,50.0,1.2577777777777774,13.333333333333332,-0.451889159986058
left,vibha,combined_augmented,/Users/vibha/COSMOS-Cluster10/labs/Cosmos-Gesture-Recognition-/data/processed/combined_augmented/sessions/vibha_left_008,31.0,458153.9408602151,108475.70339977636,271654.0,581093.0,271654.0,284375.5,12721.5,6.489247311827958,2.404794898023712,2.637549940640121,2.20947018449691,9.835311781954244,302.0,302.0,0.5721909492273731,0.0652368622500286,0.369,0.7133333333333333,-0.103819536423841,0.2228505549527706,-0.401,0.4003333333333334,-0.7832935982339956,0.0702029007988798,-0.9983333333333334,-0.6503333333333333,31.637786975717443,21.828815892326727,-7.236666666666667,82.90499999999999,0.535921633554084,13.507795170848452,-32.98,33.053333333333335,-52.659061810154526,30.06662962305917,-103.87666666666668,20.02,1.0043018389573344,0.0442077045527593,151.0,75.69205298013246,15.647834406365188,44.333333333333336,93.66666666666669,83.33333333333333,49.333333333333336,61.16666666666667,88.83333333333334,27.66666666666667,92.0,55.0,-37.0,37.0,1.051111111111111,8.333333333333329,-0.3237940048797496
bye_bye,vibha,combined_augmented,/Users/vibha/COSMOS-Cluster10/labs/Cosmos-Gesture-Recognition-/data/processed/combined_augmented/sessions/vibha_bye_bye_001,30.0,508150.95,40884.61087257807,457803.1666666667,594618.6666666666,490311.5,464025.5,-26286.0,6.73888888888889,1.5176024788957805,1.8765428464926448,1.5538392373095262,7.235905518714024,302.0,302.0,0.6301953642384106,0.3658975441150159,-0.2033333333333333,1.4446666666666663,0.0023129139072847,1.1975625957571925,-2.129,2.728666666666667,-0.0866705298013245,0.3235703105138098,-0.8169999999999998,0.7186666666666666,-17.956197571743925,326.2925017742533,-528.9766666666667,566.5866666666667,-20.73078366445916,137.485865558194,-288.34,249.53,-2.107417218543042,304.15140280940744,-521.9966666666667,490.56666666666666,1.3374115612846216,0.5373346932301194,151.0,71.73178807947019,6.028450249532344,59.0,90.0,70.0,31.0,68.0,74.66666666666667,6.666666666666671,73.0,85.0,12.0,12.0,1.84,7.666666666666657,0.0249744394097824
bye_bye,vibha,combined_augmented,/Users/vibha/COSMOS-Cluster10/labs/Cosmos-Gesture-Recognition-/data/processed/combined_augmented/sessions/vibha_bye_bye_002,30.0,494892.8000000001,58832.65930890893,382421.5,659655.5,382421.5,659655.5,277234.0,8.383333333333333,1.482084368068861,1.991262319363168,1.5069529831376125,6.415419577522694,301.0,301.0,0.5376594684385382,0.3706080509467513,-0.0763333333333333,1.5936666666666666,-0.0204435215946843,1.2827880805642846,-2.153,2.4970000000000003,0.1194152823920265,0.4333397800897526,-0.6789999999999999,1.3433333333333335,-6.213355481727571,361.36163883354897,-676.3933333333333,678.74,-27.18986710963455,168.875622251052,-308.68333333333334,344.67333333333335,8.01295127353267,349.0321319779788,-502.09,558.9866666666667,1.368216760930358,0.6343638533423833,151.0,71.3907284768212,5.503045984895475,61.66666666666666,87.33333333333333,70.0,25.666666666666664,67.33333333333333,74.83333333333334,7.500000000000014,68.0,70.5,2.5,2.5,1.756666666666667,7.666666666666657,-0.0140809805971885
bye_bye,vibha,combined_augmented,/Users/vibha/COSMOS-Cluster10/labs/Cosmos-Gesture-Recognition-/data/processed/combined_augmented/sessions/vibha_bye_bye_003,30.0,501478.8722222222,60475.94499489312,414032.0,647897.6666666666,442283.5,438361.0,-3922.5,8.249999999999998,0.746287105907937,2.4765887712640486,1.8725293892282784,8.525012774065221,301.0,301.0,0.4667740863787375,0.5188851935903577,-0.585,1.7206666666666666,0.0655033222591362,1.4283746627464786,-2.499,2.911,0.1035808416389811,0.3895008970447963,-0.6836666666666668,1.155,9.125719822812847,351.1636167027466,-667.1333333333333,706.8766666666667,-27.52455149501661,170.76191795052267,-371.29,288.66333333333336,20.892502768549285,359.2089710923014,-567.8366666666666,516.91,1.4804429399992545,0.7087971467245148,150.0,72.13333333333334,5.993080911227353,60.0,84.33333333333333,71.16666666666666,24.33333333333333,68.08333333333333,77.25,9.166666666666671,71.5,68.5,-3.0,3.0,2.0372856077554062,11.0,-0.0003893506378065
bye_bye,vibha,combined_augmented,/Users/vibha/COSMOS-Cluster10/labs/Cosmos-Gesture-Recognition-/data/processed/combined_augmented/sessions/vibha_bye_bye_004,30.0,420135.5555555556,38582.76823849038,373820.0,524824.3333333334,487528.5,398387.5,-89141.0,7.627777777777777,0.9483741773408392,2.897856551459557,1.6301657166947006,6.572452682884696,301.0,301.0,0.6375071982281284,0.352778292247205,-0.118,1.5040000000000002,-0.0001240310077519,1.1546217946482944,-2.143666666666667,2.2256666666666667,-0.0166389811738648,0.3181176067281442,-0.7556666666666666,1.0416666666666667,0.2401107419712077,296.00644590330074,-529.16,648.08,-19.458239202657808,142.91063296724354,-247.57666666666668,321.24,11.48064784053156,300.2758864960006,-447.6933333333333,521.3299999999999,1.303514168124558,0.5160871401590627,151.0,66.50331125827816,4.881312444895801,54.333333333333336,78.0,66.66666666666667,23.666666666666664,62.66666666666666,69.66666666666667,7.000000000000007,69.0,60.5,-8.5,8.5,1.4788888888888887,6.0,-0.0543052166840948
bye_bye,vibha,combined_augmented,/Users/vibha/COSMOS-Cluster10/labs/Cosmos-Gesture-Recognition-/data/processed/combined_augmented/sessions/vibha_bye_bye_005,30.0,456780.7361111111,38947.71215437723,384570.0,564930.6666666666,449892.0,455670.75,5778.75,8.244444444444445,0.8689428798229843,2.2407208423318736,1.3753488168095953,6.033633814109731,300.0,300.0,0.6269961111111111,0.3446564339815471,-0.4243333333333333,1.4623333333333333,-0.0464472222222222,1.202579680463068,-2.080666666666667,2.361333333333333,0.0315872222222222,0.2882020877974385,-0.6516666666666667,0.6153333333333333,2.9619833333333343,351.22672628533365,-606.2800000000001,586.1633333333334,-26.044061111111112,130.58396447921632,-237.22,217.64666666666668,8.242616666666668,312.29638900430035,-564.1966666666667,455.72333333333336,1.3175431336561318,0.5553428671750873,150.0,64.19,4.625216604154529,53.66666666666666,77.66666666666667,64.0,24.000000000000007,62.0,67.33333333333333,5.333333333333329,70.0,66.5,-3.5,3.5,1.4574944071588367,4.333333333333336,0.0215366608886317
bye_bye,vibha,combined_augmented,/Users/vibha/COSMOS-Cluster10/labs/Cosmos-Gesture-Recognition-/data/processed/combined_augmented/sessions/vibha_bye_bye_006,30.0,475722.32777777774,33836.33357590852,404099.0,552086.0,438111.5,465964.0,27852.5,8.4,1.0558868875696694,1.755121981868185,1.664564115085295,8.75842557618926,301.0,301.0,0.609390365448505,0.2867833620154433,-0.0716666666666666,1.5416666666666667,-0.1728499446290144,1.1466024078437669,-2.3563333333333336,2.1493333333333333,0.0016057585825027,0.2382115561001197,-0.5873333333333334,0.6585,5.622480620155036,382.75720438438606,-563.2466666666668,747.8233333333333,-23.39278516057586,107.54291355205277,-243.885,208.85,9.275204872646734,306.11510556332604,-459.9066666666667,477.8466666666666,1.2429368339359468,0.556804139736111,151.0,60.63245033112583,3.478043185513132,52.333333333333336,69.66666666666667,61.0,17.333333333333336,58.0,63.0,5.0,61.5,58.0,-3.5,3.5,1.3188888888888892,4.0,-0.0114145462995238
bye_bye,vibha,combined_augmented,/Users/vibha/COSMOS-Cluster10/labs/Cosmos-Gesture-Recognition-/data/processed/combined_augmented/sessions/vibha_bye_bye_007,31.0,503618.0483870969,43696.81242272892,404665.0,574284.3333333334,404665.0,443337.0,38672.0,8.92741935483871,0.8826133034893355,2.554147015630147,1.5031727643470436,5.964102256291619,303.0,303.0,0.4276149614961496,0.4819874711398035,-0.936,1.348,-0.0124163916391639,1.40934332970682,-2.360333333333333,3.577666666666667,-0.0476152365236523,0.5400364213597953,-1.353,1.1193333333333333,-3.911996699669961,321.7867379180028,-717.2166666666667,544.3066666666667,-44.38305280528052,134.5839768957565,-428.1166666666666,166.05,20.862392739273933,347.8467382576262,-563.7600000000001,512.3433333333334,1.4940327000635685,0.6806923708156285,151.0,69.90507726269317,6.507474617806671,59.333333333333336,88.33333333333333,68.33333333333333,29.0,65.25,74.25,9.0,66.5,74.5,8.0,8.0,1.8888888888888884,9.333333333333345,0.0765022655977689
bye_bye,vibha,combined_augmented,/Users/vibha/COSMOS-Cluster10/labs/Cosmos-Gesture-Recognition-/data/processed/combined_augmented/sessions/vibha_bye_bye_008,30.0,457175.4611111112,29903.04763111332,411974.3333333333,545235.6666666666,455999.5,473085.5,17086.0,7.772222222222222,0.8124988129146125,1.9671006953229813,1.300809664815982,4.396322069493666,301.0,301.0,0.3552879291251384,0.4997397600401254,-0.8343333333333334,1.4706666666666666,0.0836528239202657,1.5702447998754694,-2.7343333333333333,3.734,0.0554889258028792,0.5846516379128707,-1.2373333333333332,1.5490000000000002,-11.35152823920266,288.714634074742,-643.6133333333333,533.8933333333333,-39.52124031007752,124.5524545234186,-344.5733333333333,243.2133333333333,-2.2592691029900287,358.74770371826446,-559.9433333333333,533.1166666666668,1.5843599502230878,0.8266413814725428,148.0,66.29054054054055,5.44001584039719,55.0,82.66666666666667,66.5,27.66666666666667,62.333333333333336,69.33333333333333,6.999999999999993,65.0,58.0,-7.0,7.0,1.7074829931972784,9.0,-0.0665520334743727
t_arm,vibha,combined_augmented,/Users/vibha/COSMOS-Cluster10/labs/Cosmos-Gesture-Recognition-/data/processed/combined_augmented/sessions/vibha_t_arm_001,30.0,302926.0444444445,43541.51957978205,251702.0,400701.3333333333,259371.0,281503.0,22132.0,3.6888888888888887,2.0164753505823407,3.073037986567586,2.23911186260747,8.52013957260168,300.0,300.0,0.7484983333333333,0.2438132392741837,0.2956666666666667,1.0193333333333332,-0.4463911111111111,0.3309030827602652,-1.1546666666666667,-0.1006666666666666,-0.1199638888888888,0.2620992293212677,-0.5133333333333333,0.52,31.51631111111111,43.66422691173527,-17.67,159.86333333333334,-23.922866666666668,48.522553699140005,-140.08,29.666666666666668,-12.582633333333334,25.20106899097294,-70.75,29.69666666666667,1.0015794666373294,0.0915556528349733,150.0,124.26444444444442,33.986548127774924,65.0,246.0,121.33333333333331,181.0,101.66666666666669,138.5,36.83333333333333,124.5,98.5,-26.0,26.0,5.825503355704698,57.33333333333333,-0.2188215772552858
t_arm,vibha,combined_augmented,/Users/vibha/COSMOS-Cluster10/labs/Cosmos-Gesture-Recognition-/data/processed/combined_augmented/sessions/vibha_t_arm_002,31.0,282389.9892473118,30184.835380530163,242622.3333333333,342231.3333333333,252663.0,269900.0,17237.0,2.553763440860215,1.1526711200792978,2.949675358998629,2.2673342590729204,8.909233439530984,302.0,302.0,0.6980430463576158,0.3063898242702044,0.1326666666666666,0.9886666666666668,-0.4210325607064017,0.3369678601939224,-1.17,-0.025,-0.1265496688741722,0.3512078500471892,-0.807,0.4976666666666666,40.77413355408389,48.85433602783791,-12.503333333333336,173.33333333333334,-23.99747792494481,37.80889671055646,-81.27,24.46666666666667,-14.86790838852097,20.36420982166628,-53.19333333333333,28.403333333333336,1.0042683837631825,0.0525486533017271,151.0,110.72737306843268,20.44030589250443,69.0,151.66666666666666,109.33333333333331,82.66666666666666,93.33333333333331,131.16666666666669,37.83333333333336,130.0,95.5,-34.5,34.5,2.032222222222223,19.33333333333333,-0.4112065760427562
t_arm,vibha,combined_augmented,/Users/vibha/COSMOS-Cluster10/labs/Cosmos-Gesture-Recognition-/data/processed/combined_augmented/sessions/vibha_t_arm_003,30.0,301551.8944444444,44244.8985868445,249523.0,392725.0,268523.5,256693.0,-11830.5,3.094444444444445,1.5990062500360405,2.6512096318124594,2.3330136999667466,10.4747333613554,302.0,302.0,0.664521523178808,0.34235744684387,0.0946666666666666,1.0313333333333332,-0.4741760485651214,0.3552070844039597,-1.087,-0.027,-0.0639707505518763,0.3144076639462673,-0.7626666666666667,0.477,38.79665011037528,38.99063977656079,-9.826666666666666,127.46666666666668,-16.749271523178805,31.241081881897763,-82.58333333333333,23.52,-17.132466887417216,19.627447597823966,-55.126666666666665,13.473333333333334,1.005125938080394,0.049787133812438,151.0,109.37417218543048,22.83109451219913,81.33333333333333,175.0,103.0,93.66666666666669,88.66666666666667,131.58333333333331,42.91666666666664,144.0,87.5,-56.5,56.5,2.1655555555555552,23.66666666666667,-0.4706808411757878
t_arm,vibha,combined_augmented,/Users/vibha/COSMOS-Cluster10/labs/Cosmos-Gesture-Recognition-/data/processed/combined_augmented/sessions/vibha_t_arm_004,31.0,306298.05376344087,32053.49889809243,263767.0,359982.3333333333,345909.5,263767.0,-82142.5,3.521505376344086,1.997642847285669,3.3859620705700384,2.643659626470064,9.773608876523348,302.0,302.0,0.6664701986754966,0.3044186816558765,0.1276666666666666,0.9503333333333334,-0.3561291390728477,0.1245153513711195,-0.6193333333333334,-0.1933333333333333,0.1611810154525386,0.5628094800477689,-0.5763333333333333,1.0,8.9653587196468,14.722664379878143,-25.62333333333333,40.79333333333334,-36.93595474613687,46.400655710726426,-129.05333333333337,18.30333333333333,0.1115011037527594,4.423763147025102,-11.966666666666669,10.105,1.009131444191466,0.0597733620059675,151.0,108.1401766004415,19.58644743765096,64.16666666666667,144.33333333333334,104.0,80.16666666666667,96.0,127.0,31.0,119.0,76.0,-43.0,43.0,1.662222222222223,10.666666666666686,-0.3993929359823406
t_arm,vibha,combined_augmented,/Users/vibha/COSMOS-Cluster10/labs/Cosmos-Gesture-Recognition-/data/processed/combined_augmented/sessions/vibha_t_arm_005,30.0,291383.01111111115,22081.27325430665,239007.0,324862.6666666667,239007.0,307036.0,68029.0,1.716666666666667,1.389877425983766,1.7159282648790768,1.443158442361156,5.159477094832988,301.0,301.0,0.7045077519379844,0.2683394730635486,0.209,0.96,-0.330688261351052,0.0885516702103971,-0.54,-0.161,0.2221650055370985,0.5277331121230255,-0.4336666666666666,1.098666666666667,2.8025913621262464,17.209389448806093,-88.52333333333335,32.123333333333335,-29.44777408637874,39.110610445499525,-103.39333333333332,15.21,-0.6354318936877074,8.931566888186035,-20.05666666666667,22.39,1.004842441951212,0.0607006096101744,149.0,107.7013422818792,17.419056424348426,78.33333333333333,135.66666666666666,103.66666666666669,57.33333333333333,93.33333333333331,123.66666666666669,30.333333333333343,129.0,94.5,-34.5,34.5,1.3051801801801808,7.0,-0.3476963540721928
t_arm,vibha,combined_augmented,/Users/vibha/COSMOS-Cluster10/labs/Cosmos-Gesture-Recognition-/data/processed/combined_augmented/sessions/vibha_t_arm_006,30.0,345542.9611111112,57068.555529304096,274869.0,497558.3333333333,281249.0,444233.0,162984.0,3.2333333333333334,1.947267791509902,3.602813346930528,4.265562886034429,13.85785436476494,300.0,300.0,0.6928483333333334,0.2940659400369496,0.1433333333333333,0.9693333333333332,-0.2521377777777778,0.1249424478571762,-0.5203333333333333,-0.0566666666666666,0.1889233333333333,0.5733259893360393,-0.4683333333333332,1.0556666666666663,10.311733333333333,18.8714254715665,-47.803333333333335,55.49333333333333,-33.29802222222222,40.49733544074633,-118.66666666666669,15.933333333333332,0.6059388888888888,9.67004828964381,-23.14,27.396666666666665,1.0035618514597353,0.0543690221770243,150.0,104.01555555555557,24.28855972944972,59.333333333333336,139.66666666666666,100.83333333333331,80.33333333333331,80.66666666666667,129.625,48.95833333333333,132.0,85.0,-47.0,47.0,2.1029082774049206,16.666666666666657,-0.5076664148036213
t_arm,vibha,combined_augmented,/Users/vibha/COSMOS-Cluster10/labs/Cosmos-Gesture-Recognition-/data/processed/combined_augmented/sessions/vibha_t_arm_007,31.0,300717.63978494634,41369.64919243131,249072.3333333333,388758.3333333333,303476.5,318717.0,15240.5,2.75268817204301,1.950953708394276,2.1729685108656143,2.364986928362843,10.128332021008164,300.0,300.0,0.8070361111111111,0.1998448011065611,0.3739999999999999,1.0093333333333334,-0.2894977777777778,0.2894442612411448,-0.887,0.0513333333333333,-0.0324177777777777,0.3995483323781653,-0.497,0.7306666666666667,16.694894444444444,21.2637054438266,-8.656666666666666,73.82333333333334,-25.81220555555556,36.174318722965744,-104.8,9.535,-14.219505555555552,19.93804801048708,-54.23333333333334,11.18,1.0077439730943498,0.0630399856012571,150.0,96.9788888888889,20.89024706224535,76.66666666666667,137.66666666666666,84.0,60.99999999999999,81.33333333333333,115.58333333333334,34.250000000000014,136.5,82.0,-54.5,54.5,0.8736017897091723,3.6666666666666856,-0.4229678356075093
t_arm,vibha,combined_augmented,/Users/vibha/COSMOS-Cluster10/labs/Cosmos-Gesture-Recognition-/data/processed/combined_augmented/sessions/vibha_t_arm_008,30.0,267433.5416666667,27886.61306784525,234013.3333333333,322639.0,248972.0,252899.25,3927.25,1.6111111111111112,1.4834477692020762,2.4652058861467925,1.787272598854825,6.240229049223662,300.0,300.0,0.6651194444444445,0.3310103359296865,0.1083333333333333,1.0103333333333333,-0.29326,0.1771674260253403,-0.61,-0.0556666666666666,0.2811411111111111,0.516165814851185,-0.4476666666666666,0.936,8.6495,13.983986400125284,-23.46,39.14333333333333,-32.62930555555556,39.38970072438525,-103.77333333333333,22.593333333333334,-4.328305555555556,7.284875699209431,-17.646666666666665,13.87,1.0059179709209158,0.0542028677372353,150.0,105.87333333333332,20.30775227311676,82.0,141.33333333333334,102.66666666666669,59.33333333333334,85.33333333333333,126.66666666666669,41.33333333333334,127.0,85.0,-42.0,42.0,1.134228187919463,6.333333333333343,-0.425740403277183
raise_arms,vibha,combined_augmented,/Users/vibha/COSMOS-Cluster10/labs/Cosmos-Gesture-Recognition-/data/processed/combined_augmented/sessions/vibha_raise_arms_001,30.0,415763.9611111112,112027.73410754044,266599.3333333333,573457.6666666666,270100.5,293537.5,23437.0,6.3194444444444455,2.631546803734814,2.817468734375471,1.8702984680814845,6.217998228899528,303.0,303.0,0.2881815181518151,0.609423423651721,-0.7706666666666667,0.8213333333333334,-0.2416116611661166,0.1932256971998548,-0.5733333333333334,0.0426666666666666,-0.663898789878988,0.1141768447455818,-0.8796666666666667,-0.445,-5.271177117711771,11.559333046543552,-40.10333333333333,27.53,26.563289328932896,41.17344075599099,-11.506666666666668,119.52,-15.941661166116614,25.30218462868048,-76.78333333333335,15.74,0.9976170960119092,0.0933592330361412,151.0,38.060706401766,2.849072847482572,31.666666666666668,44.333333333333336,38.0,12.666666666666668,36.66666666666666,39.66666666666666,3.0,32.5,35.0,2.5,2.5,0.6566666666666668,3.0,-0.002533403044034
raise_arms,vibha,combined_augmented,/Users/vibha/COSMOS-Cluster10/labs/Cosmos-Gesture-Recognition-/data/processed/combined_augmented/sessions/vibha_raise_arms_002,31.0,476982.9462365591,149907.03170451836,263994.0,759075.0,263994.0,279068.0,15074.0,7.580645161290323,2.8761380691972884,2.2624902169570293,1.6489935797552944,6.388097503760148,302.0,302.0,0.3550596026490066,0.5150764404018982,-0.6376666666666667,0.852,-0.1769663355408388,0.1504432964675401,-0.5156666666666667,0.0813333333333333,-0.7240237306843267,0.1704269756154482,-1.0683333333333334,-0.3173333333333333,-6.455634657836645,11.214390707992749,-48.64666666666667,20.37666666666667,25.156434878587195,37.00445233813716,-29.676666666666662,90.55,-7.773007726269316,15.944636515280896,-41.64666666666667,27.396666666666665,0.9958030670424036,0.0833864409694683,151.0,32.23620309050772,3.45410960901241,21.666666666666668,38.66666666666666,33.333333333333336,16.999999999999996,29.833333333333336,34.666666666666664,4.833333333333329,28.5,32.5,4.0,4.0,0.9955555555555552,4.000000000000004,0.0583339142558381
raise_arms,vibha,combined_augmented,/Users/vibha/COSMOS-Cluster10/labs/Cosmos-Gesture-Recognition-/data/processed/combined_augmented/sessions/vibha_raise_arms_003,31.0,436985.1827956989,121360.77673061567,295665.0,643431.0,365900.5,297593.0,-68307.5,5.881720430107526,1.9358870547802536,2.5774172888405604,1.898216651074886,7.9953195729407796,303.0,303.0,0.0871991199119912,0.5824787385704714,-0.9066666666666666,0.6493333333333334,-0.2641809680968096,0.1246393924887802,-0.5995,-0.0263333333333333,-0.748040704070407,0.1106823231356909,-0.9793333333333334,-0.4405,-5.027249724972497,9.591605100624454,-34.60666666666666,20.966666666666665,29.426927026035933,33.61150469321746,-11.86,102.69666666666669,-13.129548954895489,14.838294152538143,-41.45333333333334,12.086666666666666,0.9978226471669408,0.0915268587150007,151.0,30.29470198675497,2.6585601581118548,22.5,37.0,30.666666666666668,14.5,28.33333333333333,32.0,3.666666666666668,22.5,35.0,12.5,12.5,0.8122222222222224,3.0,0.0316289067038455
raise_arms,vibha,combined_augmented,/Users/vibha/COSMOS-Cluster10/labs/Cosmos-Gesture-Recognition-/data/processed/combined_augmented/sessions/vibha_raise_arms_004,30.0,472001.4944444445,129196.15764144076,284719.0,708645.6666666666,338658.0,325362.5,-13295.5,7.061111111111109,1.9495884339337868,2.0822168899348465,1.5459734571327153,7.166405775730516,301.0,301.0,-0.0176982281284607,0.6626812475003843,-0.905,0.765,-0.2348338870431894,0.1069730420585866,-0.4366666666666667,-0.0056666666666666,-0.683172757475083,0.149299970008309,-0.9166666666666666,-0.376,-7.135526024363233,14.570848478015726,-46.71333333333334,43.39000000000001,34.17448781838316,35.424645599278435,-21.913333333333338,90.74,-7.580332225913622,10.50928367648165,-36.38,10.293333333333331,0.9943129535378966,0.080044345996264,151.0,30.048565121412807,6.008469004600876,20.0,39.833333333333336,29.33333333333333,19.833333333333336,24.666666666666668,36.0,11.333333333333332,29.0,39.0,10.0,10.0,0.9822222222222224,4.0,0.1140577436969907
raise_arms,vibha,combined_augmented,/Users/vibha/COSMOS-Cluster10/labs/Cosmos-Gesture-Recognition-/data/processed/combined_augmented/sessions/vibha_raise_arms_005,31.0,484555.1505376344,112388.52131791537,288747.3333333333,646249.6666666666,291410.0,348033.0,56623.0,7.080645161290322,2.0859106499754225,1.9962089935943104,1.1726629558055257,4.957149149047194,300.0,300.0,-0.0477794444444444,0.584255306520027,-0.7574444444444444,0.81,-0.2044588888888889,0.1496246917864196,-0.477,0.1166666666666666,-0.7442805555555555,0.1482518206555147,-1.0756666666666663,-0.4283333333333333,-10.0834,12.59994427953582,-52.89000000000001,20.33666666666667,29.778166666666667,29.0931624426886,-37.73333333333333,69.17666666666666,-8.458494444444444,13.528564232282973,-34.690000000000005,33.13333333333333,0.9900169923628582,0.0602214802595554,150.0,27.587777777777774,2.829593311717978,19.666666666666668,35.666666666666664,27.33333333333333,15.999999999999996,26.0,29.33333333333333,3.333333333333332,24.5,30.5,6.0,6.0,1.1700223713646536,5.333333333333336,0.0143410818258588
raise_arms,vibha,combined_augmented,/Users/vibha/COSMOS-Cluster10/labs/Cosmos-Gesture-Recognition-/data/processed/combined_augmented/sessions/vibha_raise_arms_006,30.0,465496.7444444445,129618.25660019896,261278.3333333333,681824.3333333334,276314.0,479756.0,203442.0,6.133333333333334,3.417384748388528,2.00986239282124,1.5612964195330026,5.351752145480741,302.0,302.0,-0.2000640176600441,0.5013530897086338,-0.73,0.6964999999999999,-0.2691059602649007,0.0894116077941282,-0.3905,0.002,-0.7734348785871965,0.1366624292315537,-1.0563333333333331,-0.5646666666666667,-6.994547461368654,12.807615500805223,-59.98499999999999,28.34,28.41256622516556,21.609865879757542,-15.87,58.50666666666666,-9.796545253863137,10.27266501535194,-32.559999999999995,17.69,0.992726873824796,0.0562536234015699,151.0,25.48344370860927,3.390520522221388,18.166666666666668,33.666666666666664,25.666666666666668,15.499999999999996,22.666666666666668,28.0,5.333333333333332,25.0,27.5,2.5,2.5,1.19,6.666666666666664,0.0543679563146275
raise_arms,vibha,combined_augmented,/Users/vibha/COSMOS-Cluster10/labs/Cosmos-Gesture-Recognition-/data/processed/combined_augmented/sessions/vibha_raise_arms_007,30.0,500022.6055555556,142714.55494904713,258386.66666666663,658628.6666666666,298491.0,333126.5,34635.5,7.477777777777776,2.8086286799305444,2.087226738990362,1.629224045073102,6.393913442235077,300.0,300.0,-0.1821138888888888,0.5981045871099081,-0.8626666666666667,0.7633333333333333,-0.2682083333333333,0.1113122743930585,-0.499,0.0486666666666666,-0.69745,0.1729723631853537,-0.98,-0.434,-6.096927777777778,17.457221959225723,-42.083333333333336,59.20333333333334,32.35395555555556,29.625975290290533,-23.653333333333336,76.13666666666667,-9.4646,14.620041088608218,-40.89333333333333,22.47333333333333,0.9935904967386182,0.0659891192908328,150.0,27.45,4.093553160701949,16.666666666666668,38.0,27.416666666666664,21.33333333333333,24.75,30.0,5.25,26.0,33.5,7.5,7.5,1.1040268456375837,9.000000000000004,0.0283476302650487
raise_arms,vibha,combined_augmented,/Users/vibha/COSMOS-Cluster10/labs/Cosmos-Gesture-Recognition-/data/processed/combined_augmented/sessions/vibha_raise_arms_008,30.0,449549.60277777776,136350.63497663417,252329.0,648451.0,252329.0,271977.75,19648.75,6.888888888888889,3.5172414836517816,2.358713253464914,1.6092089126875515,6.336907007563756,300.0,300.0,0.053335,0.5660960323904141,-0.7766666666666667,0.6919999999999998,-0.0640688888888888,0.2031302931496474,-0.3523333333333333,0.2593333333333333,-0.7794255555555555,0.1328592154300609,-1.0285,-0.5143333333333333,-12.887883333333336,15.020661672660662,-70.17333333333333,11.81,30.406944444444445,26.79546155081478,-9.653333333333334,77.73,-5.434699999999999,9.69515832310128,-29.593333333333334,13.153333333333334,0.99456915858467,0.0682937420386858,150.0,29.96333333333333,4.270141115398164,18.666666666666668,37.333333333333336,30.0,18.666666666666668,26.75,33.916666666666664,7.166666666666664,25.5,37.0,11.5,11.5,1.1085011185682327,4.666666666666668,0.08200275567803
fist_open,vibha,combined_augmented,/Users/vibha/COSMOS-Cluster10/labs/Cosmos-Gesture-Recognition-/data/processed/combined_augmented/sessions/vibha_fist_open_001,30.0,276493.81666666665,14800.077246692188,253271.3333333333,310656.6666666667,283006.5,263690.5,-19316.0,1.7611111111111108,1.1544465832511468,1.2088585187190903,0.9814238918762268,3.312771102024827,301.0,301.0,0.9480542635658914,0.0465210430311159,0.7159999999999999,1.2453333333333334,0.2596511627906976,0.0648201144014841,-0.2416666666666667,0.4743333333333333,-0.1670390365448505,0.0970346856891604,-0.659,0.4413333333333333,-1.637585825027686,22.738407556115305,-211.02666666666667,66.54333333333334,2.0077242524916947,14.869593264634794,-42.96,92.47,-0.5113953488372094,9.614316404624528,-67.98666666666666,37.27,1.0037168265569696,0.0496162243906466,137.0,84.32238442822384,2.5061366170432824,78.66666666666667,89.33333333333333,83.66666666666667,10.666666666666655,82.66666666666667,86.66666666666667,4.0,84.5,85.0,0.5,0.5,0.6875000000000007,3.0,0.0302230539946854
fist_open,vibha,combined_augmented,/Users/vibha/COSMOS-Cluster10/labs/Cosmos-Gesture-Recognition-/data/processed/combined_augmented/sessions/vibha_fist_open_002,30.0,253785.89444444448,8951.133109380151,241923.3333333333,270110.0,257146.0,266196.0,9050.0,1.0111111111111113,1.023730770934441,0.5701831386859343,0.5233941304499843,1.34554978633599,302.0,302.0,0.9441600441501103,0.0631414294769355,0.4126666666666667,1.3773333333333333,0.1383631346578366,0.0371810356490817,-0.0823333333333333,0.4809999999999999,-0.2877069536423841,0.0767741899776009,-0.617,0.324,-0.7917494481236204,16.16677652984445,-120.77,81.40333333333332,2.453675496688742,13.66416860254922,-34.54,97.60666666666668,-0.2870971302428258,6.41408525657179,-52.75666666666667,22.626666666666665,1.0000532169337932,0.0671933497563517,149.0,79.13534675615213,6.091561420798625,62.0,88.5,81.0,26.5,77.66666666666667,82.66666666666667,5.0,88.5,77.5,-11.0,11.0,1.0202702702702704,5.0,0.0062258903198502
fist_open,vibha,combined_augmented,/Users/vibha/COSMOS-Cluster10/labs/Cosmos-Gesture-Recognition-/data/processed/combined_augmented/sessions/vibha_fist_open_003,30.0,250776.91666666663,7848.140562256,237808.0,269552.0,244589.5,269552.0,24962.5,0.4999999999999999,0.6368324391514267,1.020680748077046,0.4169176398640238,1.609619067832143,301.0,301.0,0.9207823920265784,0.1140919086906781,-0.171,1.3626666666666667,0.1446954595791804,0.1070388169106787,-0.6056666666666667,1.163333333333333,-0.3355027685492802,0.0961283964132675,-0.5756666666666667,0.5389999999999999,-1.357248062015504,19.2336101623675,-100.86,166.48666666666668,1.2566832779623478,14.549539295631224,-65.01333333333334,81.82,1.6021040974529344,7.469988414499166,-43.1,43.34666666666666,1.003600661183256,0.0885423662270608,150.0,72.29777777777778,6.308605519786082,58.66666666666666,79.66666666666667,76.0,21.000000000000007,66.0,77.66666666666667,11.666666666666671,77.0,59.0,-18.0,18.0,0.6890380313199109,2.6666666666666714,-0.1234555609878958
fist_open,vibha,combined_augmented,/Users/vibha/COSMOS-Cluster10/labs/Cosmos-Gesture-Recognition-/data/processed/combined_augmented/sessions/vibha_fist_open_004,30.0,257105.6777777778,13365.67251574064,240328.66666666663,290979.6666666667,245260.5,249613.5,4353.0,0.6,1.083205120618128,0.3971102245072524,0.2292198478215163,0.7537661831942711,301.0,301.0,0.9071107419712072,0.0319517755220622,0.7663333333333333,1.0003333333333333,0.0614767441860465,0.0390976568533008,-0.1703333333333333,0.2063333333333333,-0.404641196013289,0.0598310759274791,-0.6293333333333333,-0.238,-0.2062458471760797,10.579482659761632,-57.46666666666667,29.776666666666667,2.4337430786268,10.688629967794537,-16.61,54.52333333333333,-0.1596760797342192,5.955961203245246,-26.876666666666665,14.883333333333333,0.9979112786257164,0.0258101947879869,151.0,65.25496688741723,6.281035770535628,50.66666666666666,73.33333333333333,67.0,22.666666666666664,63.16666666666667,69.5,6.333333333333329,67.0,69.0,2.0,2.0,0.9044444444444446,5.666666666666671,0.0564377831997209
fist_open,vibha,combined_augmented,/Users/vibha/COSMOS-Cluster10/labs/Cosmos-Gesture-Recognition-/data/processed/combined_augmented/sessions/vibha_fist_open_005,30.0,241608.11666666664,11112.182911040743,230706.3333333333,273456.5,239685.5,236301.0,-3384.5,0.35,0.6601767440112787,0.8660096642154832,0.1422769790982798,1.048595535870664,301.0,301.0,0.9069025470653378,0.0305611981446123,0.7473333333333333,1.0133333333333334,-0.0575442967884828,0.0336477360162744,-0.198,0.0676666666666666,-0.4147198228128461,0.0492328921086319,-0.6156666666666667,-0.2983333333333333,-0.330658914728682,8.896367868874233,-48.63666666666668,25.41333333333333,1.1386877076411963,8.386819441874811,-21.89333333333333,38.72666666666667,1.1741306755260243,4.531999978078892,-13.123333333333331,24.953333333333333,1.0008231403477814,0.0248834037309432,149.0,64.79362416107382,5.15803212980024,47.0,73.0,66.33333333333333,26.0,61.833333333333336,68.0,6.166666666666664,59.5,62.75,3.25,3.25,0.9536411411411404,4.0,0.0689352439688014
fist_open,vibha,combined_augmented,/Users/vibha/COSMOS-Cluster10/labs/Cosmos-Gesture-Recognition-/data/processed/combined_augmented/sessions/vibha_fist_open_006,30.0,261735.5722222222,12201.444561766364,241521.66666666663,285898.5,278850.0,242034.0,-36816.0,1.5055555555555558,1.3041836763770644,1.4654718955037118,1.2882363563143313,4.775224983492287,300.0,300.0,0.9175077777777778,0.0665768223396063,0.4433333333333333,1.3923333333333332,0.1076,0.0487320808050351,-0.1423333333333333,0.2833333333333333,-0.3711866666666666,0.0726640387111169,-0.6920000000000001,0.0446666666666666,-0.7809999999999997,13.95328155710814,-85.23,53.123333333333335,1.271577777777777,16.559427454029546,-55.54333333333333,84.92333333333333,-1.3005833333333336,8.58452618741402,-58.39333333333334,26.78333333333333,0.9992813716497676,0.0685705152512705,150.0,67.56166666666667,1.79773839816798,62.66666666666666,70.66666666666667,68.0,8.000000000000007,66.0,69.0,3.0,68.5,68.75,0.25,0.25,0.4558165548098438,2.000000000000007,0.0271815043631567
fist_open,vibha,combined_augmented,/Users/vibha/COSMOS-Cluster10/labs/Cosmos-Gesture-Recognition-/data/processed/combined_augmented/sessions/vibha_fist_open_007,30.0,262136.7,15838.826734828746,243107.3333333333,294081.1666666667,290485.0,252103.5,-38381.5,1.0666666666666669,1.146330700135905,1.5765722453289714,1.6145443100390815,5.021263628065679,302.0,302.0,0.8968896247240618,0.0593493514282335,0.4406666666666667,1.2756666666666667,0.0812770419426048,0.0621696993602943,-0.0766666666666666,0.5479999999999999,-0.4240430463576158,0.0687441521054956,-0.6875,0.118,-0.0032174392935979,13.680439418976336,-90.14,53.07,1.4447295805739515,13.572548417281704,-42.04333333333333,81.71,0.3304525386313464,9.986622900404573,-66.14333333333333,19.97,0.9992274848092292,0.066985600936936,151.0,64.82891832229582,0.9605066216957152,62.66666666666666,67.66666666666667,64.66666666666667,5.000000000000007,64.0,65.41666666666666,1.4166666666666572,65.5,64.0,-1.5,1.5,0.4677777777777784,1.6666666666666714,-0.0087388172417803
fist_open,vibha,combined_augmented,/Users/vibha/COSMOS-Cluster10/labs/Cosmos-Gesture-Recognition-/data/processed/combined_augmented/sessions/vibha_fist_open_008,30.0,259661.45000000004,21917.72240630644,235857.0,298583.6666666667,272606.0,270462.5,-2143.5,1.4888888888888892,2.093169373149568,1.466517614526255,0.9015396420608124,3.4970367606896264,301.0,301.0,0.8806439645625691,0.0457317629929275,0.606,1.2673333333333332,0.0753482834994462,0.0485941511523318,-0.2366666666666666,0.4816666666666667,-0.4594263565891472,0.0486306814050184,-0.644,-0.1753333333333333,-0.6478128460686599,16.690084198317965,-109.88666666666666,64.47666666666666,0.9963496677740864,10.464306759425927,-61.473333333333336,53.95666666666667,0.6800553709856036,7.137797577719611,-41.16666666666666,31.09,0.9985271440490884,0.0452217283981439,150.0,63.69999999999999,0.8785283606901448,62.0,66.0,63.66666666666666,4.0,63.0,64.33333333333333,1.3333333333333286,62.5,64.5,2.0,2.0,0.3624161073825507,1.6666666666666714,0.0026122642487812
