gesture,collector,source_dataset,session_dir,mmwave_frame_count,mmwave_energy_mean,mmwave_energy_std,mmwave_energy_min,mmwave_energy_max,mmwave_energy_first,mmwave_energy_last,mmwave_energy_delta,mmwave_point_count_mean,mmwave_point_count_std,mmwave_velocity_abs_mean,mmwave_velocity_std,mmwave_velocity_abs_max,imu_line_count,imu_record_count,imu_ax_mean,imu_ax_std,imu_ax_min,imu_ax_max,imu_ay_mean,imu_ay_std,imu_ay_min,imu_ay_max,imu_az_mean,imu_az_std,imu_az_min,imu_az_max,imu_gx_mean,imu_gx_std,imu_gx_min,imu_gx_max,imu_gy_mean,imu_gy_std,imu_gy_min,imu_gy_max,imu_gz_mean,imu_gz_std,imu_gz_min,imu_gz_max,imu_accel_mag_mean,imu_accel_mag_std,uwb_count,uwb_mean_cm,uwb_std_cm,uwb_min_cm,uwb_max_cm,uwb_median_cm,uwb_range_cm,uwb_q25_cm,uwb_q75_cm,uwb_iqr_cm,uwb_first_cm,uwb_last_cm,uwb_delta_cm,uwb_abs_delta_cm,uwb_mean_abs_step_cm,uwb_max_abs_step_cm,uwb_slope_cm_per_sample
pull,andrew,combined_all,/Users/tylerchen/Cosmos-Gesture-Recognition-/processed/session_andrew_discrete/sessions/andrew_pull_001,31.0,351524.77419354836,75887.38415858649,247161.0,502541.0,289205.0,268104.0,-21101.0,4.290322580645161,2.6663197831963648,0.0,0.0,0.0,301.0,301.0,0.7762923588039867,0.10763908212825296,0.491,0.977,-0.051455149501661135,0.07103786132133387,-0.235,0.11,-0.6048471760797343,0.12783184253975427,-0.837,-0.352,6.635764119601329,11.859787634974161,-24.11,46.88,6.476112956810631,10.63659666177957,-20.57,33.6,-3.599468438538205,9.121462098467982,-28.14,13.4,1.001534193988798,0.031942966990619964,151.0,63.65562913907285,7.0114633352493,52.0,81.0,61.0,29.0,59.0,69.0,10.0,69.0,56.0,-13.0,13.0,2.2866666666666666,12.0,-0.1390833042872084
pull,andrew,combined_all,/Users/tylerchen/Cosmos-Gesture-Recognition-/processed/session_andrew_discrete/sessions/andrew_pull_002,31.0,368806.87096774194,88111.27451995992,250288.0,582923.0,357612.0,274545.0,-83067.0,3.903225806451613,2.519022323271566,0.0,0.0,0.0,301.0,301.0,0.7546594684385383,0.12568831545894316,0.412,0.913,0.05791362126245847,0.0752645826175555,-0.134,0.224,-0.6223222591362126,0.1410751283186099,-0.916,-0.324,3.8642026578073088,8.475077104214744,-22.95,34.7,8.20186046511628,11.455756689224971,-20.51,45.41,-5.4044850498338874,7.878370205418777,-26.8,9.98,1.0003851898923795,0.027273957572562735,151.0,66.15894039735099,6.316742531011574,54.0,79.0,64.0,25.0,61.0,72.0,11.0,73.0,65.0,-8.0,8.0,2.0933333333333333,8.0,-0.11692227256883994
pull,andrew,combined_all,/Users/tylerchen/Cosmos-Gesture-Recognition-/processed/session_andrew_discrete/sessions/andrew_pull_003,30.0,310015.3333333333,65661.0492120117,251060.0,450271.0,325587.0,447754.0,122167.0,2.2,2.7616420236277306,0.0,0.0,0.0,301.0,301.0,0.6076976744186046,0.04133953037953273,0.375,0.711,0.020470099667774085,0.048515768950591134,-0.095,0.182,-0.7879883720930233,0.03623558067221008,-1.018,-0.699,1.0495681063122924,7.6192160459055085,-27.95,22.83,1.2368770764119603,9.792605431873492,-40.22,35.83,-5.100099667774085,8.614476052812785,-37.05,8.64,0.9977693077475821,0.02175604422757416,151.0,72.50993377483444,2.8719738849065095,67.0,78.0,72.0,11.0,70.0,75.0,5.0,69.0,68.0,-1.0,1.0,2.566666666666667,9.0,0.0026368072499125704
pull,andrew,combined_all,/Users/tylerchen/Cosmos-Gesture-Recognition-/processed/session_andrew_discrete/sessions/andrew_pull_004,31.0,374217.06451612903,62451.633114282915,291875.0,561114.0,316961.0,304866.0,-12095.0,4.225806451612903,2.660459303292292,0.0,0.0,0.0,300.0,300.0,0.7488866666666667,0.09619449302786978,0.526,0.877,0.09352333333333335,0.0847597596915126,-0.138,0.274,-0.6297216666666666,0.12669071421218125,-0.873,-0.37,3.794,9.957567574463152,-25.91,43.58,7.347116666666667,10.367569536928873,-15.81,30.88,-6.3061,9.443565385880875,-32.56,19.07,0.9986778618816883,0.035466793838707315,150.0,68.21,4.532607439580697,61.0,79.0,68.0,18.0,64.0,72.0,8.0,77.0,65.0,-12.0,12.0,1.8389261744966443,8.0,-0.07290368460820515
pull,andrew,combined_all,/Users/tylerchen/Cosmos-Gesture-Recognition-/processed/session_andrew_discrete/sessions/andrew_pull_005,30.0,368015.0333333333,77713.45984511878,267243.0,597126.0,306580.0,293542.0,-13038.0,3.6333333333333333,3.114303917232371,0.0,0.0,0.0,300.0,300.0,0.7120016666666666,0.05281514142638348,0.589,0.862,0.20285833333333333,0.11532412083871363,-0.005,0.426,-0.6503399999999999,0.09112850893513368,-0.949,-0.453,2.3104666666666662,13.427167029902058,-36.07,42.51,4.891166666666666,9.559040797706757,-15.26,34.12,-7.966566666666666,9.669932465063491,-40.77,6.9,0.9972726936836916,0.029675982268735367,151.0,72.66556291390728,4.369867219304127,61.0,86.0,73.0,25.0,69.0,76.0,7.0,76.0,68.0,-8.0,8.0,2.7466666666666666,11.0,-0.016052631578947953
pull,andrew,combined_all,/Users/tylerchen/Cosmos-Gesture-Recognition-/processed/session_andrew_discrete/sessions/andrew_pull_006,30.0,396570.1,67292.9896697271,296209.0,537532.0,381824.0,296209.0,-85615.0,5.033333333333333,2.8575436226863724,0.0,0.0,0.0,301.0,301.0,0.69571926910299,0.06999899211992028,0.403,0.868,0.23977408637873754,0.10670959345405057,-0.029,0.44,-0.6520398671096346,0.10908413260462164,-1.044,-0.47,1.9702657807308972,9.90860775137237,-32.35,28.23,6.666910299003322,10.971739903053633,-62.78,32.23,-7.661528239202657,9.663646831798754,-32.41,14.98,0.9966952238589982,0.03817953844671902,151.0,73.23509933774834,3.6004254647337532,65.0,82.0,73.0,17.0,70.0,77.0,7.0,76.0,78.0,2.0,2.0,1.8,6.0,-0.01763971186243803
pull,andrew,combined_all,/Users/tylerchen/Cosmos-Gesture-Recognition-/processed/session_andrew_discrete/sessions/andrew_pull_007,30.0,367081.63333333336,53885.65069569903,300868.0,504581.0,304546.0,340592.0,36046.0,4.666666666666667,2.2852182001336816,0.0,0.0,0.0,302.0,302.0,0.7925562913907284,0.0679879533853248,0.624,0.913,0.21578973509933774,0.05023879724810747,0.025,0.341,-0.5551456953642384,0.09792498988557355,-0.776,-0.363,3.4132781456953643,6.551914803943322,-22.43,17.61,6.600480132450331,7.676085111156027,-14.83,28.75,-2.6795364238410597,8.855986700946925,-35.04,21.42,0.999430401985664,0.02778311832816341,151.0,70.52649006622516,4.958759280125825,56.0,80.0,71.0,24.0,67.0,75.0,8.0,77.0,77.0,0.0,0.0,2.546666666666667,13.0,-0.026775880097595246
pull,andrew,combined_all,/Users/tylerchen/Cosmos-Gesture-Recognition-/processed/session_andrew_discrete/sessions/andrew_pull_008,30.0,368045.98333333334,54097.294396683,276164.0,533903.0,309213.0,331222.0,22009.0,5.166666666666667,2.29613201323927,0.0,0.0,0.0,301.0,301.0,0.6979119601328904,0.10831592798672926,0.464,0.923,0.13698837209302328,0.07037633080717891,0.001,0.348,-0.6746046511627908,0.13642015363294793,-0.925,-0.377,2.9108305647840536,8.487441238594862,-14.16,31.5,9.7978073089701,11.008045223559598,-31.4,30.58,-6.204700996677741,8.001577019208023,-17.49,16.97,0.9977056876611288,0.02858917408878834,150.0,66.83,4.1590969270169875,55.0,75.0,67.0,20.0,65.0,69.0,4.0,74.0,57.0,-17.0,17.0,1.9798657718120805,9.0,-0.07339615094004193
push,andrew,combined_all,/Users/tylerchen/Cosmos-Gesture-Recognition-/processed/session_andrew_discrete/sessions/andrew_push_001,30.0,386193.4,116622.26236318119,263553.0,653057.0,280788.0,274341.0,-6447.0,3.8,3.249615361854384,0.0,0.0,0.0,301.0,301.0,0.6981827242524917,0.11809553188717455,0.483,1.032,0.20447840531561462,0.05795029115227172,0.009,0.354,-0.6590415282392027,0.1571240273705467,-0.873,-0.229,-6.868803986710964,15.777502477041065,-54.99,25.48,-9.067441860465115,14.916232738321117,-54.72,13.31,3.625182724252492,9.417920980653909,-24.78,48.65,1.0022005794027857,0.03454012372763016,151.0,71.08940397350993,5.850095752126693,58.0,81.0,74.0,23.0,65.0,76.0,11.0,63.0,75.0,12.0,12.0,1.84,10.0,0.1107650749390031
push,andrew,combined_all,/Users/tylerchen/Cosmos-Gesture-Recognition-/processed/session_andrew_discrete/sessions/andrew_push_002,31.0,466790.27419354836,203002.6426561598,283974.0,1067421.0,299951.0,295366.0,-4585.0,5.0,3.292219567012406,0.0,0.0,0.0,301.0,301.0,0.7192292358803987,0.11029432191740307,0.537,0.934,0.21330730897009967,0.06302132276189298,-0.001,0.457,-0.6295016611295681,0.15535181110366075,-0.904,-0.299,-6.096644518272425,10.248934522203278,-46.14,14.01,-10.210332225913621,12.203063278455867,-46.82,12.36,5.525813953488372,9.394327638492294,-19.96,27.71,0.999002221348175,0.036446051837354054,151.0,70.18543046357615,6.286391623721761,59.0,79.0,73.0,20.0,63.5,76.0,12.5,62.0,75.0,13.0,13.0,1.5666666666666667,8.0,0.12461310561171125
push,andrew,combined_all,/Users/tylerchen/Cosmos-Gesture-Recognition-/processed/session_andrew_discrete/sessions/andrew_push_003,31.0,403517.77419354836,158570.38441868944,250501.0,824323.0,302583.0,250501.0,-52082.0,3.903225806451613,2.6439808538382152,0.0,0.0,0.0,302.0,302.0,0.7441887417218543,0.12114076620811667,0.577,0.989,0.1679685430463576,0.07913732826986172,-0.033,0.413,-0.6064668874172187,0.17217670701921528,-0.841,-0.268,-5.672119205298014,12.416148647554987,-32.87,39.22,-10.837019867549671,15.854251181395611,-58.23,28.87,3.0198013245033115,12.759462115248505,-34.42,35.58,0.9998323696706807,0.027390751250665323,150.0,68.79666666666667,6.011481371293179,53.0,78.0,70.0,25.0,63.0,74.0,11.0,62.0,77.0,15.0,15.0,2.5704697986577183,12.0,0.11771634294857537
push,andrew,combined_all,/Users/tylerchen/Cosmos-Gesture-Recognition-/processed/session_andrew_discrete/sessions/andrew_push_004,30.0,359663.9,104221.07674917135,238456.0,596171.0,301613.0,249260.0,-52353.0,4.033333333333333,3.341490020268736,0.0,0.0,0.0,301.0,301.0,0.6893039867109635,0.1509224385971453,0.494,0.967,0.11569435215946845,0.059717437655415824,-0.109,0.246,-0.6709318936877077,0.1917670483770812,-0.964,-0.281,-6.405232558139534,9.18469224888423,-40.01,16.39,-12.056013289036544,15.617963804813396,-69.89,9.0,5.415880398671096,10.98160420291209,-12.15,41.75,1.000293286531324,0.03473430264822291,150.0,68.52333333333333,5.9348008013603115,56.0,78.0,70.0,22.0,63.0,74.0,11.0,68.0,76.0,8.0,8.0,2.2684563758389262,9.0,0.11144287894276803
push,andrew,combined_all,/Users/tylerchen/Cosmos-Gesture-Recognition-/processed/session_andrew_discrete/sessions/andrew_push_005,30.0,381138.06666666665,116333.43329955591,253015.0,640552.0,329063.0,253015.0,-76048.0,3.933333333333333,3.48265543642906,0.0,0.0,0.0,301.0,301.0,0.7346146179401992,0.13982378320979547,0.491,0.994,0.1407392026578073,0.09595042631655006,-0.08,0.337,-0.5971627906976743,0.23322532360847623,-0.898,-0.064,-5.334601328903655,11.46621539985851,-41.96,37.87,-15.022225913621261,15.43579040016632,-54.26,7.81,5.802707641196013,12.45452725839648,-9.92,52.77,0.9991614826427883,0.029951902890904342,151.0,69.08940397350993,6.7354995094932715,56.0,79.0,71.0,23.0,63.0,75.0,12.0,66.0,75.0,9.0,9.0,2.2066666666666666,9.0,0.12843673753921178
push,andrew,combined_all,/Users/tylerchen/Cosmos-Gesture-Recognition-/processed/session_andrew_discrete/sessions/andrew_push_006,30.0,402068.4,110073.42856947811,262551.0,742091.0,320327.0,304050.0,-16277.0,4.6,3.6478304054145205,0.0,0.0,0.0,302.0,302.0,0.6620778145695364,0.1332080285818674,0.455,0.908,0.13214900662251658,0.08615534050590652,-0.076,0.36,-0.7001970198675497,0.16568157970047837,-0.977,-0.342,-4.281490066225165,9.799740338070695,-36.35,17.09,-10.220778145695364,13.288253876072389,-54.48,8.0,7.6819205298013244,9.897497256413075,-8.15,41.05,0.9987457563385814,0.03479483800747542,151.0,70.15562913907284,5.3317243709903,58.0,79.0,71.0,21.0,66.0,75.0,9.0,64.0,75.0,11.0,11.0,1.98,9.0,0.10334785639595657
push,andrew,combined_all,/Users/tylerchen/Cosmos-Gesture-Recognition-/processed/session_andrew_discrete/sessions/andrew_push_007,30.0,357016.95,76778.08434707024,250485.0,524622.0,279218.0,250485.0,-28733.0,4.8,2.7616420236277306,0.0,0.0,0.0,302.0,302.0,0.6707334437086092,0.11379879118380755,0.466,0.858,0.02387582781456954,0.06326692621053509,-0.189,0.177,-0.7204486754966887,0.12168138362445689,-0.974,-0.445,-6.164172185430464,9.437683613940564,-33.81,30.95,-7.793609271523179,9.369499864007466,-39.22,15.75,6.0454470198675505,9.980201603932665,-23.65,35.43,0.9997600218827298,0.04169925995512851,151.0,67.36092715231788,7.813057220746425,55.0,81.0,67.0,26.0,60.0,75.0,15.0,63.0,72.0,9.0,9.0,2.18,9.0,0.1497525270128964
push,andrew,combined_all,/Users/tylerchen/Cosmos-Gesture-Recognition-/processed/session_andrew_discrete/sessions/andrew_push_008,30.0,359704.1,95550.61977344783,250729.0,535922.0,308343.0,250729.0,-57614.0,4.216666666666667,3.081350713927615,0.0,0.0,0.0,301.0,301.0,0.6383837209302325,0.1299461020280992,0.407,0.905,0.0976843853820598,0.05824500716724155,-0.091,0.245,-0.7390049833887041,0.1282706822129093,-0.936,-0.448,-7.365764119601328,11.420539334253187,-40.35,15.72,-8.80405315614618,12.712782859144275,-61.59,11.9,8.033388704318938,11.689768070976767,-9.55,45.56,0.9996090855499777,0.02679354517510585,151.0,69.03311258278146,9.196678544302863,47.0,82.0,71.0,35.0,61.0,78.0,17.0,57.0,79.0,22.0,22.0,2.52,11.0,0.19281979783896774
clockwise,andrew,combined_all,/Users/tylerchen/Cosmos-Gesture-Recognition-/processed/session_andrew_discrete/sessions/andrew_clockwise_001,30.0,541024.7166666667,82234.91183206835,402943.0,756647.0,503458.0,449181.0,-54277.0,8.0,1.8618986725025255,0.0,0.0,0.0,302.0,302.0,0.3111026490066225,0.6061259605432614,-0.939,1.098,0.1725629139072848,0.3091316416506968,-0.297,1.15,-0.5671506622516556,0.6650496359157844,-1.669,0.366,-42.42761589403973,86.00008106579122,-263.71,123.29,-12.111456953642383,85.77935510433555,-239.66,145.6,-39.74771523178808,89.42213836006046,-222.08,156.56,1.0868106529440151,0.4150992242354462,151.0,133.43708609271522,74.91646889535595,24.0,350.0,124.0,326.0,87.5,152.0,64.5,124.0,132.0,8.0,8.0,15.093333333333334,121.0,-0.14398745207389466
clockwise,andrew,combined_all,/Users/tylerchen/Cosmos-Gesture-Recognition-/processed/session_andrew_discrete/sessions/andrew_clockwise_002,30.0,485246.4,116304.33071976871,282909.0,681186.0,286306.0,351929.0,65623.0,6.716666666666667,1.8783118898509787,0.0,0.0,0.0,301.0,301.0,0.31352491694352164,0.5411974758356757,-0.956,1.065,0.1585,0.3112206543291482,-0.296,1.212,-0.5802790697674418,0.6675083947066027,-1.656,0.417,-37.30132890365448,79.06498720392153,-216.86,114.66,-8.396478405315616,88.38691215383682,-251.08,144.11,-36.82073089700997,81.13608842339217,-231.39,124.36,1.0768439789779045,0.3686074169484383,148.0,106.13851351351352,46.775502292402415,25.0,270.0,111.5,245.0,69.0,139.0,70.0,112.0,138.0,26.0,26.0,9.945578231292517,131.0,-0.06614267328553028
clockwise,andrew,combined_all,/Users/tylerchen/Cosmos-Gesture-Recognition-/processed/session_andrew_discrete/sessions/andrew_clockwise_003,30.0,478985.6666666667,64600.82012809298,337481.0,599217.0,426454.0,511423.0,84969.0,7.866666666666666,2.186829262247563,0.0,0.0,0.0,301.0,301.0,0.33015946843853816,0.5662250554684497,-0.876,1.308,0.05834883720930235,0.36756035449025254,-0.869,0.835,-0.613282392026578,0.5643663868389167,-1.555,0.275,-45.48514950166114,78.52410835163626,-254.28,87.62,-22.151461794019927,78.35169919853924,-197.49,106.17,-30.91591362126246,89.07287526077607,-216.01,157.32,1.0750701415352455,0.3270629767787659,149.0,143.48993288590603,74.81269210147393,34.0,338.0,139.0,304.0,84.0,198.0,114.0,330.0,167.0,-163.0,163.0,24.5472972972973,213.0,-0.6675071044198561
clockwise,andrew,combined_all,/Users/tylerchen/Cosmos-Gesture-Recognition-/processed/session_andrew_discrete/sessions/andrew_clockwise_004,30.0,487487.38333333336,104681.15941846806,291550.0,737538.0,313624.0,393833.0,80209.0,5.633333333333334,2.0733762053445313,0.0,0.0,0.0,302.0,302.0,0.2263162251655629,0.6815394947827048,-1.179,1.01,0.23173013245033114,0.19561133105113537,-0.246,0.656,-0.5311043046357616,0.5674659425098765,-1.494,0.267,-49.76437086092715,59.6417160674063,-182.87,65.65,-4.9067880794702,89.62668483059775,-202.28,163.09,-37.606357615894034,83.32280238523585,-239.88,106.63,1.0496735107782973,0.33159110802993697,150.0,146.94666666666666,80.77747515347346,38.0,357.0,127.75,319.0,91.25,213.75,122.5,131.0,109.0,-22.0,22.0,21.55704697986577,236.0,-0.7279683541490741
clockwise,andrew,combined_all,/Users/tylerchen/Cosmos-Gesture-Recognition-/processed/session_andrew_discrete/sessions/andrew_clockwise_005,30.0,501607.8333333333,127130.20388983971,271642.0,738612.0,271642.0,439771.0,168129.0,6.333333333333333,2.9589788028229527,0.0,0.0,0.0,302.0,302.0,0.29358940397350997,0.5948870533515922,-1.027,1.065,0.1527682119205298,0.262695359501125,-0.399,0.819,-0.5586192052980132,0.6043723228807464,-1.603,0.191,-40.775860927152316,70.18324497102932,-211.68,105.04,-15.06187086092715,83.75291596916269,-174.35,151.8,-40.32572847682119,73.2242835582228,-208.08,73.0,1.0458455091874568,0.34053019682865776,143.0,136.38111888111888,82.77923206161748,29.0,346.0,121.0,317.0,84.0,159.5,75.5,164.0,123.0,-41.0,41.0,20.5,221.0,-0.9865782691486922
clockwise,andrew,combined_all,/Users/tylerchen/Cosmos-Gesture-Recognition-/processed/session_andrew_discrete/sessions/andrew_clockwise_006,30.0,476309.3,120325.14144576491,258895.0,667480.0,258895.0,483003.0,224108.0,6.183333333333334,3.347843418613773,0.0,0.0,0.0,303.0,303.0,0.219937293729373,0.586867648053588,-0.917,0.949,0.2479950495049505,0.2480408797523059,-0.251,0.931,-0.5929702970297029,0.5496046906180994,-1.469,0.182,-46.92496699669966,71.39125976470082,-194.62,89.85,-10.80577557755776,81.60570783426336,-208.75,120.46,-42.22009900990099,79.53898694693473,-194.83,101.41,1.0377454573472202,0.3042619380999387,151.0,127.19867549668874,80.22815547902948,33.0,350.0,118.0,317.0,76.5,134.0,57.5,121.0,125.0,4.0,4.0,17.506666666666668,148.0,-0.5314761240850487
clockwise,andrew,combined_all,/Users/tylerchen/Cosmos-Gesture-Recognition-/processed/session_andrew_discrete/sessions/andrew_clockwise_007,30.0,521334.25,125645.36972173906,260475.0,812506.0,355315.0,617828.0,262513.0,7.4,2.4440403706431146,0.0,0.0,0.0,301.0,301.0,0.1578704318936877,0.742771272071086,-1.403,1.077,0.18919435215946845,0.2140486441124063,-0.237,0.805,-0.5400681063122923,0.5534372311309694,-1.626,0.213,-54.06101328903654,55.9018300568726,-170.02,54.63,-4.000066445182726,96.37135373436233,-200.87,177.34,-39.030033222591356,86.3750843185047,-235.91,83.86,1.0598487094362594,0.36459649227571317,148.0,137.96283783783784,88.00491523873883,28.0,349.0,108.0,321.0,74.5,200.0,125.5,105.0,108.0,3.0,3.0,17.39455782312925,142.0,-0.925353616868477
clockwise,andrew,combined_all,/Users/tylerchen/Cosmos-Gesture-Recognition-/processed/session_andrew_discrete/sessions/andrew_clockwise_008,30.0,511536.3333333333,96358.24314689198,347164.0,743741.0,381412.0,450643.0,69231.0,7.233333333333333,2.666874991862615,0.0,0.0,0.0,301.0,301.0,0.19821428571428568,0.7433674077717551,-1.329,1.085,0.12488704318936877,0.24094517145974506,-0.4,0.656,-0.528968438538206,0.5638652071016674,-1.667,0.267,-60.892990033222596,62.00402213293127,-248.88,82.71,-12.914302325581389,98.27931436846637,-211.04,127.9,-36.78415282392026,85.38162952782726,-207.68,68.3,1.0586699882280268,0.37749806884207554,149.0,105.72147651006712,50.617569127841314,29.0,369.0,108.0,340.0,75.0,128.5,53.5,108.0,133.0,25.0,25.0,12.682432432432432,237.0,-0.1443134409577369
anti_clockwise,andrew,combined_all,/Users/tylerchen/Cosmos-Gesture-Recognition-/processed/session_andrew_discrete/sessions/andrew_anti_clockwise_001,30.0,459735.6,104842.99952106165,270860.0,684277.0,286980.0,372114.0,85134.0,5.666666666666667,3.1126980079810003,0.0,0.0,0.0,301.0,301.0,0.2569551495016611,0.6097622082797852,-1.356,1.154,0.010737541528239225,0.5542433151738712,-1.05,1.029,-0.5342325581395347,0.5806103972251574,-2.003,0.174,57.20734219269103,67.7992706297011,-57.83,299.94,26.779950166112954,101.55193595770744,-268.93,244.3,13.774983388704317,109.9264493507372,-151.68,377.18,1.094704497123779,0.41142650647946316,151.0,107.82781456953643,43.6875599600862,32.0,315.0,108.0,283.0,84.0,124.0,40.0,260.0,135.0,-125.0,125.0,13.406666666666666,159.0,0.1287353317067495
anti_clockwise,andrew,combined_all,/Users/tylerchen/Cosmos-Gesture-Recognition-/processed/session_andrew_discrete/sessions/andrew_anti_clockwise_002,30.0,445893.61666666664,97585.68327646973,265854.0,679911.0,265854.0,375533.0,109679.0,6.616666666666666,3.4633397497534397,0.0,0.0,0.0,301.0,301.0,0.3216312292358804,0.5416933507689196,-1.066,1.12,0.02238039867109638,0.469993258926536,-0.912,0.806,-0.5783056478405315,0.5552384177984545,-1.728,0.122,47.4256146179402,62.446139977136866,-55.79,254.52,25.15588039867109,93.13398058268025,-215.03,186.47,30.58694352159468,90.82777832931583,-108.86,260.51,1.070130893091798,0.34032319072059297,150.0,97.74,29.378536200119722,37.0,176.0,105.0,139.0,80.125,115.75,35.625,122.0,110.0,-12.0,12.0,9.060402684563758,61.0,0.1879425752255648
anti_clockwise,andrew,combined_all,/Users/tylerchen/Cosmos-Gesture-Recognition-/processed/session_andrew_discrete/sessions/andrew_anti_clockwise_003,30.0,439127.18333333335,91274.8232464721,268943.0,625986.0,268943.0,402150.0,133207.0,5.033333333333333,2.6892791268706606,0.0,0.0,0.0,300.0,300.0,0.24403833333333333,0.5546580772847558,-1.007,1.258,-0.15219,0.4766376774518215,-1.057,0.735,-0.6241433333333334,0.43403813517810724,-1.387,0.05,52.80966666666666,59.31784249185812,-35.22,237.53,31.306566666666672,78.48713495352104,-139.04,153.6,19.904500000000006,95.24003142280387,-99.31,271.49,1.055770262452828,0.28432150596397004,150.0,94.67,37.969966937854245,25.0,224.0,98.0,199.0,69.0,116.75,47.75,107.0,187.0,80.0,80.0,8.10738255033557,78.0,0.23891284057069187
anti_clockwise,andrew,combined_all,/Users/tylerchen/Cosmos-Gesture-Recognition-/processed/session_andrew_discrete/sessions/andrew_anti_clockwise_004,30.0,450700.0,102442.88968526156,277312.0,712827.0,333626.0,387659.0,54033.0,6.0,2.74469184669852,0.0,0.0,0.0,300.0,300.0,0.2384383333333333,0.5596543476847182,-0.953,1.065,-0.031545,0.45420643262503774,-0.802,0.9,-0.613965,0.47588369686475573,-1.498,0.073,49.7684,56.11063169443321,-86.7,188.48,27.340166666666665,90.99250727196657,-187.11,169.07,22.748200000000004,91.2167625491345,-113.22,242.81,1.0484857124499152,0.28541272414384133,149.0,93.06375838926175,39.29966682818182,31.0,218.0,98.0,187.0,61.0,115.0,54.0,108.0,132.0,24.0,24.0,10.472972972972974,114.0,0.28527661890077977
anti_clockwise,andrew,combined_all,/Users/tylerchen/Cosmos-Gesture-Recognition-/processed/session_andrew_discrete/sessions/andrew_anti_clockwise_005,30.0,453820.5333333333,120316.80864083604,262723.0,666292.0,283925.0,440933.0,157008.0,5.8,2.773685875028629,0.0,0.0,0.0,302.0,302.0,0.2521655629139073,0.6081680441620678,-1.36,0.953,-0.10708278145695364,0.5097451152793953,-1.093,0.81,-0.581705298013245,0.4319715343957544,-1.71,0.158,55.844337748344365,68.87389820049812,-42.6,268.9,31.43644039735099,89.5279547817999,-166.17,201.03,16.852350993377485,109.33195017275962,-135.96,327.52,1.064336860819634,0.31133607670951374,150.0,94.01666666666667,32.66098059219667,16.0,194.0,101.5,178.0,73.0,116.0,43.0,123.0,194.0,71.0,71.0,7.724832214765101,62.0,-0.02501177830125858
anti_clockwise,andrew,combined_all,/Users/tylerchen/Cosmos-Gesture-Recognition-/processed/session_andrew_discrete/sessions/andrew_anti_clockwise_006,30.0,446690.9166666667,91885.58269559375,280861.0,663284.0,280861.0,439168.0,158307.0,6.166666666666667,2.5309199030304286,0.0,0.0,0.0,300.0,300.0,0.16895,0.6049247508299413,-1.109,1.17,-0.27082333333333336,0.5251687470356199,-1.252,0.993,-0.5407716666666667,0.36859066098300547,-1.182,0.066,60.06876666666667,70.59529420680641,-56.46,284.65,34.26658333333334,84.85634459333642,-129.61,206.15,6.059266666666666,97.4733364744545,-145.76,199.93,1.0484312412781582,0.269648939461443,150.0,84.94,31.603081576021523,20.0,127.0,97.5,107.0,57.75,112.75,55.0,119.0,120.0,1.0,1.0,4.342281879194631,27.0,0.10879594648651003
anti_clockwise,andrew,combined_all,/Users/tylerchen/Cosmos-Gesture-Recognition-/processed/session_andrew_discrete/sessions/andrew_anti_clockwise_007,30.0,442211.43333333335,103232.86977885912,269380.0,663712.0,305685.0,434958.0,129273.0,6.183333333333334,2.8180469990560644,0.0,0.0,0.0,302.0,302.0,0.08277152317880797,0.6019256921397731,-1.021,1.071,-0.2148443708609272,0.4762204873803343,-1.123,0.645,-0.5957566225165563,0.4320877216620592,-1.481,0.127,71.54480132450331,70.26318388079555,-22.13,254.71,24.054188741721852,91.48707919259886,-170.38,185.16,1.4255298013245092,98.32663826047715,-154.39,244.97,1.0539843828101048,0.2699118253699194,151.0,91.32450331125828,44.53475042688562,26.0,339.0,97.0,313.0,57.0,113.25,56.25,111.0,123.0,12.0,12.0,10.093333333333334,148.0,0.25000174276751463
anti_clockwise,andrew,combined_all,/Users/tylerchen/Cosmos-Gesture-Recognition-/processed/session_andrew_discrete/sessions/andrew_anti_clockwise_008,31.0,501708.7419354839,153501.78603583563,298485.0,900053.0,298485.0,455340.0,156855.0,6.32258064516129,2.2773371089964893,0.0,0.0,0.0,303.0,303.0,0.2570214521452145,0.5673661503383035,-0.845,1.106,-0.355450495049505,0.5515592621482038,-1.245,0.415,-0.501572607260726,0.30980818031416124,-1.164,0.095,46.939174917491755,68.0240521744826,-109.32,181.59,43.28788778877888,72.71027692462775,-100.19,189.15,15.107821782178219,88.76360761505543,-99.86,217.63,1.038514179457825,0.2959248849182602,151.0,86.76490066225166,30.280621302907015,18.0,140.0,96.0,122.0,65.5,111.5,46.0,112.0,120.0,8.0,8.0,4.693333333333333,31.0,0.02494945974207005
right,andrew,combined_all,/Users/tylerchen/Cosmos-Gesture-Recognition-/processed/session_andrew_discrete/sessions/andrew_right_001,30.0,415718.63333333336,119565.14666420236,264426.0,669514.0,339225.0,264426.0,-74799.0,3.666666666666666,3.1739681904634893,0.0,0.0,0.0,302.0,302.0,0.6950480132450331,0.1353935084416355,0.403,0.861,0.03864072847682119,0.17144907599363715,-0.312,0.429,-0.7011407284768213,0.12995385412567928,-1.014,-0.522,-23.11475165562914,38.15265406156741,-102.36,16.14,-2.962764900662252,7.952483246703457,-29.3,10.1,29.48023178807947,39.46321627399363,-5.46,114.38,1.0195865183481119,0.03522344864142999,149.0,88.78859060402685,16.845143823892652,58.0,112.0,95.0,54.0,75.0,102.0,27.0,59.0,92.0,33.0,33.0,3.614864864864865,20.0,0.32556381885240954
right,andrew,combined_all,/Users/tylerchen/Cosmos-Gesture-Recognition-/processed/session_andrew_discrete/sessions/andrew_right_002,31.0,388795.96774193546,79160.40569281194,296304.0,570306.0,310895.0,314994.0,4099.0,4.387096774193548,2.5987269756287525,0.0,0.0,0.0,303.0,303.0,0.605056105610561,0.08960061818733844,0.444,0.767,0.15247194719471946,0.11883414777293537,-0.169,0.429,-0.7738811881188119,0.0740806852691139,-0.955,-0.617,-25.060726072607263,26.07748158234301,-71.96,15.05,-9.245907590759076,10.813016072563656,-41.29,9.0,32.313366336633656,34.47451588396064,-11.78,92.35,1.0072703381311006,0.0357339929174553,151.0,89.13245033112582,23.644217192001015,49.0,125.0,97.0,76.0,64.5,109.0,44.5,53.0,125.0,72.0,72.0,3.466666666666667,35.0,0.5123631927500875
right,andrew,combined_all,/Users/tylerchen/Cosmos-Gesture-Recognition-/processed/session_andrew_discrete/sessions/andrew_right_003,30.0,426939.2,91205.097400456,292739.0,681956.0,326152.0,293714.0,-32438.0,5.066666666666666,2.5157283018817607,0.0,0.0,0.0,301.0,301.0,0.6228239202657807,0.10894434050538426,0.39,0.777,0.16217109634551496,0.10502455011356795,-0.091,0.423,-0.7598073089700996,0.10364607750317859,-1.063,-0.558,-27.596976744186055,34.54513064084162,-90.76,36.59,-10.173621262458472,16.083181673214856,-43.89,37.93,32.483554817275746,37.506831718625,-15.29,111.58,1.0106931260356178,0.060474678423145384,151.0,96.01655629139073,22.51006157721383,58.0,133.0,106.0,75.0,73.5,114.0,40.5,65.0,116.0,51.0,51.0,3.8333333333333335,34.0,0.4626931567328914
right,andrew,combined_all,/Users/tylerchen/Cosmos-Gesture-Recognition-/processed/session_andrew_discrete/sessions/andrew_right_004,30.0,421065.63333333336,126214.00345404977,261090.0,676707.0,320896.0,290516.0,-30380.0,3.85,2.5137952714305647,0.0,0.0,0.0,301.0,301.0,0.6165049833887044,0.07059632959704402,0.43,0.727,0.14200830564784053,0.09017367489364826,-0.013,0.403,-0.7746046511627908,0.0670851705763431,-0.909,-0.587,-28.17421926910299,28.60598392964574,-75.08,17.88,-9.85357142857143,10.199995014283566,-32.81,7.9,30.19857142857143,32.436462557973215,-10.68,97.08,1.0080790755288294,0.040610959206886434,148.0,95.16554054054055,17.322160805137468,62.0,126.0,103.0,64.0,80.0,108.0,28.0,62.0,116.0,54.0,54.0,2.8979591836734695,27.0,0.3517144387230675
right,andrew,combined_all,/Users/tylerchen/Cosmos-Gesture-Recognition-/processed/session_andrew_discrete/sessions/andrew_right_005,30.0,391644.3,101129.06258346312,246282.0,580980.0,314581.0,246282.0,-68299.0,4.366666666666666,2.83411753853333,0.0,0.0,0.0,300.0,300.0,0.6267533333333334,0.10816597366667235,0.36,0.797,0.18096666666666666,0.12601763985869419,-0.071,0.567,-0.74348,0.07833068534531448,-0.937,-0.585,-24.969200000000004,27.678389524922387,-96.41,29.11,-10.583033333333333,13.107445510048436,-38.82,11.93,33.3756,31.705455912823584,-8.24,115.05,1.0054793868637761,0.032533182482118256,150.0,92.86333333333333,19.336380902283917,60.0,119.0,99.0,59.0,73.5,110.0,36.5,65.0,109.0,44.0,44.0,2.161073825503356,16.0,0.4107515889595094
right,andrew,combined_all,/Users/tylerchen/Cosmos-Gesture-Recognition-/processed/session_andrew_discrete/sessions/andrew_right_006,30.0,430654.76666666666,122589.77525435072,269072.0,701553.0,304643.0,283958.0,-20685.0,5.683333333333334,2.6472732302419324,0.0,0.0,0.0,301.0,301.0,0.6341279069767441,0.07100194947446212,0.486,0.778,0.19640863787375415,0.0900698646795574,-0.014,0.42,-0.7406644518272425,0.0475148904666909,-0.852,-0.62,-26.518720930232554,24.17408759543205,-65.13,13.21,-12.276943521594685,11.881345017661253,-37.57,12.85,29.459368770764122,27.876883800599277,-13.18,74.8,1.0019504919762485,0.028019982795544605,150.0,92.96,17.68094564569934,62.0,116.0,100.0,54.0,76.0,109.0,33.0,67.0,112.0,45.0,45.0,3.389261744966443,18.0,0.37453397928796817
right,andrew,combined_all,/Users/tylerchen/Cosmos-Gesture-Recognition-/processed/session_andrew_discrete/sessions/andrew_right_007,30.0,419488.76666666666,84706.18937310437,273999.0,595393.0,382505.0,273999.0,-108506.0,4.966666666666667,2.5623340054636814,0.0,0.0,0.0,302.0,302.0,0.6124569536423841,0.06233792071389312,0.445,0.725,0.24588079470198676,0.09878338916805492,0.015,0.464,-0.7448841059602649,0.04389952947101885,-0.877,-0.632,-22.647019867549666,19.638330906359755,-53.13,12.09,-12.59930463576159,10.850024041535532,-36.5,6.53,28.588973509933776,25.866154250318797,-20.97,65.07,1.0026450488749064,0.026219564628073514,151.0,89.01324503311258,15.659791909818525,65.0,130.0,89.0,65.0,76.0,100.83333333333334,24.833333333333343,67.0,99.0,32.0,32.0,3.933333333333333,32.0,0.30013884047868006
right,andrew,combined_all,/Users/tylerchen/Cosmos-Gesture-Recognition-/processed/session_andrew_discrete/sessions/andrew_right_008,30.0,422546.7,98063.48978464582,277422.0,572186.0,321241.0,386274.0,65033.0,4.466666666666667,2.8370563774604283,0.0,0.0,0.0,302.0,302.0,0.6488708609271523,0.1353473818981218,0.356,0.921,0.09359602649006624,0.14459698431282816,-0.313,0.461,-0.7354900662251656,0.10723413095520226,-0.977,-0.559,-22.313145695364238,31.564995717948975,-80.42,40.44,-6.209718543046358,13.96440965775697,-42.82,31.1,29.68453642384106,39.564309175653335,-18.65,111.27,1.0099264286777727,0.03891294141913258,150.0,88.18333333333334,17.329651884902407,56.0,112.0,95.5,56.0,70.0,103.0,33.0,58.0,104.0,46.0,46.0,3.3288590604026846,19.0,0.3504840215120669
left,andrew,combined_all,/Users/tylerchen/Cosmos-Gesture-Recognition-/processed/session_andrew_discrete/sessions/andrew_left_001,30.0,408287.93333333335,128168.96838807053,279988.0,703823.0,284916.0,345941.0,61025.0,4.4,2.727636339397171,0.0,0.0,0.0,301.0,301.0,0.7225880398671096,0.09630502147984768,0.46,0.926,0.06838538205980066,0.2748920615452573,-0.626,0.663,-0.6496461794019933,0.12913627672784517,-1.121,-0.395,27.76395348837209,37.76892086588193,-18.37,133.3,1.0284385382059802,14.537431987496035,-26.86,46.27,-28.51966777408638,47.822835242734676,-154.33,47.43,1.0225340751545464,0.06921517194854328,151.0,71.79139072847683,16.05878343419306,56.0,116.0,63.0,60.0,61.0,78.0,17.0,107.0,64.0,-43.0,43.0,2.1666666666666665,15.0,-0.28205472289996564
left,andrew,combined_all,/Users/tylerchen/Cosmos-Gesture-Recognition-/processed/session_andrew_discrete/sessions/andrew_left_002,30.0,422701.0333333333,114719.83530046388,258286.0,631068.0,284525.0,266126.0,-18399.0,4.333333333333333,2.9702225879927284,0.0,0.0,0.0,301.0,301.0,0.7009335548172757,0.051502948697842305,0.533,0.805,0.1319269102990033,0.13812956282806524,-0.258,0.417,-0.6915514950166113,0.0729970292898303,-0.926,-0.566,27.939700996677743,28.28325613594483,-9.46,76.14,6.301860465116278,11.601537725741037,-19.26,60.61,-27.710930232558145,29.689462885738394,-87.31,14.01,1.0060875207571416,0.04248323084545146,151.0,79.9205298013245,16.626995390552057,61.0,113.0,70.0,52.0,66.0,95.0,29.0,108.0,66.0,-42.0,42.0,2.96,21.0,-0.34234576507493925
left,andrew,combined_all,/Users/tylerchen/Cosmos-Gesture-Recognition-/processed/session_andrew_discrete/sessions/andrew_left_003,30.0,423017.9,115766.6159110216,260958.0,701790.0,283598.0,316306.0,32708.0,4.3,2.7343494046421113,0.0,0.0,0.0,302.0,302.0,0.6904867549668874,0.06788726702394514,0.519,0.854,0.18586423841059602,0.16402375185149207,-0.13,0.537,-0.6820066225165563,0.046902956978860266,-0.841,-0.591,27.343543046357617,24.831675620482148,-9.31,76.51,6.511655629139073,8.88117369036028,-10.65,32.93,-27.175761589403972,28.610729484557442,-82.61,10.59,1.004490901809354,0.03407190649356225,151.0,84.64238410596026,19.056877803341212,61.0,124.0,78.0,63.0,67.0,102.5,35.5,111.0,67.0,-44.0,44.0,3.4,21.0,-0.40749738584872824
left,andrew,combined_all,/Users/tylerchen/Cosmos-Gesture-Recognition-/processed/session_andrew_discrete/sessions/andrew_left_004,30.0,421045.93333333335,117932.03898882704,258126.0,650069.0,302447.0,264946.0,-37501.0,4.7,3.2367679352506364,0.0,0.0,0.0,303.0,303.0,0.7294488448844885,0.0412046913721599,0.625,0.858,0.08535643564356436,0.10163069309735082,-0.192,0.284,-0.6728415841584158,0.03452515154018753,-0.752,-0.574,30.39795379537954,23.76526628204723,-4.85,76.11,4.327689768976897,7.789766703175091,-14.37,27.62,-24.278580858085807,22.32515965075235,-65.1,14.77,1.0024349046206724,0.020976373362284827,151.0,84.15894039735099,18.244393738070805,62.0,122.0,82.0,60.0,67.0,102.5,35.5,109.0,63.0,-46.0,46.0,3.2,19.0,-0.39809166957127956
left,andrew,combined_all,/Users/tylerchen/Cosmos-Gesture-Recognition-/processed/session_andrew_discrete/sessions/andrew_left_005,30.0,414299.7,117844.7423480431,265719.0,701944.0,413795.0,276925.0,-136870.0,4.266666666666667,2.9657301892713632,0.0,0.0,0.0,301.0,301.0,0.7259202657807309,0.05152303572733842,0.576,0.834,0.16302990033222592,0.12112368038424176,-0.083,0.437,-0.6571860465116278,0.041602835858623434,-0.77,-0.579,27.861794019933555,22.486629258643344,-4.73,63.2,6.208837209302326,8.456969543747018,-15.78,23.68,-25.298970099667773,23.977786160775217,-73.15,5.19,1.001995267258628,0.02223353112443062,150.0,82.22666666666667,21.85488954142777,56.0,179.0,81.0,123.0,62.25,97.0,34.75,99.0,65.0,-34.0,34.0,4.751677852348993,65.0,-0.4328067914129522
left,andrew,combined_all,/Users/tylerchen/Cosmos-Gesture-Recognition-/processed/session_andrew_discrete/sessions/andrew_left_006,31.0,412459.7419354839,94759.07795237887,290954.0,642915.0,314657.0,309750.0,-4907.0,4.290322580645161,2.737947764377154,0.0,0.0,0.0,301.0,301.0,0.6830282392026578,0.0794615603168975,0.51,0.823,0.1640764119601329,0.12637908015995422,-0.086,0.478,-0.6993953488372093,0.06536780562011606,-0.881,-0.586,24.866312292358806,21.611599660580065,-13.98,63.45,6.315847176079735,8.844345286757843,-10.38,30.64,-26.38435215946844,28.43536634425162,-94.49,23.41,1.003780279331053,0.03982977269393291,150.0,84.17333333333333,20.374521674936954,55.0,137.0,81.5,82.0,64.625,98.0,33.375,107.0,64.0,-43.0,43.0,4.275167785234899,17.0,-0.43450168155621777
left,andrew,combined_all,/Users/tylerchen/Cosmos-Gesture-Recognition-/processed/session_andrew_discrete/sessions/andrew_left_007,30.0,434339.45,96112.44701861373,309661.0,749946.0,395085.0,324401.0,-70684.0,5.2,2.4138489320308896,0.0,0.0,0.0,301.0,301.0,0.7063322259136212,0.04564643761717153,0.578,0.788,0.04929401993355483,0.09901622602899895,-0.092,0.358,-0.697234219269103,0.05051652594771017,-0.843,-0.6,28.062774086378738,20.86502235407396,-7.75,67.63,2.0472425249169435,4.2471407228334295,-12.24,9.86,-26.38970099667774,21.750292110391097,-67.48,13.15,1.0004875093458958,0.030580117820768346,150.0,78.85333333333334,18.043250301200374,54.0,122.0,77.0,68.0,61.0,93.5,32.5,92.0,56.0,-36.0,36.0,3.422818791946309,30.0,-0.38923329925774464
left,andrew,combined_all,/Users/tylerchen/Cosmos-Gesture-Recognition-/processed/session_andrew_discrete/sessions/andrew_left_008,30.0,420964.7166666667,99746.99116762732,259189.0,568074.0,322918.0,266354.0,-56564.0,4.5,2.963668897386031,0.0,0.0,0.0,302.0,302.0,0.6971506622516556,0.0513203287396479,0.578,0.817,0.07766225165562914,0.14589109098696582,-0.256,0.446,-0.7003377483443709,0.04264793302091598,-0.829,-0.615,27.282500000000002,22.678615350975264,-7.97,63.02,2.9999834437086097,6.347644091548526,-13.73,16.11,-28.21114238410596,26.281426374679015,-75.38,7.45,1.0033844611314722,0.03846932399174684,151.0,84.54966887417218,17.97143612948869,60.0,125.0,85.0,65.0,67.0,96.0,29.0,102.0,66.0,-36.0,36.0,3.3733333333333335,28.0,-0.3752579295921926
bye_bye,andrew,combined_all,/Users/tylerchen/Cosmos-Gesture-Recognition-/processed/session_andrew_discrete/sessions/andrew_bye_bye_001,30.0,494703.01666666666,38608.39130087382,423900.0,583723.0,474820.0,461287.0,-13533.0,6.416666666666667,1.7420454133639058,0.0,0.0,0.0,301.0,301.0,0.3544850498338871,0.3450355712930997,-0.284,0.902,-0.15203654485049836,1.0055129905077091,-1.571,1.502,-0.10913953488372093,0.26200508566705016,-0.67,0.431,-6.838438538205979,179.78203204731975,-273.02,324.41,6.162657807308968,134.17550719539702,-209.17,208.87,8.057707641196014,310.2446219028817,-459.15,463.85,1.0920387111441598,0.4085220158274926,151.0,92.48013245033113,7.147569572739728,78.0,117.0,91.0,39.0,86.0,98.0,12.0,98.0,97.0,-1.0,1.0,4.073333333333333,21.0,-0.01247008249099627
bye_bye,andrew,combined_all,/Users/tylerchen/Cosmos-Gesture-Recognition-/processed/session_andrew_discrete/sessions/andrew_bye_bye_002,30.0,471086.93333333335,59806.10190603928,337216.0,581776.0,510452.0,435306.0,-75146.0,6.916666666666667,2.295224510926013,0.0,0.0,0.0,302.0,302.0,0.40391887417218547,0.3220115776908408,-0.235,0.883,-0.15724503311258278,0.9596891292116347,-1.391,1.606,-0.05745033112582781,0.3094115107753076,-0.608,0.491,-4.3085264900662255,170.69411124330955,-286.14,346.45,10.33751655629139,135.6841942270278,-233.19,315.13,4.9149006622516564,281.2642631659089,-460.49,531.42,1.097881481390328,0.32598069668607293,150.0,91.60333333333334,8.190786870626646,79.0,125.0,91.0,46.0,84.0,97.0,13.0,85.0,97.0,12.0,12.0,3.12751677852349,32.0,-0.012428107915907509
bye_bye,andrew,combined_all,/Users/tylerchen/Cosmos-Gesture-Recognition-/processed/session_andrew_discrete/sessions/andrew_bye_bye_003,30.0,424510.9666666667,57936.13386162579,314904.0,562552.0,412366.0,562552.0,150186.0,6.833333333333333,1.881193474602995,0.0,0.0,0.0,301.0,301.0,0.42561627906976746,0.4187586104841227,-0.732,1.003,-0.025119601328903653,0.9142405690549975,-1.34,1.682,-0.1877641196013289,0.2239175716908625,-0.629,0.249,-26.02687707641196,163.92005266996398,-319.93,284.01,-9.111295681063122,127.41550753126866,-228.1,220.8,-24.04986710963455,276.7348113062154,-499.19,449.57,1.0851236482559603,0.31760968949008117,150.0,90.04333333333334,7.7936289684674955,68.0,112.0,90.5,44.0,84.0,96.0,12.0,86.0,98.0,12.0,12.0,4.241610738255034,34.0,0.02600085929744999
bye_bye,andrew,combined_all,/Users/tylerchen/Cosmos-Gesture-Recognition-/processed/session_andrew_discrete/sessions/andrew_bye_bye_004,30.0,451094.23333333334,56183.7623812452,373334.0,604444.0,524873.0,409583.0,-115290.0,7.266666666666667,2.379542439676633,0.0,0.0,0.0,301.0,301.0,0.34265780730897005,0.3915658138278254,-0.463,1.017,0.08172757475083055,0.9379347809731945,-1.558,1.564,-0.24052491694352157,0.23549469429325898,-0.712,0.271,-20.56252491694352,185.572614603111,-490.49,249.31,0.3919269102990019,132.08521074650312,-243.23,227.97,-11.645382059800664,280.5800311509498,-567.34,413.31,1.0667267095436088,0.3640649985367371,150.0,90.89666666666666,8.21049668286086,72.0,129.0,92.0,57.0,84.0,97.0,13.0,78.0,85.0,7.0,7.0,3.6577181208053693,40.0,-0.006801783782982833
bye_bye,andrew,combined_all,/Users/tylerchen/Cosmos-Gesture-Recognition-/processed/session_andrew_discrete/sessions/andrew_bye_bye_005,30.0,479841.18333333335,50845.70030731594,381930.0,626013.0,478583.0,574946.0,96363.0,7.35,2.1336588293351872,0.0,0.0,0.0,300.0,300.0,0.31999666666666665,0.41530109000490145,-0.678,0.949,-0.08310666666666666,0.9528939825371737,-1.67,1.583,-0.04543,0.3633134804820763,-0.59,0.55,-29.85103333333333,206.25502787552168,-422.01,306.89,-15.244266666666663,171.13374210578374,-298.5,256.87,-23.168266666666668,299.4569663056706,-493.3,437.76,1.0900054310493714,0.3684226544607575,150.0,89.10666666666667,8.14020687294723,72.0,126.0,89.0,54.0,83.25,95.0,11.75,84.0,99.0,15.0,15.0,3.442953020134228,51.0,0.06316132568854901
bye_bye,andrew,combined_all,/Users/tylerchen/Cosmos-Gesture-Recognition-/processed/session_andrew_discrete/sessions/andrew_bye_bye_006,30.0,438140.93333333335,41223.212535280276,357839.0,494830.0,435266.0,484632.0,49366.0,6.733333333333333,2.1746008573733455,0.0,0.0,0.0,302.0,302.0,0.4793327814569536,0.31188072842003745,-0.225,1.001,-0.15634437086092715,0.8472700105708237,-1.356,1.293,-0.13033609271523175,0.32111915294179766,-0.883,0.335,-10.74870860927152,192.42907055507473,-322.76,319.8,5.731622516556292,152.67751885567085,-261.3,242.81,-7.356324503311258,261.85644892278475,-432.45,381.27,1.0532104767453145,0.28318233768350376,150.0,87.24,6.733598019029587,68.0,105.0,85.0,37.0,82.0,93.0,11.0,81.0,95.0,14.0,14.0,3.38255033557047,31.0,0.027627894573091668
bye_bye,andrew,combined_all,/Users/tylerchen/Cosmos-Gesture-Recognition-/processed/session_andrew_discrete/sessions/andrew_bye_bye_007,30.0,466699.55,53422.644467858074,372687.0,602193.0,464685.0,421345.0,-43340.0,7.333333333333333,1.9888578520235063,0.0,0.0,0.0,301.0,301.0,0.4425681063122923,0.36099081928406074,-0.347,1.012,-0.05446843853820598,0.910870349640591,-1.335,1.468,-0.14256478405315615,0.28918161525305974,-0.628,0.403,-11.067508305647841,193.0026339743424,-432.81,319.9,4.513920265780733,136.92635751371503,-255.44,262.52,-13.583488372093024,284.43316334671545,-559.22,440.29,1.0739697517987068,0.33071468285714833,151.0,90.79139072847683,7.306471473037685,78.0,113.0,89.0,35.0,84.0,97.0,13.0,88.0,98.0,10.0,10.0,3.026666666666667,23.0,0.033928197978389495
bye_bye,andrew,combined_all,/Users/tylerchen/Cosmos-Gesture-Recognition-/processed/session_andrew_discrete/sessions/andrew_bye_bye_008,30.0,447850.7166666667,50104.59074071678,369209.0,576020.0,576020.0,409096.0,-166924.0,7.3,2.3115651263447745,0.0,0.0,0.0,301.0,301.0,0.4662325581395349,0.28895648961990095,-0.116,0.875,-0.12635215946843853,0.8790040737664385,-1.407,1.328,-0.17769435215946847,0.28803401585062616,-0.648,0.35,7.465481727574749,181.20036652631651,-297.1,264.5,11.355647840531562,127.12826726918767,-227.94,221.11,15.050232558139534,264.12765792574857,-440.99,414.65,1.0574085580007921,0.29310015285942875,150.0,90.80666666666667,6.490774730303969,79.0,106.0,89.0,27.0,85.0,96.75,11.75,96.0,92.0,-4.0,4.0,2.6442953020134228,14.0,-0.02762256100271171
t_arm,andrew,combined_all,/Users/tylerchen/Cosmos-Gesture-Recognition-/processed/session_andrew_discrete/sessions/andrew_t_arm_001,30.0,306234.0,44777.30563726823,249901.0,420151.0,264278.0,274647.0,10369.0,1.8666666666666667,1.839081896551163,0.0,0.0,0.0,302.0,302.0,0.5921490066225166,0.20125197785792923,0.152,0.872,0.05835761589403972,0.7309623009129167,-1.194,1.047,-0.2384337748344371,0.16271369950219852,-0.459,0.059,-3.256920529801325,17.32863935343357,-62.47,39.12,-9.211490066225165,15.006815938129403,-43.7,20.81,-41.10758278145696,46.59861373230913,-112.61,11.08,1.0028545882465072,0.08039520598221256,151.0,102.06291390728477,48.17043715239191,55.0,321.0,90.0,266.0,69.0,132.5,63.5,141.0,67.0,-74.0,74.0,11.32,173.0,-0.6405785988149187
t_arm,andrew,combined_all,/Users/tylerchen/Cosmos-Gesture-Recognition-/processed/session_andrew_discrete/sessions/andrew_t_arm_002,30.0,317060.26666666666,43300.691334691444,254174.0,414553.0,304202.0,268322.0,-35880.0,2.2,1.7776388834631178,0.0,0.0,0.0,300.0,300.0,0.5821183333333333,0.21835625362517608,0.207,0.962,-0.09661333333333336,0.6706338174857838,-1.194,1.053,-0.2472666666666667,0.337726431038825,-0.931,0.326,5.643733333333333,22.835281212681007,-61.71,101.02,-19.2336,24.133606548545536,-70.28,31.25,-39.953199999999995,40.30891934911346,-130.34,19.53,1.006093283899104,0.09274325632150973,150.0,107.03333333333333,35.60063615381474,52.0,213.0,97.0,161.0,78.25,140.0,61.75,142.0,73.0,-69.0,69.0,11.21476510067114,114.0,-0.6758605567654863
t_arm,andrew,combined_all,/Users/tylerchen/Cosmos-Gesture-Recognition-/processed/session_andrew_discrete/sessions/andrew_t_arm_003,30.0,298748.88333333336,35803.54634801869,252719.0,379964.0,286668.0,253106.0,-33562.0,1.5,1.4548768561863463,0.0,0.0,0.0,302.0,302.0,0.5954867549668874,0.22084174795345793,0.214,0.95,-0.05270529801324504,0.7176798913135104,-1.098,1.069,-0.14498013245033115,0.2660394202279321,-0.617,0.284,4.485662251655629,21.517949508526343,-88.9,72.88,-14.39314569536424,16.835928224408903,-46.94,16.57,-41.06331125827815,43.59447434791857,-129.12,36.87,1.003530362817646,0.07707691378216364,150.0,108.15666666666667,40.93100554304891,58.0,243.0,88.0,185.0,78.0,131.83333333333334,53.83333333333334,232.0,83.0,-149.0,149.0,9.04026845637584,106.0,-0.7535834185223053
t_arm,andrew,combined_all,/Users/tylerchen/Cosmos-Gesture-Recognition-/processed/session_andrew_discrete/sessions/andrew_t_arm_004,30.0,300278.9,38834.75886569488,254134.0,392523.0,254134.0,254756.0,622.0,2.4,1.9252705437591533,0.0,0.0,0.0,302.0,302.0,0.5923675496688741,0.22594266255301487,0.171,0.946,0.05056953642384108,0.7030723447739057,-1.194,1.446,-0.19409768211920528,0.2922116701300452,-0.809,0.337,7.8504635761589405,26.586905426966265,-45.69,141.58,-16.184933774834438,20.76185645056241,-56.0,64.49,-42.59056291390729,44.45057913508796,-136.75,37.84,1.0042463255102574,0.11562131605217114,150.0,104.96666666666667,41.37494747907659,57.0,246.0,96.5,189.0,71.0,132.75,61.75,144.0,68.0,-76.0,76.0,11.100671140939598,76.0,-0.7718630457649976
t_arm,andrew,combined_all,/Users/tylerchen/Cosmos-Gesture-Recognition-/processed/session_andrew_discrete/sessions/andrew_t_arm_005,30.0,285941.23333333334,29469.76878054677,250382.0,352268.0,267022.0,255840.0,-11182.0,1.4333333333333333,1.2297244497131143,0.0,0.0,0.0,302.0,302.0,0.63033940397351,0.19328421975491758,0.259,0.943,0.0771026490066225,0.6834862808321013,-1.216,1.149,-0.1956043046357616,0.2502820128871581,-0.551,0.321,4.289006622516556,14.177178950225292,-43.64,52.61,-16.484635761589402,17.827398913460378,-48.34,21.39,-40.836357615894045,35.82223504779023,-100.38,23.9,1.00125790030824,0.07854689945953058,150.0,97.69333333333333,36.25764379797398,47.0,211.0,87.0,164.0,68.0,121.5,53.5,171.0,59.0,-112.0,112.0,7.382550335570469,52.0,-0.7640037334992669
t_arm,andrew,combined_all,/Users/tylerchen/Cosmos-Gesture-Recognition-/processed/session_andrew_discrete/sessions/andrew_t_arm_006,30.0,304955.06666666665,31798.179684727587,250372.0,397287.0,318708.0,294481.0,-24227.0,2.033333333333333,1.8882678717691392,0.0,0.0,0.0,303.0,303.0,0.6750214521452145,0.20900578821363336,0.24,0.976,0.009772277227722814,0.6561519618100852,-1.177,0.932,-0.16890264026402635,0.2252560140689192,-0.461,0.312,4.3900330033003305,14.390068414563167,-45.2,46.08,-14.204026402640263,15.031457957980562,-51.21,13.67,-40.20041254125412,34.19211655580542,-105.14,8.91,1.0019214207184943,0.07341740406937147,147.0,101.7312925170068,35.84676635216904,57.0,215.0,94.0,158.0,70.5,128.0,57.5,142.0,65.0,-77.0,77.0,9.5,56.5,-0.7170341294607431
t_arm,andrew,combined_all,/Users/tylerchen/Cosmos-Gesture-Recognition-/processed/session_andrew_discrete/sessions/andrew_t_arm_007,30.0,331343.9,47910.03814605731,254344.0,467764.0,270526.0,329045.0,58519.0,3.7,2.465089585931243,0.0,0.0,0.0,300.0,300.0,0.6216066666666666,0.19530647357991548,0.191,0.968,0.0261633333333333,0.6527256059444546,-1.197,1.253,-0.25223166666666663,0.31933519562348417,-0.793,0.289,8.291633333333333,21.30238485081476,-37.45,90.98,-20.533683333333336,23.88989694096068,-78.13,13.34,-37.292899999999996,37.37242470945756,-98.24,16.94,1.0046087732922,0.0873595832808736,147.0,105.90816326530613,47.19977291303058,59.0,248.0,83.0,189.0,69.0,139.5,70.5,148.0,74.0,-74.0,74.0,9.616438356164384,111.0,-0.8966388110223734
t_arm,andrew,combined_all,/Users/tylerchen/Cosmos-Gesture-Recognition-/processed/session_andrew_discrete/sessions/andrew_t_arm_008,30.0,313581.5833333333,43888.39558016889,259175.0,409008.0,283914.0,263134.0,-20780.0,2.1,1.6196707484341788,0.0,0.0,0.0,300.0,300.0,0.5978966666666665,0.1874743875543774,0.149,0.945,0.18211666666666668,0.7087944340372758,-1.155,1.535,-0.133945,0.2694926674481763,-0.462,0.465,-2.012766666666667,14.748046921956217,-75.2,56.4,-19.113366666666668,22.333201255803484,-70.86,13.34,-38.45728333333333,45.143663642159005,-107.27,23.71,1.003519180963891,0.10816614198026482,149.0,95.29194630872483,36.778468504148066,48.0,183.0,78.0,135.0,67.0,119.0,52.0,179.0,66.0,-113.0,113.0,6.871621621621622,84.0,-0.7205695628514416
raise_arms,andrew,combined_all,/Users/tylerchen/Cosmos-Gesture-Recognition-/processed/session_andrew_discrete/sessions/andrew_raise_arms_001,30.0,425341.23333333334,103343.77186255052,255627.0,637271.0,261613.0,361720.0,100107.0,5.7,2.5967928938083094,0.0,0.0,0.0,301.0,301.0,-0.03436710963455148,0.5408295236969566,-0.868,0.559,-0.251468438538206,0.2659735139697978,-0.692,0.126,-0.7312724252491695,0.20166499358665155,-0.987,-0.169,-16.964950166112956,17.555940294255297,-48.37,27.16,26.54470099667774,29.21222201169851,-21.88,77.18,-14.46014950166113,14.958644898638475,-43.89,4.85,0.9966977908230502,0.09837479848901193,151.0,47.12251655629139,11.864789208328036,27.0,82.0,46.0,55.0,39.0,52.0,13.0,77.0,40.0,-37.0,37.0,3.6866666666666665,29.0,-0.22442140118508216
raise_arms,andrew,combined_all,/Users/tylerchen/Cosmos-Gesture-Recognition-/processed/session_andrew_discrete/sessions/andrew_raise_arms_002,30.0,443482.4,126463.13130199912,272869.0,747401.0,293840.0,350946.0,57106.0,5.133333333333334,2.604269997949948,0.0,0.0,0.0,301.0,301.0,0.026481727574750844,0.6310673620516667,-0.944,0.645,-0.13694019933554819,0.25910718753029716,-0.638,0.168,-0.6975531561461794,0.20606482747249222,-0.941,-0.077,-20.941627906976745,22.048877967122387,-110.45,12.02,34.07543189368771,36.7032717880349,-33.08,105.9,-10.168139534883721,16.277507130980922,-51.21,38.27,1.0004980851330292,0.11350396725233448,151.0,59.09933774834437,44.34679486020735,20.0,290.0,46.0,270.0,42.0,53.0,11.0,243.0,42.0,-201.0,201.0,8.393333333333333,102.0,-0.5689566631811318
raise_arms,andrew,combined_all,/Users/tylerchen/Cosmos-Gesture-Recognition-/processed/session_andrew_discrete/sessions/andrew_raise_arms_003,31.0,404032.0806451613,91015.2381185467,259939.0,633268.0,293065.0,293216.0,151.0,5.354838709677419,2.6463412002572495,0.0,0.0,0.0,301.0,301.0,0.0907674418604651,0.6204414721271592,-0.859,0.757,-0.1283870431893688,0.25825574617058905,-0.594,0.245,-0.7046976744186045,0.1736792924879358,-0.97,-0.295,-17.84747508305648,18.717995044215947,-78.52,17.18,34.71461794019934,31.749184826486317,-11.44,86.7,-10.372823920265782,10.336036000238767,-40.68,6.62,0.997262675038057,0.09271503692651055,150.0,60.64,46.18056623718009,22.0,214.0,47.0,192.0,42.25,51.0,8.75,202.0,38.0,-164.0,164.0,4.76510067114094,136.0,-0.6502191208498161
raise_arms,andrew,combined_all,/Users/tylerchen/Cosmos-Gesture-Recognition-/processed/session_andrew_discrete/sessions/andrew_raise_arms_004,30.0,424521.43333333335,126173.15111060231,266555.0,744470.0,269507.0,306088.0,36581.0,4.9,2.3144473782453265,0.0,0.0,0.0,300.0,300.0,0.11990999999999995,0.6187344841690982,-0.857,0.788,-0.1879883333333333,0.27359603864802007,-0.643,0.196,-0.6877266666666666,0.18196884173660874,-0.997,-0.216,-19.151666666666667,18.828483366667875,-73.18,20.11,33.80136666666667,31.036052527110396,-11.93,91.43,-14.292333333333334,17.181329650395384,-47.55,15.2,1.0014900312666095,0.1024866845709526,150.0,48.74333333333333,9.130253689710859,33.0,80.0,47.0,47.0,43.0,51.0,8.0,71.0,44.0,-27.0,27.0,3.5906040268456376,27.0,-0.12803680163562864
raise_arms,andrew,combined_all,/Users/tylerchen/Cosmos-Gesture-Recognition-/processed/session_andrew_discrete/sessions/andrew_raise_arms_005,30.0,422930.13333333336,110045.09020570715,261647.0,631298.0,304976.0,326582.0,21606.0,5.066666666666666,2.5289435651187544,0.0,0.0,0.0,302.0,302.0,-0.06275331125827818,0.6298986018839337,-0.923,0.691,-0.24199006622516553,0.22681969799382254,-0.616,0.174,-0.6696523178807946,0.21682318377984572,-0.945,-0.136,-11.495877483443708,14.616687006565598,-65.86,16.3,36.22182119205298,30.527775025503626,-10.07,82.28,-11.566754966887416,12.850439554915166,-37.84,10.32,0.9989187092733213,0.09123884266118733,151.0,52.79801324503311,14.394467291952234,37.0,107.0,48.0,70.0,44.0,53.0,9.0,80.0,47.0,-33.0,33.0,3.526666666666667,32.0,-0.24191994887881993
raise_arms,andrew,combined_all,/Users/tylerchen/Cosmos-Gesture-Recognition-/processed/session_andrew_discrete/sessions/andrew_raise_arms_006,30.0,403425.95,89683.28961149433,255997.0,560711.0,302781.0,301871.0,-910.0,5.516666666666667,2.4781825777954474,0.0,0.0,0.0,302.0,302.0,0.14111423841059606,0.5906365050984265,-0.896,0.764,-0.2181688741721854,0.253580991329463,-0.715,0.162,-0.7074039735099337,0.16848596061573964,-1.013,-0.276,-10.020099337748345,15.918477403251044,-48.04,37.26,35.87533112582781,33.88128124687865,-7.14,118.11,-11.018675496688743,13.890545127569876,-39.83,12.79,0.9998407598825054,0.0989547462131238,151.0,68.13245033112582,52.27558143177294,38.0,241.0,53.0,203.0,48.0,55.0,7.0,228.0,45.0,-183.0,183.0,5.5,166.0,-0.6541164168699898
raise_arms,andrew,combined_all,/Users/tylerchen/Cosmos-Gesture-Recognition-/processed/session_andrew_discrete/sessions/andrew_raise_arms_007,30.0,435848.1666666667,110949.04518256217,265724.0,743097.0,290808.0,306987.0,16179.0,6.666666666666667,2.3570226039551585,0.0,0.0,0.0,302.0,302.0,0.13757284768211914,0.5836523998342575,-0.889,0.749,-0.1381754966887417,0.27232842097325505,-0.62,0.21,-0.7268145695364238,0.1558855199038395,-0.927,-0.253,-12.681092715231788,16.815789700250757,-80.23,14.31,35.334768211920526,34.083131294726414,-7.87,115.7,-11.055894039735099,14.25551201732823,-37.63,21.52,0.9983147010458356,0.09359017303378352,149.0,43.83221476510067,14.5161644476729,10.0,88.0,42.0,78.0,37.0,47.0,10.0,78.0,37.0,-41.0,41.0,4.993243243243243,39.0,-0.25078723018320354
raise_arms,andrew,combined_all,/Users/tylerchen/Cosmos-Gesture-Recognition-/processed/session_andrew_discrete/sessions/andrew_raise_arms_008,30.0,435706.25,112314.40170037189,299354.0,728961.0,308855.0,315582.0,6727.0,4.916666666666667,2.3383873835520825,0.0,0.0,0.0,302.0,302.0,0.23308940397350994,0.5815907865503949,-0.829,0.745,-0.11979139072847679,0.30160384666517676,-0.781,0.21,-0.7102781456953642,0.15096387362951028,-1.043,-0.209,-16.233543046357614,21.753487624605665,-98.09,26.15,34.51920529801324,38.80559720198732,-7.32,108.49,-12.583013245033113,18.163695137631127,-57.8,10.04,1.004128234652855,0.13001920868679173,151.0,43.70198675496689,22.234521118293134,19.0,164.0,40.0,145.0,35.5,45.0,9.5,133.0,33.0,-100.0,100.0,6.28,122.0,-0.29048971767166304
fist_open,andrew,combined_all,/Users/tylerchen/Cosmos-Gesture-Recognition-/processed/session_andrew_discrete/sessions/andrew_fist_open_001,30.0,291308.0333333333,22942.4674646289,263227.0,358293.0,265299.0,265564.0,265.0,1.5333333333333334,1.8749814813900312,0.0,0.0,0.0,302.0,302.0,0.7215066225165563,0.039826090767374464,0.594,0.917,0.1371208609271523,0.07467529797553958,0.01,0.392,-0.6704420529801325,0.05961487918477232,-0.755,-0.405,0.6510596026490065,10.788875419506873,-37.32,51.64,-2.3618377483443713,9.501972330122634,-37.69,33.51,2.2759271523178803,7.358903839232841,-8.88,44.98,0.999463893694669,0.025590230466331677,150.0,85.95333333333333,1.4015172347438742,82.0,90.0,86.0,8.0,85.0,87.0,2.0,87.0,85.0,-2.0,2.0,1.221476510067114,4.0,-0.017570558691497904
fist_open,andrew,combined_all,/Users/tylerchen/Cosmos-Gesture-Recognition-/processed/session_andrew_discrete/sessions/andrew_fist_open_002,30.0,282141.1,17756.55947783804,255647.0,326359.0,264389.0,255647.0,-8742.0,1.2333333333333334,1.7065234314893603,0.0,0.0,0.0,300.0,300.0,0.7099249999999999,0.031226882189810377,0.602,0.882,0.16287666666666667,0.05631139424860853,0.05,0.386,-0.6788516666666667,0.04500445386395209,-0.847,-0.412,0.8093333333333331,8.92428269552403,-51.18,27.47,0.08973333333333322,8.214322180913763,-19.68,41.54,1.5419666666666665,5.348874137576022,-15.17,27.01,0.998523891903179,0.021987018106036666,150.0,84.90666666666667,1.0561209679205465,83.0,87.0,85.0,4.0,84.0,86.0,2.0,84.0,84.0,0.0,0.0,0.8053691275167785,3.0,-0.010642250766700643
fist_open,andrew,combined_all,/Users/tylerchen/Cosmos-Gesture-Recognition-/processed/session_andrew_discrete/sessions/andrew_fist_open_003,30.0,281212.56666666665,20789.987873466613,252330.0,332430.0,281404.0,257380.0,-24024.0,1.0,1.5275252316519468,0.0,0.0,0.0,302.0,302.0,0.7414122516556291,0.029860075463792962,0.655,0.877,0.18956953642384108,0.07622002265433592,0.07,0.533,-0.6340513245033113,0.0565606627337929,-0.744,-0.356,0.489437086092715,11.383074102632694,-46.94,34.55,-0.04102649006622559,9.04778550012388,-24.08,34.24,1.2820529801324505,7.768956377950073,-21.76,25.88,0.9985171105500749,0.022663243747740397,150.0,83.50333333333333,1.1592879477771245,81.0,87.0,84.0,6.0,83.0,84.0,1.0,84.0,83.0,-1.0,1.0,1.0,4.0,-0.001839192853015929
fist_open,andrew,combined_all,/Users/tylerchen/Cosmos-Gesture-Recognition-/processed/session_andrew_discrete/sessions/andrew_fist_open_004,30.0,275595.61666666664,17134.00198128628,256955.0,314975.0,262862.0,263580.0,718.0,1.15,1.4326548781894402,0.0,0.0,0.0,301.0,301.0,0.7131046511627906,0.027284054018596314,0.602,0.778,0.17316445182724252,0.06375553157252205,0.091,0.44,-0.6704335548172757,0.03984912038764371,-0.853,-0.491,0.39808970099667795,10.546005325596129,-38.36,35.83,0.7419601328903652,7.375719063660967,-17.46,30.98,1.165847176079734,6.386800734157977,-18.19,25.91,0.9970650402837276,0.015613057388805418,151.0,84.5728476821192,1.1538303615832173,81.0,87.0,85.0,6.0,84.0,85.0,1.0,85.0,86.0,1.0,1.0,1.2466666666666666,4.0,-0.007174973858487502
fist_open,andrew,combined_all,/Users/tylerchen/Cosmos-Gesture-Recognition-/processed/session_andrew_discrete/sessions/andrew_fist_open_005,30.0,270450.13333333336,13784.980748344273,250799.0,303648.0,255597.0,273564.0,17967.0,0.43333333333333335,0.9195409482755815,0.0,0.0,0.0,300.0,300.0,0.6886883333333333,0.03988120778335654,0.606,0.824,0.08995833333333333,0.08554565504584216,-0.133,0.32,-0.7091416666666667,0.05829113096410185,-0.867,-0.5,1.138666666666667,10.811107446613516,-31.25,40.99,-1.4297166666666665,8.988664509799118,-34.42,33.14,2.3495166666666667,6.262109164096036,-17.46,22.16,0.9986062491721914,0.01892116548038322,150.0,83.06333333333333,1.2629153800911184,80.0,86.0,83.0,6.0,82.0,84.0,2.0,85.0,82.0,-3.0,3.0,0.9328859060402684,4.0,-0.015059335970488023
fist_open,andrew,combined_all,/Users/tylerchen/Cosmos-Gesture-Recognition-/processed/session_andrew_discrete/sessions/andrew_fist_open_006,30.0,271084.85,13712.103615145998,252022.0,299202.0,271527.0,258125.0,-13402.0,1.0666666666666667,1.4360439485692011,0.0,0.0,0.0,300.0,300.0,0.7140366666666668,0.04127067773541816,0.644,0.848,0.16162166666666666,0.06787917856314561,0.064,0.398,-0.6699966666666667,0.06434157537877216,-0.81,-0.437,1.266183333333333,7.978003699855461,-20.6,38.09,-0.17433333333333356,11.094614814804924,-23.35,39.55,0.8809666666666666,4.880815571155053,-15.11,14.47,0.997493953643841,0.017943252613424773,149.0,82.83557046979865,1.5049950087689234,77.0,87.0,83.0,10.0,82.0,84.0,2.0,84.0,84.0,0.0,0.0,1.2027027027027026,5.0,-0.007914021403954112
fist_open,andrew,combined_all,/Users/tylerchen/Cosmos-Gesture-Recognition-/processed/session_andrew_discrete/sessions/andrew_fist_open_007,30.0,268490.5,14204.885980417677,244690.0,299389.0,273381.0,255429.0,-17952.0,0.6,1.1430952132988161,0.0,0.0,0.0,302.0,302.0,0.6760728476821193,0.03760010468101327,0.571,0.829,0.11357781456953642,0.06126797551915519,0.002,0.27,-0.7200645695364238,0.044600897256366706,-0.817,-0.572,1.338741721854305,6.202672662586169,-19.23,21.27,-2.000264900662252,5.919985675101232,-18.04,16.42,1.6124172185430465,4.35288263147677,-8.97,16.51,0.9975579011023458,0.022414422090964264,151.0,83.7251655629139,1.786699696574529,79.0,90.0,84.0,11.0,83.0,85.0,2.0,83.0,84.0,1.0,1.0,1.2866666666666666,6.0,-0.02628790519344745
fist_open,andrew,combined_all,/Users/tylerchen/Cosmos-Gesture-Recognition-/processed/session_andrew_discrete/sessions/andrew_fist_open_008,30.0,277842.1666666667,16414.235021434564,245675.0,320930.0,304740.0,279352.0,-25388.0,0.9666666666666667,1.4940623220676643,0.0,0.0,0.0,300.0,300.0,0.6751583333333334,0.05277294853636873,0.587,0.834,0.12245833333333332,0.09858045419389218,-0.078,0.384,-0.7179800000000001,0.07367288069568069,-0.883,-0.498,1.7201333333333333,10.22476044457223,-24.35,49.47,-2.1660999999999997,9.439049270097776,-39.37,36.32,1.8428166666666668,5.945729516472772,-15.87,22.55,1.0017380723295655,0.027959197305441302,150.0,83.4,1.758011384162696,78.0,87.0,84.0,9.0,82.0,84.0,2.0,83.0,85.0,2.0,2.0,0.9932885906040269,7.0,-0.006610071558736183
one_arm_boxing,andrew,combined_all,/Users/tylerchen/Cosmos-Gesture-Recognition-/processed/session_andrew_periodic/sessions/andrew_one_arm_boxing_001_seg000,30.0,470826.23333333334,70625.87883332063,299421.0,650431.0,481939.0,475266.0,-6673.0,5.716666666666667,1.5688814132651612,0.0,0.0,0.0,300.0,300.0,0.47163499999999997,0.40501775385983596,-0.509,1.048,-0.11031,0.4382943385823428,-1.074,0.688,-0.7299716666666667,0.24389222352757012,-1.531,-0.204,0.9876666666666658,33.29566163765016,-101.02,88.35,6.335600000000002,47.312996501736535,-96.74,105.11,-5.778333333333336,88.7081843643653,-158.67,163.37,1.0720190357531951,0.18402830031308529,150.0,75.26666666666667,7.281876617284259,61.0,88.0,76.0,27.0,68.0,82.0,14.0,70.0,70.0,0.0,0.0,1.8657718120805369,8.0,-0.019186630516912266
one_arm_boxing,andrew,combined_all,/Users/tylerchen/Cosmos-Gesture-Recognition-/processed/session_andrew_periodic/sessions/andrew_one_arm_boxing_001_seg001,30.0,446927.2833333333,58612.73476752347,322931.0,578566.0,352223.0,452742.0,100519.0,6.15,1.3853399101544237,0.0,0.0,0.0,300.0,300.0,0.4663233333333333,0.39991202214431554,-0.525,1.034,-0.05808166666666666,0.3608902106789389,-0.901,0.768,-0.747455,0.2602820338434189,-1.371,-0.2,0.8794666666666672,40.47261832048373,-113.16,58.29,0.3709333333333325,57.3422808155456,-134.4,109.01,2.9976999999999983,86.53003591264327,-144.08,167.85,1.0538286405902424,0.16396100533883537,150.0,74.5,6.993285370157317,61.0,89.0,75.5,28.0,69.0,80.0,11.0,67.0,68.0,1.0,1.0,2.2885906040268456,9.0,0.01773589937330559
one_arm_boxing,andrew,combined_all,/Users/tylerchen/Cosmos-Gesture-Recognition-/processed/session_andrew_periodic/sessions/andrew_one_arm_boxing_001_seg002,30.0,430909.23333333334,71251.89660805918,328355.0,586995.0,586995.0,479165.0,-107830.0,6.566666666666666,2.0021284970047546,0.0,0.0,0.0,300.0,300.0,0.40491666666666665,0.4460093680505925,-0.808,1.066,0.004323333333333335,0.40665752026599594,-1.446,0.753,-0.7647683333333333,0.27468927156678125,-1.457,-0.242,-1.9922000000000006,34.16055330094445,-103.03,111.94,-5.375033333333334,64.99977821756181,-123.72,146.18,12.994233333333334,81.65413610107099,-171.21,183.36,1.07240330658789,0.1963334941777049,150.0,77.03333333333333,6.71636953173371,64.0,89.0,77.0,25.0,71.0,83.75,12.75,70.0,76.0,6.0,6.0,1.9060402684563758,7.0,0.05645228676830087
one_arm_boxing,andrew,combined_all,/Users/tylerchen/Cosmos-Gesture-Recognition-/processed/session_andrew_periodic/sessions/andrew_one_arm_boxing_002_seg000,30.0,468599.13333333336,74119.97691254063,323183.0,671774.0,443488.0,557629.0,114141.0,7.266666666666667,1.6519348924485155,0.0,0.0,0.0,300.0,300.0,0.3488583333333333,0.4386469393835497,-0.815,0.983,-0.03448166666666668,0.38889417433352685,-1.804,0.621,-0.8193633333333333,0.220233961933415,-1.689,-0.325,-3.0350333333333337,28.398025911417776,-84.9,76.27,-1.4520000000000004,60.515875608526606,-131.72,167.12,8.582733333333335,87.45540784038965,-142.77,184.12,1.0668858574209166,0.21944196401000632,149.0,77.59731543624162,8.404607377912113,55.0,90.0,79.0,35.0,70.0,86.0,16.0,68.0,77.0,9.0,9.0,2.5878378378378377,11.0,0.051906403047341905
one_arm_boxing,andrew,combined_all,/Users/tylerchen/Cosmos-Gesture-Recognition-/processed/session_andrew_periodic/sessions/andrew_one_arm_boxing_002_seg001,30.0,454190.7,61873.60519690001,312484.0,592106.0,441012.0,569244.0,128232.0,6.4,2.2150996967781533,0.0,0.0,0.0,300.0,300.0,0.4344200000000001,0.4416792391166543,-0.685,1.001,0.0077633333333333296,0.3920445986392648,-1.209,0.508,-0.7530483333333333,0.24917414625897466,-1.634,-0.308,1.9193999999999998,35.48262988618516,-181.07,84.35,-5.982433333333332,51.405322957960514,-131.9,84.96,13.637133333333335,84.74917563679044,-127.9,178.32,1.0625412387548414,0.19425804173485528,149.0,75.44295302013423,4.822711683016901,65.0,85.0,77.0,20.0,72.0,79.0,7.0,78.0,83.0,5.0,5.0,1.885135135135135,7.0,0.05319970977689061
one_arm_boxing,andrew,combined_all,/Users/tylerchen/Cosmos-Gesture-Recognition-/processed/session_andrew_periodic/sessions/andrew_one_arm_boxing_002_seg002,30.0,436594.6,69546.64062416434,338033.0,566563.0,366074.0,399806.0,33732.0,6.633333333333334,2.272785857830771,0.0,0.0,0.0,300.0,300.0,0.4216266666666666,0.38218286498597615,-0.668,0.954,-0.10680666666666667,0.41393804200897294,-1.471,0.66,-0.7789016666666666,0.17587438082493867,-1.23,-0.41,4.502499999999999,39.026208895433335,-109.01,167.09,2.1788166666666653,42.58602798668897,-98.57,131.11,-9.026566666666662,97.7031901076532,-224.92,171.45,1.05604853357084,0.1701947528848781,150.0,72.16333333333333,7.247887141018998,60.0,85.0,71.0,25.0,66.0,79.0,13.0,83.0,74.0,-9.0,9.0,2.1812080536912752,8.0,-0.019297746566514347
one_arm_boxing,andrew,combined_all,/Users/tylerchen/Cosmos-Gesture-Recognition-/processed/session_andrew_periodic/sessions/andrew_one_arm_boxing_003_seg000,30.0,446057.93333333335,56224.14965456471,304156.0,574551.0,413525.0,461674.0,48149.0,6.566666666666666,2.376037784959565,0.0,0.0,0.0,300.0,300.0,0.3904916666666667,0.3680952898782536,-0.63,0.901,-0.10926333333333332,0.34559827447807406,-1.097,0.608,-0.8251216666666666,0.18773442952893737,-1.34,-0.493,6.773283333333334,28.223622941956304,-77.3,63.75,4.1312000000000015,38.89599888454681,-119.33,95.19,-17.499133333333337,83.77002068311127,-140.69,166.97,1.0510780350803908,0.17509846516996805,150.0,77.72,6.88873216727746,63.0,92.0,77.0,29.0,71.0,83.0,12.0,78.0,63.0,-15.0,15.0,2.0067114093959733,10.0,-0.009589759544868695
one_arm_boxing,andrew,combined_all,/Users/tylerchen/Cosmos-Gesture-Recognition-/processed/session_andrew_periodic/sessions/andrew_one_arm_boxing_003_seg001,30.0,436516.05,68561.40236706923,323052.0,611759.0,385934.0,397807.0,11873.0,6.1,1.5567059238447492,0.0,0.0,0.0,300.0,300.0,0.34167833333333336,0.3475637404278317,-0.558,0.914,-0.08165499999999998,0.3432804564905106,-1.334,0.532,-0.8552099999999999,0.19134868882439413,-1.35,-0.468,-5.501933333333333,31.252945945338052,-65.71,77.67,-2.0525,43.04166557437882,-95.0,114.75,12.583733333333333,84.87945612492001,-133.43,164.95,1.0504483784687568,0.16312668987672466,150.0,74.22,7.28298559621196,61.0,88.0,73.5,27.0,68.25,80.75,12.5,64.0,77.0,13.0,13.0,2.4496644295302015,8.0,0.007363882839237245
one_arm_boxing,andrew,combined_all,/Users/tylerchen/Cosmos-Gesture-Recognition-/processed/session_andrew_periodic/sessions/andrew_one_arm_boxing_003_seg002,30.0,468904.1666666667,72344.66310244008,321492.0,588132.0,482334.0,485007.0,2673.0,6.133333333333334,1.7838784213679537,0.0,0.0,0.0,300.0,300.0,0.43314833333333336,0.35991730369242075,-0.489,0.913,-0.014829999999999994,0.29291417588319846,-1.235,0.436,-0.8026966666666666,0.1783691621017739,-1.422,-0.348,-2.2844333333333346,35.859551410266626,-124.64,59.97,-4.586200000000002,42.8895933868967,-117.95,72.02,6.169133333333336,84.94418966150003,-142.12,161.2,1.0249010313797589,0.16997635142387593,150.0,71.01,7.884755063799217,58.0,88.0,68.0,30.0,65.0,77.0,12.0,77.0,84.0,7.0,7.0,2.1543624161073827,9.0,0.035789146184274534
clapping,andrew,combined_all,/Users/tylerchen/Cosmos-Gesture-Recognition-/processed/session_andrew_periodic/sessions/andrew_clapping_001_seg000,30.0,360023.5333333333,37204.9729709021,298371.0,476018.0,353330.0,331128.0,-22202.0,5.7,2.5449295995501853,0.0,0.0,0.0,300.0,300.0,0.7488583333333333,0.40731002419555695,-1.405,3.188,-0.37581166666666665,0.2969167887438549,-2.09,1.059,-0.07997833333333333,0.48505506120535014,-1.345,1.147,4.0483166666666675,64.45542759599888,-206.52,187.96,-5.060900000000001,138.24878027740425,-321.48,355.27,-0.29968333333333247,34.994130090865085,-101.23,75.72,1.037470318459775,0.3484458809806482,143.0,21.006993006993007,10.968903872398672,1.0,59.0,19.0,58.0,14.0,26.0,12.0,14.0,24.0,10.0,10.0,6.873239436619718,44.0,-0.016542729570898612
clapping,andrew,combined_all,/Users/tylerchen/Cosmos-Gesture-Recognition-/processed/session_andrew_periodic/sessions/andrew_clapping_001_seg001,30.0,358960.63333333336,31789.517641809052,298878.0,431499.0,328342.0,365809.0,37467.0,5.633333333333334,2.121058435991071,0.0,0.0,0.0,300.0,300.0,0.7186883333333334,0.30483570232206264,-1.616,3.031,-0.37667666666666666,0.27428912748331014,-1.471,0.966,-0.16213333333333332,0.504744288944632,-1.746,0.653,10.020633333333334,67.24971481370619,-196.91,224.46,-4.329666666666663,134.86875386051761,-317.45,328.81,9.607933333333332,38.307010536309,-42.94,104.62,1.0159547418618828,0.27467715601165554,150.0,20.346666666666668,10.462470125810754,3.0,59.0,17.0,56.0,13.0,27.0,14.0,27.0,9.0,-18.0,18.0,5.342281879194631,41.0,-0.1427642710046374
clapping,andrew,combined_all,/Users/tylerchen/Cosmos-Gesture-Recognition-/processed/session_andrew_periodic/sessions/andrew_clapping_001_seg002,30.0,371132.35,40835.89809737465,294881.0,483585.0,340711.0,313550.0,-27161.0,6.4,2.6025628394590847,0.0,0.0,0.0,300.0,300.0,0.7156366666666667,0.4324484347637642,-1.561,2.792,-0.459665,0.3459795973124448,-2.227,1.444,-0.10764833333333333,0.4493078228385178,-1.053,0.719,5.066883333333333,74.542998267215,-266.85,228.98,4.696733333333335,141.36881776401597,-342.39,343.58,0.6324500000000008,44.90551310387735,-89.79,100.56,1.0614106038821431,0.3420738146785961,147.0,19.887755102040817,9.918295658102354,1.0,54.0,19.0,53.0,13.0,24.0,11.0,7.0,8.0,1.0,1.0,5.431506849315069,41.0,0.039724516241150296
clapping,andrew,combined_all,/Users/tylerchen/Cosmos-Gesture-Recognition-/processed/session_andrew_periodic/sessions/andrew_clapping_002_seg000,30.0,365458.73333333334,44675.00068415096,286138.0,482104.0,384283.0,351954.0,-32329.0,5.383333333333334,2.522179392685796,0.0,0.0,0.0,300.0,300.0,0.7501,0.4042584569307116,-1.839,3.254,-0.42422333333333334,0.24128200446319611,-1.154,0.798,-0.07261000000000001,0.4075934292259238,-1.097,0.983,7.769066666666666,60.81554772545758,-161.35,178.14,2.5604333333333336,130.08492041026722,-318.0,302.41,1.5492666666666668,40.90140572676183,-92.93,102.11,1.0197376086141305,0.30951119115195935,149.0,18.0,8.347825236921661,3.0,53.0,18.0,50.0,12.0,23.0,11.0,27.0,23.0,-4.0,4.0,4.783783783783784,21.0,-0.013663462119838028
clapping,andrew,combined_all,/Users/tylerchen/Cosmos-Gesture-Recognition-/processed/session_andrew_periodic/sessions/andrew_clapping_002_seg001,30.0,359188.65,50937.802462930216,286321.0,472731.0,420588.0,304699.0,-115889.0,5.033333333333333,2.857543622686372,0.0,0.0,0.0,300.0,300.0,0.7387116666666667,0.315592442454282,-0.706,2.566,-0.4653900000000001,0.26754774743820825,-1.198,0.939,-0.11734833333333335,0.4504582214945544,-1.83,1.353,7.316683333333334,58.37283645328171,-131.32,158.18,-3.1988666666666665,119.55504258729069,-322.06,282.02,4.249883333333334,35.22623016745423,-122.2,98.33,1.0355634332457142,0.2788454443512764,144.0,18.76388888888889,8.09708236420643,3.0,49.0,19.0,46.0,14.0,22.0,8.0,24.0,19.0,-5.0,5.0,4.230769230769231,38.0,0.038304798649626284
clapping,andrew,combined_all,/Users/tylerchen/Cosmos-Gesture-Recognition-/processed/session_andrew_periodic/sessions/andrew_clapping_002_seg002,30.0,345109.0333333333,29834.331492128702,295075.0,412015.0,323092.0,381056.0,57964.0,5.733333333333333,2.0645150089602695,0.0,0.0,0.0,300.0,300.0,0.7518199999999999,0.34757832105392694,-1.332,2.55,-0.43833333333333335,0.2579362966861162,-1.553,0.956,-0.14714333333333335,0.37048516316071584,-0.992,0.589,5.845683333333333,56.908605526477636,-145.85,216.1,-2.4995999999999996,114.53666715586469,-289.25,305.31,-0.233283333333333,30.645177660140494,-72.24,92.59,1.0191383233651414,0.2549092788446145,147.0,20.639455782312925,6.715036876275791,3.0,47.0,21.0,44.0,17.0,24.0,7.0,22.0,28.0,6.0,6.0,4.2465753424657535,39.0,-0.0008462474215898724
clapping,andrew,combined_all,/Users/tylerchen/Cosmos-Gesture-Recognition-/processed/session_andrew_periodic/sessions/andrew_clapping_003_seg000,30.0,333735.5833333333,22543.996902754152,295763.0,394061.0,316289.0,346858.0,30569.0,5.033333333333333,2.0893911925619757,0.0,0.0,0.0,300.0,300.0,0.7538066666666667,0.22059697630646607,-0.792,2.231,-0.47288166666666664,0.23221712217352872,-1.03,0.771,-0.11574833333333336,0.3828085117684916,-0.914,0.893,1.896033333333334,49.19711514508639,-123.54,143.5,4.676433333333333,103.15970731786959,-310.71,284.46,-1.0788833333333339,34.615308593275394,-82.34,89.91,1.0021608912991533,0.2237028396534227,148.0,21.16216216216216,7.778440511429722,6.0,53.0,20.0,47.0,16.0,25.0,9.0,14.0,22.0,8.0,8.0,3.619047619047619,33.0,-0.003653701640278766
clapping,andrew,combined_all,/Users/tylerchen/Cosmos-Gesture-Recognition-/processed/session_andrew_periodic/sessions/andrew_clapping_003_seg001,30.0,342750.3,21392.381795231755,297328.0,385962.0,297328.0,353433.0,56105.0,5.466666666666667,1.861600267392427,0.0,0.0,0.0,300.0,300.0,0.7499383333333334,0.3312789097279746,-1.63,2.514,-0.46688666666666667,0.24084330284632355,-1.524,1.073,-0.18345333333333333,0.3850483618230216,-1.074,0.919,7.496083333333334,53.041486668827,-122.87,277.29,-2.5346666666666655,100.71052220294008,-221.87,281.01,3.398516666666667,35.43390498224071,-207.1,127.11,1.0298490893232377,0.26357180339363306,150.0,20.626666666666665,5.556290480845264,2.0,39.0,21.0,37.0,17.0,24.0,7.0,8.0,29.0,21.0,21.0,3.442953020134228,21.0,0.04104834288931364
clapping,andrew,combined_all,/Users/tylerchen/Cosmos-Gesture-Recognition-/processed/session_andrew_periodic/sessions/andrew_clapping_003_seg002,30.0,373778.4,42984.950288521526,295905.0,468414.0,370957.0,395647.0,24690.0,6.266666666666667,2.293953404544701,0.0,0.0,0.0,300.0,300.0,0.7662483333333334,0.40710813230161724,-2.015,3.292,-0.43592166666666665,0.35869709633539615,-1.963,1.512,-0.10299666666666667,0.41705397788580123,-1.796,0.915,12.206916666666666,54.90573918242958,-88.63,138.83,1.5586333333333335,111.55971016963169,-252.91,357.8,4.544849999999999,36.7317347105094,-104.37,110.9,1.0632428403462093,0.3544317175119229,149.0,20.78187919463087,4.78269918140185,6.0,34.0,21.0,28.0,18.0,24.0,6.0,23.0,26.0,3.0,3.0,3.0067567567567566,15.0,0.02069714009311321
two_arm_boxing,andrew,combined_all,/Users/tylerchen/Cosmos-Gesture-Recognition-/processed/session_andrew_periodic/sessions/andrew_two_arm_boxing_001_seg000,30.0,532621.3666666667,82512.90370460584,372396.0,711278.0,600786.0,516082.0,-84704.0,8.266666666666667,2.249938270758161,0.0,0.0,0.0,300.0,300.0,0.463165,0.40952407189344214,-0.92,0.966,0.10168999999999999,0.5485924114495204,-1.451,1.043,-0.77007,0.2224583221639505,-1.393,-0.347,0.9047999999999956,56.28559402096893,-136.17,130.16,-2.615633333333334,57.095296758421554,-179.75,144.78,-4.8522000000000025,122.42434095048256,-238.81,241.89,1.1364614375761437,0.2108961440793792,150.0,39.11333333333334,10.007423046559557,18.0,59.0,39.0,41.0,31.0,48.0,17.0,35.0,34.0,-1.0,1.0,4.046979865771812,20.0,-0.004752803828318492
two_arm_boxing,andrew,combined_all,/Users/tylerchen/Cosmos-Gesture-Recognition-/processed/session_andrew_periodic/sessions/andrew_two_arm_boxing_001_seg001,30.0,544799.3333333334,97684.11543757882,353991.0,742573.0,637874.0,651900.0,14026.0,9.4,2.90516780926679,0.0,0.0,0.0,300.0,300.0,0.5679966666666667,0.4757983882751025,-0.494,1.197,-0.11048,0.45794559676887386,-0.97,0.764,-0.6393233333333334,0.25138020100150205,-1.188,-0.197,-6.620499999999998,72.16856965062192,-175.97,146.86,-9.270766666666667,53.85044093052741,-127.51,96.26,21.508299999999995,111.2538910575416,-181.13,202.31,1.1004959290803018,0.17821155884878184,150.0,41.8,11.26391756566846,21.0,74.0,40.0,53.0,34.0,51.0,17.0,32.0,56.0,24.0,24.0,4.832214765100671,39.0,0.001440064002844416
two_arm_boxing,andrew,combined_all,/Users/tylerchen/Cosmos-Gesture-Recognition-/processed/session_andrew_periodic/sessions/andrew_two_arm_boxing_001_seg002,30.0,559825.2833333333,95460.89688763152,332790.0,750135.0,538408.0,627060.0,88652.0,9.266666666666667,2.3795424396766327,0.0,0.0,0.0,300.0,300.0,0.5423,0.5251303996786576,-0.836,1.277,-0.17474666666666666,0.4764333207863988,-1.471,0.624,-0.6077533333333334,0.28499544877457644,-1.515,-0.153,15.9846,98.53509664838548,-208.87,261.54,1.6191333333333326,55.98744141843081,-150.21,116.0,-15.69526666666666,119.16420039422727,-228.61,287.97,1.1080314989685742,0.22411838529399594,150.0,43.02333333333333,13.425840028182277,17.0,75.0,43.0,58.0,31.0,54.0,23.0,61.0,29.0,-32.0,32.0,5.8120805369127515,26.0,0.029365156969939313
two_arm_boxing,andrew,combined_all,/Users/tylerchen/Cosmos-Gesture-Recognition-/processed/session_andrew_periodic/sessions/andrew_two_arm_boxing_002_seg000,30.0,577292.5833333334,99417.15588754315,337464.0,782881.0,527092.0,337464.0,-189628.0,9.366666666666667,1.622412469818394,0.0,0.0,0.0,300.0,300.0,0.4932383333333333,0.5630713400898287,-0.731,1.261,-0.15321000000000004,0.5058464383914681,-1.294,0.874,-0.6207966666666666,0.2925787791157945,-1.219,0.013,-3.492600000000001,103.45935576144544,-197.0,237.71,-15.647333333333336,69.21471327366427,-192.91,124.3,11.2381,119.46929405523692,-205.73,218.73,1.1226419614513297,0.22439514378742206,150.0,45.376666666666665,13.376822671601508,5.0,74.0,48.0,69.0,34.0,55.0,21.0,33.0,63.0,30.0,30.0,5.436241610738255,31.0,0.014860216009600337
two_arm_boxing,andrew,combined_all,/Users/tylerchen/Cosmos-Gesture-Recognition-/processed/session_andrew_periodic/sessions/andrew_two_arm_boxing_002_seg001,30.0,572768.2,114236.51622880196,368638.0,845733.0,497489.0,496874.0,-615.0,9.816666666666666,1.8994882351716622,0.0,0.0,0.0,300.0,300.0,0.5254383333333333,0.4629008555085587,-0.628,1.193,-0.10921666666666667,0.624444331430397,-1.313,1.023,-0.5518449999999999,0.29774308300110014,-1.424,0.097,21.1439,106.38469592218922,-276.99,291.82,-6.781600000000002,61.03170842089654,-150.46,125.52,-18.01623333333333,150.78052083789058,-270.21,232.4,1.1151811919797445,0.20439276908598478,149.0,40.84563758389262,12.730430043167564,17.0,69.0,41.0,52.0,30.0,52.0,22.0,65.0,28.0,-37.0,37.0,5.3175675675675675,41.0,0.016092871394884644
two_arm_boxing,andrew,combined_all,/Users/tylerchen/Cosmos-Gesture-Recognition-/processed/session_andrew_periodic/sessions/andrew_two_arm_boxing_002_seg002,30.0,584640.8166666667,80563.04958214231,407658.0,760589.0,551231.0,578026.0,26795.0,9.5,2.29128784747792,0.0,0.0,0.0,300.0,300.0,0.650005,0.45459871404166263,-0.551,1.16,0.03948999999999998,0.6205842918035658,-1.269,1.063,-0.44710333333333335,0.30524938327356027,-1.14,0.03,9.881966666666662,83.00906417453591,-202.19,197.52,-8.8922,51.92946391494267,-112.25,108.89,-6.323166666666667,126.63805918827175,-233.92,213.54,1.1285267454197196,0.18803397487078982,150.0,40.7,10.805962670299971,17.0,67.0,41.5,50.0,31.0,48.0,17.0,28.0,48.0,20.0,20.0,3.557046979865772,22.0,0.023420300161488397
two_arm_boxing,andrew,combined_all,/Users/tylerchen/Cosmos-Gesture-Recognition-/processed/session_andrew_periodic/sessions/andrew_two_arm_boxing_003_seg000,30.0,562891.1666666666,79603.6695670425,355416.0,703629.0,571274.0,576109.0,4835.0,9.7,1.9347695814575268,0.0,0.0,0.0,300.0,300.0,0.5651916666666666,0.522113742774042,-1.129,1.189,-0.09266499999999998,0.5604127570264287,-1.514,0.844,-0.54879,0.2777496370834712,-1.307,-0.103,13.02636666666667,107.67481221312728,-305.83,243.84,-12.127433333333334,62.41275368928123,-207.5,103.98,-6.419733333333331,126.36948751153851,-249.12,234.84,1.1199913727358537,0.19654081236014073,150.0,44.79,12.778215260156612,17.0,78.0,46.0,61.0,34.25,53.75,19.5,59.0,65.0,6.0,6.0,5.23489932885906,22.0,0.015624694430863471
two_arm_boxing,andrew,combined_all,/Users/tylerchen/Cosmos-Gesture-Recognition-/processed/session_andrew_periodic/sessions/andrew_two_arm_boxing_003_seg001,30.0,557503.35,89770.75869097075,396179.0,822624.0,530045.0,535986.0,5941.0,9.15,1.9712517173951511,0.0,0.0,0.0,300.0,300.0,0.6209749999999998,0.49468677990050763,-0.462,1.445,-0.14518666666666666,0.5534193634326705,-1.464,0.687,-0.46457166666666666,0.3192812668539902,-1.126,0.079,6.462999999999999,114.73897435919497,-231.64,268.56,-2.3784166666666664,49.29329154401292,-146.18,116.4,-5.857300000000005,124.46829312871878,-236.58,240.88,1.1119657864870516,0.19742484987685732,151.0,43.602649006622514,12.597263972889074,7.0,72.0,45.0,65.0,35.0,52.0,17.0,37.0,36.0,-1.0,1.0,5.166666666666667,31.0,0.08437957476472617
two_arm_boxing,andrew,combined_all,/Users/tylerchen/Cosmos-Gesture-Recognition-/processed/session_andrew_periodic/sessions/andrew_two_arm_boxing_003_seg002,30.0,558328.6833333333,94492.19830251273,371457.0,739736.0,615552.0,607649.0,-7903.0,8.5,2.140872096444188,0.0,0.0,0.0,300.0,300.0,0.6110183333333333,0.5481833031300348,-0.712,1.396,-0.10970666666666666,0.5778868002953136,-2.365,0.982,-0.47630666666666666,0.30941759154184423,-1.466,0.141,7.388966666666667,117.45083962775897,-447.13,265.54,0.7710999999999993,53.35575907488026,-159.12,101.08,-11.923033333333334,136.40567808489092,-245.86,328.96,1.1190935485816222,0.30012324194624673,148.0,41.83783783783784,11.093397659639729,11.0,69.0,41.5,58.0,35.0,51.0,16.0,42.0,37.0,-5.0,5.0,4.3061224489795915,36.0,-0.01328831913683301
soli,andrew,combined_all,/Users/tylerchen/Cosmos-Gesture-Recognition-/processed/session_andrew_periodic/sessions/andrew_soli_001_seg000,30.0,288238.4,18922.41052050892,259031.0,338312.0,259031.0,270380.0,11349.0,1.1,1.16476034731041,0.0,0.0,0.0,299.0,299.0,0.33636789297658864,0.047532725670262545,0.162,0.458,-0.9316120401337793,0.06522652113819788,-1.142,-0.622,0.18058695652173914,0.04383019603022871,0.087,0.302,0.48357859531772607,24.130868830290638,-69.49,93.84,0.2428595317725751,10.394618420881075,-22.13,32.17,-1.3022408026755852,14.564112884389429,-48.65,34.03,1.0091154193204355,0.06145744264727369,150.0,71.81666666666666,2.281687138252747,67.0,77.0,71.0,10.0,70.0,73.0,3.0,69.0,74.0,5.0,5.0,1.9530201342281879,8.0,-0.003048135472687656
soli,andrew,combined_all,/Users/tylerchen/Cosmos-Gesture-Recognition-/processed/session_andrew_periodic/sessions/andrew_soli_001_seg001,30.0,283376.5,13647.588821839556,257268.0,314759.0,275450.0,286909.0,11459.0,1.0,1.61245154965971,0.0,0.0,0.0,301.0,301.0,0.3609053156146179,0.04196639026582554,0.194,0.476,-0.921516611295681,0.06213165285018409,-1.124,-0.68,0.2023920265780731,0.056800186869535974,0.073,0.316,-0.912043189368771,27.678269617389383,-109.56,86.28,-2.0174418604651163,11.035300008601597,-35.31,43.0,-0.7751827242524918,12.88821848810675,-37.14,44.13,1.0127326293716243,0.06023659176473424,150.0,71.72666666666667,2.2928153517316794,66.0,77.0,72.0,11.0,70.0,73.375,3.375,70.0,70.0,0.0,0.0,2.161073825503356,10.0,-0.0013191697408775338
soli,andrew,combined_all,/Users/tylerchen/Cosmos-Gesture-Recognition-/processed/session_andrew_periodic/sessions/andrew_soli_001_seg002,30.0,281449.3333333333,16499.95556627014,248565.0,321375.0,271825.0,259536.0,-12289.0,0.8,1.2013880860626733,0.0,0.0,0.0,300.0,300.0,0.37250833333333333,0.04405919235024123,0.172,0.504,-0.9252366666666666,0.06724385217665295,-1.077,-0.623,0.13769333333333336,0.057567997089432325,-0.001,0.258,0.9742833333333328,26.117481453561513,-78.01,102.94,1.9948000000000001,9.784554578177453,-16.42,47.3,0.43401666666666644,12.467220578369592,-36.26,37.66,1.0095267102829018,0.06646536987069801,150.0,71.88333333333334,2.648550741270171,64.0,78.0,72.0,14.0,71.0,73.0,2.0,69.0,71.0,2.0,2.0,2.2550335570469797,11.0,0.007293657495888478
soli,andrew,combined_all,/Users/tylerchen/Cosmos-Gesture-Recognition-/processed/session_andrew_periodic/sessions/andrew_soli_002_seg000,30.0,275745.6,12205.79704512027,258431.0,307550.0,298029.0,268112.0,-29917.0,0.6,0.9521904571390466,0.0,0.0,0.0,300.0,300.0,0.33233,0.04515462106699273,0.212,0.45,-0.9278666666666667,0.05204878765443337,-1.08,-0.743,0.21208666666666667,0.05657006543838979,0.099,0.348,-1.173216666666666,21.427266945095653,-66.32,78.46,3.2024166666666662,8.770268785869044,-19.29,30.3,0.8859666666666663,8.577616563906748,-21.24,20.14,1.0110681188572521,0.04527672275076817,150.0,67.27,1.793566055273926,60.0,72.0,68.0,12.0,66.0,68.0,2.0,69.0,66.0,-3.0,3.0,1.2416107382550337,8.0,0.011172941019600462
soli,andrew,combined_all,/Users/tylerchen/Cosmos-Gesture-Recognition-/processed/session_andrew_periodic/sessions/andrew_soli_002_seg001,30.0,270151.6666666667,8535.409977786006,254868.0,284665.0,280870.0,259869.0,-21001.0,0.8333333333333334,1.1279282877125754,0.0,0.0,0.0,300.0,300.0,0.32752333333333333,0.0471453368732146,0.15,0.456,-0.9189216666666666,0.06434398928012997,-1.191,-0.674,0.26705166666666663,0.05459656427427971,0.064,0.463,0.3131333333333332,25.651452564761748,-79.26,87.59,0.16616666666666693,16.422798735463928,-67.23,46.51,-2.0025999999999997,13.993862841974693,-40.28,42.36,1.0147482882535743,0.051329173761456216,150.0,66.3,2.6766452006572226,58.0,71.0,67.0,13.0,65.0,68.0,3.0,66.0,67.0,1.0,1.0,2.046979865771812,8.0,0.02799768878616813
soli,andrew,combined_all,/Users/tylerchen/Cosmos-Gesture-Recognition-/processed/session_andrew_periodic/sessions/andrew_soli_002_seg002,30.0,273548.73333333334,9936.984106301514,252610.0,295844.0,264594.0,284203.0,19609.0,0.8333333333333334,0.9689627902499087,0.0,0.0,0.0,300.0,300.0,0.32377666666666666,0.04537260892587884,0.175,0.43,-0.8939050000000002,0.06148440635640877,-1.146,-0.737,0.34385999999999994,0.0690717423059907,0.183,0.615,-1.1881166666666672,21.900490851494375,-74.37,63.6,0.17016666666666727,19.043299109456385,-50.97,79.13,0.2394166666666672,15.635663867466226,-64.88,29.05,1.0148781532370046,0.05262531744275582,150.0,67.56,2.722587596658096,58.0,74.0,68.0,16.0,66.0,69.0,3.0,65.0,65.0,0.0,0.0,2.2416107382550337,9.0,-0.03308769278634638
soli,andrew,combined_all,/Users/tylerchen/Cosmos-Gesture-Recognition-/processed/session_andrew_periodic/sessions/andrew_soli_003_seg000,30.0,276643.68333333335,11538.718557161747,253265.0,303821.0,270876.0,273739.0,2863.0,0.6666666666666666,0.9775252199076786,0.0,0.0,0.0,300.0,300.0,0.259145,0.0377887083002317,0.128,0.348,-0.9159400000000001,0.05003994804153977,-1.087,-0.818,0.3327983333333333,0.05393899483572982,0.215,0.441,0.5127666666666668,18.96201546008542,-44.01,63.78,-0.19600000000000023,10.755122035569842,-20.94,38.67,-0.8858166666666663,10.333922210357604,-23.59,28.72,1.0105971607860722,0.04890523432581475,150.0,66.73333333333333,2.7359566175243697,59.0,73.0,67.0,14.0,65.0,69.0,4.0,69.0,63.0,-6.0,6.0,2.51006711409396,9.0,-0.00952220098671085
soli,andrew,combined_all,/Users/tylerchen/Cosmos-Gesture-Recognition-/processed/session_andrew_periodic/sessions/andrew_soli_003_seg001,30.0,274690.0833333333,9976.115090624651,259584.0,299869.0,284388.0,262649.0,-21739.0,0.36666666666666664,0.752034278178565,0.0,0.0,0.0,299.0,299.0,0.27401337792642144,0.04078571732137421,0.123,0.398,-0.9063311036789298,0.05786185675679415,-1.088,-0.72,0.34105852842809364,0.08038367913999687,0.08,0.514,0.3729096989966555,18.99761176600856,-54.87,52.03,1.154715719063545,12.023176427528568,-49.84,26.95,-1.2102006688963214,11.244092642704672,-28.38,34.94,1.0111177749280222,0.04420600517465417,150.0,66.82333333333334,2.662274767022187,59.0,73.0,67.0,14.0,65.0,69.0,4.0,69.0,68.0,-1.0,1.0,2.476510067114094,8.0,0.0200924485532691
soli,andrew,combined_all,/Users/tylerchen/Cosmos-Gesture-Recognition-/processed/session_andrew_periodic/sessions/andrew_soli_003_seg002,30.0,273237.7,8482.237818524072,258441.0,286666.0,269877.0,286666.0,16789.0,0.6666666666666666,0.9428090415820634,0.0,0.0,0.0,301.0,301.0,0.2702043189368771,0.03480512726974274,0.178,0.38,-0.8884318936877077,0.05935686812966291,-1.087,-0.671,0.3964916943521595,0.051575848316954345,0.276,0.547,1.1342358803986716,20.72264715298332,-84.17,67.75,-0.9141029900332227,10.814993538688997,-22.16,37.39,2.113039867109635,12.904650819343185,-37.48,25.88,1.0122842239773198,0.046932079418969805,150.0,65.67333333333333,2.406636982595324,58.0,72.0,66.0,14.0,64.0,67.0,3.0,65.0,66.0,1.0,1.0,2.5838926174496644,9.0,-0.004979776878972875
palm_up_down,andrew,combined_all,/Users/tylerchen/Cosmos-Gesture-Recognition-/processed/session_andrew_periodic/sessions/andrew_palm_up_down_001_seg000,30.0,397470.13333333336,63613.454188420095,290861.0,580751.0,499900.0,435071.0,-64829.0,5.7,1.8284784202536635,0.0,0.0,0.0,300.0,300.0,0.334985,0.5601609208745287,-0.62,1.259,-0.23372500000000002,0.34493424282752794,-0.995,0.392,-0.6192683333333334,0.3471565576180612,-1.321,0.115,3.8523666666666654,76.56257790025244,-120.82,275.34,9.949366666666664,213.18214658033372,-391.25,501.54,0.3856999999999986,87.69935986754217,-187.08,177.89,1.0348823829096967,0.1806422229430712,150.0,89.74,4.238177397302608,78.0,98.0,90.75,20.0,87.0,92.0,5.0,87.0,92.0,5.0,5.0,2.087248322147651,7.0,-0.022625005555802585
palm_up_down,andrew,combined_all,/Users/tylerchen/Cosmos-Gesture-Recognition-/processed/session_andrew_periodic/sessions/andrew_palm_up_down_001_seg001,30.0,399568.76666666666,77643.04777449313,294727.0,588039.0,366921.0,340650.0,-26271.0,5.966666666666667,1.8162843634433703,0.0,0.0,0.0,300.0,300.0,0.26219333333333333,0.5796171977741478,-0.523,1.081,-0.25003,0.3514731721862519,-1.044,0.354,-0.62248,0.3503763185490709,-1.243,0.164,3.3049666666666653,84.22470260558295,-143.5,366.8,-8.666433333333332,208.72956861837332,-424.73,456.34,10.050433333333334,89.18699802556549,-124.52,254.49,1.0333916518284627,0.18192427160197097,150.0,89.78666666666666,3.507110068002254,80.0,96.0,90.0,16.0,87.125,92.75,5.625,88.0,90.0,2.0,2.0,1.610738255033557,10.0,-0.005797591004045182
palm_up_down,andrew,combined_all,/Users/tylerchen/Cosmos-Gesture-Recognition-/processed/session_andrew_periodic/sessions/andrew_palm_up_down_001_seg002,30.0,397931.4,54531.83759105011,304287.0,504108.0,498821.0,357673.0,-141148.0,5.4,1.3564659966250536,0.0,0.0,0.0,300.0,300.0,0.38706666666666667,0.5257238028203135,-0.516,1.279,-0.1468033333333333,0.2927191566255197,-0.775,0.362,-0.63153,0.32828266900137554,-1.397,0.465,1.4814999999999994,63.451138934485115,-248.48,158.15,-13.852266666666667,185.88822605944918,-313.09,563.68,2.89125,76.30870201264182,-205.39,147.16,1.009013399604487,0.14809947911756013,150.0,90.58,3.35739192482986,80.0,97.0,91.0,17.0,89.0,93.0,4.0,86.0,82.0,-4.0,4.0,2.0268456375838926,10.0,-0.006080270234233013
palm_up_down,andrew,combined_all,/Users/tylerchen/Cosmos-Gesture-Recognition-/processed/session_andrew_periodic/sessions/andrew_palm_up_down_002_seg000,30.0,377295.68333333335,51165.713022100135,303388.0,509488.0,509488.0,323772.0,-185716.0,4.866666666666666,1.4772346537440226,0.0,0.0,0.0,300.0,300.0,0.2974333333333333,0.5266098798499279,-0.593,1.03,-0.19890666666666665,0.29992385359546775,-0.781,0.408,-0.6861816666666667,0.30713583563996444,-1.283,0.221,-10.416533333333334,67.06265481360613,-168.8,355.39,27.745433333333324,169.430639211091,-424.57,372.69,-10.067900000000002,65.08412601080235,-131.81,209.02,1.0190773763138394,0.1481949244149006,150.0,90.58333333333333,3.669855741485074,83.0,99.0,91.0,16.0,88.0,93.0,5.0,87.0,98.0,11.0,11.0,1.4966442953020134,7.0,0.037152762344992686
palm_up_down,andrew,combined_all,/Users/tylerchen/Cosmos-Gesture-Recognition-/processed/session_andrew_periodic/sessions/andrew_palm_up_down_002_seg001,30.0,410748.61666666664,78422.83525263154,302799.0,598872.0,369533.0,360458.0,-9075.0,5.966666666666667,2.1052843566184167,0.0,0.0,0.0,301.0,301.0,0.3136445182724253,0.5002822823215253,-0.491,0.956,-0.1733139534883721,0.29634089971154,-0.6,0.389,-0.7009933554817276,0.23571231971872614,-1.233,-0.222,6.31059800664452,56.4177898503878,-115.63,165.29,-19.262093023255808,149.4303110741334,-272.84,358.44,6.598504983388705,65.17035188545908,-140.29,131.9,1.0001907788410216,0.11437346362201362,150.0,90.82,3.8566076827688796,80.0,99.0,90.0,19.0,88.0,94.0,6.0,80.0,87.0,7.0,7.0,2.1677852348993287,14.0,-0.014953553491266655
palm_up_down,andrew,combined_all,/Users/tylerchen/Cosmos-Gesture-Recognition-/processed/session_andrew_periodic/sessions/andrew_palm_up_down_002_seg002,30.0,399447.11666666664,82040.49462061234,274090.0,603936.0,409953.0,379130.0,-30823.0,5.85,1.7848902860773637,0.0,0.0,0.0,300.0,300.0,0.08010666666666666,0.5751110692340703,-0.689,1.056,-0.24336999999999998,0.268144898204932,-0.709,0.222,-0.7446199999999998,0.24461289949632664,-1.241,-0.29,-4.482033333333332,57.55643685576985,-125.64,143.47,-0.02870000000000194,178.96642497028134,-369.03,410.57,2.124666666666667,60.4380687113309,-137.85,141.76,1.0283257275732285,0.1585593779765906,150.0,87.6,4.952458544761773,77.0,99.0,87.0,22.0,84.0,91.0,7.0,87.0,83.0,-4.0,4.0,2.2416107382550337,17.0,-0.013913507266989974
palm_up_down,andrew,combined_all,/Users/tylerchen/Cosmos-Gesture-Recognition-/processed/session_andrew_periodic/sessions/andrew_palm_up_down_003_seg000,30.0,385293.1,61086.190411651296,282683.0,526763.0,505021.0,389489.0,-115532.0,5.166666666666667,1.7143187827498385,0.0,0.0,0.0,301.0,301.0,0.3124152823920266,0.566123306625557,-0.607,1.179,-0.1983156146179402,0.36990131232520923,-0.997,0.381,-0.5970498338870431,0.28115975556223,-1.077,0.038,5.607242524916943,78.64300567479454,-155.46,267.07,-6.441627906976751,179.09050571025784,-464.55,346.84,-0.7969435215946833,76.2355352216081,-147.77,199.29,1.0048007366112548,0.14194986028801296,150.0,87.37,4.564022569337581,77.0,101.0,87.0,24.0,84.0,90.375,6.375,88.0,86.0,-2.0,2.0,1.7315436241610738,10.0,-0.03421574292190781
palm_up_down,andrew,combined_all,/Users/tylerchen/Cosmos-Gesture-Recognition-/processed/session_andrew_periodic/sessions/andrew_palm_up_down_003_seg001,30.0,399098.56666666665,67374.83966508237,302551.0,560706.0,529855.0,302551.0,-227304.0,5.966666666666667,1.9576062480034697,0.0,0.0,0.0,300.0,300.0,0.05780666666666669,0.5603356933918175,-0.811,1.111,-0.31374,0.24064821218872504,-0.776,0.235,-0.73868,0.179564484981487,-1.15,-0.198,-2.653599999999999,53.08678777599312,-163.55,121.1,-16.90983333333333,157.77144274225367,-317.39,290.75,6.309800000000002,63.8899655237555,-99.34,162.66,1.014251403815727,0.15115451086263854,150.0,85.15666666666667,2.757082263914616,77.0,93.0,85.0,16.0,84.0,87.0,3.0,87.0,83.0,-4.0,4.0,1.8657718120805369,7.0,-0.01904647613968057
palm_up_down,andrew,combined_all,/Users/tylerchen/Cosmos-Gesture-Recognition-/processed/session_andrew_periodic/sessions/andrew_palm_up_down_003_seg002,30.0,402495.73333333334,55889.856250148136,307468.0,492850.0,461787.0,479926.0,18139.0,5.633333333333334,1.834545054108935,0.0,0.0,0.0,300.0,300.0,0.20549999999999996,0.5382693718452376,-0.606,1.239,-0.22104333333333334,0.2748945292222024,-0.719,0.238,-0.728525,0.2262823269825322,-1.128,-0.133,-11.911450000000002,56.39276804385027,-185.98,207.1,24.3119,162.38766266578463,-310.62,404.34,-7.1539333333333355,67.9406932542068,-135.75,162.57,1.0116368173837107,0.12220736850722289,150.0,85.70666666666666,5.3266414953220576,64.0,99.0,85.0,35.0,83.0,88.375,5.375,82.0,84.0,2.0,2.0,2.5906040268456376,19.0,-0.0386132717009644
pull,brandon,combined_all,/Users/tylerchen/Cosmos-Gesture-Recognition-/processed/session_brandon_discrete/sessions/brandon_pull_001,30.0,359926.4666666667,72096.6997190733,272111.0,485293.0,274326.0,375628.0,101302.0,4.6,2.1385353243127256,0.0,0.0,0.0,300.0,300.0,0.7803583333333333,0.21373097364963795,0.44,1.088,-0.19736833333333337,0.08932432908083184,-0.48,0.02,-0.46633333333333327,0.29785551524684406,-0.975,-0.115,5.054583333333333,13.837273825061143,-21.49,47.12,15.87275,16.189810268216032,-7.69,59.39,-4.241933333333333,17.239256700784857,-47.06,39.58,1.0030878058906711,0.03965717693808594,151.0,63.37748344370861,3.332650040341879,54.0,71.0,63.0,17.0,61.0,66.0,5.0,63.0,54.0,-9.0,9.0,1.9666666666666666,10.0,-0.054801324503311544
pull,brandon,combined_all,/Users/tylerchen/Cosmos-Gesture-Recognition-/processed/session_brandon_discrete/sessions/brandon_pull_002,30.0,369778.9,106506.03240109612,261708.0,670351.0,326133.0,292730.0,-33403.0,5.033333333333333,2.926697038566779,0.0,0.0,0.0,301.0,301.0,0.8288189368770765,0.19445809259139885,0.367,1.11,-0.16680564784053156,0.09482506658814979,-0.518,0.112,-0.40185880398671087,0.29302645986383896,-0.91,-0.001,7.377126245847177,19.304423465111523,-51.7,93.66,15.022524916943524,16.247483943324326,-11.72,56.89,-3.9571096345514953,12.31001345168523,-31.77,29.54,1.00342998434735,0.04532072748665204,151.0,65.44039735099338,7.310022150517712,49.0,79.0,66.0,30.0,59.0,72.0,13.0,72.0,58.0,-14.0,14.0,2.0933333333333333,9.0,-0.15770651795050583
pull,brandon,combined_all,/Users/tylerchen/Cosmos-Gesture-Recognition-/processed/session_brandon_discrete/sessions/brandon_pull_003,30.0,356030.73333333334,89651.48474469839,249787.0,563239.0,310556.0,268649.0,-41907.0,4.366666666666666,2.7139557025779832,0.0,0.0,0.0,303.0,303.0,0.8538498349834983,0.14168439125180732,0.53,1.064,-0.13840924092409243,0.06354518959810648,-0.306,0.062,-0.43734158415841584,0.21300182753860158,-0.951,-0.131,5.569471947194718,12.835348200089076,-26.61,40.71,10.560363036303631,14.815295376600744,-22.16,51.27,-2.6152805280528053,9.007041314334897,-27.92,22.89,1.0037785936287662,0.03735092049224845,151.0,65.80132450331126,5.262154017193174,56.0,77.0,64.0,21.0,62.0,71.0,9.0,77.0,61.0,-16.0,16.0,2.1466666666666665,11.0,-0.09954862321366394
pull,brandon,combined_all,/Users/tylerchen/Cosmos-Gesture-Recognition-/processed/session_brandon_discrete/sessions/brandon_pull_004,30.0,358999.43333333335,88752.66122570948,263182.0,555640.0,283183.0,276076.0,-7107.0,4.366666666666666,1.7026123718829513,0.0,0.0,0.0,301.0,301.0,0.8547707641196013,0.1608858151963175,0.482,1.106,-0.08742524916943521,0.08555093231687631,-0.338,0.158,-0.3949501661129568,0.29032982623243686,-0.897,0.021,2.742724252491694,19.07437565248039,-42.33,62.87,11.692923588039868,19.638454008348393,-15.81,59.79,-5.2957142857142845,12.573847268080886,-39.95,20.72,1.005073637260831,0.03979279248441639,151.0,69.02317880794702,6.557016025689422,60.0,82.0,68.0,22.0,63.0,76.0,13.0,78.0,63.0,-15.0,15.0,1.7133333333333334,7.0,-0.1311972812826771
pull,brandon,combined_all,/Users/tylerchen/Cosmos-Gesture-Recognition-/processed/session_brandon_discrete/sessions/brandon_pull_005,31.0,385693.6451612903,102800.02963993183,255129.0,644417.0,321497.0,357594.0,36097.0,4.645161290322581,2.8118228170762456,0.0,0.0,0.0,300.0,300.0,0.763865,0.20995527128811667,0.124,1.237,-0.08777499999999999,0.15950756578189845,-0.693,0.399,-0.5004833333333333,0.39820023078383104,-1.47,0.894,0.29736666666666756,45.58997914818807,-221.84,132.63,-0.9768333333333324,52.77215463643892,-204.32,48.8,4.072300000000002,22.704935815295023,-25.97,83.25,1.0288260577341317,0.10621676892713026,150.0,72.96333333333334,6.395283671882575,55.0,83.0,76.0,28.0,69.0,77.0,8.0,80.0,70.0,-10.0,10.0,1.919463087248322,10.0,-0.12582514778434614
pull,brandon,combined_all,/Users/tylerchen/Cosmos-Gesture-Recognition-/processed/session_brandon_discrete/sessions/brandon_pull_006,30.0,316739.18333333335,72553.84373604697,249412.0,480774.0,261665.0,304643.0,42978.0,3.2666666666666666,2.489087293679263,0.0,0.0,0.0,302.0,302.0,0.8821142384105961,0.16361040694541354,0.432,1.176,-0.10172350993377484,0.11589664359657655,-0.544,0.259,-0.3412798013245033,0.2567499079927102,-0.88,0.064,0.6437086092715227,32.172372587904654,-82.52,127.87,12.054453642384107,17.869071251751414,-14.83,65.03,-3.136920529801325,17.795528703620093,-63.33,31.13,1.0045558475933445,0.04397233732840923,151.0,67.56291390728477,2.820936390492579,61.0,73.0,68.0,12.0,65.0,70.0,5.0,71.0,68.0,-3.0,3.0,1.9,7.0,-0.022675148135238802
pull,brandon,combined_all,/Users/tylerchen/Cosmos-Gesture-Recognition-/processed/session_brandon_discrete/sessions/brandon_pull_007,30.0,350097.4666666667,59724.08140593057,272699.0,470203.0,311944.0,289880.0,-22064.0,4.4,1.7625738755203049,0.0,0.0,0.0,303.0,303.0,0.8588217821782177,0.18266833979598252,0.43,1.115,-0.06847689768976897,0.10687401729089172,-0.376,0.328,-0.37976897689768974,0.2913604213109724,-1.001,0.095,3.370214521452145,27.28010564006046,-65.13,112.98,11.577458745874587,21.166161872042665,-19.41,65.1,-4.742640264026402,16.72550402164852,-60.58,39.25,1.006671890271303,0.05273322723603009,151.0,67.62251655629139,6.609076306468557,57.0,84.0,65.0,27.0,63.0,72.5,9.5,78.0,62.0,-16.0,16.0,1.9466666666666668,8.0,-0.13011502265597763
pull,brandon,combined_all,/Users/tylerchen/Cosmos-Gesture-Recognition-/processed/session_brandon_discrete/sessions/brandon_pull_008,30.0,335690.61666666664,70547.84994357651,261150.0,500204.0,270756.0,281975.0,11219.0,3.3666666666666667,2.626573602412255,0.0,0.0,0.0,302.0,302.0,0.8704023178807946,0.19378865876554954,0.307,1.093,-0.054837748344370864,0.10936880237379576,-0.439,0.248,-0.3629387417218543,0.28184224908027655,-1.196,0.02,5.592052980132451,24.715664920734262,-63.6,105.26,13.766887417218545,28.99704891779451,-13.0,154.15,-3.294304635761589,19.938817012406147,-80.94,29.73,1.0088067481326406,0.05992896917090872,151.0,64.58940397350993,5.8332626927290105,53.0,78.0,63.0,25.0,60.0,68.0,8.0,77.0,60.0,-17.0,17.0,2.02,9.0,-0.11198849773440266
push,brandon,combined_all,/Users/tylerchen/Cosmos-Gesture-Recognition-/processed/session_brandon_discrete/sessions/brandon_push_001,30.0,325404.4666666667,78274.67032262452,252244.0,525708.0,291524.0,264804.0,-26720.0,3.1666666666666665,2.4369835635245654,0.0,0.0,0.0,303.0,303.0,0.7239273927392739,0.18951538095892959,0.3,1.158,-0.06531683168316833,0.10059483291781814,-0.307,0.421,-0.5947640264026403,0.2928517095253277,-1.105,0.049,-8.54168316831683,27.907249779156874,-154.97,51.76,-14.58673267326733,28.8694476475805,-120.64,16.85,2.3561386138613862,19.427276016120448,-61.62,78.68,1.0057127038448594,0.04920250693645288,152.0,68.52960526315789,9.306451787672009,50.0,81.0,72.0,31.0,62.75,75.0,12.25,53.0,74.0,21.0,21.0,2.0728476821192054,9.0,0.1507622044983906
push,brandon,combined_all,/Users/tylerchen/Cosmos-Gesture-Recognition-/processed/session_brandon_discrete/sessions/brandon_push_002,31.0,341695.29032258067,105745.14484673823,250175.0,696115.0,347872.0,266924.0,-80948.0,3.774193548387097,2.9914898372566783,0.0,0.0,0.0,302.0,302.0,0.741841059602649,0.1718980152430476,0.366,1.228,-0.09435761589403974,0.10090418377679464,-0.379,0.117,-0.5633327814569536,0.32535466030929805,-1.144,0.305,-5.111192052980134,27.20164711674236,-119.48,51.42,-13.439768211920532,32.93863442867273,-138.77,40.65,1.8905629139072848,10.668841121470546,-17.94,39.25,1.008766714400796,0.0674632707758682,150.0,70.81333333333333,9.399155086022157,50.0,84.0,75.0,34.0,67.5,77.0,9.5,54.0,73.0,19.0,19.0,2.422818791946309,10.0,0.15474821103160152
push,brandon,combined_all,/Users/tylerchen/Cosmos-Gesture-Recognition-/processed/session_brandon_discrete/sessions/brandon_push_003,30.0,351028.61666666664,51384.71433245548,267875.0,441225.0,360529.0,340961.0,-19568.0,5.0,1.9493588689617927,0.0,0.0,0.0,301.0,301.0,0.7499102990033222,0.1630778973116987,0.496,1.159,-0.14543521594684383,0.12574704327628325,-0.607,0.119,-0.5235365448504983,0.3467530146221136,-0.914,0.218,-5.052475083056478,20.50509368539245,-107.58,38.94,-17.214684385382064,29.162042621938816,-121.52,14.31,1.5708305647840521,21.63123892237351,-45.08,101.08,1.0079087445710642,0.06611889014338165,151.0,70.30794701986756,7.280535906820852,53.0,83.0,72.0,30.0,68.0,75.0,7.0,59.0,74.0,15.0,15.0,2.38,10.0,0.09915475775531496
push,brandon,combined_all,/Users/tylerchen/Cosmos-Gesture-Recognition-/processed/session_brandon_discrete/sessions/brandon_push_004,30.0,386060.63333333336,78212.33007971883,283098.0,636447.0,361499.0,283098.0,-78401.0,6.416666666666667,2.1216476825545016,0.0,0.0,0.0,302.0,302.0,0.6823774834437086,0.12975224693900264,0.367,1.072,-0.03593211920529802,0.1788411964741037,-0.499,0.595,-0.5750844370860927,0.4408108885532897,-1.046,0.85,-5.224735099337748,26.017676834737717,-100.59,46.27,-23.430562913907284,41.8296272899909,-149.14,12.3,7.370562913907285,23.04689964958329,-24.48,84.87,1.017035005359765,0.08016304237111527,151.0,74.74172185430463,5.296179221739561,59.0,84.0,75.0,25.0,72.0,78.0,6.0,63.0,72.0,9.0,9.0,2.7266666666666666,9.0,0.029417915650051946
push,brandon,combined_all,/Users/tylerchen/Cosmos-Gesture-Recognition-/processed/session_brandon_discrete/sessions/brandon_push_005,30.0,368799.5333333333,81329.47785796298,261128.0,549062.0,432537.0,285725.0,-146812.0,4.9,2.4946609656090213,0.0,0.0,0.0,302.0,302.0,0.6192715231788078,0.24188953993001605,-0.448,1.104,-0.07191225165562914,0.2822139466275347,-0.883,0.798,-0.5137350993377483,0.5826178725861215,-2.074,0.855,1.5311258278145703,56.82702362984139,-198.1,228.92,-0.6944370860927163,86.87892546668635,-362.9,130.22,-0.381423841059604,47.59876393463518,-99.12,149.91,1.0445703331305596,0.19764617236082124,151.0,68.5364238410596,5.057041077464286,54.0,76.0,69.0,22.0,65.0,73.0,8.0,75.0,68.0,-7.0,7.0,2.58,9.0,0.04702161031718343
push,brandon,combined_all,/Users/tylerchen/Cosmos-Gesture-Recognition-/processed/session_brandon_discrete/sessions/brandon_push_006,30.0,361455.4,87866.23999527161,266087.0,682831.0,328007.0,316869.0,-11138.0,4.9,2.103172207246314,0.0,0.0,0.0,302.0,302.0,0.6389950331125828,0.18495849939515846,0.303,1.242,-0.11275165562913908,0.07540847648025692,-0.352,0.09,-0.6814503311258278,0.2891864045879271,-1.212,0.173,-7.858344370860927,21.3542391215024,-74.25,40.47,-20.297731788079474,31.766071193082038,-148.2,16.39,4.736125827814569,16.585440012892438,-31.01,65.68,1.002386959933709,0.06440020153768593,152.0,71.71052631578948,7.75483748101266,49.0,82.0,75.0,33.0,71.0,77.0,6.0,51.0,73.0,22.0,22.0,2.2649006622516556,10.0,0.11676542349250602
push,brandon,combined_all,/Users/tylerchen/Cosmos-Gesture-Recognition-/processed/session_brandon_discrete/sessions/brandon_push_007,30.0,372504.8,60914.99843847983,266933.0,508324.0,300107.0,394015.0,93908.0,6.316666666666666,1.6856419812311536,0.0,0.0,0.0,300.0,300.0,0.7176933333333333,0.19305487809313587,0.222,1.3,-0.12302833333333332,0.19396013773596768,-0.682,0.371,-0.5113733333333333,0.4141149230722205,-1.141,0.357,-5.00845,29.4391707086692,-146.86,80.32,-16.716733333333334,35.19928712340003,-154.12,30.79,10.268433333333332,29.856530461730184,-79.5,134.07,1.0143133054465405,0.09629530855482228,150.0,72.91333333333333,9.91181700452022,56.0,92.0,72.0,36.0,64.0,81.0,17.0,63.0,69.0,6.0,6.0,2.791946308724832,10.0,0.18706075825592228
push,brandon,combined_all,/Users/tylerchen/Cosmos-Gesture-Recognition-/processed/session_brandon_discrete/sessions/brandon_push_008,30.0,381908.9666666667,79894.75938903766,274681.0,637011.0,309855.0,360581.0,50726.0,6.3,1.74981480501562,0.0,0.0,0.0,301.0,301.0,0.7880913621262458,0.1703174837488299,0.269,1.174,-0.055393687707641207,0.1856642334906203,-0.82,0.379,-0.3935913621262458,0.4355519358149239,-1.282,0.457,-2.2277906976744197,18.25866294695966,-57.04,67.11,-18.42598006644518,36.990896062157375,-193.0,30.55,8.70750830564784,23.281491246379527,-55.18,90.64,1.011940976791286,0.09072385125899901,150.0,74.38,6.671003063947328,61.0,84.0,77.0,23.0,67.0,80.0,13.0,67.0,83.0,16.0,16.0,2.2818791946308723,8.0,0.12974087737232753
clockwise,brandon,combined_all,/Users/tylerchen/Cosmos-Gesture-Recognition-/processed/session_brandon_discrete/sessions/brandon_clockwise_001,30.0,415756.86666666664,91077.55303429904,292778.0,670819.0,310593.0,333942.0,23349.0,5.266666666666667,1.856220772310114,0.0,0.0,0.0,301.0,301.0,0.37175747508305645,0.4992332754265735,-0.602,1.051,-0.13933887043189366,0.35088412032710664,-0.97,0.451,-0.6658654485049834,0.3817559177447083,-1.462,0.029,-43.94302325581395,37.37953302320244,-148.35,16.66,-6.852923588039865,70.08434395212771,-139.44,125.49,0.15305647840531464,96.57461812371301,-259.1,131.9,1.033739510643739,0.22465411339240554,151.0,77.44701986754967,18.948188331859136,31.0,104.0,87.0,73.0,60.0,92.0,32.0,86.0,91.0,5.0,5.0,4.793333333333333,42.0,-0.07469850121993747
clockwise,brandon,combined_all,/Users/tylerchen/Cosmos-Gesture-Recognition-/processed/session_brandon_discrete/sessions/brandon_clockwise_002,30.0,406241.2,58317.04450295813,278952.0,528579.0,278952.0,392441.0,113489.0,5.15,2.2918333272731677,0.0,0.0,0.0,300.0,300.0,0.3781133333333333,0.5447478396673292,-0.836,1.062,-0.2524466666666667,0.3686653783983921,-1.033,0.403,-0.592775,0.4371657963995659,-1.736,0.254,-46.077333333333335,37.78744799827348,-137.0,51.18,-2.6697333333333306,78.94331602229258,-152.23,151.28,-4.910266666666665,106.07681025525272,-278.24,150.94,1.0582539163212328,0.24891397141351293,149.0,74.6006711409396,19.60496523099923,26.0,95.0,85.0,69.0,62.0,88.0,26.0,88.0,88.0,0.0,0.0,3.675675675675676,21.0,-0.06426809359695304
clockwise,brandon,combined_all,/Users/tylerchen/Cosmos-Gesture-Recognition-/processed/session_brandon_discrete/sessions/brandon_clockwise_003,30.0,384931.86666666664,71281.4881773818,258444.0,498748.0,264660.0,326490.0,61830.0,4.0,2.840187787218772,0.0,0.0,0.0,301.0,301.0,0.27662790697674416,0.653019616673301,-1.037,1.094,-0.14553156146179405,0.30178436123076474,-0.895,0.329,-0.61843853820598,0.40413398402711675,-1.488,0.192,-45.89599667774086,33.927815762222856,-145.18,8.97,3.9547176079734245,89.87754961014222,-145.51,166.57,-2.2023255813953506,86.23076634834905,-183.42,164.56,1.0479151153852326,0.2507494133085494,151.0,75.71523178807946,15.471103164046927,39.0,97.0,82.0,58.0,66.0,87.0,21.0,83.0,88.0,5.0,5.0,2.94,17.0,-0.013654583478564084
clockwise,brandon,combined_all,/Users/tylerchen/Cosmos-Gesture-Recognition-/processed/session_brandon_discrete/sessions/brandon_clockwise_004,30.0,412441.0333333333,68053.53676064324,317254.0,559504.0,395875.0,339790.0,-56085.0,4.966666666666667,2.1982316125063397,0.0,0.0,0.0,302.0,302.0,0.303546357615894,0.497625357267234,-0.607,0.997,-0.05256456953642385,0.30249885636284063,-0.817,0.479,-0.7425496688741722,0.3463954060525738,-1.453,-0.118,-41.73841059602649,28.882428423627754,-110.78,20.69,-3.3155298013245003,57.73914328915583,-105.11,105.59,-2.703940397350991,92.58710426151619,-171.27,126.87,1.0298375172178695,0.21176509556250958,150.0,78.85,20.264486721184916,33.0,122.0,87.0,89.0,62.75,92.0,29.25,81.0,84.0,3.0,3.0,4.181208053691275,21.0,-0.06386091233684474
clockwise,brandon,combined_all,/Users/tylerchen/Cosmos-Gesture-Recognition-/processed/session_brandon_discrete/sessions/brandon_clockwise_005,30.0,454288.76666666666,68859.55098056882,312678.0,578520.0,472546.0,489603.0,17057.0,6.733333333333333,2.3228335186912465,0.0,0.0,0.0,301.0,301.0,0.12598837209302324,0.5989851944362468,-0.91,1.071,-0.137375415282392,0.31811677256987886,-0.881,0.591,-0.7133671096345515,0.3280636855227281,-1.248,0.105,-49.497043189368775,35.18547949090333,-153.2,30.49,1.7572425249169474,83.38306062209892,-166.94,152.62,0.4753488372093036,91.05912584850348,-194.16,148.23,1.0335001284280394,0.2076596209596361,150.0,77.96666666666667,19.422027133045322,40.0,106.0,85.0,66.0,60.0,93.0,33.0,99.0,96.0,-3.0,3.0,4.489932885906041,27.0,-0.19564188037986893
clockwise,brandon,combined_all,/Users/tylerchen/Cosmos-Gesture-Recognition-/processed/session_brandon_discrete/sessions/brandon_clockwise_006,30.0,405140.06666666665,54947.80508563457,306011.0,510446.0,394992.0,306011.0,-88981.0,5.2,2.3007245235649862,0.0,0.0,0.0,300.0,300.0,0.15154166666666666,0.6145974650917642,-0.949,1.016,-0.34071666666666667,0.27905892929365034,-1.228,0.168,-0.62152,0.34125088952265015,-1.259,0.226,-44.837700000000005,36.254614718359186,-163.34,44.71,2.2715000000000023,91.39982452618094,-203.68,158.57,-5.6163333333333325,78.32503471999799,-188.57,150.36,1.0281779635176125,0.2006140800967656,150.0,69.69,21.74074438566796,22.0,100.0,77.5,78.0,55.0,87.0,32.0,91.0,83.0,-8.0,8.0,3.436241610738255,25.0,-0.1138103915729595
clockwise,brandon,combined_all,/Users/tylerchen/Cosmos-Gesture-Recognition-/processed/session_brandon_discrete/sessions/brandon_clockwise_007,31.0,374405.1451612903,55633.86004554814,277908.0,458104.0,336552.0,458104.0,121552.0,3.6774193548387095,2.190700238238664,0.0,0.0,0.0,301.0,301.0,0.21193189368770765,0.623651280588868,-0.977,1.075,-0.2778671096345515,0.3468152144462235,-1.003,0.25,-0.6068604651162791,0.3883051954196476,-1.624,0.116,-51.14156146179402,38.18531747045338,-130.68,51.27,-8.423820598006644,80.13615813239556,-138.4,195.38,-9.95425249169436,75.84521195129096,-160.04,124.58,1.0570539840668216,0.18178117231916366,151.0,72.62251655629139,19.44281931608833,28.0,124.0,77.0,96.0,56.0,85.5,29.5,78.0,68.0,-10.0,10.0,4.426666666666667,38.0,-0.289508539560823
clockwise,brandon,combined_all,/Users/tylerchen/Cosmos-Gesture-Recognition-/processed/session_brandon_discrete/sessions/brandon_clockwise_008,30.0,368303.3333333333,48419.66313412582,302899.0,491313.0,302899.0,422786.0,119887.0,4.4,2.184795947756525,0.0,0.0,0.0,302.0,302.0,0.18971523178807945,0.6375924373068519,-1.02,1.011,-0.17583112582781457,0.3138249838494961,-1.03,0.246,-0.6575811258278145,0.3198417409900203,-1.298,-0.007,-53.27149006622516,36.68114710689561,-163.98,-0.89,3.909486754966875,87.38616057904427,-188.36,160.34,-6.513741721854303,85.48602698400161,-171.42,168.58,1.0281279747686043,0.22267293145782555,151.0,74.27152317880795,19.180783360726586,33.0,107.0,82.0,74.0,58.0,87.0,29.0,86.0,85.0,-1.0,1.0,3.1,13.0,-0.22632798884628866
anti_clockwise,brandon,combined_all,/Users/tylerchen/Cosmos-Gesture-Recognition-/processed/session_brandon_discrete/sessions/brandon_anti_clockwise_001,30.0,408544.11666666664,47320.7282935085,332227.0,529622.0,345064.0,406912.0,61848.0,6.3,1.7540429489230491,0.0,0.0,0.0,301.0,301.0,0.3760863787375416,0.4741334244351696,-0.558,0.959,-0.15519601328903657,0.40329728791869884,-1.462,0.57,-0.6927192691029901,0.38703681149123226,-1.604,-0.043,36.901162790697676,46.08263612038773,-102.27,132.91,12.163156146179404,92.13121973309146,-141.12,255.5,-9.428637873754152,84.90571743388008,-148.9,207.98,1.0394634599604726,0.31961096361797514,151.0,73.68211920529801,14.991718096303329,25.0,91.0,81.0,66.0,63.0,84.0,21.0,84.0,85.0,1.0,1.0,4.3,54.0,0.02199372603694652
anti_clockwise,brandon,combined_all,/Users/tylerchen/Cosmos-Gesture-Recognition-/processed/session_brandon_discrete/sessions/brandon_anti_clockwise_002,30.0,400540.05,84375.64620990567,248924.0,631354.0,255337.0,344685.0,89348.0,4.933333333333334,2.7438820836342237,0.0,0.0,0.0,300.0,300.0,0.4692266666666667,0.41749195835236025,-0.425,1.082,-0.22538333333333332,0.40392859483109417,-1.248,0.534,-0.6073483333333333,0.3634261311883827,-1.464,0.052,30.65896666666666,40.13166838377836,-34.94,145.91,5.20223333333333,85.57242306965617,-172.09,197.18,-1.2633666666666659,73.9570578263645,-113.77,197.27,1.0287218232384985,0.22607768110288828,150.0,62.24666666666667,20.74572379861478,9.0,86.0,72.0,77.0,44.0,80.0,36.0,77.0,80.0,3.0,3.0,2.6912751677852347,13.0,0.11889239521756514
anti_clockwise,brandon,combined_all,/Users/tylerchen/Cosmos-Gesture-Recognition-/processed/session_brandon_discrete/sessions/brandon_anti_clockwise_003,30.0,394671.9166666667,46064.541435556,280889.0,471380.0,280889.0,354375.0,73486.0,4.833333333333333,1.654958878307521,0.0,0.0,0.0,300.0,300.0,0.36152,0.4696498656091223,-0.576,1.036,-0.1879316666666667,0.31463846898287706,-0.848,0.462,-0.6950199999999999,0.3543943006606352,-1.34,-0.066,33.88628333333334,42.29443330908205,-67.75,176.49,6.87373333333333,82.44677958171293,-140.14,175.39,0.3318333333333339,78.7700412232059,-131.11,196.94,1.0236665308754744,0.21526341647567296,150.0,66.14666666666666,17.458536369639422,30.0,90.0,76.0,60.0,49.0,79.0,30.0,78.0,71.0,-7.0,7.0,3.1879194630872485,11.0,0.1396950975598914
anti_clockwise,brandon,combined_all,/Users/tylerchen/Cosmos-Gesture-Recognition-/processed/session_brandon_discrete/sessions/brandon_anti_clockwise_004,30.0,435284.43333333335,84550.51668901196,298086.0,606943.0,298086.0,327731.0,29645.0,6.366666666666666,2.0893911925619757,0.0,0.0,0.0,302.0,302.0,0.2695099337748344,0.5759854598002628,-0.986,0.968,-0.3703311258278146,0.4512697570931875,-1.317,0.283,-0.5294105960264901,0.264078383570449,-1.24,-0.04,45.31773178807947,69.43557864924303,-46.91,271.95,9.853708609271521,75.91273619564635,-130.68,195.87,-11.254072847682117,97.76138365804985,-163.3,274.45,1.0262869629635571,0.20477410049569209,151.0,57.02980132450331,17.523149620628466,20.0,81.0,65.0,61.0,41.0,71.0,30.0,70.0,68.0,-2.0,2.0,2.506666666666667,11.0,0.22131578947368405
anti_clockwise,brandon,combined_all,/Users/tylerchen/Cosmos-Gesture-Recognition-/processed/session_brandon_discrete/sessions/brandon_anti_clockwise_005,30.0,447407.61666666664,104362.56213170852,301438.0,711934.0,478871.0,382560.0,-96311.0,5.5,2.29128784747792,0.0,0.0,0.0,303.0,303.0,0.25937788778877885,0.6570467250609531,-1.025,1.023,-0.34959075907590753,0.42488892454197213,-1.31,0.337,-0.5567326732673267,0.28297320160546485,-1.297,-0.047,54.53630363036304,65.32457639147988,-43.18,271.43,14.030462046204619,82.62107456032442,-184.48,207.46,-5.738184818481847,103.58319368602643,-223.98,266.73,1.0682818852546498,0.22478990316248057,151.0,63.32781456953642,14.69785090385846,28.0,82.0,70.0,54.0,52.0,75.0,23.0,41.0,72.0,31.0,31.0,2.953333333333333,20.0,0.26671488323457626
anti_clockwise,brandon,combined_all,/Users/tylerchen/Cosmos-Gesture-Recognition-/processed/session_brandon_discrete/sessions/brandon_anti_clockwise_006,30.0,445334.0333333333,104905.6145089427,319250.0,695179.0,412795.0,319432.0,-93363.0,5.633333333333334,1.923249564900221,0.0,0.0,0.0,303.0,303.0,0.2599818481848184,0.639947388901307,-0.982,1.054,-0.27524587458745875,0.32794635484770746,-1.117,0.17,-0.5807854785478548,0.3682930882667159,-1.702,0.117,50.77719471947194,56.47903225277155,-24.17,228.8,0.18958745874587363,100.42148993699728,-272.74,154.36,-5.3918811881188144,89.8102960724412,-142.86,230.6,1.0314033978724648,0.2638009228504286,151.0,58.841059602649004,15.1053502631836,1.0,79.0,63.0,78.0,48.5,71.0,22.5,75.0,57.0,-18.0,18.0,3.6933333333333334,39.0,0.05188335076100837
anti_clockwise,brandon,combined_all,/Users/tylerchen/Cosmos-Gesture-Recognition-/processed/session_brandon_discrete/sessions/brandon_anti_clockwise_007,30.0,403743.6666666667,76630.45890172452,267862.0,565905.0,281781.0,267862.0,-13919.0,4.583333333333333,2.4969425748747653,0.0,0.0,0.0,301.0,301.0,0.2652425249169435,0.5980133356973591,-0.913,0.957,-0.355858803986711,0.39030687410972803,-1.381,0.178,-0.5638471760797342,0.26793973990358394,-1.289,-0.189,47.29235880398671,69.05449224678262,-25.79,306.13,4.289999999999998,92.54142548375178,-167.12,202.49,-10.497441860465118,86.07142021508245,-140.42,209.08,1.0243357938366549,0.2177154443443974,151.0,54.75165562913907,16.176925353950445,17.0,81.0,61.0,64.0,41.0,69.0,28.0,66.0,62.0,-4.0,4.0,3.76,40.0,0.20816835134193062
anti_clockwise,brandon,combined_all,/Users/tylerchen/Cosmos-Gesture-Recognition-/processed/session_brandon_discrete/sessions/brandon_anti_clockwise_008,30.0,442007.35,99243.61949693544,296843.0,783165.0,296843.0,391575.0,94732.0,6.1,2.3678400846904055,0.0,0.0,0.0,301.0,301.0,0.22877574750830568,0.5729397706660421,-0.821,1.166,-0.32751661129568105,0.3051853198603827,-0.982,0.191,-0.6351893687707642,0.33827103979705725,-1.41,0.131,50.457508305647835,44.57255145222107,-22.43,195.93,2.8242192691029904,85.4649342625972,-182.84,128.91,-3.628305647840533,86.52743757104389,-119.42,215.19,1.026801026597351,0.2111303292640386,151.0,59.5728476821192,17.236240633327732,17.0,90.0,66.0,73.0,49.5,72.0,22.5,70.0,75.0,5.0,5.0,5.113333333333333,45.0,0.13920704078075974
right,brandon,combined_all,/Users/tylerchen/Cosmos-Gesture-Recognition-/processed/session_brandon_discrete/sessions/brandon_right_001,31.0,425480.37096774194,85234.67011480789,301906.0,654133.0,353552.0,352648.0,-904.0,5.919354838709677,2.851419494243877,0.0,0.0,0.0,301.0,301.0,0.7126794019933556,0.12460165514987179,0.495,0.933,-0.30867441860465117,0.14167956339864893,-0.719,-0.069,-0.5887142857142856,0.1922611012809394,-0.921,-0.267,-26.624833887043188,27.589743724369626,-87.13,27.83,16.77116279069767,23.467407913872602,-36.71,69.22,29.76152823920266,29.07994908627761,-11.87,93.08,1.0095814658003655,0.05553920290814587,151.0,67.75165562913908,15.535537129667734,42.0,90.0,70.0,48.0,51.0,83.0,32.0,45.0,85.0,40.0,40.0,2.6,12.0,0.3374956430812129
right,brandon,combined_all,/Users/tylerchen/Cosmos-Gesture-Recognition-/processed/session_brandon_discrete/sessions/brandon_right_002,30.0,409279.0,102232.58312462487,275105.0,633090.0,313602.0,307818.0,-5784.0,5.9,2.103172207246314,0.0,0.0,0.0,301.0,301.0,0.7875199335548172,0.15140969788167521,0.404,1.056,-0.30028073089700996,0.13443836078773436,-0.827,-0.062,-0.4715016611295682,0.2483470354106138,-1.066,-0.102,-28.072674418604652,39.255538785514396,-130.5,46.14,20.628372093023255,31.292214107636863,-16.6,148.96,21.292790697674416,29.03513969421371,-45.23,95.71,1.0156076936922867,0.06233627769089801,150.0,57.54666666666667,16.55156135973855,29.0,82.0,62.5,53.0,40.25,72.0,31.75,38.0,80.0,42.0,42.0,2.8187919463087248,13.0,0.3612142761900526
right,brandon,combined_all,/Users/tylerchen/Cosmos-Gesture-Recognition-/processed/session_brandon_discrete/sessions/brandon_right_003,30.0,424714.05,94020.7060269483,271672.0,601360.0,294130.0,292225.0,-1905.0,5.3,1.7729448195962934,0.0,0.0,0.0,302.0,302.0,0.8047947019867548,0.1294226260391569,0.574,1.042,-0.30039900662251656,0.1125217884669805,-0.557,-0.031,-0.463885761589404,0.23795308648613017,-0.903,0.001,-32.70418874172185,44.161033939202,-103.67,36.16,19.217185430463577,18.17764420107058,-14.16,55.39,24.869950331125832,30.269200579511487,-19.62,89.66,1.0180735348022372,0.05180148111163227,151.0,60.847682119205295,18.96760337852268,20.0,88.0,71.0,68.0,48.0,75.0,27.0,28.0,78.0,50.0,50.0,2.7333333333333334,14.0,0.3728755663994424
right,brandon,combined_all,/Users/tylerchen/Cosmos-Gesture-Recognition-/processed/session_brandon_discrete/sessions/brandon_right_004,30.0,402168.3,109639.79837636514,274231.0,699830.0,346714.0,297207.0,-49507.0,4.833333333333333,1.9677962857527254,0.0,0.0,0.0,301.0,301.0,0.7441694352159468,0.17468087997807194,0.502,1.016,-0.32720431893687707,0.10828812270597189,-0.554,-0.069,-0.5030232558139535,0.2814584987211374,-0.968,0.007,-30.31908637873755,35.936272084538665,-93.42,54.51,22.46671096345515,19.177415638651297,-2.38,69.46,23.831029900332226,30.130058356187742,-23.65,86.95,1.0162648664256808,0.05047321716003101,150.0,58.806666666666665,20.723797774139882,14.0,98.0,66.0,84.0,38.5,75.75,37.25,17.0,71.0,54.0,54.0,3.9328859060402683,51.0,0.37688075025556683
right,brandon,combined_all,/Users/tylerchen/Cosmos-Gesture-Recognition-/processed/session_brandon_discrete/sessions/brandon_right_005,30.0,450980.23333333334,101980.3594451602,305863.0,651616.0,358172.0,374684.0,16512.0,6.566666666666666,1.6265163865007803,0.0,0.0,0.0,301.0,301.0,0.7793887043189369,0.18254905608918418,0.381,1.071,-0.311124584717608,0.12191848998235817,-0.649,0.043,-0.4712923588039866,0.2817615581584859,-1.07,-0.048,-33.438903654485046,45.298447045987054,-127.9,30.82,16.568720930232555,24.747312081469946,-19.59,72.85,28.92029900332226,35.08544065218183,-13.64,116.43,1.0237774447196673,0.07628461522795879,151.0,67.77814569536424,21.54929509764294,22.0,92.0,77.0,70.0,53.0,84.0,31.0,24.0,89.0,65.0,65.0,2.1933333333333334,12.0,0.43167479958173555
right,brandon,combined_all,/Users/tylerchen/Cosmos-Gesture-Recognition-/processed/session_brandon_discrete/sessions/brandon_right_006,30.0,423303.13333333336,110780.88535384713,297347.0,698703.0,409566.0,305917.0,-103649.0,6.6,2.3607908279501033,0.0,0.0,0.0,300.0,300.0,0.6998616666666666,0.1689217225933032,0.311,1.037,-0.377765,0.16546032437314592,-0.719,0.028,-0.5528816666666667,0.2514386873518517,-1.21,-0.051,-24.988566666666667,39.72346954352282,-124.27,20.54,19.472,28.76539068626278,-22.61,104.83,25.929266666666663,39.72178779287537,-23.5,131.66,1.0241791015762378,0.09154853208994718,150.0,60.596666666666664,17.786739713047098,23.0,83.0,69.0,60.0,47.5,74.0,26.5,28.0,73.0,45.0,45.0,2.4630872483221475,8.0,0.35045379794657533
right,brandon,combined_all,/Users/tylerchen/Cosmos-Gesture-Recognition-/processed/session_brandon_discrete/sessions/brandon_right_007,30.0,403769.88333333336,60200.87236517471,292003.0,506630.0,378895.0,358295.0,-20600.0,6.0,2.0,0.0,0.0,0.0,302.0,302.0,0.687,0.15025151344371399,0.433,0.951,-0.3332301324503312,0.15470443145528504,-0.674,0.139,-0.5940827814569537,0.21904046415059902,-1.124,-0.293,-26.968261589403976,33.6994194151029,-89.72,38.3,21.179437086092715,20.162100421130166,-17.61,65.65,30.51966887417218,35.91973399061553,-22.1,121.19,1.0125011749703514,0.07262744949048748,151.0,57.02317880794702,18.69798008238184,23.0,99.0,62.0,76.0,41.0,72.0,31.0,31.0,65.0,34.0,34.0,3.3466666666666667,16.0,0.3625531544092016
right,brandon,combined_all,/Users/tylerchen/Cosmos-Gesture-Recognition-/processed/session_brandon_discrete/sessions/brandon_right_008,30.0,481594.8333333333,129549.9969013465,295760.0,724191.0,340264.0,318105.0,-22159.0,6.716666666666667,2.6384444070112387,0.0,0.0,0.0,301.0,301.0,0.8134916943521594,0.1449100395100426,0.438,1.05,-0.307202657807309,0.13203403162778235,-0.68,-0.037,-0.42153820598006647,0.26723301521462833,-0.973,0.053,-31.15036544850499,44.14932694638118,-130.65,30.03,16.862624584717608,26.647931138745882,-19.32,83.25,25.810664451827243,36.01954227182968,-20.08,138.62,1.0195977767494087,0.06405023006803379,151.0,69.96026490066225,19.53317888267788,25.0,94.0,77.0,69.0,61.0,84.5,23.5,32.0,88.0,56.0,56.0,2.7866666666666666,19.0,0.3826350644823979
left,brandon,combined_all,/Users/tylerchen/Cosmos-Gesture-Recognition-/processed/session_brandon_discrete/sessions/brandon_left_001,30.0,374326.7,80835.21808186908,285559.0,534791.0,288897.0,316770.0,27873.0,4.966666666666667,2.167692065051881,0.0,0.0,0.0,302.0,302.0,0.676612582781457,0.1243062559654066,0.244,0.887,-0.22306953642384109,0.22595709271334508,-0.657,0.352,-0.6743096026490066,0.16850465536981185,-1.177,-0.385,30.153973509933774,40.84013742962701,-67.05,129.61,-12.287268211920528,23.140146328195808,-92.53,15.96,-29.29549668874172,41.554070682861074,-144.63,14.34,1.0264723806655667,0.059287174961116226,151.0,59.02980132450331,21.445141779905885,35.0,97.0,46.0,62.0,41.0,79.0,38.0,96.0,37.0,-59.0,59.0,2.6066666666666665,11.0,-0.45158940397350994
left,brandon,combined_all,/Users/tylerchen/Cosmos-Gesture-Recognition-/processed/session_brandon_discrete/sessions/brandon_left_002,30.0,397247.43333333335,115284.65054136893,264085.0,665630.0,419415.0,290032.0,-129383.0,4.933333333333334,2.2350739485653612,0.0,0.0,0.0,302.0,302.0,0.7310033112582781,0.12093941065111166,0.269,0.965,-0.36879139072847683,0.25978863898513344,-0.895,0.507,-0.5307317880794702,0.21505376868728457,-1.351,-0.074,31.848675496688745,44.91441399304244,-16.75,138.77,-15.271523178807945,36.67171555192075,-150.52,18.1,-18.405894039735102,44.8702926143794,-191.87,21.94,1.0359630062840997,0.084819884790323,151.0,48.06953642384106,16.3667386015153,30.0,79.0,38.0,49.0,36.0,65.5,29.5,73.0,39.0,-34.0,34.0,2.6533333333333333,12.0,-0.3154426629487628
left,brandon,combined_all,/Users/tylerchen/Cosmos-Gesture-Recognition-/processed/session_brandon_discrete/sessions/brandon_left_003,30.0,384097.76666666666,93812.98502150731,270438.0,594004.0,324209.0,312550.0,-11659.0,4.533333333333333,2.432191512927293,0.0,0.0,0.0,300.0,300.0,0.8192583333333333,0.08022682903631567,0.578,0.993,-0.313135,0.1660720065463573,-0.688,0.04,-0.4483033333333333,0.2149014300919274,-1.025,0.119,33.39646666666667,52.4044690668861,-66.47,149.21,-12.496883333333331,29.52919078984481,-72.73,70.8,-18.085583333333332,29.899874223420888,-96.74,20.11,1.023154646480262,0.05972497916156744,151.0,57.75496688741722,14.938972248191293,37.0,92.0,52.0,55.0,46.0,70.0,24.0,75.0,46.0,-29.0,29.0,3.473333333333333,22.0,-0.2852666434297668
left,brandon,combined_all,/Users/tylerchen/Cosmos-Gesture-Recognition-/processed/session_brandon_discrete/sessions/brandon_left_004,30.0,388583.13333333336,110561.94311869804,258672.0,605215.0,265394.0,259525.0,-5869.0,4.133333333333334,3.0521395046025592,0.0,0.0,0.0,300.0,300.0,0.797045,0.0563269515862522,0.558,0.898,-0.316535,0.15876572239728995,-0.662,0.059,-0.5034949999999999,0.13138899931754813,-0.949,-0.212,32.9851,37.630432032996914,-24.6,106.63,-10.8154,15.018843747328445,-48.34,9.4,-22.7658,26.84519699486918,-89.05,23.47,1.0161484615936618,0.04546434318050338,150.0,65.90666666666667,19.97963616529438,39.0,103.0,68.5,64.0,46.0,84.0,38.0,97.0,42.0,-55.0,55.0,3.0805369127516777,18.0,-0.4424587759455981
left,brandon,combined_all,/Users/tylerchen/Cosmos-Gesture-Recognition-/processed/session_brandon_discrete/sessions/brandon_left_005,30.0,376984.23333333334,66810.76811646624,296787.0,574342.0,340266.0,296787.0,-43479.0,4.633333333333334,1.9745604292826515,0.0,0.0,0.0,301.0,301.0,0.7590282392026578,0.07053234949631992,0.543,0.871,-0.30158305647840533,0.16949698812079247,-0.636,0.153,-0.5662059800664452,0.13970977546180383,-1.078,-0.308,29.662906976744186,36.05803373913679,-14.86,123.08,-8.330664451827241,21.919675339757298,-72.73,28.63,-24.869136212624582,36.47492277278253,-140.78,17.03,1.0189562744556155,0.05115069050910981,150.0,66.83333333333333,21.87783858220649,36.0,102.0,60.25,66.0,46.0,89.75,43.75,87.0,46.0,-41.0,41.0,2.315436241610738,9.0,-0.4750220009778219
left,brandon,combined_all,/Users/tylerchen/Cosmos-Gesture-Recognition-/processed/session_brandon_discrete/sessions/brandon_left_006,30.0,366850.0333333333,65540.09307412949,274736.0,503555.0,416074.0,274736.0,-141338.0,4.633333333333334,2.3732303348436754,0.0,0.0,0.0,300.0,300.0,0.7985133333333334,0.03534814689469433,0.704,0.891,-0.23394166666666663,0.10026802611094518,-0.481,-0.022,-0.5462766666666667,0.0855643624543666,-0.753,-0.34,27.119449999999997,22.079237761167544,-8.82,69.49,-11.343866666666667,12.706920465461156,-38.27,14.19,-20.700133333333337,17.522325967620727,-56.95,14.83,1.0037763648677294,0.04275373039346067,150.0,57.45666666666666,14.701040536001639,40.0,93.0,50.0,53.0,46.0,70.75,24.75,93.0,42.0,-51.0,51.0,2.422818791946309,7.0,-0.3168380816925198
left,brandon,combined_all,/Users/tylerchen/Cosmos-Gesture-Recognition-/processed/session_brandon_discrete/sessions/brandon_left_007,31.0,363843.22580645164,68127.04810094894,260757.0,534869.0,483414.0,271200.0,-212214.0,4.870967741935484,2.511161349164976,0.0,0.0,0.0,303.0,303.0,0.7773168316831682,0.05224648310865043,0.614,0.908,-0.2847871287128713,0.20058238243814183,-0.684,0.132,-0.534476897689769,0.13776933373493683,-0.842,-0.256,31.068448844884493,28.322690172993017,-43.4,84.02,-12.205759075907592,16.268247046472396,-66.32,27.89,-24.573151815181518,29.710333903267042,-91.98,55.45,1.0146266271407978,0.05888041795878169,150.0,62.63333333333333,20.109487782671938,35.0,99.0,60.0,64.0,43.25,83.0,39.75,84.0,39.0,-45.0,45.0,2.7583892617449663,10.0,-0.44510067114093976
left,brandon,combined_all,/Users/tylerchen/Cosmos-Gesture-Recognition-/processed/session_brandon_discrete/sessions/brandon_left_008,30.0,428344.9666666667,115853.71267608226,295997.0,773449.0,399313.0,304221.0,-95092.0,6.283333333333333,2.2718690298714157,0.0,0.0,0.0,301.0,301.0,0.8264551495016611,0.05990952881568882,0.622,0.951,-0.26459634551495015,0.1363123880265542,-0.567,0.041,-0.4818770764119602,0.14521786189965905,-0.859,-0.102,27.722093023255816,33.706998266889684,-13.82,126.13,-9.34408637873754,16.548326056179874,-60.73,17.61,-16.477906976744187,25.426166746482217,-99.19,14.34,1.0130515643155067,0.047221088446272326,151.0,57.83112582781457,17.436636470108805,36.0,89.0,49.0,53.0,43.0,78.0,35.0,86.0,43.0,-43.0,43.0,2.5,10.0,-0.3659254095503659
bye_bye,brandon,combined_all,/Users/tylerchen/Cosmos-Gesture-Recognition-/processed/session_brandon_discrete/sessions/brandon_bye_bye_001,30.0,357453.65,32906.38411087581,295286.0,434741.0,373319.0,387844.0,14525.0,4.533333333333333,2.276449477195183,0.0,0.0,0.0,301.0,301.0,0.7198073089700998,0.18275463626039834,0.114,1.042,-0.16286378737541526,0.7095150545797861,-1.295,1.733,-0.29106644518272423,0.40310232442536315,-0.902,0.617,-7.315332225913621,100.16993556245956,-188.82,281.2,-1.515614617940198,113.35914194788371,-208.17,203.13,-5.79704318936877,183.14198122750287,-359.97,371.81,1.128782618054394,0.23349305274841614,151.0,58.2682119205298,3.890490472265713,49.0,68.0,59.0,19.0,55.0,61.0,6.0,57.0,59.0,2.0,2.0,2.2133333333333334,12.0,0.04089752527012869
bye_bye,brandon,combined_all,/Users/tylerchen/Cosmos-Gesture-Recognition-/processed/session_brandon_discrete/sessions/brandon_bye_bye_002,30.0,393111.05,44432.14490702836,329127.0,501337.0,329127.0,386426.0,57299.0,6.3,1.676305461424021,0.0,0.0,0.0,302.0,302.0,0.6368841059602649,0.1903774826662016,0.123,1.132,-0.15455298013245036,0.83169473643298,-1.629,1.566,-0.14922847682119206,0.5045716274906278,-0.912,0.987,2.5161589403973523,158.70659663785904,-261.6,382.24,3.31619205298013,147.5906259196044,-247.63,281.2,4.240794701986756,233.65776416446198,-375.23,403.21,1.1515453525829085,0.32904813495428004,151.0,59.615894039735096,4.314102343326775,50.0,80.0,59.0,30.0,57.0,61.0,4.0,55.0,59.0,4.0,4.0,2.68,30.0,0.04137155803415838
bye_bye,brandon,combined_all,/Users/tylerchen/Cosmos-Gesture-Recognition-/processed/session_brandon_discrete/sessions/brandon_bye_bye_003,30.0,378814.01666666666,31008.1011421433,312778.0,454451.0,380225.0,390645.0,10420.0,5.9,1.9891371663780921,0.0,0.0,0.0,302.0,302.0,0.6192864238410596,0.19414009308445337,-0.077,1.183,-0.27438079470198673,0.9386511655692619,-1.944,1.495,-0.02939403973509934,0.46300582902682735,-0.69,0.944,-5.19380794701987,187.80811342594367,-334.67,612.84,-0.4264900662251654,118.89414514015195,-214.33,334.88,6.786788079470192,279.2472335019481,-402.72,610.61,1.1976198466744434,0.39812308619165393,151.0,65.84105960264901,3.914956494169335,58.0,77.0,66.0,19.0,63.0,68.0,5.0,60.0,70.0,10.0,10.0,2.44,10.0,0.0335157429998833
bye_bye,brandon,combined_all,/Users/tylerchen/Cosmos-Gesture-Recognition-/processed/session_brandon_discrete/sessions/brandon_bye_bye_004,30.0,435216.01666666666,49411.39662221718,379091.0,570006.0,435261.0,398462.0,-36799.0,5.933333333333334,2.6449112566503166,0.0,0.0,0.0,303.0,303.0,0.1843069306930693,0.4206918569057606,-1.592,0.983,-0.06685478547854784,1.244708996980245,-2.07,3.676,-0.28034323432343233,0.7293382875152955,-2.003,1.262,-12.997227722772278,103.91669115163953,-283.46,289.74,-13.515082508250822,211.07105551249373,-410.9,355.6,-11.598085808580858,324.98111048578426,-582.38,608.26,1.4359703033073177,0.5596755197071105,151.0,56.32781456953642,5.64595618049352,41.0,69.0,56.0,28.0,53.0,60.0,7.0,66.0,50.0,-16.0,16.0,3.3066666666666666,23.0,-0.07605960264900706
bye_bye,brandon,combined_all,/Users/tylerchen/Cosmos-Gesture-Recognition-/processed/session_brandon_discrete/sessions/brandon_bye_bye_005,30.0,502752.0333333333,57620.69675240158,411778.0,615143.0,543154.0,485018.0,-58136.0,5.766666666666667,1.943936441576444,0.0,0.0,0.0,302.0,302.0,0.4944470198675496,0.2013211221232713,-0.212,1.264,-0.16089403973509933,0.9576306173929742,-1.477,2.551,0.005991721854304624,0.7062882931757878,-1.407,1.669,-7.986754966887414,134.3276984945668,-341.5,258.67,7.318476821192054,188.1290285146483,-374.19,324.5,18.042086092715234,271.5910166051431,-449.84,427.56,1.2391446872842422,0.43743666837930606,151.0,52.98675496688742,2.70736465950904,46.0,58.0,53.0,12.0,51.0,55.0,4.0,49.0,57.0,8.0,8.0,2.2933333333333334,7.0,0.022851167654234693
bye_bye,brandon,combined_all,/Users/tylerchen/Cosmos-Gesture-Recognition-/processed/session_brandon_discrete/sessions/brandon_bye_bye_006,30.0,403087.4,49866.49952225405,330523.0,486532.0,367465.0,379009.0,11544.0,5.233333333333333,2.3048258550750034,0.0,0.0,0.0,302.0,302.0,0.7222036423841058,0.2046318285580033,0.175,1.319,-0.24754470198675496,0.8103790884774036,-2.338,1.857,-0.03377152317880795,0.46277446209274514,-1.126,0.903,-7.690662251655632,154.8361883841638,-402.2,295.97,6.118079470198675,117.62189023816521,-225.87,219.03,3.839834437086096,204.71784271398838,-356.91,365.95,1.1686721511938676,0.36187159935809327,151.0,50.36423841059602,3.531257460090969,40.0,58.0,50.0,18.0,48.0,53.0,5.0,56.0,52.0,-4.0,4.0,2.44,9.0,0.018970024398744983
bye_bye,brandon,combined_all,/Users/tylerchen/Cosmos-Gesture-Recognition-/processed/session_brandon_discrete/sessions/brandon_bye_bye_007,30.0,408356.0,55156.524619788484,300872.0,514506.0,421759.0,346435.0,-75324.0,5.716666666666667,2.257149136016985,0.0,0.0,0.0,302.0,302.0,0.689705298013245,0.19235951071537777,0.279,1.367,-0.19114403973509936,0.833458473133476,-1.926,1.325,-0.05885430463576159,0.5060081225897441,-0.907,1.116,0.16402317880794767,179.7375125233155,-467.54,504.56,6.701456953642383,126.03930223207684,-238.47,269.54,18.93,232.10272149595275,-439.47,484.05,1.172647969621959,0.35817515055750415,151.0,55.06953642384106,2.9945232487606708,49.0,62.0,55.0,13.0,53.0,57.0,4.0,55.0,55.0,0.0,0.0,2.466666666666667,10.0,0.03284826304170998
bye_bye,brandon,combined_all,/Users/tylerchen/Cosmos-Gesture-Recognition-/processed/session_brandon_discrete/sessions/brandon_bye_bye_008,30.0,375218.7833333333,38867.486569042805,308784.0,455704.0,346443.0,376213.0,29770.0,4.466666666666667,2.2910453703252776,0.0,0.0,0.0,301.0,301.0,0.6895531561461794,0.15286408691419917,0.263,1.196,-0.24355481727574751,0.6201571292303795,-1.342,1.306,-0.1543986710963455,0.5085367392310369,-1.129,0.906,-3.0020598006644517,78.815370056982,-214.33,188.54,-1.800199335548173,121.7837182870821,-253.03,207.43,5.206744186046513,177.60039790938654,-298.78,334.54,1.082378708761105,0.23166720479483924,151.0,51.033112582781456,3.345478976256457,44.0,59.0,51.0,15.0,49.0,54.0,5.0,47.0,49.0,2.0,2.0,2.28,9.0,-0.03696758452422481
t_arm,brandon,combined_all,/Users/tylerchen/Cosmos-Gesture-Recognition-/processed/session_brandon_discrete/sessions/brandon_t_arm_001,30.0,308395.4,55859.21596692887,256495.0,453840.0,278346.0,280377.0,2031.0,2.5,2.1095023109728985,0.0,0.0,0.0,302.0,302.0,0.6542003311258278,0.2667731514557616,0.128,0.907,-0.135067880794702,0.1312364639307437,-0.397,0.06,-0.08664900662251665,0.7054526347317774,-0.73,1.365,8.351639072847682,15.345092675306153,-14.04,60.49,-38.95677152317881,69.04857374114405,-225.53,16.21,-2.5000827814569537,6.418137152867239,-21.09,9.03,1.0101104109907115,0.1395018181854629,149.0,79.69463087248322,33.89509409059254,39.0,157.0,58.0,118.0,57.0,111.0,54.0,145.0,58.0,-87.0,87.0,3.2364864864864864,38.0,-0.6431053872664617
t_arm,brandon,combined_all,/Users/tylerchen/Cosmos-Gesture-Recognition-/processed/session_brandon_discrete/sessions/brandon_t_arm_002,30.0,326182.9,60234.023616972496,261668.0,500045.0,385033.0,283647.0,-101386.0,3.8666666666666667,1.359738536958076,0.0,0.0,0.0,300.0,300.0,0.6974016666666666,0.2783505694214083,0.201,0.974,-0.017698333333333358,0.2958277649194244,-0.594,1.049,0.17800500000000005,0.5911983007488547,-0.731,1.187,0.5897666666666667,59.017238043463955,-244.18,203.31,-28.925616666666667,52.806549665135186,-167.46,23.35,-12.6131,21.346320449279624,-65.71,14.13,1.0118483637734141,0.09507639680312273,149.0,80.50671140939598,29.288060625332974,50.0,129.0,59.0,79.0,55.0,116.0,61.0,123.0,55.0,-68.0,68.0,1.945945945945946,10.0,-0.6095682931253406
t_arm,brandon,combined_all,/Users/tylerchen/Cosmos-Gesture-Recognition-/processed/session_brandon_discrete/sessions/brandon_t_arm_003,30.0,332571.3,57859.84089167547,269740.0,471302.0,282049.0,333511.0,51462.0,2.3,2.208317610006918,0.0,0.0,0.0,301.0,301.0,0.7247059800664453,0.27803369330300637,0.021,0.923,-0.02957641196013289,0.13995878893356628,-0.394,0.227,-0.1680431893687708,0.6243022748321457,-0.64,1.434,1.7430066445182724,20.24069463438318,-70.38,64.0,-39.142292358803985,72.78430686150604,-232.55,8.36,-1.723421926910299,11.210252067341742,-41.87,19.5,1.010432490889982,0.14136033427963376,151.0,72.71523178807946,23.714026083998956,53.0,128.0,61.0,75.0,59.0,77.5,18.5,125.0,56.0,-69.0,69.0,3.3666666666666667,29.0,-0.4133478563959578
t_arm,brandon,combined_all,/Users/tylerchen/Cosmos-Gesture-Recognition-/processed/session_brandon_discrete/sessions/brandon_t_arm_004,30.0,308547.06666666665,68310.14626048526,242569.0,479241.0,272581.0,248325.0,-24256.0,2.65,2.370478151484773,0.0,0.0,0.0,302.0,302.0,0.7106506622516555,0.34079835184765495,-0.081,0.986,-0.03905629139072847,0.17425869099158023,-0.438,0.421,-0.05128145695364244,0.6319116038550162,-0.886,1.611,1.0169867549668874,31.418956095673213,-121.34,97.6,-37.64451986754967,73.92842974111954,-241.46,41.66,-1.057980132450331,9.634070176814715,-30.95,23.87,1.0143122776087308,0.1617777242706426,151.0,75.2748344370861,23.360985191962108,59.0,133.0,63.0,74.0,62.0,76.5,14.5,130.0,61.0,-69.0,69.0,2.02,15.0,-0.40231613802718735
t_arm,brandon,combined_all,/Users/tylerchen/Cosmos-Gesture-Recognition-/processed/session_brandon_discrete/sessions/brandon_t_arm_005,30.0,305242.2833333333,66599.88254039733,243321.0,562596.0,286628.0,283475.0,-3153.0,3.0,2.016597794967223,0.0,0.0,0.0,302.0,302.0,0.7080198675496688,0.3599348578373169,-0.089,1.029,-0.13441390728476824,0.13283985854594985,-0.477,0.073,-0.024014900662251648,0.6128973050732478,-0.542,1.49,2.0471523178807947,19.82421832728992,-38.58,78.89,-36.90711920529802,72.35648183969131,-237.89,33.05,-2.1205629139072846,9.631707021432083,-28.99,20.48,1.0110353251254462,0.14347876006516583,151.0,76.8543046357616,24.565666379724195,56.0,132.0,63.0,76.0,61.0,90.5,29.5,130.0,61.0,-69.0,69.0,3.1666666666666665,14.0,-0.45507493900313783
t_arm,brandon,combined_all,/Users/tylerchen/Cosmos-Gesture-Recognition-/processed/session_brandon_discrete/sessions/brandon_t_arm_006,30.0,303479.2,45012.396947507696,250510.0,432920.0,250510.0,271547.0,21037.0,3.3666666666666667,2.121058435991071,0.0,0.0,0.0,302.0,302.0,0.690884105960265,0.3630990184021406,-0.046,1.09,-0.21535099337748345,0.13638650637628988,-0.689,0.055,0.058314569536423846,0.6406415170466925,-0.821,1.541,-4.663642384105961,34.801732315554375,-133.7,104.86,-35.21476821192053,88.85842660800894,-243.66,155.0,-3.9819867549668873,15.029445118037989,-46.3,34.27,1.0273908393912365,0.18008131502848174,150.0,85.87333333333333,19.790020760479855,53.0,125.0,81.0,72.0,68.0,99.5,31.5,120.0,71.0,-49.0,49.0,3.577181208053691,21.0,-0.2565536246055382
t_arm,brandon,combined_all,/Users/tylerchen/Cosmos-Gesture-Recognition-/processed/session_brandon_discrete/sessions/brandon_t_arm_007,30.0,284156.5,34096.03917930449,246860.0,360670.0,272514.0,264597.0,-7917.0,2.216666666666667,1.7208686437055236,0.0,0.0,0.0,302.0,302.0,0.6976026490066225,0.29436306994360745,-0.01,0.916,-0.14689238410596026,0.10859896076734114,-0.559,0.152,-0.16139238410596032,0.6532834459633986,-0.773,1.845,-1.567682119205298,22.64772717698307,-105.08,78.16,-37.19900662251655,79.99652712871719,-309.98,16.88,-5.498543046357616,14.527142027707312,-62.75,8.0,1.008309591588153,0.20690265721907133,149.0,73.08053691275168,23.14423539765808,54.0,131.0,62.0,77.0,60.0,76.0,16.0,130.0,62.0,-68.0,68.0,3.1621621621621623,31.0,-0.3915254852167602
t_arm,brandon,combined_all,/Users/tylerchen/Cosmos-Gesture-Recognition-/processed/session_brandon_discrete/sessions/brandon_t_arm_008,30.0,310106.56666666665,42420.172153260086,252344.0,417344.0,304510.0,325494.0,20984.0,3.2,1.6206994374857624,0.0,0.0,0.0,301.0,301.0,0.5729169435215947,0.3635669790439212,-0.113,0.926,-0.2325548172757475,0.12443992093366411,-0.549,0.032,0.06585548172757467,0.7136588974352911,-0.781,1.216,-1.4125581395348825,31.280644941256757,-165.84,59.66,-42.29425249169435,54.392238217674716,-153.29,63.94,-3.1572425249169433,12.00317925925819,-42.21,23.26,1.0185631206925494,0.07846620235848782,150.0,84.01,28.15217933557333,46.0,137.0,66.0,91.0,60.0,115.75,55.75,121.0,62.0,-59.0,59.0,3.442953020134228,30.0,-0.575059335970488
raise_arms,brandon,combined_all,/Users/tylerchen/Cosmos-Gesture-Recognition-/processed/session_brandon_discrete/sessions/brandon_raise_arms_001,30.0,406941.8333333333,95510.94830439889,288969.0,573434.0,310373.0,374981.0,64608.0,5.766666666666667,2.6543465402157937,0.0,0.0,0.0,301.0,301.0,-0.33872259136212624,0.5103099333212057,-1.023,0.252,-0.30873255813953493,0.1143857308337577,-0.555,-0.088,-0.6531079734219268,0.3099558034605032,-1.028,-0.1,-5.087940199335548,17.845340614222525,-49.96,26.4,27.31956810631229,39.02852087053399,-17.82,104.89,-9.130880398671096,15.107330115815316,-50.14,9.7,0.9958944751671261,0.1198579542494291,151.0,39.079470198675494,5.241530538316644,27.0,59.0,40.0,32.0,35.0,42.0,7.0,37.0,42.0,5.0,5.0,3.1533333333333333,19.0,0.06994771697455561
raise_arms,brandon,combined_all,/Users/tylerchen/Cosmos-Gesture-Recognition-/processed/session_brandon_discrete/sessions/brandon_raise_arms_002,31.0,421088.2580645161,111031.0033723414,257715.0,672279.0,511288.0,257715.0,-253573.0,5.967741935483871,2.3892753789859618,0.0,0.0,0.0,300.0,300.0,-0.21966333333333335,0.5914585175241387,-1.555,0.412,-0.3291966666666667,0.15914870820155036,-1.069,-0.059,-0.7353233333333333,0.3072877498311579,-1.564,-0.063,1.8292000000000004,29.412977374394906,-69.43,91.13,15.049783333333332,82.08066938914256,-139.26,278.6,-7.48015,26.849067247501043,-78.37,59.85,1.0389811426318643,0.29566580056840475,150.0,42.093333333333334,5.339638331321832,25.0,51.0,43.0,26.0,39.0,46.0,7.0,43.0,50.0,7.0,7.0,3.0,17.0,0.07448034727469352
raise_arms,brandon,combined_all,/Users/tylerchen/Cosmos-Gesture-Recognition-/processed/session_brandon_discrete/sessions/brandon_raise_arms_003,30.0,376860.3,115127.22157716077,262357.0,692961.0,292417.0,309132.0,16715.0,4.75,2.8889155981671277,0.0,0.0,0.0,300.0,300.0,-0.20446666666666669,0.48427482784973336,-1.339,0.318,-0.36695000000000005,0.11229174427950318,-0.687,-0.122,-0.7358533333333334,0.2906638697113137,-1.037,0.099,-6.468233333333333,19.048027716246345,-59.91,29.42,28.496133333333333,56.56101479861274,-35.34,179.97,-9.076633333333332,23.025004676052127,-64.49,16.66,1.0053764994483791,0.19691158597262973,150.0,49.39333333333333,7.2627085252708925,26.0,62.0,51.0,36.0,46.0,54.0,8.0,45.0,54.0,9.0,9.0,3.912751677852349,26.0,0.11805502466776294
raise_arms,brandon,combined_all,/Users/tylerchen/Cosmos-Gesture-Recognition-/processed/session_brandon_discrete/sessions/brandon_raise_arms_004,30.0,393238.73333333334,78164.34475852075,295047.0,657349.0,370768.0,316141.0,-54627.0,5.366666666666666,2.2580719405919933,0.0,0.0,0.0,302.0,302.0,-0.42763576158940403,0.37739454442905945,-1.03,-0.03,-0.35176821192052976,0.09649990177455176,-0.618,-0.175,-0.6735562913907284,0.3193019214316676,-1.332,-0.063,-7.625827814569536,17.46853225135729,-51.7,26.89,19.699370860927157,36.64008614233994,-38.06,109.04,-8.292549668874173,15.066205235158932,-43.03,23.26,0.9989642883052449,0.12670531996729323,151.0,46.0364238410596,5.785642959875863,31.0,56.0,47.0,25.0,41.0,50.5,9.5,39.0,50.0,11.0,11.0,3.2466666666666666,19.0,0.08678459393516891
raise_arms,brandon,combined_all,/Users/tylerchen/Cosmos-Gesture-Recognition-/processed/session_brandon_discrete/sessions/brandon_raise_arms_005,30.0,409648.76666666666,95753.39890562052,282982.0,651295.0,352352.0,296854.0,-55498.0,5.9,2.7,0.0,0.0,0.0,301.0,301.0,-0.3275132890365448,0.48507380163355274,-1.156,0.246,-0.30869435215946844,0.11939328740652234,-0.574,0.132,-0.6654601328903654,0.3610546866926208,-1.247,0.042,-12.11936877076412,25.543617160412605,-136.66,51.73,24.5513122923588,50.19242174558353,-59.36,130.34,-7.808953488372095,24.145678860320817,-62.04,25.7,0.9971115722836029,0.17628016146731734,150.0,47.67333333333333,8.658507603218284,25.0,61.0,51.0,36.0,42.0,54.0,12.0,42.0,50.0,8.0,8.0,3.785234899328859,25.0,0.1340272901017821
raise_arms,brandon,combined_all,/Users/tylerchen/Cosmos-Gesture-Recognition-/processed/session_brandon_discrete/sessions/brandon_raise_arms_006,31.0,418684.5806451613,91920.17955068732,288112.0,601145.0,336961.0,315173.0,-21788.0,5.967741935483871,2.558778324522831,0.0,0.0,0.0,302.0,302.0,-0.3379039735099338,0.5222438810005239,-1.029,0.392,-0.35322847682119207,0.13119847615599955,-0.619,-0.114,-0.5932715231788079,0.33380305955241646,-1.083,0.179,-7.07362582781457,19.271176444937545,-44.31,72.66,29.407450331125826,32.428212225390254,-46.48,107.18,-11.670728476821193,20.971131121828506,-49.5,56.83,0.9925043199855982,0.08504070278842756,151.0,43.25496688741722,8.20972341183893,22.0,61.0,45.0,39.0,38.0,49.0,11.0,34.0,41.0,7.0,7.0,5.26,27.0,0.10790345067967919
raise_arms,brandon,combined_all,/Users/tylerchen/Cosmos-Gesture-Recognition-/processed/session_brandon_discrete/sessions/brandon_raise_arms_007,30.0,372951.86666666664,79181.41772020896,255628.0,516264.0,319701.0,331961.0,12260.0,4.116666666666666,2.072371159378122,0.0,0.0,0.0,302.0,302.0,-0.319408940397351,0.47568671428983317,-1.036,0.226,-0.358976821192053,0.09615827632535227,-0.615,-0.191,-0.6538741721854303,0.31762005718098546,-1.079,0.026,-9.553576158940398,17.01937135774133,-62.04,41.08,26.554105960264902,30.843965361164134,-12.39,84.93,-10.351688741721855,16.0759599260978,-41.87,15.99,0.9939052332160484,0.08364816063259549,150.0,48.56,6.002493888868695,25.0,72.0,48.0,47.0,46.0,52.0,6.0,51.0,46.0,-5.0,5.0,4.087248322147651,47.0,-0.0059255966931864275
raise_arms,brandon,combined_all,/Users/tylerchen/Cosmos-Gesture-Recognition-/processed/session_brandon_discrete/sessions/brandon_raise_arms_008,30.0,369672.0833333333,89612.07107881573,269141.0,585398.0,308548.0,270086.0,-38462.0,4.766666666666667,3.1057294723712743,0.0,0.0,0.0,300.0,300.0,-0.41546333333333335,0.4200514357260972,-1.123,0.087,-0.3398533333333334,0.08674549816475696,-0.538,-0.154,-0.6519683333333333,0.3543572535787703,-1.082,0.155,-4.173066666666668,29.344274360805418,-69.61,104.56,22.2511,46.61337697617856,-74.28,113.99,-9.740133333333333,21.362284443590973,-59.76,53.5,1.0013577209730784,0.14139499676638245,150.0,45.236666666666665,7.489074069940551,24.0,57.0,45.0,33.0,39.25,53.0,13.75,39.0,52.0,13.0,13.0,4.100671140939597,28.0,0.12356193608604833
fist_open,brandon,combined_all,/Users/tylerchen/Cosmos-Gesture-Recognition-/processed/session_brandon_discrete/sessions/brandon_fist_open_001,30.0,261527.95,17614.155373046797,241575.0,321701.0,280984.0,265139.0,-15845.0,0.7333333333333333,1.18133634311129,0.0,0.0,0.0,301.0,301.0,0.9120797342192691,0.2076246238141244,-1.147,2.385,-0.019031561461794022,0.1473356359108806,-0.961,1.355,-0.40312790697674417,0.15169584002609562,-1.077,0.934,-1.6252823920265782,22.71175031773213,-136.45,196.26,2.0233222591362128,19.33938616919194,-69.58,156.77,1.874019933554817,14.304305189804145,-56.12,122.75,1.026996167298711,0.16694318059393265,151.0,62.450331125827816,1.8865797685118055,57.0,67.0,62.0,10.0,61.0,64.0,3.0,62.0,61.0,-1.0,1.0,2.1266666666666665,7.0,-0.0009689787382363816
fist_open,brandon,combined_all,/Users/tylerchen/Cosmos-Gesture-Recognition-/processed/session_brandon_discrete/sessions/brandon_fist_open_002,30.0,294794.7,46816.99187556445,239407.0,394550.0,259621.0,273011.0,13390.0,2.466666666666667,2.15612821717283,0.0,0.0,0.0,301.0,301.0,0.9110664451827243,0.23619515524683649,-1.58,2.371,-0.05269435215946844,0.1860443306261578,-1.714,1.619,-0.40983720930232553,0.20359164166455154,-1.881,0.898,-2.623870431893687,35.780757591760896,-411.08,213.6,-2.283737541528239,19.926578031048408,-53.32,165.01,1.8961461794019934,12.77754086655847,-77.91,81.06,1.041152614619229,0.22053737634136697,151.0,67.36423841059603,4.891807360214436,59.0,77.0,67.0,18.0,63.0,72.0,9.0,63.0,69.0,6.0,6.0,1.9866666666666666,7.0,0.09230219588706799
fist_open,brandon,combined_all,/Users/tylerchen/Cosmos-Gesture-Recognition-/processed/session_brandon_discrete/sessions/brandon_fist_open_003,31.0,317330.6451612903,64887.57769754343,254954.0,508772.0,308727.0,308062.0,-665.0,3.4193548387096775,2.0284141835177403,0.0,0.0,0.0,302.0,302.0,0.8223476821192053,0.21057093447941475,-0.932,2.074,-0.06999503311258277,0.20390173528876615,-1.86,1.018,-0.5694039735099338,0.18895371354787988,-1.407,1.16,-1.1418874172185436,45.873458996590045,-360.48,352.34,2.7965562913907283,24.734981062068172,-35.77,196.87,3.238973509933775,14.318534030770088,-66.26,77.64,1.0429365407777027,0.19818883387224365,151.0,66.52649006622516,3.309978891911648,59.0,76.0,67.0,17.0,64.0,69.0,5.0,65.0,63.0,-2.0,2.0,2.506666666666667,9.0,-0.03602997560125491
fist_open,brandon,combined_all,/Users/tylerchen/Cosmos-Gesture-Recognition-/processed/session_brandon_discrete/sessions/brandon_fist_open_004,30.0,308459.2833333333,28307.20659940484,264707.0,402168.0,302095.0,360128.0,58033.0,3.7666666666666666,2.0604745947367453,0.0,0.0,0.0,302.0,302.0,0.8613923841059602,0.16876253696361498,-0.852,1.673,-0.14867880794701985,0.12823648563102844,-1.272,0.369,-0.4788543046357615,0.1527020601374187,-1.409,0.789,1.4948178807947021,25.795611942488126,-210.97,193.95,3.511523178807947,24.380337011191294,-54.6,219.58,0.6910927152317886,18.479040654426846,-116.61,110.26,1.0239435288389018,0.114833059024991,151.0,61.51655629139073,1.7043251044944903,56.0,68.0,61.0,12.0,61.0,62.0,1.0,62.0,61.0,-1.0,1.0,1.5133333333333334,7.0,0.0029261066573717546
fist_open,brandon,combined_all,/Users/tylerchen/Cosmos-Gesture-Recognition-/processed/session_brandon_discrete/sessions/brandon_fist_open_005,30.0,317967.0333333333,27859.956718958165,252015.0,360217.0,360217.0,354028.0,-6189.0,4.166666666666667,1.4851112939963642,0.0,0.0,0.0,301.0,301.0,0.8840598006644519,0.04841149144175121,0.741,0.999,-0.09790365448504984,0.07378908854277605,-0.27,0.208,-0.4497624584717607,0.0821970783360283,-0.66,-0.026,-0.13229235880398674,12.739687343711502,-73.95,40.77,1.274285714285714,16.22913482539429,-21.85,99.77,0.6338205980066446,10.109138740144124,-19.41,28.5,1.0031223527680602,0.041515453973181494,151.0,59.890728476821195,3.536897906233229,54.0,76.0,59.5,22.0,58.0,61.0,3.0,59.0,60.0,1.0,1.0,2.1666666666666665,9.0,0.02409201812478188
fist_open,brandon,combined_all,/Users/tylerchen/Cosmos-Gesture-Recognition-/processed/session_brandon_discrete/sessions/brandon_fist_open_006,30.0,297785.4166666667,42788.090078526,244451.0,412796.0,251301.0,274983.0,23682.0,2.7666666666666666,2.108448613449129,0.0,0.0,0.0,302.0,302.0,0.8779900662251656,0.045457516945696844,0.641,0.969,-0.1784453642384106,0.08268729188998222,-0.411,0.121,-0.43706953642384105,0.0716656857513236,-0.825,-0.223,-0.7553642384105964,13.136570372769338,-61.65,39.46,3.336357615894039,15.541641734148959,-16.27,75.81,1.8698675496688744,11.667340503282785,-56.76,23.77,1.003143776007675,0.03848627464746438,151.0,60.890728476821195,5.976715509424761,52.0,76.0,61.0,24.0,55.0,66.0,11.0,59.0,54.0,-5.0,5.0,2.46,9.0,0.09121703264784452
fist_open,brandon,combined_all,/Users/tylerchen/Cosmos-Gesture-Recognition-/processed/session_brandon_discrete/sessions/brandon_fist_open_007,30.0,306521.4,45814.91437174143,258354.0,415619.0,263072.0,336163.0,73091.0,3.2,2.3151673805580453,0.0,0.0,0.0,302.0,302.0,0.8813807947019868,0.04660252165739904,0.686,1.025,-0.1598294701986755,0.05712265474915601,-0.348,0.09,-0.4367168874172184,0.0722094897515512,-0.699,-0.124,0.46427152317880804,11.335233260232291,-79.2,34.91,3.5503807947019865,12.859517736305937,-6.38,59.72,1.2803973509933773,5.747887764161454,-23.44,13.76,1.0012379823167878,0.03564702590238789,151.0,57.52980132450331,2.5789091932310386,51.0,65.0,57.0,14.0,56.0,59.0,3.0,58.0,56.0,-2.0,2.0,2.2266666666666666,11.0,-0.007427675148135484
fist_open,brandon,combined_all,/Users/tylerchen/Cosmos-Gesture-Recognition-/processed/session_brandon_discrete/sessions/brandon_fist_open_008,30.0,344382.31666666665,46100.483975493386,265211.0,458758.0,322203.0,418789.0,96586.0,4.133333333333334,1.6679994670929073,0.0,0.0,0.0,300.0,300.0,0.8996716666666664,0.05947364396816334,0.544,1.2,-0.20024,0.0670151654478298,-0.456,0.184,-0.38112833333333335,0.09906974494712749,-0.577,-0.001,-2.111466666666667,12.939708531006694,-53.5,33.54,4.614933333333332,17.69699220194086,-25.45,83.04,-1.1640333333333335,10.00389242073082,-21.24,45.11,1.005039575276691,0.05002384522016908,150.0,53.14666666666667,5.583009273042491,41.0,75.0,53.0,34.0,50.0,55.0,5.0,58.0,75.0,17.0,17.0,2.5704697986577183,11.0,0.0036185311939787323
one_arm_boxing,brandon,combined_all,/Users/tylerchen/Cosmos-Gesture-Recognition-/processed/session_brandon_periodic/sessions/brandon_one_arm_boxing_001_seg000,30.0,401449.3,59092.85406101712,303384.0,526369.0,434889.0,390655.0,-44234.0,5.866666666666666,1.564892612574067,0.0,0.0,0.0,300.0,300.0,0.35006333333333334,0.42222605678229513,-0.579,1.114,-0.34959999999999997,0.23239038993326153,-1.054,0.213,-0.8145166666666668,0.27806329565206717,-1.532,-0.135,-3.7269333333333314,62.108305359231586,-168.98,133.43,-3.189533333333335,71.74716081106547,-156.29,293.56,-4.0354,42.01889729839817,-74.47,109.53,1.087986129702207,0.1846277659128832,151.0,64.33112582781457,4.68183988663237,54.0,75.0,64.0,21.0,60.0,68.5,8.5,69.0,65.0,-4.0,4.0,2.6133333333333333,9.0,-0.05375566399442371
one_arm_boxing,brandon,combined_all,/Users/tylerchen/Cosmos-Gesture-Recognition-/processed/session_brandon_periodic/sessions/brandon_one_arm_boxing_001_seg001,30.0,414001.9166666667,41445.372750403716,352700.0,503575.0,352700.0,376097.0,23397.0,6.7,1.7916472867168918,0.0,0.0,0.0,300.0,300.0,0.2822466666666667,0.2943101750798901,-0.644,0.732,-0.38961,0.24431180466772376,-1.303,0.089,-0.873205,0.20923728669065336,-1.722,-0.468,1.837833333333334,62.89535673221213,-172.89,162.69,0.5272666666666669,72.63661710548537,-258.83,187.6,3.4523333333333337,37.58004482730459,-144.02,103.79,1.0643405267793205,0.22630140790941888,150.0,62.276666666666664,5.096563082830496,52.0,73.0,61.0,21.0,58.0,66.75,8.75,69.0,73.0,4.0,4.0,2.228187919463087,8.0,0.011690297346548745
one_arm_boxing,brandon,combined_all,/Users/tylerchen/Cosmos-Gesture-Recognition-/processed/session_brandon_periodic/sessions/brandon_one_arm_boxing_001_seg002,30.0,432669.9166666667,67387.82857664626,336467.0,625795.0,349509.0,465669.0,116160.0,6.766666666666667,2.155355088043628,0.0,0.0,0.0,300.0,300.0,0.3605233333333333,0.48184127689750933,-0.956,1.07,-0.3893466666666667,0.3469298869928748,-2.412,0.231,-0.76033,0.265269952626879,-1.609,-0.282,2.423249999999999,90.24066858049184,-345.01,404.49,-2.130416666666668,45.76945762032577,-141.61,101.2,-1.8750333333333333,58.19700948501469,-131.23,131.11,1.0890043653127586,0.31086751571972887,149.0,64.96979865771812,5.963069959137303,54.0,77.0,63.0,23.0,61.0,70.0,9.0,72.0,66.0,-6.0,6.0,2.0,10.0,0.029111191728640712
one_arm_boxing,brandon,combined_all,/Users/tylerchen/Cosmos-Gesture-Recognition-/processed/session_brandon_periodic/sessions/brandon_one_arm_boxing_002_seg000,30.0,457662.9166666667,84969.81639814649,365944.0,722572.0,372640.0,589855.0,217215.0,7.766666666666667,2.201262264146541,0.0,0.0,0.0,300.0,300.0,0.47467166666666666,0.38764573349544584,-0.237,1.165,-0.5054299999999999,0.21664942518579028,-0.99,-0.01,-0.6286799999999999,0.21918949819395664,-1.111,-0.194,5.256533333333333,46.25821068000313,-138.95,116.92,-2.5935000000000006,34.25300481344666,-71.23,73.7,-1.53505,47.828163640761915,-86.31,100.62,1.048152589922409,0.15045793739159025,150.0,58.32333333333333,7.091713821193028,45.0,74.0,57.0,29.0,53.0,63.0,10.0,55.0,50.0,-5.0,5.0,2.033557046979866,8.0,0.03858749277745641
one_arm_boxing,brandon,combined_all,/Users/tylerchen/Cosmos-Gesture-Recognition-/processed/session_brandon_periodic/sessions/brandon_one_arm_boxing_002_seg001,30.0,499686.56666666665,58902.95866631451,376239.0,627959.0,627959.0,518453.0,-109506.0,8.183333333333334,1.724738305431355,0.0,0.0,0.0,300.0,300.0,0.5126083333333333,0.3757482855546013,-0.564,1.099,-0.48785000000000006,0.24772985454590113,-1.319,-0.03,-0.6459716666666667,0.19155998198272578,-1.162,-0.241,-3.727866666666667,43.88308989556481,-129.55,96.44,1.2287000000000006,32.7808094059619,-77.67,75.44,-0.6825000000000003,52.02551244742013,-89.57,148.78,1.0600090599034713,0.18351347250059336,150.0,59.69,6.205288391915853,46.0,76.0,60.0,30.0,55.0,64.0,9.0,53.0,60.0,7.0,7.0,2.3422818791946307,9.0,0.04664473976621176
one_arm_boxing,brandon,combined_all,/Users/tylerchen/Cosmos-Gesture-Recognition-/processed/session_brandon_periodic/sessions/brandon_one_arm_boxing_002_seg002,30.0,454174.13333333336,58474.377992691996,362041.0,637471.0,411195.0,414515.0,3320.0,7.35,1.737574938431913,0.0,0.0,0.0,299.0,299.0,0.5500016722408027,0.3478518610289212,-0.405,1.217,-0.394066889632107,0.2263666533447736,-1.02,0.31,-0.6718979933110367,0.24314650151706188,-1.326,-0.159,-2.101170568561874,56.35487038717702,-214.58,153.84,1.2332441471571918,45.298072044482,-113.96,120.06,4.2437290969899655,33.60874403796659,-92.29,84.87,1.0608074414401345,0.12364480878880187,150.0,60.806666666666665,5.069504974458076,49.0,74.0,60.0,25.0,57.0,63.0,6.0,57.0,54.0,-3.0,3.0,1.7919463087248322,11.0,-0.06550809665614796
one_arm_boxing,brandon,combined_all,/Users/tylerchen/Cosmos-Gesture-Recognition-/processed/session_brandon_periodic/sessions/brandon_one_arm_boxing_003_seg000,30.0,416363.0,63905.9143767878,308600.0,583284.0,382029.0,362169.0,-19860.0,6.7,2.770679820308847,0.0,0.0,0.0,300.0,300.0,0.5358200000000001,0.28244101319272547,-0.269,0.996,-0.47907999999999995,0.23452003682857053,-1.17,0.231,-0.6241599999999999,0.18234849305250242,-1.218,-0.367,-1.2936166666666669,42.15704102523155,-127.84,113.35,-2.699733333333334,33.102732746137775,-117.89,83.5,-0.6842333333333325,47.13567479534183,-83.86,149.27,1.0281374674280606,0.13097067991172495,150.0,63.09,4.866013486245404,52.0,77.0,62.0,25.0,60.0,66.0,6.0,60.0,54.0,-6.0,6.0,1.9597315436241611,9.0,-0.04585003777945711
one_arm_boxing,brandon,combined_all,/Users/tylerchen/Cosmos-Gesture-Recognition-/processed/session_brandon_periodic/sessions/brandon_one_arm_boxing_003_seg001,30.0,455829.48333333334,53841.70885482792,370804.0,578004.0,421780.0,421787.0,7.0,7.033333333333333,2.7626476833324625,0.0,0.0,0.0,300.0,300.0,0.6219983333333332,0.3450878209440155,-0.099,1.274,-0.41200333333333333,0.2478646875257188,-1.302,0.215,-0.5721499999999999,0.21778501823281296,-1.124,0.031,5.113599999999999,56.75012933647524,-126.19,282.42,-3.099500000000002,33.88612247046471,-101.08,78.13,-0.011366666666667129,35.869759672795055,-100.07,73.34,1.049339562245635,0.10403653495834672,150.0,61.02333333333333,8.890711665271168,48.0,84.0,58.0,36.0,54.0,65.0,11.0,57.0,61.0,4.0,4.0,2.120805369127517,9.0,-0.07788168363038381
one_arm_boxing,brandon,combined_all,/Users/tylerchen/Cosmos-Gesture-Recognition-/processed/session_brandon_periodic/sessions/brandon_one_arm_boxing_003_seg002,30.0,472386.0333333333,67587.08094622982,359226.0,651724.0,450097.0,362213.0,-87884.0,5.733333333333333,2.208820700937242,0.0,0.0,0.0,300.0,300.0,0.4581433333333333,0.4863008295931264,-0.472,1.186,-0.2880566666666667,0.2779303512073164,-0.84,0.297,-0.6976766666666666,0.27985690174722433,-1.352,-0.079,-5.703133333333333,51.16731226263719,-150.18,119.42,-7.622066666666666,58.37631740465382,-111.94,105.66,2.860566666666667,55.612853568327374,-118.2,110.93,1.072418042275523,0.14696221739847132,150.0,68.99666666666667,5.7066123975549985,56.0,81.0,69.0,25.0,65.0,74.0,9.0,66.0,81.0,15.0,15.0,2.0201342281879193,8.0,0.028690164007289305
clapping,brandon,combined_all,/Users/tylerchen/Cosmos-Gesture-Recognition-/processed/session_brandon_periodic/sessions/brandon_clapping_001_seg000,30.0,377397.98333333334,45220.233705809784,282054.0,516748.0,342748.0,354575.0,11827.0,5.4,1.645195023900409,0.0,0.0,0.0,300.0,300.0,0.7943583333333334,0.10381193566305903,0.42,1.17,-0.38060333333333335,0.304247431085658,-1.472,0.415,-0.08438000000000002,1.4023113190729084,-3.603,2.368,5.6169,101.21064081437616,-211.1,342.33,-7.297833333333331,130.86111232259015,-307.54,188.7,2.6086333333333336,36.62794847015353,-93.26,68.0,1.5831464496104142,0.5886015761742656,140.0,14.978571428571428,7.361886934710799,1.0,36.0,14.0,35.0,9.0,20.0,11.0,22.0,7.0,-15.0,15.0,4.784172661870503,25.0,-0.03716297478734336
clapping,brandon,combined_all,/Users/tylerchen/Cosmos-Gesture-Recognition-/processed/session_brandon_periodic/sessions/brandon_clapping_001_seg001,30.0,362378.9166666667,44565.18732562509,284173.0,464293.0,331898.0,330285.0,-1613.0,4.816666666666666,1.5410133750951749,0.0,0.0,0.0,300.0,300.0,0.851875,0.2848396917972426,-1.066,2.285,-0.4346483333333333,0.28276938702406057,-1.751,0.445,0.18151833333333334,0.7843615295358007,-4.0,1.554,0.40540000000000037,101.04951164142076,-354.35,283.36,3.1659666666666664,107.85383641209197,-263.16,223.03,5.602133333333333,33.48423798795598,-162.05,70.8,1.235354519515912,0.4447173158524614,142.0,13.161971830985916,5.615817736560252,1.0,34.0,13.0,33.0,9.0,16.0,7.0,11.0,11.0,0.0,0.0,4.340425531914893,24.0,-0.0066409467068742414
clapping,brandon,combined_all,/Users/tylerchen/Cosmos-Gesture-Recognition-/processed/session_brandon_periodic/sessions/brandon_clapping_001_seg002,30.0,343137.3,45198.33170531113,275311.0,463358.0,276474.0,463358.0,186884.0,5.066666666666666,1.4360439485692011,0.0,0.0,0.0,300.0,300.0,0.8644883333333333,0.3943996355843576,-1.362,2.93,-0.4296733333333333,0.3735011874045283,-3.034,1.053,0.20401666666666665,0.640613087061773,-2.351,1.918,3.9836333333333354,101.32607733023234,-323.8,421.67,-6.30175,107.05243340230135,-252.14,257.91,3.5957000000000003,23.793397594765498,-125.95,66.99,1.2272033083932907,0.4159247874917326,148.0,12.64527027027027,7.2546615036057505,1.0,37.0,11.0,36.0,8.0,16.0,8.0,9.0,37.0,28.0,28.0,3.510204081632653,25.0,0.02735926585399257
clapping,brandon,combined_all,/Users/tylerchen/Cosmos-Gesture-Recognition-/processed/session_brandon_periodic/sessions/brandon_clapping_002_seg000,30.0,318262.73333333334,29968.86464753415,267304.0,386297.0,318670.0,321968.0,3298.0,4.466666666666667,1.3597385369580761,0.0,0.0,0.0,300.0,300.0,0.8152683333333334,0.4811416969399548,-1.903,2.83,-0.4575266666666666,0.24886084815131645,-1.614,0.348,0.27257,0.699817081264547,-2.14,1.418,-1.9872500000000006,101.96061672284213,-453.51,440.02,-1.4961999999999998,130.4243665086767,-327.52,290.32,3.6727999999999996,29.500362640784225,-116.98,56.52,1.2567566429462735,0.38990159382094963,148.0,14.550675675675675,5.513971081840844,3.0,31.0,15.0,28.0,11.0,18.0,7.0,15.0,3.0,-12.0,12.0,3.578231292517007,25.0,0.00156679758789066
clapping,brandon,combined_all,/Users/tylerchen/Cosmos-Gesture-Recognition-/processed/session_brandon_periodic/sessions/brandon_clapping_002_seg001,30.0,337499.6666666667,35858.34653590275,276320.0,443052.0,289652.0,318500.0,28848.0,4.4,1.2274635093014648,0.0,0.0,0.0,300.0,300.0,0.82679,0.3658988057990695,-1.286,2.484,-0.437865,0.36252549082405533,-2.066,0.608,0.26905166666666663,0.6952321356375496,-2.202,1.403,2.8833500000000005,143.65064826209485,-696.13,504.75,-1.3326666666666673,120.2797687347664,-329.87,265.66,2.1857500000000005,40.66382117165199,-198.22,122.53,1.2458026938800755,0.3799030133965959,141.0,13.609929078014185,9.001605451763583,1.0,43.0,12.0,42.0,7.0,18.0,11.0,20.0,10.0,-10.0,10.0,5.914285714285715,41.0,0.08213108437861204
clapping,brandon,combined_all,/Users/tylerchen/Cosmos-Gesture-Recognition-/processed/session_brandon_periodic/sessions/brandon_clapping_002_seg002,30.0,337573.61666666664,49458.204474364575,278375.0,498083.0,403062.0,286925.0,-116137.0,4.533333333333333,1.746106780494506,0.0,0.0,0.0,301.0,301.0,0.7551594684385382,0.22501084638934954,-1.296,1.838,-0.5935066445182724,0.33604774907272783,-2.341,0.436,0.004191029900332231,0.7488571460874405,-2.579,1.347,-1.0509468438538208,82.07227470665521,-296.64,259.5,-2.015431893687706,94.35578327279558,-290.38,242.68,5.2168770764119605,26.946069874192148,-88.17,61.65,1.232277062451882,0.3582900526699364,147.0,14.73469387755102,6.956889293249096,1.0,38.0,14.0,37.0,9.5,17.5,8.0,6.0,13.0,7.0,7.0,4.102739726027397,22.0,0.05167587212596994
clapping,brandon,combined_all,/Users/tylerchen/Cosmos-Gesture-Recognition-/processed/session_brandon_periodic/sessions/brandon_clapping_003_seg000,30.0,335616.9,47617.54071442581,278345.0,460653.0,330767.0,374319.0,43552.0,4.183333333333334,1.4196700190406795,0.0,0.0,0.0,301.0,301.0,0.8090099667774087,0.4598663725015479,-1.295,3.803,-0.5072458471760798,0.3081263698954485,-3.036,0.332,0.2928521594684385,0.7510250195123368,-3.273,1.724,-1.616860465116279,114.25743711348214,-521.26,480.33,-0.9236710963455134,131.83482712076977,-367.23,238.81,0.8246511627906977,28.47038298555478,-122.71,50.97,1.2963078594800626,0.43312967676470054,143.0,10.947552447552448,5.9418287146586914,1.0,33.0,10.0,32.0,7.0,15.0,8.0,1.0,12.0,11.0,11.0,3.795774647887324,17.0,0.06119701894349784
clapping,brandon,combined_all,/Users/tylerchen/Cosmos-Gesture-Recognition-/processed/session_brandon_periodic/sessions/brandon_clapping_003_seg001,30.0,381193.01666666666,49681.39450681099,293374.0,513945.0,513945.0,383175.0,-130770.0,5.566666666666666,1.6058919293927874,0.0,0.0,0.0,300.0,300.0,0.740435,0.42647593169138753,-2.257,2.609,-0.5335783333333333,0.5616399214477982,-3.698,1.171,0.32996333333333333,0.8587639560287065,-3.625,1.852,-6.291,183.94304319216937,-751.95,716.09,-0.09958333333333429,149.53800824509375,-379.99,294.11,7.109216666666668,47.41739238721438,-197.18,94.27,1.3709598190390915,0.5450609661336276,144.0,12.510416666666666,6.293650021601582,2.0,49.0,11.0,47.0,9.0,15.0,6.0,17.0,17.0,0.0,0.0,3.5244755244755246,23.0,-0.023156297725263165
clapping,brandon,combined_all,/Users/tylerchen/Cosmos-Gesture-Recognition-/processed/session_brandon_periodic/sessions/brandon_clapping_003_seg002,30.0,380963.23333333334,54667.67752379422,282580.0,531863.0,490673.0,331661.0,-159012.0,5.316666666666666,1.6252350257390125,0.0,0.0,0.0,299.0,299.0,0.7868444816053511,0.3261640105618439,-0.787,2.32,-0.4668494983277592,0.6086162490358115,-3.426,1.842,0.2676103678929766,0.7722132459259403,-3.675,1.83,3.444197324414719,178.69926589878136,-717.92,825.86,-0.6866053511705688,145.252634477567,-364.94,215.64,2.1232441471571906,55.744840250148066,-188.94,151.25,1.3158022481441745,0.5004622290082533,139.0,10.244604316546763,6.261906602531038,1.0,31.0,9.0,30.0,6.0,14.5,8.5,12.0,1.0,-11.0,11.0,5.094202898550725,28.0,0.03807587470396358
two_arm_boxing,brandon,combined_all,/Users/tylerchen/Cosmos-Gesture-Recognition-/processed/session_brandon_periodic/sessions/brandon_two_arm_boxing_001_seg000,30.0,491469.98333333334,64333.64338385779,400089.0,700665.0,479116.0,700665.0,221549.0,7.733333333333333,2.379542439676633,0.0,0.0,0.0,300.0,300.0,0.3371,0.7135331410196258,-1.563,1.401,-0.5649099999999999,0.28051840444671955,-1.403,0.12,-0.61955,0.2610515035390526,-1.459,0.132,3.7713666666666654,66.77902781134596,-152.53,135.59,5.039,82.131467990858,-235.08,178.17,-5.445,78.33455039976506,-161.81,207.89,1.1662073846601757,0.33545530645786426,149.0,41.151006711409394,8.706107032156224,21.0,66.0,40.0,45.0,35.0,46.0,11.0,36.0,39.0,3.0,3.0,6.101351351351352,25.0,0.008808271358606899
two_arm_boxing,brandon,combined_all,/Users/tylerchen/Cosmos-Gesture-Recognition-/processed/session_brandon_periodic/sessions/brandon_two_arm_boxing_001_seg001,31.0,477375.3387096774,55567.7882899952,376744.0,619092.0,510794.0,394884.0,-115910.0,8.048387096774194,2.0174834160475905,0.0,0.0,0.0,300.0,300.0,0.4173299999999999,0.7411985571356705,-1.694,1.235,-0.5766150000000001,0.3195266435552232,-1.273,0.367,-0.5577700000000001,0.23084240749914214,-1.526,-0.093,-0.2996333333333344,59.74752389457008,-210.85,140.75,-3.9935,67.87470319210733,-193.33,143.07,8.596433333333334,88.77059976673333,-169.23,175.33,1.1945454593199463,0.30915772638697736,150.0,44.88666666666666,9.23411872058516,16.0,74.0,45.0,58.0,38.0,51.0,13.0,44.0,53.0,9.0,9.0,4.919463087248322,32.0,-0.01021734299302203
two_arm_boxing,brandon,combined_all,/Users/tylerchen/Cosmos-Gesture-Recognition-/processed/session_brandon_periodic/sessions/brandon_two_arm_boxing_001_seg002,30.0,467111.63333333336,42121.42528886642,395691.0,563687.0,437126.0,491277.0,54151.0,8.016666666666667,2.0432136995973336,0.0,0.0,0.0,300.0,300.0,0.3795416666666667,0.6246178544496004,-1.712,0.99,-0.69104,0.3459288996097105,-2.723,0.144,-0.5067099999999999,0.23791101505643908,-1.591,-0.091,6.3404,61.89090431159224,-129.46,321.39,2.672649999999999,53.03678958101473,-163.85,178.5,-10.223400000000002,81.93034246504772,-195.93,263.8,1.146838832003387,0.35988858638863525,150.0,46.60666666666667,10.37620607438652,27.0,99.0,44.25,72.0,39.0,53.75,14.75,51.0,44.0,-7.0,7.0,5.87248322147651,72.0,-0.006384876364875746
two_arm_boxing,brandon,combined_all,/Users/tylerchen/Cosmos-Gesture-Recognition-/processed/session_brandon_periodic/sessions/brandon_two_arm_boxing_002_seg000,30.0,488568.0,64807.776688192804,371197.0,629608.0,435147.0,494769.0,59622.0,8.533333333333333,2.171532996653644,0.0,0.0,0.0,300.0,300.0,0.38572833333333334,0.6247820102754952,-0.875,1.411,-0.588755,0.2515628035733158,-1.15,-0.032,-0.55438,0.2898714006819806,-1.299,0.068,-3.4996333333333314,66.45911661213648,-144.51,151.13,-0.7378000000000015,63.78252841094756,-144.38,127.72,-4.694699999999999,65.63949051379056,-149.82,149.02,1.123920496469886,0.2778858265815026,149.0,46.93624161073826,11.333591632513551,18.0,71.0,46.0,53.0,38.0,56.0,18.0,57.0,51.0,-6.0,6.0,4.878378378378378,23.0,0.0002339923816433512
two_arm_boxing,brandon,combined_all,/Users/tylerchen/Cosmos-Gesture-Recognition-/processed/session_brandon_periodic/sessions/brandon_two_arm_boxing_002_seg001,30.0,486459.06666666665,58463.5967152115,370134.0,632900.0,430203.0,463523.0,33320.0,9.0,1.9321835661585918,0.0,0.0,0.0,300.0,300.0,0.5409733333333333,0.5890809106471614,-1.095,1.182,-0.5655399999999999,0.24415398501765234,-1.233,-0.03,-0.51435,0.25687649594049405,-1.236,0.136,2.720200000000001,70.69301722678603,-172.67,163.85,2.930866666666668,58.21228814648063,-182.26,136.27,0.2932166666666671,61.53799275572007,-178.72,125.46,1.136059490020774,0.24295147348199442,148.0,45.1722972972973,10.732637115286625,8.0,74.0,44.5,66.0,38.0,53.25,15.25,50.0,42.0,-8.0,8.0,4.965986394557823,28.0,0.09469546933592936
two_arm_boxing,brandon,combined_all,/Users/tylerchen/Cosmos-Gesture-Recognition-/processed/session_brandon_periodic/sessions/brandon_two_arm_boxing_002_seg002,30.0,481226.6666666667,60007.57250899442,377144.0,618892.0,518353.0,420230.0,-98123.0,7.466666666666667,1.6428295373802142,0.0,0.0,0.0,300.0,300.0,0.46758833333333333,0.5926196852652542,-0.995,1.273,-0.54144,0.35757266823216044,-1.288,0.404,-0.5281166666666667,0.34158358136121764,-1.532,0.121,-0.6236000000000009,90.23885373573847,-297.74,260.69,-1.2719666666666676,63.17237826612901,-162.79,180.91,-4.435716666666667,80.58006249110088,-182.68,147.22,1.1388663139322617,0.2990359562945729,149.0,44.946308724832214,12.171652508839417,7.0,80.0,44.0,73.0,37.0,52.0,15.0,37.0,40.0,3.0,3.0,6.452702702702703,56.0,-0.0034953745692001673
two_arm_boxing,brandon,combined_all,/Users/tylerchen/Cosmos-Gesture-Recognition-/processed/session_brandon_periodic/sessions/brandon_two_arm_boxing_003_seg000,30.0,502616.2166666667,54327.769473153,403208.0,623595.0,425625.0,552576.0,126951.0,8.516666666666667,1.6657497477779257,0.0,0.0,0.0,300.0,300.0,0.34169666666666665,0.5052868472352005,-0.838,1.014,-0.6529200000000001,0.28419173152410093,-1.353,-0.033,-0.5838633333333333,0.21807883434411715,-1.231,-0.167,2.7826999999999984,55.604392485756016,-128.12,154.79,-3.1811666666666665,47.55223875177231,-142.4,88.29,1.6483999999999999,71.35428887908562,-121.43,160.41,1.0891515641780343,0.2852096017233779,149.0,46.281879194630875,10.459594416787194,16.0,69.0,46.0,53.0,39.0,55.0,16.0,41.0,37.0,-4.0,4.0,5.5,32.0,-0.00038635951387664736
two_arm_boxing,brandon,combined_all,/Users/tylerchen/Cosmos-Gesture-Recognition-/processed/session_brandon_periodic/sessions/brandon_two_arm_boxing_003_seg001,30.0,501463.73333333334,54672.417403222826,380548.0,592748.0,496820.0,510912.0,14092.0,9.166666666666666,2.00554786086551,0.0,0.0,0.0,299.0,299.0,0.556361204013378,0.354396311755415,-0.55,1.113,-0.651175585284281,0.20537693571818597,-1.209,-0.185,-0.5413361204013378,0.1934628676780973,-1.095,-0.183,-3.687541806020066,38.20616481442291,-136.48,118.96,-3.622374581939799,38.9602848556527,-126.93,85.79,0.6796655518394665,50.71733431370526,-101.84,173.35,1.0865872583964444,0.22615187380227014,149.0,44.355704697986575,9.71418998843582,11.0,69.0,43.0,58.0,38.0,50.0,12.0,37.0,55.0,18.0,18.0,5.0675675675675675,45.0,-0.0046611040570772285
two_arm_boxing,brandon,combined_all,/Users/tylerchen/Cosmos-Gesture-Recognition-/processed/session_brandon_periodic/sessions/brandon_two_arm_boxing_003_seg002,30.0,492247.76666666666,65017.227243084504,387109.0,629174.0,502492.0,473404.0,-29088.0,8.633333333333333,2.183015244004392,0.0,0.0,0.0,301.0,301.0,0.3810730897009967,0.5406219944076429,-1.199,1.15,-0.6606478405315616,0.3066312115619912,-1.872,0.225,-0.523093023255814,0.22372690322594765,-1.532,-0.085,6.846445182724253,58.573896885330875,-180.24,208.56,-1.7748172757475085,44.80755849988665,-149.11,109.68,-0.4167441860465103,73.28035968556324,-151.52,212.53,1.107926810732665,0.2532692833730084,150.0,45.846666666666664,11.3803885631324,22.0,73.0,46.0,51.0,38.0,54.0,16.0,54.0,50.0,-4.0,4.0,5.033557046979865,51.0,0.054133961509400565
soli,brandon,combined_all,/Users/tylerchen/Cosmos-Gesture-Recognition-/processed/session_brandon_periodic/sessions/brandon_soli_001_seg000,30.0,271466.45,18838.298264594745,244009.0,309446.0,307912.0,272089.0,-35823.0,1.1666666666666667,1.4161763857498668,0.0,0.0,0.0,300.0,300.0,0.38906333333333337,0.061220701745587844,0.168,0.599,-0.8783599999999999,0.09364303395024857,-1.218,-0.676,0.30339333333333335,0.12686940249283468,0.055,0.687,0.9630666666666665,45.230964393089046,-104.8,104.34,-0.4797666666666661,37.03465075140967,-90.76,102.33,-0.5104333333333335,17.049602560731113,-47.06,36.26,1.0160103379210963,0.10615984321547323,149.0,67.39261744966443,2.003850818465892,61.0,71.0,68.0,10.0,66.0,69.0,3.0,67.0,67.0,0.0,0.0,1.635135135135135,8.0,0.004322510429892755
soli,brandon,combined_all,/Users/tylerchen/Cosmos-Gesture-Recognition-/processed/session_brandon_periodic/sessions/brandon_soli_001_seg001,30.0,266032.0,14680.895020399812,243055.0,291622.0,256671.0,291622.0,34951.0,0.7,0.862167810425171,0.0,0.0,0.0,300.0,300.0,0.413195,0.0821529852988832,-0.178,0.618,-0.8805283333333334,0.10454181084973006,-1.22,-0.6,0.2542883333333333,0.12797129638017357,-0.203,0.688,-1.978116666666667,45.44891015785075,-98.33,169.87,0.08129999999999958,28.721651518961558,-148.29,65.89,-0.3172666666666667,17.22041383152243,-45.14,50.23,1.0164940475578224,0.10731923165593024,148.0,66.95945945945945,1.6209864233669085,63.0,70.0,67.0,7.0,66.0,68.0,2.0,68.0,69.0,1.0,1.0,1.5850340136054422,6.0,0.006542976341634135
soli,brandon,combined_all,/Users/tylerchen/Cosmos-Gesture-Recognition-/processed/session_brandon_periodic/sessions/brandon_soli_001_seg002,30.0,271577.7,14202.339927866346,250141.0,299522.0,281882.0,254535.0,-27347.0,1.1,1.3503086067019396,0.0,0.0,0.0,299.0,299.0,0.3874581939799331,0.049046736168762074,0.186,0.503,-0.8837976588628762,0.07147282404144163,-1.184,-0.633,0.2969214046822743,0.07952992964327113,0.104,0.495,1.8060535117056855,34.059660470735054,-113.59,93.72,3.174715719063545,20.468719674660974,-34.61,71.66,0.5145484949832775,10.572664572726248,-46.21,24.38,1.0141464411167234,0.06877809997958967,148.0,64.79054054054055,2.3415890249167535,57.0,70.0,64.0,13.0,63.0,67.0,4.0,69.0,62.0,-7.0,7.0,1.870748299319728,10.0,-0.031941200205821495
soli,brandon,combined_all,/Users/tylerchen/Cosmos-Gesture-Recognition-/processed/session_brandon_periodic/sessions/brandon_soli_002_seg000,30.0,289980.4,31257.554080680504,253145.0,401025.0,285789.0,258924.0,-26865.0,1.0333333333333334,1.4203546766239084,0.0,0.0,0.0,300.0,300.0,0.4560199999999999,0.058587751279597686,0.266,0.637,-0.8181049999999999,0.06465831448783217,-1.011,-0.588,0.373535,0.07206234843548354,0.128,0.524,0.033249999999999696,20.652338181285106,-74.62,42.79,-0.6670999999999998,20.13364732456591,-42.91,52.13,0.45484999999999975,13.265301914927027,-44.56,28.2,1.0133501240660123,0.05202074586010615,150.0,60.406666666666666,2.7958422310210254,52.0,68.0,61.0,16.0,58.625,62.0,3.375,58.0,61.0,3.0,3.0,2.248322147651007,11.0,0.012192541890750462
soli,brandon,combined_all,/Users/tylerchen/Cosmos-Gesture-Recognition-/processed/session_brandon_periodic/sessions/brandon_soli_002_seg001,30.0,327130.5833333333,27615.68168513539,257007.0,381243.0,304748.0,321205.0,16457.0,3.45,1.724093964956667,0.0,0.0,0.0,300.0,300.0,0.421725,0.051837227658279486,0.289,0.641,-0.8499533333333334,0.06654886291707436,-1.013,-0.664,0.34032999999999997,0.07414001292599473,0.109,0.573,-2.4699666666666666,16.678207797924237,-69.83,31.19,0.28873333333333345,15.43428107802743,-45.14,40.62,-0.9875999999999997,9.33370120798818,-26.98,32.41,1.012126972155059,0.06564096624209219,150.0,59.016666666666666,2.7928580215277026,51.0,64.0,59.5,13.0,57.0,61.0,4.0,60.0,52.0,-8.0,8.0,1.5973154362416107,9.0,-0.042948575492244026
soli,brandon,combined_all,/Users/tylerchen/Cosmos-Gesture-Recognition-/processed/session_brandon_periodic/sessions/brandon_soli_002_seg002,30.0,315087.73333333334,29781.758114583427,267225.0,379184.0,370767.0,268126.0,-102641.0,3.4166666666666665,1.4948987330994106,0.0,0.0,0.0,300.0,300.0,0.40931166666666663,0.05686441796550419,0.167,0.576,-0.8673233333333333,0.07037471986655645,-1.07,-0.648,0.30761000000000005,0.08420219234851486,0.106,0.522,-1.3553666666666666,15.755087037231522,-47.06,50.97,-4.188366666666667,21.43640295538306,-46.42,64.39,2.03185,11.46990960415556,-30.46,29.97,1.0126747944830974,0.0646192707762472,150.0,50.62,2.7038873333423856,44.0,60.0,50.0,16.0,49.0,52.0,3.0,60.0,48.0,-12.0,12.0,2.3221476510067114,10.0,-0.021584959331526116
soli,brandon,combined_all,/Users/tylerchen/Cosmos-Gesture-Recognition-/processed/session_brandon_periodic/sessions/brandon_soli_003_seg000,30.0,278872.7,16452.53492353078,250729.0,315716.0,289553.0,278442.0,-11111.0,0.8333333333333334,1.0979779394667069,0.0,0.0,0.0,300.0,300.0,0.50966,0.04216591734072894,0.391,0.639,-0.800115,0.04767110524206461,-0.957,-0.698,0.34313,0.05539867417186083,0.173,0.559,-0.3385999999999999,14.417135754834707,-45.35,26.12,0.8192666666666666,12.231231804778382,-28.96,35.34,-1.4103666666666668,7.1027262511579945,-17.0,18.74,1.0112851724292775,0.04579669977052679,150.0,57.84,2.3260416588396944,51.0,64.0,58.0,13.0,56.0,59.75,3.75,55.0,56.0,1.0,1.0,2.046979865771812,7.0,-0.016512733899284704
soli,brandon,combined_all,/Users/tylerchen/Cosmos-Gesture-Recognition-/processed/session_brandon_periodic/sessions/brandon_soli_003_seg001,30.0,274536.76666666666,17528.407922918217,245680.0,323178.0,276109.0,261908.0,-14201.0,0.9333333333333333,1.2892719737209146,0.0,0.0,0.0,300.0,300.0,0.5270133333333333,0.03015217896431859,0.427,0.622,-0.7868283333333334,0.04437805047418024,-0.949,-0.658,0.35187,0.049082611275579356,0.178,0.528,-0.4118,11.964574157068858,-47.58,34.15,-0.9917000000000001,10.900363393483724,-28.93,36.81,-0.40796666666666664,5.963183394705289,-14.44,16.63,1.0121625286537808,0.038328320159140415,150.0,55.14333333333333,2.4769654704566335,48.0,61.0,55.0,13.0,53.0,57.0,4.0,57.0,51.0,-6.0,6.0,2.684563758389262,10.0,-0.003903284590426295
soli,brandon,combined_all,/Users/tylerchen/Cosmos-Gesture-Recognition-/processed/session_brandon_periodic/sessions/brandon_soli_003_seg002,30.0,271012.38333333336,18288.313507849456,246530.0,312700.0,263832.0,300064.0,36232.0,1.1333333333333333,1.175679472569893,0.0,0.0,0.0,300.0,300.0,0.5240516666666667,0.05178266921041784,0.36,0.683,-0.7843233333333334,0.07402701891626887,-1.053,-0.589,0.35781500000000005,0.05915533175462715,0.168,0.506,0.04516666666666673,16.749169142743238,-69.43,38.51,2.288633333333333,16.865591020345406,-42.63,62.59,-1.0467666666666666,13.657610450302872,-45.01,39.58,1.0135029718928832,0.047930557807115116,150.0,56.50333333333333,2.952928626302335,46.0,62.0,57.0,16.0,55.0,59.0,4.0,56.0,53.0,-3.0,3.0,2.1677852348993287,9.0,-0.02891417396328752
palm_up_down,brandon,combined_all,/Users/tylerchen/Cosmos-Gesture-Recognition-/processed/session_brandon_periodic/sessions/brandon_palm_up_down_001_seg000,30.0,355610.98333333334,40859.064393857436,298517.0,478420.0,327674.0,358014.0,30340.0,5.05,1.3683932183404008,0.0,0.0,0.0,300.0,300.0,0.5287433333333333,0.5325262927363827,-0.957,1.676,-0.2818683333333333,0.34523335609973854,-1.261,0.427,-0.24883166666666673,0.6309828517193545,-1.538,1.128,7.375733333333333,68.58480799453628,-218.36,264.99,-20.859233333333332,252.72141341751305,-603.87,496.84,-2.6880333333333337,125.8569004986704,-289.25,292.03,1.0661578824900126,0.2918107599188424,150.0,53.22666666666667,3.311859241137766,45.0,59.0,54.0,14.0,51.0,56.0,5.0,53.0,48.0,-5.0,5.0,2.1543624161073827,9.0,-0.009945330903596
palm_up_down,brandon,combined_all,/Users/tylerchen/Cosmos-Gesture-Recognition-/processed/session_brandon_periodic/sessions/brandon_palm_up_down_001_seg001,30.0,326923.0,46006.434689798196,278603.0,479045.0,279150.0,279902.0,752.0,3.466666666666667,2.2320892057044275,0.0,0.0,0.0,300.0,300.0,0.7142999999999999,0.5738548918078958,-1.857,1.848,-0.22658500000000004,0.3905210518546557,-1.578,1.131,-0.2677116666666667,0.4753592652200602,-1.167,1.319,0.5328,62.06010962091511,-240.33,189.95,12.568366666666666,180.54225627905566,-739.65,671.93,-8.950866666666666,115.65879458670183,-436.81,462.63,1.1284789263453485,0.25990894812023646,150.0,53.093333333333334,2.864025108309821,45.0,60.0,54.0,15.0,51.0,55.0,4.0,52.0,56.0,4.0,4.0,2.2013422818791946,8.0,-0.003543268589715144
palm_up_down,brandon,combined_all,/Users/tylerchen/Cosmos-Gesture-Recognition-/processed/session_brandon_periodic/sessions/brandon_palm_up_down_001_seg002,30.0,319505.38333333336,36063.55103510176,267340.0,397645.0,333070.0,325510.0,-7560.0,3.6333333333333333,1.6829207415152447,0.0,0.0,0.0,300.0,300.0,0.8571483333333333,0.5170273820897261,-1.851,2.527,-0.30918166666666663,0.5518072590713979,-3.468,1.698,-0.18882666666666667,0.5389818224722941,-1.511,2.204,-3.246033333333332,83.1741811723535,-457.01,274.45,-0.9171333333333348,90.78647723339027,-380.72,197.94,-0.254799999999999,82.55811682865188,-168.19,341.65,1.2324219596124588,0.4576004390276744,149.0,52.61409395973154,2.797272323276977,44.0,60.0,53.0,16.0,51.0,54.0,3.0,54.0,58.0,4.0,4.0,2.1216216216216215,9.0,0.0021621621621620494
palm_up_down,brandon,combined_all,/Users/tylerchen/Cosmos-Gesture-Recognition-/processed/session_brandon_periodic/sessions/brandon_palm_up_down_002_seg000,30.0,332816.76666666666,43799.45928637577,258917.0,438884.0,396112.0,263380.0,-132732.0,4.15,1.5553670520705607,0.0,0.0,0.0,300.0,300.0,0.79983,0.27373032076737025,-0.778,1.597,-0.2681733333333333,0.3882030610675581,-1.515,0.446,-0.18181333333333333,0.45291412558624794,-1.24,0.695,3.7899833333333337,52.82064452544152,-194.49,195.62,-7.1315333333333335,134.99595858512046,-304.09,336.47,1.3407333333333329,112.33101799946245,-209.81,301.19,1.0653643558368997,0.20114908248933727,150.0,52.42,2.9702552259667097,43.0,59.0,52.0,16.0,50.0,54.0,4.0,56.0,53.0,-3.0,3.0,2.2348993288590604,9.0,-0.005470465354015764
palm_up_down,brandon,combined_all,/Users/tylerchen/Cosmos-Gesture-Recognition-/processed/session_brandon_periodic/sessions/brandon_palm_up_down_002_seg001,30.0,384063.3333333333,61256.21449960993,283901.0,555657.0,296218.0,555657.0,259439.0,5.2,2.3860706890897707,0.0,0.0,0.0,300.0,300.0,-0.06708833333333336,0.912821261317838,-2.01,2.341,-0.17465666666666668,0.4861609102352232,-1.236,1.15,-0.3805033333333333,0.650226983436468,-1.458,2.161,0.7477666666666676,77.19793276217287,-310.1,214.18,-1.638133333333335,343.75239374659714,-931.33,922.88,0.49859999999999977,206.2523499196393,-425.31,647.42,1.2411782703150305,0.3628433538038702,150.0,57.336666666666666,2.96879558130556,49.0,63.0,58.0,14.0,55.0,60.0,5.0,52.0,57.0,5.0,5.0,2.2751677852348995,6.0,0.014524201075603442
palm_up_down,brandon,combined_all,/Users/tylerchen/Cosmos-Gesture-Recognition-/processed/session_brandon_periodic/sessions/brandon_palm_up_down_002_seg002,30.0,398278.2,46054.892622029496,311390.0,499581.0,400202.0,475642.0,75440.0,6.333333333333333,1.9550504398153572,0.0,0.0,0.0,300.0,300.0,0.06972999999999999,0.8914498773159749,-2.148,1.91,-0.11596666666666663,0.573940065589508,-2.24,1.123,-0.28680999999999995,0.6769879619067585,-1.567,1.708,4.963650000000001,95.03406824972909,-368.21,266.12,-9.04683333333333,364.9288648247841,-905.61,905.06,10.727533333333334,225.34119923185128,-435.47,653.31,1.228580042194385,0.41661058546518304,150.0,56.85,3.249548239123288,49.0,65.0,57.0,16.0,54.0,59.0,5.0,57.0,52.0,-5.0,5.0,2.0067114093959733,7.0,-0.04855771367616359
palm_up_down,brandon,combined_all,/Users/tylerchen/Cosmos-Gesture-Recognition-/processed/session_brandon_periodic/sessions/brandon_palm_up_down_003_seg000,30.0,333367.86666666664,39969.31842695789,270454.0,424216.0,294957.0,318166.0,23209.0,3.6333333333333333,2.040969268645551,0.0,0.0,0.0,299.0,299.0,0.5003745819397993,0.6116344310356623,-1.535,2.421,-0.3021555183946489,0.6235414875399985,-2.761,1.451,-0.46206856187290973,0.6489273960668939,-1.968,1.771,4.420367892976588,95.08141270689856,-425.49,349.31,-9.782709030100337,198.87121070854178,-680.23,403.52,2.966454849498327,153.3172022850955,-327.74,485.27,1.2350694865801282,0.4623752026394117,150.0,51.153333333333336,2.992129870729371,44.0,59.0,51.0,15.0,49.0,53.0,4.0,55.0,47.0,-8.0,8.0,2.5503355704697985,8.0,-0.019911996088715227
palm_up_down,brandon,combined_all,/Users/tylerchen/Cosmos-Gesture-Recognition-/processed/session_brandon_periodic/sessions/brandon_palm_up_down_003_seg001,30.0,351093.13333333336,36869.78803549353,293134.0,444375.0,299620.0,345800.0,46180.0,4.5,1.707825127659933,0.0,0.0,0.0,301.0,301.0,0.28630398671096347,0.7412640732734386,-1.316,1.987,-0.2428189368770764,0.4542026578802108,-1.689,0.961,-0.4017906976744186,0.5726031303589385,-1.822,1.45,-2.913986710963458,79.20746273475056,-282.05,300.27,-17.89990033222591,284.34453775041123,-744.71,701.07,9.535016611295681,168.78674959531986,-338.69,442.03,1.120355014546218,0.36168804331879406,150.0,50.36333333333334,3.50806410940206,42.0,59.0,50.0,17.0,48.0,53.0,5.0,51.0,48.0,-3.0,3.0,2.3959731543624163,9.0,-0.021069677170837138
palm_up_down,brandon,combined_all,/Users/tylerchen/Cosmos-Gesture-Recognition-/processed/session_brandon_periodic/sessions/brandon_palm_up_down_003_seg002,30.0,347493.63333333336,51928.66120200118,266953.0,490834.0,354171.0,311814.0,-42357.0,4.333333333333333,2.0548046676563256,0.0,0.0,0.0,299.0,299.0,0.2703277591973244,0.7372033997655829,-1.48,1.969,-0.33870903010033443,0.4403495711000019,-2.631,1.588,-0.5214548494983278,0.5316966175479527,-1.499,1.058,3.418829431438128,72.04340003495341,-344.19,335.61,12.586789297658866,258.1848176246984,-774.93,774.53,-9.378277591973248,131.47259537555402,-389.39,467.57,1.1587580062842697,0.3702348415633072,150.0,49.653333333333336,2.969112683407463,42.0,58.0,49.83333333333333,16.0,47.0,52.0,5.0,47.0,49.0,2.0,2.0,2.2684563758389262,10.0,0.0024860364164332434
pull,student1,combined_all,/Users/tylerchen/Cosmos-Gesture-Recognition-/processed/session_ian_discrete/sessions/student1_pull_001,30.0,411811.5333333333,90341.37367848441,299576.0,587214.0,319362.0,335701.0,16339.0,5.633333333333334,2.6643740144523425,0.0,0.0,0.0,300.0,300.0,0.7740716666666665,0.11562285975196351,0.486,1.082,-0.00446,0.1091828515228773,-0.218,0.3,-0.6019500000000001,0.13753254463338246,-0.906,-0.188,-0.8542833333333336,19.1071076584009,-51.12,55.73,7.414066666666668,17.854504271907288,-49.99,65.46,-2.4515333333333333,21.54512657150619,-36.32,69.31,1.0015201068091149,0.05208508894484181,149.0,71.13087248322148,6.0553181822001445,52.0,84.0,72.0,32.0,68.0,75.0,7.0,77.0,67.0,-10.0,10.0,2.7567567567567566,20.0,-0.07370034463994271
pull,student1,combined_all,/Users/tylerchen/Cosmos-Gesture-Recognition-/processed/session_ian_discrete/sessions/student1_pull_002,30.0,444382.86666666664,99988.09805662982,308116.0,656496.0,380948.0,332376.0,-48572.0,6.833333333333333,2.1921577396609844,0.0,0.0,0.0,300.0,300.0,0.85393,0.12848348181770292,0.511,1.154,0.09031166666666668,0.14144384173193575,-0.288,0.473,-0.4566983333333333,0.18799638249326917,-0.894,-0.009,-4.831500000000001,24.1283160777954,-85.85,55.36,8.763633333333333,14.557506006600931,-25.42,51.0,-1.5886333333333331,21.90059213352207,-42.73,62.35,1.004920410687406,0.08898304998063238,150.0,77.9,6.077550038199258,64.0,92.0,79.0,28.0,73.0,82.58333333333334,9.583333333333343,79.0,69.0,-10.0,10.0,2.738255033557047,20.0,-0.09795872409144143
pull,student1,combined_all,/Users/tylerchen/Cosmos-Gesture-Recognition-/processed/session_ian_discrete/sessions/student1_pull_003,30.0,411387.3,69234.03503920596,319737.0,565771.0,371783.0,381716.0,9933.0,5.433333333333334,1.7829438827088442,0.0,0.0,0.0,301.0,301.0,0.71543853820598,0.1513924528960293,0.412,1.182,0.12649667774086382,0.13151774379331554,-0.167,0.396,-0.6669800664451827,0.16727100060237726,-0.991,-0.321,-9.32003322259136,23.298258864384117,-78.07,51.15,4.841162790697673,19.844346500116565,-69.73,37.97,-3.2123255813953486,19.92765763399496,-60.03,49.44,1.0139672515678781,0.1130606588596158,150.0,70.01333333333334,4.962931947176412,59.0,86.0,70.0,27.0,68.0,72.0,4.0,75.0,84.0,9.0,9.0,2.1543624161073827,7.0,-0.004556646962087672
pull,student1,combined_all,/Users/tylerchen/Cosmos-Gesture-Recognition-/processed/session_ian_discrete/sessions/student1_pull_004,31.0,398317.5806451613,47553.117353498616,322954.0,508177.0,322954.0,356314.0,33360.0,5.806451612903226,1.941388841720139,0.0,0.0,0.0,302.0,302.0,0.7540596026490065,0.11994450879154946,0.447,1.047,0.00048675496688741654,0.08252078700633711,-0.23,0.202,-0.6431506622516556,0.11623661918102346,-0.953,-0.256,-3.774652317880794,16.987431815816006,-59.91,34.91,5.122086092715231,16.5160496726294,-48.34,42.85,0.6618543046357612,20.673324043925074,-32.84,71.35,1.0051214656405807,0.08177439731893793,151.0,70.21523178807946,3.8511945911949774,63.0,80.0,69.0,17.0,68.0,72.0,4.0,75.0,72.0,-3.0,3.0,2.42,11.0,-0.013014987800627775
pull,student1,combined_all,/Users/tylerchen/Cosmos-Gesture-Recognition-/processed/session_ian_discrete/sessions/student1_pull_005,31.0,428012.4516129032,53315.09642082958,331760.0,506699.0,351062.0,479252.0,128190.0,6.82258064516129,1.668244137277537,0.0,0.0,0.0,302.0,302.0,0.7447516556291391,0.12547610780720392,0.519,1.089,0.02880132450331126,0.12352617331939993,-0.304,0.337,-0.6368211920529802,0.1435663349501872,-0.9,-0.122,-8.758029801324504,19.734728285581596,-82.43,30.46,7.366688741721854,14.181842939759944,-45.63,49.04,2.7285430463576152,19.39789735302117,-52.13,73.09,1.0050534414140397,0.05007611268331191,151.0,71.34437086092716,5.447074269876008,59.0,84.0,71.0,25.0,67.0,76.0,9.0,77.0,66.0,-11.0,11.0,1.74,10.0,-0.1136179853607533
pull,student1,combined_all,/Users/tylerchen/Cosmos-Gesture-Recognition-/processed/session_ian_discrete/sessions/student1_pull_006,30.0,401691.4666666667,75077.11342132514,334779.0,637032.0,393210.0,486599.0,93389.0,5.1,1.598957994028194,0.0,0.0,0.0,300.0,300.0,0.6585316666666667,0.09679368865731323,0.452,0.889,0.07482,0.08462454884173189,-0.137,0.435,-0.729695,0.09900349990539989,-0.894,-0.48,-0.2839666666666665,12.045866563496192,-39.8,29.3,5.6447666666666665,9.643317839081918,-24.63,25.06,-6.028766666666667,9.844595004987367,-31.74,22.31,0.9980734479700645,0.04356832919677651,150.0,73.5,4.911293655354719,66.0,92.0,73.0,26.0,69.0,76.75,7.75,92.0,78.0,-14.0,14.0,2.0671140939597317,9.0,-0.08998088803946859
pull,student1,combined_all,/Users/tylerchen/Cosmos-Gesture-Recognition-/processed/session_ian_discrete/sessions/student1_pull_007,30.0,374440.93333333335,58274.55440638068,288226.0,507450.0,368419.0,329066.0,-39353.0,5.166666666666667,2.266911751455907,0.0,0.0,0.0,300.0,300.0,0.6888816666666666,0.12950000063277564,0.295,1.038,0.02950333333333333,0.10987151919232586,-0.283,0.443,-0.7000816666666666,0.12818624000590645,-0.935,-0.306,0.5063166666666667,16.79503606773111,-56.34,47.61,4.978183333333335,12.75618941728768,-19.9,29.24,-1.212166666666667,19.264669345001025,-24.93,76.42,1.0039375718721717,0.054090684537900786,150.0,69.55333333333333,6.563983258036408,47.0,83.0,69.0,36.0,66.0,75.0,9.0,61.0,68.0,7.0,7.0,1.7248322147651007,11.0,-0.10041631479917647
pull,student1,combined_all,/Users/tylerchen/Cosmos-Gesture-Recognition-/processed/session_ian_discrete/sessions/student1_pull_008,30.0,369484.61666666664,41662.70114656581,305948.0,450674.0,320948.0,350940.0,29992.0,4.633333333333334,1.8526257642120336,0.0,0.0,0.0,301.0,301.0,0.6543521594684386,0.10317573099055981,0.466,0.938,0.05146179401993355,0.09039525262119281,-0.142,0.294,-0.7347358803986711,0.1067299841012252,-0.902,-0.398,-1.2254152823920266,14.540576822437329,-47.49,38.73,7.8543189368770765,12.338772047189241,-24.66,47.73,-1.6371760797342192,17.245649699379655,-34.27,46.57,0.9997884670930534,0.0359544507095472,150.0,69.01333333333334,5.738702548061107,57.0,80.0,69.0,23.0,64.0,73.0,9.0,77.0,57.0,-20.0,20.0,2.2684563758389262,10.0,-0.11448508822614388
push,student1,combined_all,/Users/tylerchen/Cosmos-Gesture-Recognition-/processed/session_ian_discrete/sessions/student1_push_001,31.0,403905.0483870968,75236.54870970399,310475.0,661915.0,342530.0,367158.0,24628.0,5.338709677419355,2.255413190004945,0.0,0.0,0.0,302.0,302.0,0.6653526490066225,0.11213833573493374,0.352,0.943,0.016415562913907288,0.09135434425767257,-0.231,0.323,-0.7229337748344371,0.13114090136787393,-1.052,-0.34,-0.8313245033112584,15.324085127688956,-71.87,42.36,-3.2213576158940396,23.830824878338653,-90.43,65.25,0.6618543046357616,19.399582329905954,-38.97,51.3,1.0005995838108817,0.05015867310344173,151.0,70.09933774834437,4.9983396801837,56.0,80.0,70.0,24.0,67.0,74.0,7.0,62.0,71.0,9.0,9.0,2.2066666666666666,8.0,0.07225514116416831
push,student1,combined_all,/Users/tylerchen/Cosmos-Gesture-Recognition-/processed/session_ian_discrete/sessions/student1_push_002,30.0,409661.4666666667,90804.90825050275,299453.0,581518.0,344122.0,299453.0,-44669.0,5.133333333333332,2.6226929897566205,0.0,0.0,0.0,302.0,302.0,0.6438841059602649,0.13880817263689404,0.447,0.928,0.03103807947019869,0.07825689593815026,-0.157,0.244,-0.7368460264900663,0.13258930628010826,-0.93,-0.466,1.4824172185430464,12.621600695934772,-52.43,34.67,-5.688791390728476,15.366800493768226,-41.84,27.56,0.7225827814569541,15.310640219313706,-28.47,42.05,0.9992168662179906,0.055041802274768445,151.0,75.36092715231788,5.350127394245658,64.0,87.0,76.0,23.0,71.0,80.0,9.0,69.0,77.0,8.0,8.0,2.0533333333333332,6.0,0.07492331822934759
push,student1,combined_all,/Users/tylerchen/Cosmos-Gesture-Recognition-/processed/session_ian_discrete/sessions/student1_push_003,31.0,412079.48387096776,65846.18703677531,290414.0,557683.0,433401.0,307938.0,-125463.0,5.725806451612903,2.093918651088846,0.0,0.0,0.0,301.0,301.0,0.6495764119601328,0.1591320649484797,0.315,1.087,0.061697674418604645,0.08665342218277948,-0.147,0.362,-0.7404152823920266,0.149397094993049,-1.062,-0.261,-1.4644186046511627,13.624432692417642,-33.97,50.81,-6.434983388704319,11.372369605681529,-42.02,22.83,1.1696345514950168,16.098624552769472,-47.0,54.51,1.0098142196322444,0.09694055856537276,151.0,74.32450331125828,8.780366103888966,51.0,93.0,77.0,42.0,69.5,81.0,11.5,61.0,85.0,24.0,24.0,3.0533333333333332,27.0,0.12888811432554845
push,student1,combined_all,/Users/tylerchen/Cosmos-Gesture-Recognition-/processed/session_ian_discrete/sessions/student1_push_004,30.0,414120.81666666665,79301.17927627594,299771.0,584088.0,347777.0,302018.0,-45759.0,5.083333333333333,2.483557036904036,0.0,0.0,0.0,300.0,300.0,0.7115666666666667,0.08746738757324862,0.527,0.92,0.06697666666666666,0.075808889906718,-0.115,0.241,-0.6841133333333332,0.09544831317990324,-0.936,-0.445,1.7904333333333329,10.380556607373657,-38.21,28.2,-3.0955833333333334,15.19765370848591,-49.23,41.32,1.093133333333333,12.334174888585869,-21.03,32.59,0.998972600206607,0.0581868029406178,150.0,74.06333333333333,6.303641396414149,53.0,88.0,75.0,35.0,71.0,78.0,7.0,61.0,82.0,21.0,21.0,2.9060402684563758,21.0,0.020919151962309368
push,student1,combined_all,/Users/tylerchen/Cosmos-Gesture-Recognition-/processed/session_ian_discrete/sessions/student1_push_005,31.0,407327.12903225806,56247.832253852626,301914.0,529973.0,301914.0,380541.0,78627.0,5.838709677419355,1.743129817562103,0.0,0.0,0.0,301.0,301.0,0.7869750830564783,0.07338647668706595,0.487,0.922,0.05489700996677741,0.08749029427957644,-0.189,0.266,-0.594812292358804,0.10404442005179577,-0.892,-0.38,2.8292026578073086,12.012420127177851,-25.57,34.42,-4.1749833887043195,18.486204357327743,-44.89,46.39,0.997009966777409,11.477069773883274,-30.12,30.3,0.9990697256999761,0.0432455464011744,151.0,70.24834437086092,6.1226013458837985,53.0,88.0,69.0,35.0,67.0,72.0,5.0,68.0,84.0,16.0,16.0,2.2933333333333334,9.0,0.10883583130010399
push,student1,combined_all,/Users/tylerchen/Cosmos-Gesture-Recognition-/processed/session_ian_discrete/sessions/student1_push_006,30.0,422509.4,77031.34251311822,304361.0,577625.0,341653.0,304361.0,-37292.0,6.433333333333334,3.363364717395695,0.0,0.0,0.0,301.0,301.0,0.658141196013289,0.123037096331361,0.312,0.845,0.07896013289036545,0.09768755553595322,-0.416,0.352,-0.7242524916943521,0.12718609081361557,-0.976,-0.446,-1.0633388704318936,11.828562223864653,-40.53,27.8,-4.9132890365448505,16.060466603467937,-58.14,20.2,1.307308970099668,18.02126115330723,-85.67,43.03,1.000331478755593,0.06419056074443362,150.0,73.76333333333334,5.937791791958795,62.0,90.0,72.0,28.0,69.0,78.0,9.0,71.0,66.0,-5.0,5.0,2.476510067114094,15.0,0.057292324103293435
push,student1,combined_all,/Users/tylerchen/Cosmos-Gesture-Recognition-/processed/session_ian_discrete/sessions/student1_push_007,30.0,412841.5,70905.70012523676,301500.0,561009.0,311760.0,353122.0,41362.0,5.316666666666666,1.7629678260125894,0.0,0.0,0.0,301.0,301.0,0.6672076411960133,0.11674563843859882,0.468,0.91,0.03402823920265781,0.1217441933396562,-0.327,0.308,-0.716421926910299,0.12431796172045141,-1.004,-0.401,-1.5894850498338868,14.733989074149333,-42.33,82.67,-6.965548172757475,13.488114595106904,-44.89,13.58,4.331694352159468,16.350712241883485,-35.28,70.77,1.0005477153270248,0.04893620906859515,150.0,74.20666666666666,6.750388173443808,51.0,88.0,76.0,37.0,70.0,79.0,9.0,66.0,74.0,8.0,8.0,2.61744966442953,14.0,0.07972265434019254
push,student1,combined_all,/Users/tylerchen/Cosmos-Gesture-Recognition-/processed/session_ian_discrete/sessions/student1_push_008,30.0,385082.0,48404.60895272956,305261.0,498545.0,322736.0,366954.0,44218.0,5.416666666666667,1.8352262954621033,0.0,0.0,0.0,301.0,301.0,0.691171096345515,0.14218763559492004,0.425,0.919,0.041999999999999996,0.07828099144276635,-0.192,0.211,-0.6924883720930232,0.13416764564099604,-0.962,-0.456,5.787691029900333,13.957621147860236,-23.44,43.86,-8.773720930232559,11.661669647979163,-51.52,12.57,0.5767441860465106,15.611818635060672,-41.35,40.28,1.0008844572382412,0.039976588656388125,150.0,73.53666666666666,4.014741200288576,66.0,86.0,73.0,20.0,70.625,76.0,5.375,75.0,72.0,-3.0,3.0,2.0067114093959733,10.0,0.0536275686326796
clockwise,student1,combined_all,/Users/tylerchen/Cosmos-Gesture-Recognition-/processed/session_ian_discrete/sessions/student1_clockwise_001,30.0,490933.7,83717.24057968386,390029.0,749087.0,420112.0,591337.0,171225.0,7.566666666666666,1.7829438827088442,0.0,0.0,0.0,299.0,299.0,0.2969615384615384,0.6138777159628699,-1.269,0.996,-0.16675083612040137,0.4958859700326484,-1.066,0.709,-0.5022642140468228,0.4051454841181194,-1.144,0.131,-35.721438127090295,41.56995475983184,-167.91,78.28,-47.40892976588629,81.8618111572478,-182.38,114.6,-32.12428093645485,86.44896057800848,-234.41,110.84,1.0568101716692269,0.1957171611615714,150.0,87.03333333333333,35.59761447905678,20.0,143.0,105.0,123.0,52.0,115.0,63.0,110.0,59.0,-51.0,51.0,7.053691275167785,36.0,-0.705558469265302
clockwise,student1,combined_all,/Users/tylerchen/Cosmos-Gesture-Recognition-/processed/session_ian_discrete/sessions/student1_clockwise_002,30.0,492748.5333333333,104432.68986440767,325954.0,769468.0,368170.0,601350.0,233180.0,6.666666666666667,1.7191729277636836,0.0,0.0,0.0,303.0,303.0,0.02196204620462046,0.587152552487406,-1.159,0.805,-0.22250990099009899,0.5028448424171563,-0.897,0.9,-0.6264455445544554,0.3718720074688264,-1.411,0.072,-47.900528052805285,49.877525124974355,-205.24,87.92,-27.507557755775576,87.53296101261361,-180.03,186.04,-13.547029702970297,91.17319830337809,-182.5,154.3,1.065813278315481,0.20581280073785077,151.0,84.44701986754967,35.05572479723679,18.0,176.0,95.0,158.0,60.0,112.5,52.5,106.0,81.0,-25.0,25.0,7.246666666666667,108.0,-0.6088550017427682
clockwise,student1,combined_all,/Users/tylerchen/Cosmos-Gesture-Recognition-/processed/session_ian_discrete/sessions/student1_clockwise_003,30.0,538618.2666666667,137618.65459738937,349745.0,951932.0,349745.0,455376.0,105631.0,7.633333333333334,1.601735170231195,0.0,0.0,0.0,303.0,303.0,0.13809900990099006,0.7787210658816575,-1.873,1.098,-0.2658712871287129,0.39273223345604447,-1.01,0.471,-0.4763316831683169,0.362492885122987,-1.47,0.223,-92.25816831683169,76.36931574631177,-420.42,227.27,-26.77125412541254,97.19840374294397,-244.33,160.68,-8.391650165016504,101.70281189383084,-299.97,116.92,1.0549947126504706,0.3093268561451615,151.0,88.6523178807947,33.79982434973728,23.0,142.0,97.0,119.0,65.0,116.5,51.5,112.0,127.0,15.0,15.0,6.526666666666666,47.0,-0.15488788195654826
clockwise,student1,combined_all,/Users/tylerchen/Cosmos-Gesture-Recognition-/processed/session_ian_discrete/sessions/student1_clockwise_004,30.0,494264.0,77625.29737700538,331615.0,677691.0,331615.0,611786.0,280171.0,6.933333333333334,1.7113996870657915,0.0,0.0,0.0,300.0,300.0,0.10322833333333332,0.7044791728600062,-1.969,0.929,-0.17034,0.3933551547054307,-1.352,0.464,-0.6093533333333333,0.3689068854813577,-1.306,0.033,-68.10893333333334,65.10471788994165,-373.73,33.14,-20.600966666666675,93.56194767139874,-210.7,130.31,-18.79123333333333,97.73810594037631,-367.23,135.11,1.0482239844044026,0.31515272591076926,150.0,91.48,41.975179626750695,24.0,292.0,97.0,268.0,62.25,114.0,51.75,132.0,124.0,-8.0,8.0,9.946308724832214,179.0,-0.39548305850630466
clockwise,student1,combined_all,/Users/tylerchen/Cosmos-Gesture-Recognition-/processed/session_ian_discrete/sessions/student1_clockwise_005,30.0,466273.4,89413.34965749428,302581.0,641015.0,471970.0,435641.0,-36329.0,6.233333333333333,1.5638272140986533,0.0,0.0,0.0,301.0,301.0,0.01181727574750836,0.6198421443299859,-1.086,0.858,-0.47259966777408635,0.5400084582669883,-1.092,1.142,-0.4772956810631229,0.18517227934500669,-0.856,-0.047,-52.80397009966777,49.67593675158156,-192.79,74.59,-47.24083056478405,56.73992599836728,-156.07,67.29,13.44863787375415,80.5334761112208,-133.34,186.93,1.066490939860698,0.1549210388169875,150.0,82.38666666666667,33.74977736275892,18.0,127.0,97.0,109.0,53.25,109.0,55.75,110.0,18.0,-92.0,92.0,6.496644295302014,53.0,-0.6972932130316902
clockwise,student1,combined_all,/Users/tylerchen/Cosmos-Gesture-Recognition-/processed/session_ian_discrete/sessions/student1_clockwise_006,30.0,511238.0333333333,119681.11841207682,354106.0,812620.0,510267.0,549026.0,38759.0,7.133333333333334,2.4184476196289406,0.0,0.0,0.0,300.0,300.0,0.08951333333333338,0.705295637650545,-1.528,0.979,-0.32610833333333333,0.5525254043304756,-1.229,0.798,-0.4793233333333333,0.2942556379333377,-1.239,0.172,-86.11649999999999,88.13677964816958,-430.25,129.31,-32.76376666666667,90.28421368182566,-230.05,101.75,-5.231700000000001,103.11360636749157,-228.19,166.36,1.0727676457360729,0.2873888610029114,149.0,91.19127516778524,44.599933239687495,21.0,295.0,92.0,274.0,67.0,112.0,45.0,112.0,111.0,-1.0,1.0,10.574324324324325,155.0,-0.5628768365681124
clockwise,student1,combined_all,/Users/tylerchen/Cosmos-Gesture-Recognition-/processed/session_ian_discrete/sessions/student1_clockwise_007,30.0,518582.0833333333,90446.75838415322,392593.0,728152.0,588795.0,586446.0,-2349.0,7.033333333333333,2.301931556082606,0.0,0.0,0.0,301.0,301.0,0.17608970099667773,0.7539503992825496,-1.767,1.07,-0.5442591362126248,0.5175208079575364,-2.875,0.434,-0.2797956810631229,0.2965510022258852,-1.632,0.331,-53.544784053156135,104.09089510722093,-503.31,414.35,-41.348604651162795,88.99359922882567,-363.66,83.71,-3.962508305647844,102.15849465416024,-313.58,166.11,1.1023964212603414,0.3382969580863748,150.0,91.13333333333334,35.06415234987029,22.0,153.0,106.5,131.0,67.25,118.0,50.75,121.0,55.0,-66.0,66.0,7.771812080536913,56.0,-0.6835426759707841
clockwise,student1,combined_all,/Users/tylerchen/Cosmos-Gesture-Recognition-/processed/session_ian_discrete/sessions/student1_clockwise_008,31.0,420196.64516129036,65124.33326758842,284901.0,549463.0,331131.0,446506.0,115375.0,5.741935483870968,2.382296830662807,0.0,0.0,0.0,302.0,302.0,0.12141556291390725,0.702873009304047,-1.377,0.974,-0.23305960264900658,0.5190909620780354,-1.16,0.799,-0.48931456953642394,0.2749391263437153,-1.154,-0.053,-48.56014900662252,73.35791370651047,-397.35,102.57,-48.63367549668874,79.59938047240105,-236.64,83.19,-10.141059602649005,86.09335628775595,-244.15,103.7,1.0483624977564674,0.22022887157891682,147.0,95.95578231292517,49.28210396412038,21.0,278.0,103.0,257.0,52.0,121.0,69.0,114.0,52.0,-62.0,62.0,11.506849315068493,145.0,-0.9246254221792379
anti_clockwise,student1,combined_all,/Users/tylerchen/Cosmos-Gesture-Recognition-/processed/session_ian_discrete/sessions/student1_anti_clockwise_001,30.0,533635.1666666666,90093.37192198004,348260.0,784802.0,348341.0,486284.0,137943.0,7.633333333333334,1.61726792942776,0.0,0.0,0.0,301.0,301.0,0.08458803986710965,0.6778251053761712,-1.237,1.051,-0.4954302325581395,0.5010998651633458,-1.305,0.451,-0.3518870431893688,0.3221055116924978,-1.38,0.225,78.63016611295681,87.25483595945428,-97.99,352.37,26.836810631229238,81.11218257811463,-140.51,224.49,-20.78857142857143,97.28976137322391,-173.56,180.61,1.0497012335454179,0.2980905437724981,151.0,80.72185430463576,34.17697254788129,14.0,126.0,86.0,112.0,55.5,113.5,58.0,114.0,116.0,2.0,2.0,3.72,19.0,0.0649302892994076
anti_clockwise,student1,combined_all,/Users/tylerchen/Cosmos-Gesture-Recognition-/processed/session_ian_discrete/sessions/student1_anti_clockwise_002,31.0,487990.48387096776,81399.20913813756,321622.0,614718.0,365182.0,596056.0,230874.0,6.370967741935484,1.722562522557805,0.0,0.0,0.0,302.0,302.0,0.3429817880794701,0.7490955012764156,-1.401,1.061,-0.0942748344370861,0.3871828297733904,-1.21,0.83,-0.42310264900662253,0.3286194472620429,-1.521,0.113,71.13996688741722,65.6057646246552,-82.43,250.92,-15.043476821192053,52.33307878639195,-158.18,144.75,11.399668874172182,62.26111530771477,-116.76,200.96,1.0306614196620243,0.249644739182939,152.0,88.35855263157895,37.633465020233615,17.0,152.0,108.5,135.0,53.75,117.25,63.5,132.0,70.0,-62.0,62.0,4.675496688741722,18.0,-0.7492838136765118
anti_clockwise,student1,combined_all,/Users/tylerchen/Cosmos-Gesture-Recognition-/processed/session_ian_discrete/sessions/student1_anti_clockwise_003,30.0,520103.3,112681.07706802417,326979.0,716077.0,326979.0,439286.0,112307.0,6.566666666666666,2.1860669909426123,0.0,0.0,0.0,301.0,301.0,-0.030676079734219267,0.7138960337955499,-1.241,1.071,-0.5550697674418605,0.4519340260516662,-1.296,0.391,-0.2592093023255814,0.36481595876179446,-1.267,0.43,74.10363787375415,97.82596495515428,-109.07,365.43,12.809368770764122,94.28057911683017,-273.57,150.49,-17.422524916943523,77.80752514403781,-139.99,185.0,1.07227712965845,0.27099314190389473,149.0,77.63087248322148,34.07811841290478,9.0,128.0,88.0,119.0,47.0,108.0,61.0,106.0,128.0,22.0,22.0,4.864864864864865,30.0,0.02622286716246418
anti_clockwise,student1,combined_all,/Users/tylerchen/Cosmos-Gesture-Recognition-/processed/session_ian_discrete/sessions/student1_anti_clockwise_004,30.0,543918.2333333333,112142.70853386867,342037.0,799077.0,456418.0,342037.0,-114381.0,7.233333333333333,1.922382780706162,0.0,0.0,0.0,302.0,302.0,0.017443708609271524,0.711352797929881,-1.537,1.06,-0.4000927152317881,0.6616787234948243,-1.45,0.992,-0.2403245033112583,0.3500913324480011,-1.261,0.511,67.43774834437086,109.6397066685868,-165.2,525.83,16.583079470198676,90.45420573904289,-161.26,255.17,-36.70274834437086,94.34943625648646,-183.14,235.57,1.0901989185617615,0.30984855318975735,148.0,89.67905405405405,31.48442062284523,19.0,205.0,95.5,186.0,70.75,112.0,41.25,114.0,119.0,5.0,5.0,7.73469387755102,126.0,0.2803882844630684
anti_clockwise,student1,combined_all,/Users/tylerchen/Cosmos-Gesture-Recognition-/processed/session_ian_discrete/sessions/student1_anti_clockwise_005,30.0,519381.1666666667,104381.96834130673,356717.0,714264.0,593409.0,421907.0,-171502.0,5.8,1.9390719429665315,0.0,0.0,0.0,301.0,301.0,-0.06740199335548175,0.6624512387187775,-1.295,0.865,-0.4018671096345516,0.620615792907815,-1.18,0.686,-0.21293687707641198,0.37604930846131607,-1.158,0.472,74.37013289036545,115.18849118572336,-162.05,477.49,13.070066445182725,69.50808349459744,-124.7,223.12,-38.70126245847176,98.9007448067159,-215.55,205.97,1.0532580242822058,0.2597085653177295,150.0,78.96666666666667,33.075806090643674,2.0,123.0,86.5,121.0,54.0,109.75,55.75,106.0,114.0,8.0,8.0,6.0,39.0,0.40401795635361554
anti_clockwise,student1,combined_all,/Users/tylerchen/Cosmos-Gesture-Recognition-/processed/session_ian_discrete/sessions/student1_anti_clockwise_006,30.0,494657.01666666666,84565.64876891831,363378.0,700431.0,395044.0,408371.0,13327.0,6.733333333333333,2.1746008573733455,0.0,0.0,0.0,301.0,301.0,-0.04201661129568108,0.7116908767975249,-1.38,0.816,-0.33551661129568106,0.6212578894248103,-1.388,0.854,-0.22578405315614616,0.35129994455077734,-1.38,0.262,75.63056478405315,119.63259692015559,-177.65,420.06,19.870930232558134,90.20820755027599,-184.24,175.73,-37.126146179401985,89.65115669884257,-178.14,176.03,1.0434595513454628,0.30394788332283446,151.0,81.08278145695364,30.54141616797187,18.0,141.0,88.0,123.0,59.5,104.5,45.0,99.0,88.0,-11.0,11.0,7.246666666666667,41.0,0.33230742418961307
anti_clockwise,student1,combined_all,/Users/tylerchen/Cosmos-Gesture-Recognition-/processed/session_ian_discrete/sessions/student1_anti_clockwise_007,30.0,452341.95,82604.38839233966,308864.0,700501.0,342403.0,414379.0,71976.0,5.983333333333333,1.881857829085101,0.0,0.0,0.0,302.0,302.0,-0.23351821192052982,0.6108173932636162,-1.024,0.946,-0.3282036423841061,0.5869872123848093,-1.148,1.014,-0.4085496688741722,0.3424826807385311,-1.274,0.214,78.22559602649005,88.17268975905601,-107.06,356.79,23.53655629139073,62.316602961788305,-152.81,124.55,-4.051920529801319,79.28521910109303,-177.59,165.99,1.0663159590876865,0.1645531996873895,151.0,64.53311258278146,27.820596020105448,13.0,116.0,63.0,103.0,44.0,85.0,41.0,113.0,93.0,-20.0,20.0,4.88,34.0,-0.21793307772743076
anti_clockwise,student1,combined_all,/Users/tylerchen/Cosmos-Gesture-Recognition-/processed/session_ian_discrete/sessions/student1_anti_clockwise_008,30.0,503319.68333333335,90444.85755995964,387870.0,780920.0,437773.0,387870.0,-49903.0,6.833333333333333,1.4624940645653537,0.0,0.0,0.0,302.0,302.0,-0.17942052980132447,0.6622868208627294,-1.044,1.003,-0.4767632450331126,0.5571179420559214,-1.456,0.955,-0.291637417218543,0.3535180183564543,-1.236,0.388,75.19470198675496,95.52483534640375,-97.72,330.33,23.036291390728476,87.96525031172911,-185.98,161.32,-28.253211920529793,94.23475083454686,-217.47,144.2,1.058035976293293,0.3147799200575749,151.0,73.71523178807946,31.05760829672148,15.0,141.0,75.0,126.0,48.0,105.5,57.5,99.0,110.0,11.0,11.0,5.766666666666667,32.0,0.1372272568839313
right,student1,combined_all,/Users/tylerchen/Cosmos-Gesture-Recognition-/processed/session_ian_discrete/sessions/student1_right_001,30.0,473124.43333333335,75794.63269857716,343533.0,620611.0,415624.0,343533.0,-72091.0,6.75,1.9610796346230648,0.0,0.0,0.0,301.0,301.0,0.630624584717608,0.14500702902052404,-0.111,0.935,-0.02335215946843854,0.1845620318758417,-0.39,0.466,-0.7662790697674418,0.1343355502473721,-1.278,-0.396,-46.729468438538206,27.29207069170514,-115.15,39.28,-5.68607973421927,16.114959041129982,-65.83,36.9,51.005963455149505,32.95108102323797,-29.76,149.97,1.0215072854834903,0.12278188305146809,150.0,83.73333333333333,19.788789676683336,52.0,112.0,84.5,60.0,64.0,104.0,40.0,60.0,105.0,45.0,45.0,2.664429530201342,15.0,0.42863771723187655
right,student1,combined_all,/Users/tylerchen/Cosmos-Gesture-Recognition-/processed/session_ian_discrete/sessions/student1_right_002,30.0,448065.48333333334,62299.552785511405,343494.0,565273.0,343494.0,431378.0,87884.0,6.6,2.4027761721253467,0.0,0.0,0.0,300.0,300.0,0.5573933333333333,0.0826767518041734,0.347,0.725,0.056730000000000017,0.14698608421157375,-0.267,0.297,-0.8198633333333334,0.07833827069546248,-0.987,-0.64,-31.06293333333333,18.13702014213736,-76.27,56.52,-3.6847166666666666,12.396031307225803,-42.24,22.89,51.52873333333333,19.14963422789642,16.42,100.59,1.0091040609613282,0.04865942186813653,150.0,72.76666666666667,17.859694288802526,51.0,106.0,67.5,55.0,56.0,90.75,34.75,53.0,101.0,48.0,48.0,2.1476510067114094,9.0,0.3948779945775364
right,student1,combined_all,/Users/tylerchen/Cosmos-Gesture-Recognition-/processed/session_ian_discrete/sessions/student1_right_003,30.0,450596.3333333333,54564.585423962395,350331.0,523744.0,350331.0,515521.0,165190.0,5.25,1.1884864324004714,0.0,0.0,0.0,301.0,301.0,0.5281395348837209,0.06440548818814874,0.407,0.685,-0.09196013289036545,0.10850787318671366,-0.291,0.138,-0.8375548172757474,0.0587681503881964,-0.967,-0.668,-30.746179401993352,15.482293354490835,-64.39,12.82,7.994252491694352,7.691901154988174,-7.51,38.51,45.91308970099668,18.703313315879456,15.66,90.43,1.0034996420480806,0.03535951996137976,151.0,69.54304635761589,18.410136736532856,44.0,103.0,68.0,59.0,52.0,86.0,34.0,49.0,103.0,54.0,54.0,2.0,7.0,0.4113035901010804
right,student1,combined_all,/Users/tylerchen/Cosmos-Gesture-Recognition-/processed/session_ian_discrete/sessions/student1_right_004,30.0,472791.0833333333,60732.38753554857,375145.0,577414.0,470627.0,380253.0,-90374.0,5.616666666666666,1.424098155168932,0.0,0.0,0.0,300.0,300.0,0.535985,0.08106824660946685,0.363,0.731,-0.27692,0.16173218686045976,-0.585,0.077,-0.7836350000000001,0.1138043830805006,-1.033,-0.429,-33.504133333333336,29.897680803602043,-121.52,60.55,14.092933333333336,20.98056003531735,-47.43,68.67,49.23596666666667,23.752298248076027,3.57,103.98,1.0087986801885063,0.07781028970040625,150.0,74.23666666666666,21.64646511330582,43.0,116.0,74.0,73.0,52.0,95.0,43.0,46.0,92.0,46.0,46.0,2.697986577181208,18.0,0.4868776390061783
right,student1,combined_all,/Users/tylerchen/Cosmos-Gesture-Recognition-/processed/session_ian_discrete/sessions/student1_right_005,30.0,418403.95,64919.51840835312,304757.0,522295.0,319627.0,339359.0,19732.0,5.666666666666667,2.086996778999804,0.0,0.0,0.0,302.0,302.0,0.5714735099337749,0.05759057904696854,0.422,0.723,-0.22487748344370864,0.22723496654961803,-0.699,0.17,-0.742615894039735,0.13470651743733386,-0.916,-0.328,-29.907615894039736,18.235176878028696,-88.41,26.34,13.563311258278146,17.504571766946427,-32.23,53.32,49.94741721854305,23.44878446032946,-16.6,91.16,0.9997274260223952,0.04768171046576277,151.0,68.13907284768212,13.731613032269411,37.0,92.0,68.0,55.0,56.5,80.0,23.5,47.0,80.0,33.0,33.0,3.2866666666666666,21.0,0.27748692924363844
right,student1,combined_all,/Users/tylerchen/Cosmos-Gesture-Recognition-/processed/session_ian_discrete/sessions/student1_right_006,30.0,451468.2166666667,59248.94073760354,346728.0,597277.0,421127.0,346728.0,-74399.0,5.3,2.0355179521029365,0.0,0.0,0.0,303.0,303.0,0.507960396039604,0.09598066920254945,0.277,0.693,-0.3411716171617162,0.15178949158446575,-0.585,0.072,-0.7696105610561056,0.1434440536311194,-1.07,-0.466,-29.78760726072607,15.403370783241566,-64.42,24.32,20.885280528052803,14.544078507790584,-4.33,65.28,51.72118811881188,18.902863838441103,11.84,102.88,1.0059461491845418,0.0873105495888324,150.0,86.67333333333333,19.340726812778584,46.0,115.0,95.5,69.0,68.25,103.0,34.75,47.0,97.0,50.0,50.0,3.5033557046979866,16.0,0.3961402729010177
right,student1,combined_all,/Users/tylerchen/Cosmos-Gesture-Recognition-/processed/session_ian_discrete/sessions/student1_right_007,30.0,454306.5833333333,71315.43758098982,314480.0,586435.0,314480.0,577115.0,262635.0,6.233333333333333,1.9482185594936607,0.0,0.0,0.0,301.0,301.0,0.4896594684385382,0.062348110333641335,0.287,0.628,-0.017647840531561453,0.18487817269080867,-0.419,0.337,-0.852327242524917,0.0832842671707992,-1.104,-0.575,-25.8721926910299,19.687131584092736,-95.31,57.04,2.313521594684385,17.119968181102408,-26.49,38.0,54.20330564784053,19.493219728962067,2.75,109.16,1.0041355249924062,0.057051834879677875,150.0,75.17,17.98618317584082,52.0,107.0,70.0,55.0,60.0,93.0,33.0,54.0,98.0,44.0,44.0,2.6577181208053693,12.0,0.40065869594204195
right,student1,combined_all,/Users/tylerchen/Cosmos-Gesture-Recognition-/processed/session_ian_discrete/sessions/student1_right_008,31.0,456073.1935483871,74905.85541581808,302231.0,590159.0,302231.0,512725.0,210494.0,5.870967741935484,2.136351056748187,0.0,0.0,0.0,302.0,302.0,0.5160066225165563,0.07734582062345474,0.335,0.712,-0.1409006622516556,0.1692548587290414,-0.562,0.105,-0.8228543046357616,0.11229808681984746,-1.151,-0.487,-31.576158940397352,22.807869077771773,-104.16,53.59,7.452052980132449,18.427895778008406,-32.9,55.73,46.95761589403973,24.642109404542516,-43.43,101.72,1.0024459335589193,0.0744824242851275,151.0,70.48675496688742,21.981958285517354,37.0,109.0,69.0,72.0,47.75,92.0,44.25,44.0,106.0,62.0,62.0,3.2533333333333334,13.0,0.4884105960264898
left,student1,combined_all,/Users/tylerchen/Cosmos-Gesture-Recognition-/processed/session_ian_discrete/sessions/student1_left_001,30.0,433319.6666666667,67725.85692054566,329298.0,640887.0,370298.0,361750.0,-8548.0,5.383333333333334,1.7111562043120303,0.0,0.0,0.0,302.0,302.0,0.4387831125827815,0.14946767623133086,-0.047,0.589,-0.26343046357615896,0.2292653834001394,-0.726,0.405,-0.8229701986754966,0.16360543243571435,-1.596,-0.562,24.29274834437086,25.308744261982273,-33.14,113.5,-16.840496688741723,17.176416627570966,-93.97,31.89,-57.88056291390728,45.72070349227823,-209.39,41.66,1.0144452449868184,0.10852171047992344,151.0,71.93377483443709,20.707227933566244,40.0,109.0,73.0,69.0,49.5,92.0,42.5,88.0,49.0,-39.0,39.0,2.8733333333333335,21.0,-0.4582595561752068
left,student1,combined_all,/Users/tylerchen/Cosmos-Gesture-Recognition-/processed/session_ian_discrete/sessions/student1_left_002,30.0,427734.8,75876.95772384833,313290.0,552806.0,335969.0,355722.0,19753.0,5.483333333333333,2.282116464064785,0.0,0.0,0.0,302.0,302.0,0.3793609271523179,0.09782397624108932,0.042,0.576,-0.48481788079470195,0.1569819555944693,-0.815,0.021,-0.7952566225165563,0.16924711791537772,-1.403,-0.307,34.84854304635762,40.81219910627864,-59.14,156.04,-25.515231788079472,33.601823938086184,-114.29,68.85,-51.815496688741725,54.012379690702744,-146.64,76.97,1.0263596023237445,0.14435928995032088,149.0,64.58389261744966,21.11090427574675,16.0,96.0,63.0,80.0,44.0,88.0,44.0,93.0,76.0,-17.0,17.0,3.358108108108108,39.0,-0.4207709051333214
left,student1,combined_all,/Users/tylerchen/Cosmos-Gesture-Recognition-/processed/session_ian_discrete/sessions/student1_left_003,30.0,441899.61666666664,41338.96589290451,354475.0,523067.0,354475.0,497210.0,142735.0,5.966666666666667,1.8705317128797598,0.0,0.0,0.0,301.0,301.0,0.40435548172757474,0.07064493980310656,0.233,0.595,-0.2970830564784053,0.20855352909258146,-0.748,0.301,-0.8397774086378738,0.12940172307513173,-1.342,-0.587,19.850215946843853,25.602486555586093,-92.72,107.94,-20.516013289036543,19.230932293147173,-74.65,52.89,-52.24551495016611,22.8232743337344,-107.43,18.62,1.0071542444789185,0.08864654470366773,148.0,75.1858108108108,16.998138305075987,46.0,107.0,73.5,61.0,59.75,92.0,32.25,107.0,47.0,-60.0,60.0,2.272108843537415,10.0,-0.38802934560365
left,student1,combined_all,/Users/tylerchen/Cosmos-Gesture-Recognition-/processed/session_ian_discrete/sessions/student1_left_004,30.0,446827.68333333335,56151.14625966884,369761.0,573101.0,382885.0,440394.0,57509.0,5.416666666666667,1.6025153838748494,0.0,0.0,0.0,300.0,300.0,0.46395333333333344,0.1542856371222617,0.12,0.774,-0.22186666666666668,0.20020197024227532,-0.787,0.236,-0.8135433333333333,0.16589991397091064,-1.141,-0.401,14.6384,21.921816884420736,-89.6,70.53,-14.17566666666667,18.902242333178943,-59.63,22.68,-36.858266666666665,24.670500420452672,-95.8,18.52,1.0044309474460056,0.09410849313099336,150.0,72.81333333333333,12.820593054300652,48.0,102.0,73.0,54.0,63.0,82.0,19.0,87.0,52.0,-35.0,35.0,2.302013422818792,7.0,-0.28373883283701556
left,student1,combined_all,/Users/tylerchen/Cosmos-Gesture-Recognition-/processed/session_ian_discrete/sessions/student1_left_005,30.0,476500.85,74381.13751876772,333321.0,744057.0,333321.0,452917.0,119596.0,6.233333333333333,1.6468825769380833,0.0,0.0,0.0,302.0,302.0,0.43324834437086096,0.11612362004152649,0.076,0.765,-0.31759271523178806,0.20157716633256667,-0.794,0.701,-0.8351953642384108,0.13317005353050534,-1.264,-0.513,26.284884105960266,30.987435834756187,-64.58,123.33,-16.71685430463576,22.244755785850973,-56.12,92.84,-51.45705298013246,28.80975765286929,-136.51,26.46,1.0221186176297952,0.11509300970872792,151.0,72.78145695364239,15.95290737963255,39.0,113.0,71.0,74.0,59.5,83.0,23.5,101.0,57.0,-44.0,44.0,3.8266666666666667,27.0,-0.33543743464621883
left,student1,combined_all,/Users/tylerchen/Cosmos-Gesture-Recognition-/processed/session_ian_discrete/sessions/student1_left_006,30.0,479379.76666666666,83670.78898503879,343344.0,665720.0,352523.0,404672.0,52149.0,6.666666666666667,1.7996913315590786,0.0,0.0,0.0,300.0,300.0,0.4608933333333333,0.16104358195497545,0.023,0.809,-0.21068333333333333,0.3013906485867728,-1.109,0.369,-0.8232783333333333,0.16436123842689376,-1.163,-0.4,24.846133333333334,72.03544796636969,-156.47,312.72,-13.317250000000001,27.024133107048968,-68.15,69.64,-49.75303333333333,53.25040031585574,-171.91,109.93,1.0292807029085869,0.13771185661858837,150.0,74.39,21.79456169467712,37.0,112.0,73.0,75.0,54.0,96.0,42.0,96.0,49.0,-47.0,47.0,3.684563758389262,27.0,-0.4816845193119695
left,student1,combined_all,/Users/tylerchen/Cosmos-Gesture-Recognition-/processed/session_ian_discrete/sessions/student1_left_007,30.0,480400.8,50984.87896844187,415790.0,620055.0,440734.0,494055.0,53321.0,6.466666666666667,1.7650936393164969,0.0,0.0,0.0,301.0,301.0,0.4843953488372093,0.11901645595882072,0.108,0.66,-0.289141196013289,0.14119675075046811,-0.592,0.13,-0.80856146179402,0.13043664992775147,-1.324,-0.492,30.694352159468437,21.791496055292097,-28.32,112.52,-21.807674418604652,24.65327949666146,-149.85,14.4,-52.03172757475083,30.37092194855992,-149.17,-2.59,1.006974688945614,0.09555238031752891,150.0,76.21333333333334,18.140331670331157,49.0,117.0,79.0,68.0,58.0,91.0,33.0,94.0,57.0,-37.0,37.0,3.174496644295302,16.0,-0.3966291835192678
left,student1,combined_all,/Users/tylerchen/Cosmos-Gesture-Recognition-/processed/session_ian_discrete/sessions/student1_left_008,30.0,458895.6666666667,61281.73616629636,368200.0,588487.0,544917.0,460673.0,-84244.0,5.966666666666667,1.7026123718829513,0.0,0.0,0.0,300.0,300.0,0.4840833333333333,0.07810119326161982,0.212,0.643,-0.26599,0.11729988590503118,-0.637,0.126,-0.8256583333333333,0.07546357242994059,-1.038,-0.622,29.774933333333333,26.097742284130423,-39.37,131.93,-15.365433333333334,11.255215656702845,-54.29,10.13,-46.07236666666666,25.49875217990524,-119.54,14.37,1.0031731110657232,0.07743743755263488,150.0,75.19666666666667,17.748513187248722,19.0,105.0,79.0,86.0,61.0,90.0,29.0,99.0,49.0,-50.0,50.0,4.442953020134228,48.0,-0.3717311880528022
bye_bye,student1,combined_all,/Users/tylerchen/Cosmos-Gesture-Recognition-/processed/session_ian_discrete/sessions/student1_bye_bye_001,30.0,534449.4,69662.95590560787,417228.0,670486.0,469573.0,661209.0,191636.0,7.5,2.29128784747792,0.0,0.0,0.0,302.0,302.0,0.2919867549668875,0.3873064153747344,-0.505,1.69,-0.3325231788079471,1.2207775604555275,-2.947,1.837,0.165341059602649,0.5110916957129041,-0.708,1.63,-13.458907284768214,340.23873543809583,-663.99,586.38,-10.451953642384106,193.85104879357428,-409.74,289.59,-42.65970198675497,391.08132273941,-760.83,616.29,1.3249831829211296,0.6075392937219963,151.0,81.15894039735099,6.008985178027749,68.0,97.0,80.0,29.0,77.0,84.0,7.0,73.0,84.0,11.0,11.0,3.2466666666666666,17.0,0.0011153712094802836
bye_bye,student1,combined_all,/Users/tylerchen/Cosmos-Gesture-Recognition-/processed/session_ian_discrete/sessions/student1_bye_bye_002,30.0,515407.65,55631.41163245066,393154.0,600397.0,491722.0,579951.0,88229.0,7.366666666666666,2.29830855679176,0.0,0.0,0.0,300.0,300.0,0.16465833333333332,0.2786458133229484,-0.531,0.814,-0.23242,1.1164838632659826,-1.968,1.779,0.24544833333333335,0.5661982366308543,-0.9,1.042,12.95703333333334,333.06352654440997,-584.49,624.84,12.187200000000002,215.71475757311242,-371.41,364.73,-28.007933333333337,376.74692791544953,-756.07,612.32,1.2474594326990995,0.4795637815993745,150.0,75.38,6.155065573555257,61.0,95.0,75.0,34.0,71.0,79.0,8.0,72.0,69.0,-3.0,3.0,3.3624161073825505,19.0,0.015593581936974825
bye_bye,student1,combined_all,/Users/tylerchen/Cosmos-Gesture-Recognition-/processed/session_ian_discrete/sessions/student1_bye_bye_003,30.0,510359.1,94452.45718714785,392114.0,757102.0,397592.0,607509.0,209917.0,7.433333333333334,2.155355088043628,0.0,0.0,0.0,302.0,302.0,0.3225711920529801,0.42587675373569855,-1.278,1.462,-0.36062913907284766,1.1631227698286888,-3.313,2.758,0.06107781456953642,0.5563518368527867,-0.817,2.468,0.7956953642384142,379.98804041045827,-1000.03,549.12,2.3303973509933766,184.47772707815324,-405.04,311.44,-26.73976821192053,309.746055394944,-777.7,425.43,1.313586006068743,0.5967250685363823,150.0,71.14666666666666,6.42079953484507,60.0,87.0,70.0,27.0,66.0,77.0,11.0,65.0,72.0,7.0,7.0,2.7315436241610738,10.0,0.025256233610382293
bye_bye,student1,combined_all,/Users/tylerchen/Cosmos-Gesture-Recognition-/processed/session_ian_discrete/sessions/student1_bye_bye_004,30.0,408717.6666666667,30869.736302848578,347037.0,464167.0,449503.0,388276.0,-61227.0,5.433333333333334,2.027861489900684,0.0,0.0,0.0,301.0,301.0,0.41955149501661126,0.22758140781300723,-0.36,1.019,-0.38411295681063123,0.8344773528125482,-1.941,1.408,-0.17501993355481726,0.44389655599764866,-0.997,0.62,-4.2001661129568095,294.5520300179241,-571.67,471.42,-11.834219269102988,143.91856089667468,-322.79,207.22,-23.82581395348837,229.11546794773352,-489.3,317.21,1.0957528802523158,0.314187404404646,150.0,68.63666666666667,5.616041461761453,56.0,82.0,68.5,26.0,65.0,73.0,8.0,68.0,70.0,2.0,2.0,2.684563758389262,10.0,-0.05135961598293278
bye_bye,student1,combined_all,/Users/tylerchen/Cosmos-Gesture-Recognition-/processed/session_ian_discrete/sessions/student1_bye_bye_005,30.0,416059.6666666667,40654.9111439014,324505.0,497616.0,443838.0,369950.0,-73888.0,5.8,1.7204650534085255,0.0,0.0,0.0,303.0,303.0,0.40071947194719476,0.21278630609860094,-0.52,0.944,-0.4457887788778878,0.751802749747267,-1.887,1.263,-0.1443943894389439,0.5220197798576037,-0.968,0.97,8.211419141914194,292.2894190322052,-681.6,514.15,-2.6514851485148525,156.55851263764765,-355.27,319.83,-22.059240924092407,203.2706550725294,-491.96,294.02,1.0854550353181351,0.2914290200516226,152.0,65.0657894736842,5.9772427724397446,53.0,81.0,64.0,28.0,61.0,69.0,8.0,62.0,60.0,-2.0,2.0,2.556291390728477,10.0,-0.03860913483553034
bye_bye,student1,combined_all,/Users/tylerchen/Cosmos-Gesture-Recognition-/processed/session_ian_discrete/sessions/student1_bye_bye_006,30.0,447203.31666666665,40262.96493521959,385179.0,595094.0,425920.0,443167.0,17247.0,7.3,2.162560211107812,0.0,0.0,0.0,301.0,301.0,0.37486212624584714,0.20370583742281478,-0.131,0.829,-0.4876046511627906,0.7673203880508884,-1.464,1.222,0.02862458471760797,0.5194191893637667,-0.945,0.854,22.12661129568106,308.77348547767446,-628.65,470.2,11.221295681063122,180.00568905733394,-339.27,293.65,-3.199069767441859,236.42692596668903,-433.24,326.94,1.093631710480595,0.2883433692816548,151.0,67.14900662251655,4.950015051151109,57.0,82.0,67.0,25.0,64.0,69.25,5.25,65.0,64.0,-1.0,1.0,2.5533333333333332,10.0,-0.01845590798187515
bye_bye,student1,combined_all,/Users/tylerchen/Cosmos-Gesture-Recognition-/processed/session_ian_discrete/sessions/student1_bye_bye_007,30.0,479157.1666666667,72134.73567005628,360170.0,720966.0,429119.0,471497.0,42378.0,8.233333333333333,2.347812220392044,0.0,0.0,0.0,300.0,300.0,0.3473616666666667,0.23470107235351287,-0.504,0.822,-0.32638,0.972629307050396,-1.638,1.569,0.013359999999999997,0.47462206410293795,-0.923,0.763,4.795833333333333,279.68539463887913,-608.75,440.87,9.835066666666664,161.15169451688126,-364.76,274.88,-14.299800000000001,293.8443540186312,-653.74,548.91,1.1560823531164146,0.3423369397433081,150.0,83.80666666666667,6.990354492328099,70.0,107.0,82.0,37.0,78.25,88.0,9.75,80.0,74.0,-6.0,6.0,2.5369127516778525,22.0,-0.01187252766789603
bye_bye,student1,combined_all,/Users/tylerchen/Cosmos-Gesture-Recognition-/processed/session_ian_discrete/sessions/student1_bye_bye_008,30.0,448551.3333333333,46444.19068684,345142.0,564025.0,564025.0,408163.0,-155862.0,6.9,2.022374841615669,0.0,0.0,0.0,302.0,302.0,0.46747516556291385,0.21178289648642049,-0.155,0.933,-0.30780463576158945,0.8425144243773405,-1.493,1.451,-0.007501655629139074,0.4938213884988992,-1.405,0.724,13.814238410596028,293.896962531679,-602.8,435.74,12.15115894039735,171.25616081241142,-336.31,241.95,-14.405629139072847,242.06623630946146,-516.8,347.15,1.1093280624425075,0.2850725577746284,150.0,82.76666666666667,7.496183468412139,72.0,107.0,80.0,35.0,77.0,87.0,10.0,84.0,86.0,2.0,2.0,2.6577181208053693,12.0,0.02780864334711181
t_arm,student1,combined_all,/Users/tylerchen/Cosmos-Gesture-Recognition-/processed/session_ian_discrete/sessions/student1_t_arm_001,30.0,340786.76666666666,48586.90916332872,294076.0,492495.0,321565.0,337660.0,16095.0,2.9,2.314447378245327,0.0,0.0,0.0,302.0,302.0,0.650614238410596,0.2161306579070491,0.21,0.959,0.013506622516556316,0.6573393729882956,-1.37,1.138,-0.3307715231788079,0.09510000761348358,-0.54,-0.144,0.49620860927152305,25.391639038453803,-126.04,64.52,-0.024039735099337343,17.117464559684752,-58.23,52.0,-41.48771523178808,47.13313710813239,-181.37,35.19,1.0045192362159903,0.10809137203561016,150.0,89.77666666666667,30.291732357476718,50.0,165.0,80.5,115.0,64.25,112.25,48.0,148.0,64.0,-84.0,84.0,4.1610738255033555,38.0,-0.6556833637050546
t_arm,student1,combined_all,/Users/tylerchen/Cosmos-Gesture-Recognition-/processed/session_ian_discrete/sessions/student1_t_arm_002,31.0,313707.03225806454,23677.17118086516,274177.0,379867.0,292485.0,298823.0,6338.0,1.4838709677419355,1.6630901618903537,0.0,0.0,0.0,301.0,301.0,0.6805813953488372,0.2772270667691024,0.103,0.926,-0.3775083056478405,0.41234647089221227,-1.379,0.249,-0.3786495016611296,0.1173295366656251,-0.575,-0.079,-1.3891029900332226,22.75238564818523,-117.22,46.6,-5.284252491694352,12.66640490216345,-61.77,18.56,-34.03887043189369,25.78057861632215,-95.92,7.63,1.0014395226280206,0.08275604470786382,151.0,107.93708609271523,18.973292552094204,69.0,150.0,106.0,81.0,95.66666666666666,127.0,31.333333333333343,133.0,70.0,-63.0,63.0,3.62,23.0,-0.40919542233066236
t_arm,student1,combined_all,/Users/tylerchen/Cosmos-Gesture-Recognition-/processed/session_ian_discrete/sessions/student1_t_arm_003,30.0,323705.93333333335,16261.92750861827,291916.0,365411.0,326989.0,318953.0,-8036.0,1.9333333333333333,1.6918103387266026,0.0,0.0,0.0,301.0,301.0,0.8032990033222591,0.12853257003759172,0.492,0.995,-0.18289036544850498,0.47921113672541094,-0.99,0.884,-0.2517740863787375,0.11083504605853026,-0.562,-0.021,7.148338870431894,23.512943234870235,-90.85,104.46,-12.045348837209303,9.163861763461998,-43.55,12.82,-36.02425249169435,17.00646191012015,-69.52,24.75,0.9993876425992398,0.04243874952363632,151.0,93.47682119205298,22.787139320687164,35.0,140.0,96.0,105.0,73.0,112.0,39.0,140.0,35.0,-105.0,105.0,3.046666666666667,33.0,-0.5024108283954934
t_arm,student1,combined_all,/Users/tylerchen/Cosmos-Gesture-Recognition-/processed/session_ian_discrete/sessions/student1_t_arm_004,31.0,339538.56451612903,23091.969486250022,303314.0,397804.0,321037.0,333261.0,12224.0,3.274193548387097,1.721958326635129,0.0,0.0,0.0,301.0,301.0,0.7176893687707641,0.21050725168008005,0.235,0.975,-0.5055880398671097,0.3542530155970631,-0.999,0.394,-0.23136212624584718,0.07235290765596591,-0.442,-0.099,4.490830564784052,21.983124265361106,-104.53,55.39,-9.342558139534882,6.472675695971832,-23.65,8.82,-33.76857142857143,11.979053879427493,-64.46,-14.19,0.9985124295556366,0.04735084902015099,150.0,104.91666666666667,18.581709332034652,59.0,139.0,105.0,80.0,90.25,118.0,27.75,116.0,71.0,-45.0,45.0,3.859060402684564,24.0,-0.3903133472598782
t_arm,student1,combined_all,/Users/tylerchen/Cosmos-Gesture-Recognition-/processed/session_ian_discrete/sessions/student1_t_arm_005,30.0,332841.6666666667,20914.01605516156,294806.0,379825.0,338931.0,333685.0,-5246.0,2.966666666666667,1.8208667044996885,0.0,0.0,0.0,302.0,302.0,0.7460993377483444,0.13145203561361812,0.45,0.957,0.07382781456953642,0.48229068838255823,-0.915,0.83,-0.3891738410596026,0.16579818324728804,-0.683,0.032,5.990132450331126,20.712400994316045,-50.42,79.01,-9.790165562913907,12.36247107305783,-42.3,17.0,-35.634536423841055,24.51630748567404,-85.57,18.34,0.9945468212024589,0.042669079312638,151.0,75.70529801324503,19.731197742066293,36.0,122.0,69.0,86.0,60.0,93.5,33.5,110.0,58.0,-52.0,52.0,3.1733333333333333,30.0,-0.39672243522714123
t_arm,student1,combined_all,/Users/tylerchen/Cosmos-Gesture-Recognition-/processed/session_ian_discrete/sessions/student1_t_arm_006,30.0,320348.98333333334,12596.812138052584,298065.0,347350.0,327397.0,311150.0,-16247.0,2.0166666666666666,1.3692049599027247,0.0,0.0,0.0,303.0,303.0,0.738440594059406,0.16960326435935305,0.361,1.004,-0.13781518151815184,0.49653191180375156,-1.052,0.575,-0.3265676567656765,0.24440571095313587,-0.774,0.123,11.285478547854785,30.7502550423087,-57.71,160.28,-17.774785478547855,9.794134562005313,-39.67,8.39,-37.416666666666664,21.19187494008842,-85.21,0.82,1.0015686751523605,0.0532683478062213,151.0,83.00662251655629,26.734399263833062,45.0,131.0,78.0,86.0,58.0,104.5,46.5,130.0,55.0,-75.0,75.0,2.6466666666666665,15.0,-0.5974578831183919
t_arm,student1,combined_all,/Users/tylerchen/Cosmos-Gesture-Recognition-/processed/session_ian_discrete/sessions/student1_t_arm_007,30.0,381290.6,42316.02036628681,312987.0,472697.0,399362.0,338781.0,-60581.0,4.566666666666666,1.8199511592958266,0.0,0.0,0.0,300.0,300.0,0.647025,0.19906690905925928,0.246,0.954,0.03252333333333335,0.586840099847385,-1.094,0.82,-0.42445333333333335,0.1413655821698557,-0.674,-0.145,3.964433333333333,23.096145436245898,-40.8,102.76,-5.262366666666667,16.895407839574503,-85.42,27.25,-45.01496666666667,27.206171168791016,-92.53,11.99,1.0005119379347363,0.05318624782296511,150.0,77.32333333333334,27.228849175868735,43.0,128.0,69.0,85.0,53.0,104.0,51.0,123.0,47.0,-76.0,76.0,2.2818791946308723,11.0,-0.6040520319421602
t_arm,student1,combined_all,/Users/tylerchen/Cosmos-Gesture-Recognition-/processed/session_ian_discrete/sessions/student1_t_arm_008,30.0,356239.5333333333,33316.07894068902,308826.0,466532.0,354605.0,343940.0,-10665.0,4.5,1.2315302134607444,0.0,0.0,0.0,302.0,302.0,0.6461158940397351,0.3122026794546097,0.035,1.086,-0.4296953642384105,0.5478014603318596,-1.292,0.591,-0.09690562913907286,0.10174190760455978,-0.334,0.189,-0.5564238410596029,34.10778548835583,-96.07,124.82,-6.285033112582782,13.721981368629779,-46.21,33.2,-39.46076158940397,22.54242774764355,-86.92,25.91,1.0046681910758464,0.10022350094335804,150.0,95.77333333333333,21.375485132582227,57.0,124.0,100.0,67.0,75.0,116.0,41.0,124.0,63.0,-61.0,61.0,2.2751677852348995,8.0,-0.47800524467754124
raise_arms,student1,combined_all,/Users/tylerchen/Cosmos-Gesture-Recognition-/processed/session_ian_discrete/sessions/student1_raise_arms_001,30.0,515038.1,95170.33468063109,336712.0,673711.0,336712.0,435495.0,98783.0,6.283333333333333,1.6617427264438045,0.0,0.0,0.0,300.0,300.0,-0.09040666666666662,0.6544101068562095,-1.012,0.912,-0.2699583333333333,0.26560952930982196,-0.704,0.282,-0.6141833333333333,0.26066827844770235,-1.122,-0.024,-23.274649999999998,29.459156216036355,-129.7,73.31,39.53353333333333,24.065962814361328,-26.73,111.0,-16.3287,23.81738461663385,-55.94,50.54,1.0065667593750902,0.10883177102341202,149.0,62.506711409395976,61.744104286256345,22.0,221.0,36.0,199.0,32.0,45.0,13.0,198.0,31.0,-167.0,167.0,6.614864864864865,152.0,-0.9739941955378203
raise_arms,student1,combined_all,/Users/tylerchen/Cosmos-Gesture-Recognition-/processed/session_ian_discrete/sessions/student1_raise_arms_002,30.0,482310.1666666667,68875.1942099433,386166.0,688556.0,386166.0,450814.0,64648.0,6.183333333333334,1.4052480998820893,0.0,0.0,0.0,300.0,300.0,-0.179985,0.576753659669071,-0.966,0.882,-0.3531716666666667,0.2275465476861578,-0.7,0.207,-0.638935,0.25120640240315,-1.004,-0.126,-17.392666666666663,15.231208779636923,-56.64,24.38,36.042633333333335,17.964209382330807,-3.14,73.85,-15.185583333333334,10.011241293818442,-40.59,11.02,1.0039170081657034,0.07099488161567256,150.0,41.47666666666667,25.949960666886867,22.0,181.0,34.0,159.0,28.0,40.0,12.0,72.0,29.0,-43.0,43.0,5.791946308724833,74.0,-0.36446153162362777
raise_arms,student1,combined_all,/Users/tylerchen/Cosmos-Gesture-Recognition-/processed/session_ian_discrete/sessions/student1_raise_arms_003,31.0,473539.0806451613,57621.89888543115,374203.0,587710.0,504885.0,575576.0,70691.0,6.403225806451613,1.81578808465258,0.0,0.0,0.0,300.0,300.0,-0.2239816666666667,0.4679312454808102,-0.994,0.665,-0.23283333333333336,0.18654534450249774,-0.611,0.125,-0.7726633333333333,0.2487844515282702,-1.206,-0.204,-16.61525,27.73132123647976,-124.36,57.19,32.676033333333336,26.668466096350993,-51.85,111.79,-8.996,18.497700415637254,-49.62,32.01,1.0055810545338504,0.07646592005106771,150.0,43.36333333333334,8.52412617629228,26.0,73.0,43.0,47.0,37.0,48.0,11.0,60.0,35.0,-25.0,25.0,4.355704697986577,18.0,-0.15566647406551404
raise_arms,student1,combined_all,/Users/tylerchen/Cosmos-Gesture-Recognition-/processed/session_ian_discrete/sessions/student1_raise_arms_004,30.0,489221.0,61340.19885958419,399269.0,629182.0,407402.0,603348.0,195946.0,6.216666666666667,1.7591822595235045,0.0,0.0,0.0,300.0,300.0,-0.07726166666666671,0.5733168138390462,-0.944,0.858,-0.3940366666666667,0.17894617995984774,-0.675,0.064,-0.6620466666666667,0.20845959917664836,-0.969,-0.201,-15.031633333333332,25.054581157921774,-109.81,84.66,35.44,19.317473523557197,-19.9,72.42,-19.085266666666666,10.023494306581616,-49.93,10.13,0.9988809540001322,0.07711158950369282,150.0,39.416666666666664,9.388951215215691,24.0,74.0,40.0,50.0,31.25,44.875,13.625,74.0,32.0,-42.0,42.0,3.1140939597315436,10.0,-0.17300235566025168
raise_arms,student1,combined_all,/Users/tylerchen/Cosmos-Gesture-Recognition-/processed/session_ian_discrete/sessions/student1_raise_arms_005,30.0,485387.7,107932.93146837204,311488.0,808644.0,339597.0,808644.0,469047.0,6.4,2.48461935381123,0.0,0.0,0.0,301.0,301.0,-0.10998671096345514,0.5758238874213736,-0.898,0.873,-0.3955249169435216,0.22159651057439342,-0.773,0.107,-0.6492790697674419,0.21632283905976335,-1.072,-0.202,-18.72794019933555,26.22696771691937,-148.5,59.45,34.51930232558139,19.867448439260446,-11.32,85.12,-21.363355481727574,16.12807987646204,-59.91,19.41,1.0049807319774016,0.08710802963369697,151.0,55.93377483443709,44.55246628028159,23.0,227.0,41.0,204.0,32.5,48.5,16.0,154.0,24.0,-130.0,130.0,10.146666666666667,146.0,-0.6793377483443718
raise_arms,student1,combined_all,/Users/tylerchen/Cosmos-Gesture-Recognition-/processed/session_ian_discrete/sessions/student1_raise_arms_006,31.0,432951.79032258067,47038.36400315313,332727.0,547169.0,378833.0,462675.0,83842.0,5.612903225806452,2.104946851751671,0.0,0.0,0.0,301.0,301.0,-0.24822093023255815,0.4308594692622587,-0.881,0.539,-0.5343488372093024,0.1211236602253461,-0.789,-0.178,-0.6577275747508307,0.21391038628181297,-1.06,-0.225,-15.402823920265783,13.735219237682443,-53.53,26.4,24.188172757475083,18.439243926873452,-18.16,91.68,-17.00541528239203,13.454610872529724,-49.65,28.6,1.01026243966695,0.07201494495461795,147.0,56.61904761904762,43.8864246076185,18.0,249.0,40.0,231.0,38.0,46.0,8.0,58.0,27.0,-31.0,31.0,8.13013698630137,130.0,-0.5943471427815854
raise_arms,student1,combined_all,/Users/tylerchen/Cosmos-Gesture-Recognition-/processed/session_ian_discrete/sessions/student1_raise_arms_007,30.0,451966.0333333333,51835.39617126721,352610.0,566252.0,403509.0,478684.0,75175.0,6.316666666666666,2.0020128759714697,0.0,0.0,0.0,301.0,301.0,-0.3340631229235881,0.4274372316592026,-0.978,0.545,-0.4921661129568106,0.12421438505601076,-0.718,-0.128,-0.6366445182724253,0.22719714216254513,-1.016,-0.126,-17.276445182724252,18.645656936113056,-73.92,29.18,24.5847342192691,19.551773290415184,-24.23,89.66,-16.416910299003323,11.104157556449987,-55.36,3.54,1.001704432530355,0.07403017767098828,150.0,49.85333333333333,31.233299310695134,33.0,187.0,41.0,154.0,38.0,44.0,6.0,180.0,41.0,-139.0,139.0,3.7651006711409396,56.0,-0.3570659436715717
raise_arms,student1,combined_all,/Users/tylerchen/Cosmos-Gesture-Recognition-/processed/session_ian_discrete/sessions/student1_raise_arms_008,30.0,468679.5833333333,57788.32721436676,350837.0,624614.0,435113.0,380168.0,-54945.0,5.866666666666666,1.910206504252587,0.0,0.0,0.0,301.0,301.0,-0.356436877076412,0.44471645509914165,-0.854,0.567,-0.5445498338870431,0.16102258619240967,-0.848,-0.122,-0.5496760797342193,0.23518540994799317,-1.115,-0.168,-15.913421926910301,18.84289523706484,-65.55,43.67,20.437342192691027,23.76153279518373,-31.13,65.0,-16.89058139534884,19.271655310744126,-49.56,33.66,0.9973416212050463,0.10024184716427359,149.0,48.54362416107382,20.23134216248711,30.0,177.0,40.0,147.0,38.0,50.0,12.0,66.0,36.0,-30.0,30.0,5.837837837837838,94.0,-0.30307636495555945
fist_open,student1,combined_all,/Users/tylerchen/Cosmos-Gesture-Recognition-/processed/session_ian_discrete/sessions/student1_fist_open_001,30.0,338956.55,29181.326155708433,299852.0,398808.0,307002.0,321042.0,14040.0,0.8833333333333333,1.1950127846828902,0.0,0.0,0.0,303.0,303.0,0.7527326732673267,0.04739126329554881,0.584,0.914,0.07291254125412541,0.07285760003633329,-0.234,0.284,-0.6477970297029704,0.0664969068155792,-0.878,-0.435,0.11211221122112201,15.613062759279995,-56.73,53.01,-0.8879702970297035,12.351887187184245,-45.84,46.14,-0.4662706270627061,10.598731988079697,-34.94,43.15,1.0013136499852822,0.03017751575752003,151.0,85.74834437086092,1.947540476417568,82.0,91.0,85.5,9.0,84.0,87.0,3.0,84.0,85.0,1.0,1.0,1.82,6.0,-0.004970372952248758
fist_open,student1,combined_all,/Users/tylerchen/Cosmos-Gesture-Recognition-/processed/session_ian_discrete/sessions/student1_fist_open_002,30.0,330026.2833333333,13091.386146167088,306990.0,354488.0,321996.0,332944.0,10948.0,2.1166666666666667,1.5474890055254746,0.0,0.0,0.0,301.0,301.0,0.6720149501661129,0.0946561497763507,0.265,0.968,0.035702657807308975,0.089656317954487,-0.232,0.35,-0.7201528239202658,0.1003747761764301,-1.066,-0.372,3.086843853820598,11.649525230107622,-42.33,34.42,-4.411760797342192,16.951145020251563,-100.07,32.41,1.5839867109634553,9.458948761933671,-26.55,40.04,0.9987707399826348,0.03207817806937085,151.0,88.00331125827815,3.336802095080208,81.0,96.0,88.0,15.0,86.0,90.0,4.0,81.0,89.0,8.0,8.0,2.12,10.0,-0.04051876379690941
fist_open,student1,combined_all,/Users/tylerchen/Cosmos-Gesture-Recognition-/processed/session_ian_discrete/sessions/student1_fist_open_003,30.0,305381.9,9360.059784709354,288607.0,323943.0,294935.0,300530.0,5595.0,0.9333333333333333,0.9637888196533975,0.0,0.0,0.0,302.0,302.0,0.7504685430463577,0.04433055959235487,0.602,0.868,-0.03310596026490067,0.059408537686538566,-0.158,0.15,-0.6539387417218543,0.05603070957903008,-0.833,-0.491,0.7443377483443712,10.539999203391147,-25.06,26.06,-1.0346854304635758,9.841001216884127,-40.53,19.87,1.8702649006622514,7.998053152765578,-17.18,26.43,0.9997941428311035,0.031314563262464255,150.0,83.66666666666667,3.352684323049573,76.0,91.0,84.0,15.0,81.0,86.0,5.0,86.0,85.0,-1.0,1.0,2.7986577181208054,9.0,0.021421396506511085
fist_open,student1,combined_all,/Users/tylerchen/Cosmos-Gesture-Recognition-/processed/session_ian_discrete/sessions/student1_fist_open_004,30.0,350622.36666666664,38184.22607088197,296911.0,442916.0,336654.0,311147.0,-25507.0,1.8666666666666667,2.0612833111653743,0.0,0.0,0.0,300.0,300.0,0.78191,0.05142907064499034,0.488,0.984,0.032875,0.05991662127181096,-0.172,0.29,-0.6183700000000001,0.07853065895748168,-0.992,-0.22,2.0568666666666666,12.762528133128205,-74.92,34.58,-0.20589999999999994,11.103999678344135,-29.21,53.38,0.21623333333333317,9.743765877672189,-31.95,49.96,1.0030757001167958,0.03296400565060814,150.0,82.80666666666667,2.496162602975249,75.0,88.0,83.0,13.0,81.0,84.75,3.75,86.0,86.0,0.0,0.0,2.120805369127517,8.0,0.0032534779323523293
fist_open,student1,combined_all,/Users/tylerchen/Cosmos-Gesture-Recognition-/processed/session_ian_discrete/sessions/student1_fist_open_005,30.0,319514.43333333335,17072.95151339946,286654.0,350318.0,341628.0,330481.0,-11147.0,1.4333333333333333,1.430229196861662,0.0,0.0,0.0,301.0,301.0,0.7419169435215947,0.05033976956895589,0.644,0.893,-0.07286046511627908,0.09690990944414932,-0.295,0.216,-0.6573172757475084,0.062343358677314886,-0.868,-0.38,3.4255149501661126,14.909650432750462,-45.23,55.18,-2.97578073089701,8.918457873177514,-31.4,24.63,0.14096345514950187,9.842104854928577,-21.49,31.53,1.0014035527367546,0.02861190912215708,150.0,83.4,1.7873530352124678,79.0,88.0,83.0,9.0,82.0,84.0,2.0,84.0,85.0,1.0,1.0,1.9798657718120805,6.0,-0.011093826392284218
fist_open,student1,combined_all,/Users/tylerchen/Cosmos-Gesture-Recognition-/processed/session_ian_discrete/sessions/student1_fist_open_006,30.0,307654.23333333334,10038.083348539312,288114.0,334151.0,320756.0,307361.0,-13395.0,0.7333333333333333,0.9977753031397175,0.0,0.0,0.0,302.0,302.0,0.7470579470198675,0.03897606444299436,0.617,0.849,-0.012529801324503312,0.060567586370912196,-0.187,0.134,-0.6622880794701986,0.04875146856818907,-0.847,-0.489,1.365397350993378,12.720848125467965,-33.91,53.16,0.2769039735099337,7.716522552207434,-28.23,21.58,-0.36019867549668877,6.850541996161732,-24.78,23.71,1.0018877422350299,0.025754535524968716,151.0,80.43377483443709,2.1974799936053584,75.0,85.0,80.0,10.0,79.0,82.0,3.0,77.0,80.0,3.0,3.0,2.1533333333333333,6.0,-0.00020041826420385674
fist_open,student1,combined_all,/Users/tylerchen/Cosmos-Gesture-Recognition-/processed/session_ian_discrete/sessions/student1_fist_open_007,30.0,329925.3333333333,19454.654348567135,297265.0,386127.0,306248.0,347315.0,41067.0,0.4666666666666667,0.9910712498212335,0.0,0.0,0.0,302.0,302.0,0.736091059602649,0.0412641828484134,0.573,0.855,-0.009508278145695364,0.06419392661902562,-0.219,0.145,-0.6715082781456954,0.048596143842623625,-0.881,-0.533,1.8180298013245035,10.27438845487304,-37.17,27.16,-0.4171854304635762,10.729367556893255,-48.4,26.92,-0.27900662251655606,8.14331633918001,-33.66,30.12,1.0001902585396156,0.025464640547018687,151.0,81.10264900662251,2.0553328041906838,75.0,86.0,81.0,11.0,79.25,82.0,2.75,85.0,78.0,-7.0,7.0,1.6733333333333333,7.0,-0.02494248867201148
fist_open,student1,combined_all,/Users/tylerchen/Cosmos-Gesture-Recognition-/processed/session_ian_discrete/sessions/student1_fist_open_008,30.0,327526.48333333334,25908.31751160483,300692.0,398211.0,334831.0,303201.0,-31630.0,2.0833333333333335,1.4264368973853074,0.0,0.0,0.0,301.0,301.0,0.7912890365448505,0.04578037586635663,0.589,0.922,0.08751162790697675,0.083047800713162,-0.293,0.323,-0.5994252491694352,0.07275707750228065,-0.828,-0.401,2.6396511627906976,16.108747830905894,-64.06,45.35,0.1741029900332226,13.52137594703368,-46.6,45.41,-1.4180066445182722,10.838313056632805,-34.15,25.18,1.0030405636141364,0.03610060672499272,150.0,81.34666666666666,2.3372865201778152,75.0,86.0,81.0,11.0,80.0,83.0,3.0,83.0,80.0,-3.0,3.0,2.1543624161073827,8.0,-0.027563891728521285
one_arm_boxing,student1,combined_all,/Users/tylerchen/Cosmos-Gesture-Recognition-/processed/session_ian_periodic/sessions/student1_one_arm_boxing_001_seg000,30.0,540506.5666666667,90622.68477325213,355230.0,718510.0,495563.0,638200.0,142637.0,8.066666666666666,1.8961950204437188,0.0,0.0,0.0,300.0,300.0,0.19045666666666666,0.5579305047425013,-1.225,2.026,-0.33544999999999997,0.3683207168528034,-1.436,0.592,-0.8707566666666666,0.2625385891424133,-2.022,-0.331,8.162483333333332,85.21562192608656,-189.06,279.46,8.660766666666666,60.59429110963251,-225.01,114.6,4.745566666666667,93.04863179727876,-146.55,268.14,1.126917955288991,0.3910839402782679,150.0,65.20666666666666,9.593269919088703,46.0,83.0,65.0,37.0,58.0,74.0,16.0,79.0,64.0,-15.0,15.0,2.771812080536913,11.0,0.06378416818525218
one_arm_boxing,student1,combined_all,/Users/tylerchen/Cosmos-Gesture-Recognition-/processed/session_ian_periodic/sessions/student1_one_arm_boxing_001_seg001,30.0,539899.0833333334,88830.28234392474,382527.0,787319.0,446342.0,528448.0,82106.0,8.4,2.0428737928059415,0.0,0.0,0.0,299.0,299.0,0.3769749163879598,0.5415447342589421,-0.878,1.443,-0.3406086956521739,0.28920605896102913,-1.203,0.454,-0.8268193979933111,0.18668061763783692,-1.295,-0.473,-2.84252508361204,56.27544323325112,-192.54,181.59,-0.3873578595317724,51.86389078411477,-124.73,118.53,-9.724280936454852,75.50505250365659,-119.3,211.58,1.1290123123478695,0.28079598171897946,150.0,66.85,9.269229965918088,49.0,84.0,64.5,35.0,60.0,75.0,15.0,63.0,65.0,2.0,2.0,2.214765100671141,12.0,-0.04390328459042618
one_arm_boxing,student1,combined_all,/Users/tylerchen/Cosmos-Gesture-Recognition-/processed/session_ian_periodic/sessions/student1_one_arm_boxing_001_seg002,30.0,530877.4,98272.07053128914,368593.0,779211.0,652748.0,506657.0,-146091.0,8.033333333333333,2.258071940591993,0.0,0.0,0.0,300.0,300.0,0.12314666666666668,0.6328427596874985,-1.241,1.284,-0.36767500000000003,0.44715762764190137,-1.418,1.443,-0.8573049999999999,0.20188094959241035,-1.731,-0.415,2.043499999999999,68.66212049898158,-133.79,253.82,-1.4314000000000007,63.85997841663692,-190.86,140.69,3.352033333333334,82.46649706112309,-123.08,229.16,1.1826941471117522,0.3574244602769536,150.0,64.50666666666666,9.03349224292069,46.0,79.0,67.0,33.0,56.0,72.0,16.0,67.0,70.0,3.0,3.0,2.476510067114094,11.0,0.018343926396728515
one_arm_boxing,student1,combined_all,/Users/tylerchen/Cosmos-Gesture-Recognition-/processed/session_ian_periodic/sessions/student1_one_arm_boxing_002_seg000,30.0,568377.4333333333,105453.20149926959,374810.0,845117.0,374810.0,701485.0,326675.0,9.066666666666666,2.515728301881761,0.0,0.0,0.0,300.0,300.0,0.16883000000000004,0.5563048155163378,-1.051,1.186,-0.48518333333333336,0.2683217528557004,-1.497,0.109,-0.8109433333333333,0.15954154669622023,-1.326,-0.241,-4.512466666666667,62.635868578492804,-146.7,303.9,-3.9538,50.65253175863967,-147.86,101.41,-5.379600000000001,83.19953101534487,-136.3,172.49,1.1263444056489353,0.24455862595707614,150.0,60.6,9.011551125709445,37.0,79.0,60.0,42.0,54.0,68.0,14.0,59.0,79.0,20.0,20.0,3.7181208053691277,26.0,-0.0013618383039247415
one_arm_boxing,student1,combined_all,/Users/tylerchen/Cosmos-Gesture-Recognition-/processed/session_ian_periodic/sessions/student1_one_arm_boxing_002_seg001,30.0,591316.7333333333,114332.46599105415,393950.0,826942.0,659934.0,468786.0,-191148.0,8.966666666666667,2.1522597943143906,0.0,0.0,0.0,300.0,300.0,0.14623000000000003,0.5252627314972955,-1.061,0.882,-0.44445,0.3545282699118177,-1.721,0.112,-0.80059,0.17046432355101082,-1.303,-0.308,7.807966666666666,61.87214780657683,-172.31,243.54,2.3739333333333343,48.51164588559008,-149.78,106.75,-3.2340333333333344,77.7880262212565,-140.32,172.15,1.1085342370691413,0.2483234294542236,150.0,64.14333333333333,10.109523828340986,43.0,85.0,65.5,42.0,55.0,72.0,17.0,77.0,69.0,-8.0,8.0,2.9261744966442955,24.0,-0.11730743588603953
one_arm_boxing,student1,combined_all,/Users/tylerchen/Cosmos-Gesture-Recognition-/processed/session_ian_periodic/sessions/student1_one_arm_boxing_002_seg002,30.0,541788.0,85344.40326348295,361575.0,713417.0,577238.0,507168.0,-70070.0,8.95,2.0097678141185034,0.0,0.0,0.0,300.0,300.0,0.26870666666666665,0.5542494991327361,-1.373,1.226,-0.63908,0.386838933235354,-1.97,0.251,-0.7005466666666667,0.2430015524413144,-1.354,-0.136,0.7306333333333331,68.93414890989966,-147.31,237.77,8.729699999999998,58.196771327196494,-108.8,147.53,3.8933666666666658,70.11454894432079,-117.56,146.98,1.1826232050378886,0.2977937679657611,150.0,60.13333333333333,6.703116240809764,46.0,77.0,60.0,31.0,55.0,65.0,10.0,61.0,62.0,1.0,1.0,2.825503355704698,9.0,0.040053335703808896
one_arm_boxing,student1,combined_all,/Users/tylerchen/Cosmos-Gesture-Recognition-/processed/session_ian_periodic/sessions/student1_one_arm_boxing_003_seg000,30.0,620333.3166666667,78834.48220821703,487140.0,781272.0,651282.0,781272.0,129990.0,9.75,1.9780040444852482,0.0,0.0,0.0,300.0,300.0,0.16134666666666667,0.5897702884645475,-1.455,1.122,-0.6227533333333333,0.41617676431482276,-1.939,0.26,-0.7249033333333333,0.25684085991567274,-1.489,-0.165,2.771866666666668,81.70306169609285,-212.59,222.45,2.2636,61.40406998758307,-174.75,144.17,4.549783333333333,92.02373006659599,-166.05,199.5,1.179377841651962,0.36797626275847306,150.0,61.986666666666665,8.130633651777599,38.0,77.0,62.5,39.0,57.0,68.0,11.0,69.0,48.0,-21.0,21.0,3.2684563758389262,14.0,0.007434997110982555
one_arm_boxing,student1,combined_all,/Users/tylerchen/Cosmos-Gesture-Recognition-/processed/session_ian_periodic/sessions/student1_one_arm_boxing_003_seg001,30.0,601310.9333333333,103462.0584300387,426066.0,792207.0,478719.0,621908.0,143189.0,8.433333333333334,1.6265163865007803,0.0,0.0,0.0,300.0,300.0,0.18738666666666665,0.6087814143753807,-1.553,1.18,-0.34952333333333335,0.2849127283728982,-1.09,0.556,-0.8733366666666665,0.16244682431377236,-1.355,-0.547,4.115066666666665,64.02427325368264,-191.2,274.39,2.664099999999999,60.37927174279266,-202.89,120.98,-9.1193,94.60998674280091,-163.18,225.99,1.1596920891417608,0.23084748021747836,150.0,60.803333333333335,10.673132652899907,40.0,84.0,62.0,44.0,51.0,69.0,18.0,53.0,54.0,1.0,1.0,3.697986577181208,24.0,-0.014888661718298547
one_arm_boxing,student1,combined_all,/Users/tylerchen/Cosmos-Gesture-Recognition-/processed/session_ian_periodic/sessions/student1_one_arm_boxing_003_seg002,30.0,571057.5333333333,76871.53436176633,411948.0,706790.0,584712.0,568199.0,-16513.0,9.166666666666666,1.9507833184532706,0.0,0.0,0.0,300.0,300.0,-0.040893333333333344,0.5922502190422183,-1.27,1.786,-0.45784,0.3339691917926962,-1.224,0.244,-0.824765,0.2610182412686899,-1.492,-0.246,-2.6114666666666637,68.24853810777847,-187.54,150.12,-5.254400000000001,69.18980743317617,-218.67,154.33,2.261566666666666,89.10015220270701,-184.09,200.14,1.1280033694586944,0.3867320769255704,150.0,68.67666666666666,11.449500541063834,51.0,90.0,68.0,39.0,58.0,79.0,21.0,58.0,82.0,24.0,24.0,2.5369127516778525,8.0,0.07692875238899467
clapping,student1,combined_all,/Users/tylerchen/Cosmos-Gesture-Recognition-/processed/session_ian_periodic/sessions/student1_clapping_001_seg000,30.0,479325.98333333334,65061.91385832464,399608.0,663826.0,416526.0,585437.0,168911.0,7.766666666666667,1.6669999666733315,0.0,0.0,0.0,300.0,300.0,0.5635416666666667,0.35178541863455465,-0.047,1.272,-0.7747516666666666,0.31301319327448307,-1.581,-0.013,0.06141333333333334,1.2574907988353456,-2.462,2.406,0.013833333333332878,90.30254330013204,-160.1,265.42,2.1994666666666673,135.49408232483398,-277.23,190.74,1.5488999999999995,53.86487260843873,-107.64,98.57,1.5703297660638504,0.5085948559320261,147.0,26.738095238095237,12.23490589969654,1.0,67.0,26.0,66.0,18.0,35.0,17.0,11.0,26.0,15.0,15.0,8.664383561643836,54.0,0.021037181996086243
clapping,student1,combined_all,/Users/tylerchen/Cosmos-Gesture-Recognition-/processed/session_ian_periodic/sessions/student1_clapping_001_seg001,30.0,438962.25,48652.79309363955,352244.0,630520.0,426297.0,414221.0,-12076.0,6.333333333333333,1.4681810363696828,0.0,0.0,0.0,300.0,300.0,0.611605,0.23992941360332842,-0.152,1.316,-0.7594383333333333,0.29568421561505254,-2.334,0.137,0.06064333333333333,0.8786508164678558,-2.98,1.522,-0.4242999999999991,95.51857272633771,-295.82,274.36,0.4559999999999991,105.80317317862762,-203.47,138.16,1.9553333333333338,32.16985916224252,-88.47,80.48,1.3137107566838433,0.3816693018407528,141.0,22.80141843971631,11.708494997928415,2.0,50.0,21.0,48.0,13.0,32.0,19.0,14.0,12.0,-2.0,2.0,6.4714285714285715,40.0,0.003176505843572032
clapping,student1,combined_all,/Users/tylerchen/Cosmos-Gesture-Recognition-/processed/session_ian_periodic/sessions/student1_clapping_001_seg002,30.0,408135.2,36725.07765078647,344726.0,500580.0,375894.0,428476.0,52582.0,5.633333333333334,1.9576062480034695,0.0,0.0,0.0,300.0,300.0,0.6167966666666668,0.262004893575306,-0.362,1.647,-0.7649716666666667,0.2634499763343234,-1.868,0.232,0.07163499999999999,0.6138476233493673,-2.634,1.196,-2.0196166666666664,82.70405768366989,-351.39,186.62,-2.9328333333333334,102.84441733102196,-252.27,144.23,1.5726666666666662,49.536559040324505,-103.37,101.9,1.172379609894675,0.333374806069277,145.0,21.786206896551725,11.097538645333675,2.0,55.0,20.0,53.0,14.0,28.0,14.0,19.0,17.0,-2.0,2.0,4.277777777777778,18.0,-0.1023185325145643
clapping,student1,combined_all,/Users/tylerchen/Cosmos-Gesture-Recognition-/processed/session_ian_periodic/sessions/student1_clapping_002_seg000,30.0,443715.65,32099.035381385886,370925.0,537505.0,467991.0,419091.0,-48900.0,6.466666666666667,2.0773915267843845,0.0,0.0,0.0,300.0,300.0,0.1716166666666666,0.7258465819048561,-1.545,2.143,-0.7820166666666667,0.38724893790352405,-2.968,0.447,0.18853833333333334,0.6304062772243697,-2.311,1.526,18.0342,108.3560361893827,-406.42,417.49,-5.025933333333332,110.00970129433873,-281.84,291.73,-26.259083333333336,88.93911498834314,-252.91,144.11,1.2662123825129346,0.38403427902143095,139.0,28.514388489208635,22.13896676546097,1.0,164.0,24.0,163.0,17.5,33.5,16.0,50.0,34.0,-16.0,16.0,7.507246376811594,109.0,-0.2663099334197238
clapping,student1,combined_all,/Users/tylerchen/Cosmos-Gesture-Recognition-/processed/session_ian_periodic/sessions/student1_clapping_002_seg001,30.0,382307.65,34356.169691713796,329773.0,472016.0,341350.0,419895.0,78545.0,4.4,1.9933221850301406,0.0,0.0,0.0,300.0,300.0,0.7413633333333333,0.44632085227342233,-0.829,3.121,-0.6208216666666666,0.3889403540783028,-2.578,1.648,0.18741833333333333,0.6798975216197141,-4.0,2.468,-1.6102999999999996,90.9104952569997,-449.81,367.02,-4.901733333333332,92.48899671470035,-295.3,261.48,-7.1092499999999985,36.784845002448584,-262.76,92.5,1.25279236123853,0.46196710620452275,147.0,18.183673469387756,8.56963451544253,1.0,50.0,17.0,49.0,12.0,24.0,12.0,1.0,36.0,35.0,35.0,5.390410958904109,35.0,0.011753016645384478
clapping,student1,combined_all,/Users/tylerchen/Cosmos-Gesture-Recognition-/processed/session_ian_periodic/sessions/student1_clapping_002_seg002,30.0,386008.25,42032.245487789885,311212.0,502672.0,362462.0,430823.0,68361.0,5.666666666666667,2.507765716507204,0.0,0.0,0.0,300.0,300.0,0.8566533333333333,0.3336852259351729,-0.54,2.26,-0.2843733333333333,0.40880933443173545,-2.508,1.81,0.030139999999999986,0.7622856270794116,-3.244,2.239,5.414616666666667,89.26163563127582,-557.94,420.97,1.7818333333333325,102.79233816017215,-362.71,255.38,5.031483333333334,30.385600596193402,-166.23,78.77,1.2275628412230841,0.41020884418587295,146.0,15.263698630136986,5.529432112115692,3.0,28.0,15.0,25.0,12.0,18.916666666666664,6.916666666666664,4.0,16.0,12.0,12.0,3.0344827586206895,19.0,0.054866821551483105
clapping,student1,combined_all,/Users/tylerchen/Cosmos-Gesture-Recognition-/processed/session_ian_periodic/sessions/student1_clapping_003_seg000,30.0,388576.06666666665,34606.18426710591,322375.0,492233.0,407720.0,381044.0,-26676.0,4.533333333333333,2.291045370325277,0.0,0.0,0.0,300.0,300.0,0.8312149999999999,0.4414453132703227,-0.903,2.683,-0.39536,0.3992624817525248,-1.473,2.001,0.14729833333333334,0.7425398855585943,-1.845,2.197,10.20915,72.9863560676069,-246.28,225.1,0.4759833333333351,122.51321568079797,-329.57,219.55,6.967899999999999,48.33503330908131,-269.45,85.36,1.2585182930762362,0.436699423412882,148.0,18.19256756756757,6.562528849242649,5.0,44.0,17.0,39.0,14.0,22.0,8.0,23.0,17.0,-6.0,6.0,4.312925170068027,38.0,-0.012977057320297926
clapping,student1,combined_all,/Users/tylerchen/Cosmos-Gesture-Recognition-/processed/session_ian_periodic/sessions/student1_clapping_003_seg001,30.0,375036.43333333335,35092.1732833321,320842.0,464022.0,362635.0,352348.0,-10287.0,5.583333333333333,2.05784407140634,0.0,0.0,0.0,300.0,300.0,0.8018500000000001,0.5598219545831811,-1.845,3.548,-0.412455,0.38341680680888063,-2.112,1.66,0.08007166666666668,0.9689872891003075,-4.0,4.0,10.130316666666666,103.98553334221322,-429.0,492.78,-9.5444,135.76077886976483,-488.14,347.24,7.514316666666667,41.21813280208679,-303.81,143.5,1.3295270631488083,0.6717121739982811,148.0,19.739864864864863,11.30535806907723,4.0,55.0,17.0,51.0,10.0,28.0,18.0,22.0,8.0,-14.0,14.0,5.319727891156463,35.0,-0.01137478390594402
clapping,student1,combined_all,/Users/tylerchen/Cosmos-Gesture-Recognition-/processed/session_ian_periodic/sessions/student1_clapping_003_seg002,30.0,372745.25,22447.05235852971,329174.0,414818.0,372530.0,388343.0,15813.0,4.7,1.8645821694595996,0.0,0.0,0.0,300.0,300.0,0.7730183333333333,0.6103525239238266,-1.666,3.61,-0.48405333333333334,0.475778317288474,-2.529,1.966,0.1324766666666667,1.0430653603379978,-3.064,4.0,3.0559833333333337,109.31171475109483,-567.86,562.76,6.485149999999999,140.77216562668738,-467.02,431.65,3.340316666666667,39.46154820485122,-202.03,125.1,1.4336873249541953,0.6934235727579681,143.0,15.996503496503497,6.8011226557465365,1.0,29.0,17.0,28.0,10.5,21.0,10.5,10.0,28.0,18.0,18.0,3.408450704225352,16.0,0.008962868117797729
two_arm_boxing,student1,combined_all,/Users/tylerchen/Cosmos-Gesture-Recognition-/processed/session_ian_periodic/sessions/student1_two_arm_boxing_001_seg000,30.0,588590.3333333334,58737.909113469665,478164.0,694150.0,591170.0,551756.0,-39414.0,9.266666666666667,1.9988885800753267,0.0,0.0,0.0,300.0,300.0,0.198145,0.635727066547954,-1.331,1.199,-0.5271566666666666,0.3609991949975635,-2.169,0.196,-0.7432949999999999,0.17612238304183073,-1.261,-0.436,1.6886833333333342,66.32342432366102,-202.95,181.4,-1.9446833333333333,48.74128901343694,-90.91,117.95,-1.222666666666665,84.27500060845776,-156.62,173.1,1.153038616648839,0.32501294361383765,150.0,52.65,12.566434198147693,24.0,100.0,51.5,76.0,44.25,60.0,15.75,36.0,43.0,7.0,7.0,5.724832214765101,41.0,0.013468154140183977
two_arm_boxing,student1,combined_all,/Users/tylerchen/Cosmos-Gesture-Recognition-/processed/session_ian_periodic/sessions/student1_two_arm_boxing_001_seg001,30.0,616927.75,85782.37658019178,386104.0,759411.0,664106.0,754102.0,89996.0,9.7,1.678513451661144,0.0,0.0,0.0,300.0,300.0,0.26639999999999997,0.5251657325708396,-1.042,0.886,-0.6974633333333333,0.31533210322170213,-1.683,0.005,-0.6177483333333333,0.20591552676738317,-1.305,-0.07,2.9783833333333334,50.789379947314636,-162.91,133.7,1.3511333333333337,60.662901686383684,-126.8,123.54,-1.9908000000000008,96.30461127083515,-169.74,192.63,1.132815265940399,0.2709266027648747,150.0,51.9,13.262830940781775,27.0,77.0,50.0,50.0,40.0,62.0,22.0,40.0,48.0,8.0,8.0,4.751677852348993,16.0,0.08287479443530792
two_arm_boxing,student1,combined_all,/Users/tylerchen/Cosmos-Gesture-Recognition-/processed/session_ian_periodic/sessions/student1_two_arm_boxing_001_seg002,30.0,633745.0666666667,96123.18574202353,378316.0,795771.0,751384.0,723579.0,-27805.0,9.033333333333333,2.651833747093174,0.0,0.0,0.0,300.0,300.0,0.18872,0.5869639866295036,-1.386,1.147,-0.6386333333333333,0.32879634640215727,-1.193,0.191,-0.6476566666666667,0.21403666242717148,-1.383,-0.251,5.432633333333334,57.03756089980434,-188.54,138.95,-0.4027666666666649,69.31705839603184,-190.8,168.83,-0.7336833333333296,95.83067642557396,-150.94,214.7,1.1406030308252417,0.2457582321405848,150.0,50.27,12.106162111661378,28.0,81.0,49.0,53.0,41.0,59.0,18.0,37.0,36.0,-1.0,1.0,3.6308724832214767,16.0,-0.009663540601804766
two_arm_boxing,student1,combined_all,/Users/tylerchen/Cosmos-Gesture-Recognition-/processed/session_ian_periodic/sessions/student1_two_arm_boxing_002_seg000,30.0,600744.5833333334,93853.0289553906,439906.0,891026.0,558432.0,652964.0,94532.0,8.566666666666666,1.9396448701301539,0.0,0.0,0.0,299.0,299.0,0.07674916387959868,0.5081785369095738,-1.371,0.852,-0.716819397993311,0.36374304690565956,-2.154,-0.029,-0.6496705685618729,0.2589160567019191,-1.46,-0.188,8.436070234113714,64.01035042525255,-140.17,180.85,3.373712374581938,86.81166658605883,-165.26,189.31,11.550936454849499,107.95589767710798,-182.65,240.24,1.1285677963258964,0.3545687721911887,149.0,58.308724832214764,17.408117603523234,15.0,107.0,55.0,92.0,45.0,71.0,26.0,48.0,41.0,-7.0,7.0,7.547297297297297,64.0,0.06014873934337003
two_arm_boxing,student1,combined_all,/Users/tylerchen/Cosmos-Gesture-Recognition-/processed/session_ian_periodic/sessions/student1_two_arm_boxing_002_seg001,30.0,622975.0333333333,85397.26406253046,401255.0,796430.0,796430.0,713378.0,-83052.0,8.933333333333334,1.8245242911205344,0.0,0.0,0.0,300.0,300.0,0.1649,0.536176435513535,-1.272,1.105,-0.737845,0.5091774761563987,-3.315,0.346,-0.5567633333333333,0.26333312360751143,-1.651,-0.098,8.714066666666666,87.4715978444559,-238.01,293.44,11.789000000000001,92.30816837636851,-323.28,213.32,-1.5608166666666647,117.0808915739444,-209.39,183.57,1.1406984891018301,0.4432728578924444,150.0,56.79666666666667,12.493874263368989,36.0,94.0,55.0,58.0,46.25,66.0,19.75,41.0,70.0,29.0,29.0,4.906040268456376,31.0,0.052733306665481434
two_arm_boxing,student1,combined_all,/Users/tylerchen/Cosmos-Gesture-Recognition-/processed/session_ian_periodic/sessions/student1_two_arm_boxing_002_seg002,30.0,599761.55,71502.29463664668,466221.0,725631.0,586937.0,651666.0,64729.0,9.383333333333333,1.4473155226909653,0.0,0.0,0.0,301.0,301.0,0.15513953488372095,0.5283023275557097,-1.245,1.062,-0.7060199335548173,0.3616082656807411,-1.879,0.407,-0.5947524916943522,0.2944164384642568,-1.377,0.207,10.85083056478405,82.74627192759087,-471.54,213.54,-2.9009634551495003,75.14221116261686,-212.59,216.65,-1.002126245847175,95.35634127171747,-183.78,191.99,1.1382826438489841,0.27770577469128105,149.0,61.52348993288591,16.398930833527483,32.0,122.0,59.0,90.0,49.0,71.0,22.0,63.0,65.0,2.0,2.0,6.27027027027027,34.0,0.029005381220146283
two_arm_boxing,student1,combined_all,/Users/tylerchen/Cosmos-Gesture-Recognition-/processed/session_ian_periodic/sessions/student1_two_arm_boxing_003_seg000,30.0,619426.4333333333,96237.21619127164,450839.0,793170.0,752947.0,696362.0,-56585.0,9.733333333333333,1.7876116903722563,0.0,0.0,0.0,300.0,300.0,0.17822666666666664,0.4932001807094679,-1.299,0.886,-0.7335083333333333,0.42423237236671235,-1.779,0.449,-0.5323333333333333,0.2185176931560056,-0.984,0.082,9.984066666666665,75.97908323652123,-206.43,295.27,-3.8753333333333377,96.24211495436334,-194.89,194.98,8.098933333333335,97.94290613173007,-185.49,236.43,1.1184137001536112,0.2707365861958896,150.0,51.45333333333333,16.53168065637565,24.0,107.0,49.0,83.0,38.0,62.75,24.75,46.0,70.0,24.0,24.0,7.114093959731544,77.0,0.09484865994044153
two_arm_boxing,student1,combined_all,/Users/tylerchen/Cosmos-Gesture-Recognition-/processed/session_ian_periodic/sessions/student1_two_arm_boxing_003_seg001,30.0,617908.1666666666,92907.61599893495,429946.0,788734.0,556011.0,590575.0,34564.0,8.733333333333333,1.6719914938645934,0.0,0.0,0.0,299.0,299.0,0.11424247491638799,0.3639259667379007,-0.806,0.673,-0.8291739130434783,0.25865044952316296,-1.425,-0.24,-0.5550635451505017,0.17176957510546945,-0.946,-0.039,10.060334448160535,57.606546020133415,-176.27,177.68,12.966856187290968,95.38532039736029,-148.17,178.78,-0.2632775919732465,83.22296797041307,-145.76,139.04,1.0967460419707584,0.18620239246566286,150.0,55.913333333333334,13.748428423508306,29.0,96.0,55.5,67.0,45.0,66.0,21.0,69.0,40.0,-29.0,29.0,4.503355704697986,41.0,-0.004809102626783452
two_arm_boxing,student1,combined_all,/Users/tylerchen/Cosmos-Gesture-Recognition-/processed/session_ian_periodic/sessions/student1_two_arm_boxing_003_seg002,30.0,563647.2833333333,56821.25160003713,436846.0,659549.0,525630.0,496268.0,-29362.0,8.3,1.5088627063675033,0.0,0.0,0.0,301.0,301.0,0.017458471760797352,0.41606131644209,-1.093,0.646,-0.7772392026578073,0.2730129587994935,-1.475,-0.123,-0.5890215946843854,0.18170470101480288,-1.251,-0.162,0.4352159468438523,62.99227247104459,-248.73,131.41,5.9853488372093,91.96303611193372,-201.88,175.66,12.302591362126245,78.60409711745496,-113.25,155.98,1.0826338338765749,0.24477681715691513,150.0,51.92333333333333,13.460947325811711,33.0,91.0,49.0,58.0,42.0,57.0,15.0,44.0,83.0,39.0,39.0,4.060402684563758,37.0,-0.07812169429752437
soli,student1,combined_all,/Users/tylerchen/Cosmos-Gesture-Recognition-/processed/session_ian_periodic/sessions/student1_soli_001_seg000,30.0,339890.1666666667,24009.961327309316,300354.0,385881.0,353176.0,337613.0,-15563.0,1.1333333333333333,1.2578641509408803,0.0,0.0,0.0,300.0,300.0,0.11188666666666668,0.053958611779633334,-0.038,0.353,-0.9912799999999998,0.10774510785491222,-1.542,-0.672,0.11625166666666667,0.1294475601568278,-0.328,0.613,5.515249999999999,46.68802333102003,-129.25,192.45,4.065416666666667,21.75279460042412,-36.74,84.6,1.2101499999999998,19.808577588025685,-62.26,49.71,1.0141927432471136,0.1065805095120909,145.0,70.45172413793104,1.8590283994706251,67.0,76.0,70.0,9.0,69.0,72.0,3.0,69.0,73.0,4.0,4.0,1.4444444444444444,6.0,0.014938592347662458
soli,student1,combined_all,/Users/tylerchen/Cosmos-Gesture-Recognition-/processed/session_ian_periodic/sessions/student1_soli_001_seg001,30.0,313957.36666666664,17780.66827481152,281534.0,374062.0,327987.0,286146.0,-41841.0,0.7166666666666667,1.1231157059220964,0.0,0.0,0.0,300.0,300.0,0.10388333333333333,0.05788859911422463,-0.077,0.262,-0.9955316666666668,0.09000125316514374,-1.309,-0.705,0.11089833333333336,0.10070613435745719,-0.094,0.454,-1.8344666666666671,35.94127288900913,-97.9,84.14,-2.216133333333333,20.407989163941544,-59.45,73.09,-0.40836666666666654,18.71463374827897,-74.01,43.15,1.0138967784868909,0.08820345892592531,150.0,68.76666666666667,1.7112602470429856,65.0,73.0,69.0,8.0,68.0,70.0,2.0,71.0,67.0,-4.0,4.0,1.5033557046979866,6.0,0.0014862882794788458
soli,student1,combined_all,/Users/tylerchen/Cosmos-Gesture-Recognition-/processed/session_ian_periodic/sessions/student1_soli_001_seg002,30.0,317768.13333333336,17778.683179083375,282501.0,354631.0,294008.0,298088.0,4080.0,2.066666666666667,1.7688665548562132,0.0,0.0,0.0,300.0,300.0,0.14684333333333333,0.07706085553350388,-0.085,0.406,-0.9832249999999999,0.10503086947020225,-1.296,-0.727,0.09577833333333333,0.12885308254910866,-0.263,0.642,0.32691666666666663,42.610548677251145,-140.42,143.65,-0.45250000000000007,31.901972657136213,-129.98,97.05,-1.495333333333333,20.91906830878009,-85.54,45.44,1.0096843891583456,0.1076023441897252,150.0,68.58666666666667,1.8571987437404032,63.0,75.0,69.0,12.0,67.0,70.0,3.0,68.0,66.0,-2.0,2.0,1.4496644295302012,7.0,0.009033882987391969
soli,student1,combined_all,/Users/tylerchen/Cosmos-Gesture-Recognition-/processed/session_ian_periodic/sessions/student1_soli_002_seg000,30.0,330991.1,21672.711916678385,292388.0,386652.0,307845.0,312495.0,4650.0,2.3,1.9309372124744293,0.0,0.0,0.0,300.0,300.0,0.19971333333333333,0.07888502326992303,0.002,0.41,-0.9826899999999997,0.12966651675226978,-1.392,-0.698,-0.06422833333333335,0.15340367225130297,-0.509,0.325,1.9025166666666677,62.00841842316505,-258.06,173.65,2.6484666666666667,27.81878870443899,-98.21,53.47,1.770616666666667,29.382210205804046,-75.72,73.79,1.0208908545914224,0.1184952849215203,150.0,69.38666666666667,2.1760954709941913,64.0,75.0,69.0,11.0,68.0,71.0,3.0,68.0,73.0,5.0,5.0,1.3624161073825503,7.0,0.027535446019823075
soli,student1,combined_all,/Users/tylerchen/Cosmos-Gesture-Recognition-/processed/session_ian_periodic/sessions/student1_soli_002_seg001,30.0,336029.1,26600.643341029685,296489.0,395925.0,334435.0,298804.0,-35631.0,1.3666666666666667,1.5542057635833018,0.0,0.0,0.0,300.0,300.0,0.24684833333333334,0.09503669202237394,-0.092,0.539,-0.95824,0.12632458483340972,-1.413,-0.322,0.0004100000000000037,0.17217836265531933,-0.568,0.459,5.546183333333335,62.940850051322435,-239.14,232.76,-5.006833333333334,38.99124216588757,-149.14,75.62,-1.636533333333333,23.470045589692027,-82.92,60.34,1.010208038168888,0.11520914511863413,150.0,72.69333333333333,2.7225054259236003,67.0,77.0,73.0,10.0,70.25,75.0,4.75,74.0,67.0,-7.0,7.0,2.597315436241611,8.0,-0.01663896173163276
soli,student1,combined_all,/Users/tylerchen/Cosmos-Gesture-Recognition-/processed/session_ian_periodic/sessions/student1_soli_002_seg002,30.0,341146.4,24716.124452942324,300773.0,391681.0,309037.0,358127.0,49090.0,1.4666666666666666,1.7269111795984822,0.0,0.0,0.0,300.0,300.0,0.22327333333333332,0.08583538461410803,-0.186,0.445,-0.9725550000000001,0.11206446571058999,-1.379,-0.6,0.031694999999999994,0.16617105988007258,-0.44,0.439,0.6668500000000002,52.73384082679754,-159.67,134.71,-1.782366666666667,31.854707994249278,-137.7,89.97,2.3428,16.558699349888567,-35.07,46.78,1.0165273899509197,0.10454581185235066,150.0,71.56,2.6144410518163954,65.0,77.0,71.0,12.0,70.0,73.75,3.75,67.0,68.0,1.0,1.0,2.1677852348993287,8.0,0.021380505800257393
soli,student1,combined_all,/Users/tylerchen/Cosmos-Gesture-Recognition-/processed/session_ian_periodic/sessions/student1_soli_003_seg000,30.0,324708.8333333333,16382.314272986247,287089.0,363014.0,305623.0,318968.0,13345.0,2.533333333333333,1.521694961401777,0.0,0.0,0.0,300.0,300.0,0.17022333333333334,0.08308039352873149,-0.054,0.443,-0.9759716666666668,0.12760286058923426,-1.284,-0.466,-0.10050166666666668,0.13540758601006841,-0.44,0.225,-3.320166666666667,54.68090774336952,-181.68,142.83,0.25563333333333316,23.289945397078302,-53.41,70.96,-1.550733333333333,27.912096818325125,-66.47,50.45,1.0102624957816349,0.11174528238624118,150.0,69.34666666666666,2.4685584377580367,61.0,74.0,69.5,13.0,68.0,71.0,3.0,71.0,65.0,-6.0,6.0,2.0268456375838926,10.0,-0.0061513845059783774
soli,student1,combined_all,/Users/tylerchen/Cosmos-Gesture-Recognition-/processed/session_ian_periodic/sessions/student1_soli_003_seg001,30.0,329710.4,25435.04107669837,295134.0,389582.0,334378.0,389582.0,55204.0,1.8666666666666667,1.564892612574067,0.0,0.0,0.0,300.0,300.0,0.22402499999999997,0.051376066493391,0.065,0.366,-0.9667166666666667,0.08813415752262128,-1.251,-0.712,-0.10173333333333333,0.09912465403236995,-0.321,0.171,-0.23821666666666638,38.777255344721375,-94.24,129.15,-0.8642333333333336,23.750211221774194,-73.4,54.93,-0.9463999999999999,15.407549692926516,-41.29,33.78,1.0042155464899316,0.08283687888098251,150.0,68.76666666666667,2.1470024887738006,62.0,75.0,69.0,13.0,68.0,70.0,2.0,66.0,67.0,1.0,1.0,1.7114093959731544,9.0,-0.00019200853371275755
soli,student1,combined_all,/Users/tylerchen/Cosmos-Gesture-Recognition-/processed/session_ian_periodic/sessions/student1_soli_003_seg002,30.0,310492.36666666664,17707.812007667377,286453.0,371536.0,345757.0,305112.0,-40645.0,0.7166666666666667,1.0930334954713061,0.0,0.0,0.0,300.0,300.0,0.24003500000000003,0.06173678278849712,0.073,0.449,-0.9774466666666666,0.08162555160042761,-1.288,-0.766,0.004595000000000003,0.10361752565636832,-0.265,0.299,-1.7897500000000006,44.620144246061685,-126.38,177.74,-0.43796666666666645,22.532655610592276,-73.46,64.18,0.51435,16.5462044817966,-53.53,48.83,1.0140197452102098,0.07755391929422706,150.0,68.05333333333333,1.461068224944282,63.0,73.0,68.0,10.0,67.0,69.0,2.0,69.0,68.0,-1.0,1.0,1.1342281879194631,6.0,-0.011874305524690354
palm_up_down,student1,combined_all,/Users/tylerchen/Cosmos-Gesture-Recognition-/processed/session_ian_periodic/sessions/student1_palm_up_down_001_seg000,30.0,483286.93333333335,89468.76441527264,324299.0,694173.0,435225.0,394481.0,-40744.0,7.0,1.9148542155126762,0.0,0.0,0.0,301.0,301.0,0.06222591362126246,0.7642373581948936,-1.275,1.296,-0.05023255813953487,0.3360887935990452,-0.876,0.969,-0.6657375415282392,0.33661687097724924,-1.484,0.279,-3.7439867109634553,98.45719747270874,-327.83,352.4,31.821029900332228,284.66749219553117,-581.9,730.06,1.6220764119601332,79.91245647846607,-211.65,210.82,1.0762744633563361,0.31868552307945,150.0,80.65666666666667,5.124993588690265,72.0,102.0,80.0,30.0,77.0,82.375,5.375,83.0,98.0,15.0,15.0,2.879194630872483,15.0,0.026441175163340894
palm_up_down,student1,combined_all,/Users/tylerchen/Cosmos-Gesture-Recognition-/processed/session_ian_periodic/sessions/student1_palm_up_down_001_seg001,30.0,455973.25,69662.05055130448,351412.0,677743.0,457787.0,404855.0,-52932.0,6.8,2.0066555924389884,0.0,0.0,0.0,299.0,299.0,0.06224414715719065,0.749848432249612,-1.767,1.562,-0.17780434782608698,0.33555901557203377,-1.122,0.577,-0.6593277591973244,0.38306790719434447,-1.678,0.244,20.77953177257525,108.53501910530441,-207.13,380.17,-19.079063545150508,272.64855242403615,-584.0,567.67,14.83307692307692,82.96563644465293,-154.33,316.02,1.0956335114513276,0.30232857687508347,150.0,80.21,3.099784096785062,73.0,92.0,80.0,19.0,78.0,82.0,4.0,91.0,80.0,-11.0,11.0,2.1140939597315436,7.0,-0.033659866364431246
palm_up_down,student1,combined_all,/Users/tylerchen/Cosmos-Gesture-Recognition-/processed/session_ian_periodic/sessions/student1_palm_up_down_001_seg002,30.0,446643.6666666667,85312.28315794989,310354.0,624578.0,477163.0,494015.0,16852.0,6.966666666666667,2.483053675528492,0.0,0.0,0.0,300.0,300.0,-0.001070000000000017,0.7695193652100857,-3.102,1.371,-0.21194,0.3480279473558707,-1.387,0.853,-0.6654283333333333,0.3727511360777083,-1.614,1.184,0.8972333333333343,110.13928009878623,-320.05,507.68,12.533933333333332,272.86548138083634,-752.19,657.46,4.930700000000002,93.97313805112962,-174.17,322.67,1.1099172723959865,0.32867177968472955,150.0,79.24,2.413413300367192,72.0,84.0,79.0,12.0,78.0,81.0,3.0,79.0,78.0,-1.0,1.0,2.1140939597315436,11.0,0.0004284634872660781
palm_up_down,student1,combined_all,/Users/tylerchen/Cosmos-Gesture-Recognition-/processed/session_ian_periodic/sessions/student1_palm_up_down_002_seg000,30.0,441309.3,60874.32917092393,329889.0,562404.0,559148.0,539620.0,-19528.0,6.0,2.0834444414816398,0.0,0.0,0.0,300.0,300.0,0.053226666666666665,0.7072108421743044,-1.132,1.665,-0.11429833333333335,0.3458891178261547,-0.99,0.535,-0.6951433333333333,0.3707481752558677,-1.504,0.359,14.50158333333333,97.46224688433495,-186.77,311.23,-22.735766666666667,268.2927297581485,-592.88,614.58,14.916466666666665,91.16171743765156,-239.75,253.61,1.0796373594362876,0.3012395717853825,150.0,78.08333333333333,2.841562598552322,70.0,84.0,78.0,14.0,77.0,80.0,3.0,79.0,80.0,1.0,1.0,1.6711409395973154,7.0,0.02056476584144466
palm_up_down,student1,combined_all,/Users/tylerchen/Cosmos-Gesture-Recognition-/processed/session_ian_periodic/sessions/student1_palm_up_down_002_seg001,30.0,418626.68333333335,43200.11097492176,330136.0,589585.0,330136.0,394506.0,64370.0,6.6,1.2274635093014645,0.0,0.0,0.0,300.0,300.0,0.035706666666666664,0.7382202069542364,-1.557,1.231,-0.2008533333333333,0.4090114649846492,-1.645,0.557,-0.6517600000000001,0.400373287154209,-1.7,0.138,-0.6436666666666672,126.92279391512866,-288.83,407.03,33.487300000000005,282.12347380720263,-704.61,578.51,3.070783333333333,84.53317101471502,-175.08,304.18,1.1028695243099325,0.3502073086259767,150.0,78.01333333333334,2.811736349222514,72.0,87.0,78.0,15.0,76.0,80.0,4.0,78.0,80.0,2.0,2.0,2.040268456375839,8.0,-0.011214720654251288
palm_up_down,student1,combined_all,/Users/tylerchen/Cosmos-Gesture-Recognition-/processed/session_ian_periodic/sessions/student1_palm_up_down_002_seg002,30.0,467442.1666666667,78861.89320750689,326206.0,661454.0,517468.0,536984.0,19516.0,7.033333333333333,1.8749814813900312,0.0,0.0,0.0,300.0,300.0,0.1298866666666667,0.7550894872942029,-2.093,1.387,-0.13688833333333336,0.31610920263971837,-1.241,0.746,-0.6364983333333334,0.3809250090204399,-2.246,0.489,16.38793333333333,89.93714370988137,-142.22,426.44,-23.734099999999998,275.7457086704886,-699.27,457.05,16.02705,98.82489407538195,-178.62,269.94,1.0718060812224,0.32735277436476934,150.0,78.68333333333334,3.3274416612389386,69.0,87.0,78.25,18.0,77.0,80.0,3.0,86.0,80.0,-6.0,6.0,1.9463087248322148,10.0,-0.008013689497311374
palm_up_down,student1,combined_all,/Users/tylerchen/Cosmos-Gesture-Recognition-/processed/session_ian_periodic/sessions/student1_palm_up_down_003_seg000,30.0,449903.61666666664,69044.45720713615,309283.0,591811.0,426276.0,454593.0,28317.0,6.266666666666667,1.9652537297311565,0.0,0.0,0.0,300.0,300.0,0.02954666666666667,0.7637905368086976,-3.071,1.392,-0.14358333333333334,0.3811598064533504,-1.309,0.772,-0.6613816666666666,0.438479788774681,-2.068,1.317,-4.292650000000001,128.41087340925418,-386.09,514.63,29.000133333333338,274.33767058982056,-774.1,519.61,3.520033333333332,88.04369853467966,-145.57,291.76,1.120570974522784,0.3523618687088891,150.0,80.64,2.8474172920208463,73.0,89.0,80.0,16.0,79.0,83.0,4.0,81.0,73.0,-8.0,8.0,1.7986577181208054,8.0,-0.0246144273078805
palm_up_down,student1,combined_all,/Users/tylerchen/Cosmos-Gesture-Recognition-/processed/session_ian_periodic/sessions/student1_palm_up_down_003_seg001,30.0,484904.4666666667,95841.90217670395,326302.0,664498.0,343239.0,412932.0,69693.0,6.8,2.495328969628387,0.0,0.0,0.0,299.0,299.0,0.02213043478260868,0.7229833535255579,-1.415,1.149,-0.2790953177257525,0.44636575614346397,-1.28,0.553,-0.6061053511705686,0.37737271628295593,-1.935,0.657,16.60036789297659,131.52286942062162,-286.69,432.36,-21.68913043478261,279.8154328686762,-703.67,448.29,10.8747491638796,98.47239959396373,-201.09,317.61,1.097943521412771,0.3234581236463119,150.0,76.48,3.3732464994881,68.0,85.0,77.0,17.0,74.0,79.0,5.0,74.0,73.0,-1.0,1.0,2.5033557046979866,9.0,-0.007196764300635826
palm_up_down,student1,combined_all,/Users/tylerchen/Cosmos-Gesture-Recognition-/processed/session_ian_periodic/sessions/student1_palm_up_down_003_seg002,30.0,428109.1,54226.55172413235,333861.0,535004.0,357752.0,457203.0,99451.0,7.383333333333334,2.676077145541378,0.0,0.0,0.0,301.0,301.0,0.02128239202657807,0.8299128741780694,-2.485,1.675,-0.2212940199335548,0.3484387130511213,-1.089,0.714,-0.6257242524916944,0.42778725139200846,-1.671,0.592,2.461893687707642,114.21107265664347,-362.99,495.68,33.05096345514949,302.62833561923736,-775.72,707.33,-2.843986710963455,85.286698074738,-204.35,296.76,1.1450819491968904,0.35058380051168986,150.0,76.17333333333333,2.939603325393357,70.0,83.0,77.0,13.0,74.0,78.0,4.0,71.0,72.0,1.0,1.0,1.8590604026845639,6.0,-0.023141769263819084
right,iris,combined_all,/Users/tylerchen/Cosmos-Gesture-Recognition-/processed/session_iris_discrete2/sessions/iris_right_001,30.0,398902.06666666665,97420.44966019996,257540.0,638975.0,257540.0,317117.0,59577.0,4.5,3.019381835188565,0.0,0.0,0.0,302.0,302.0,0.6243129139072847,0.1939271444377689,0.02,1.003,-0.17614238410596025,0.5019624958863314,-1.208,1.235,-0.5899172185430464,0.2116430279809041,-1.148,-0.165,-74.0339072847682,78.2623282459797,-417.55,21.76,7.638708609271524,43.104033853283674,-60.88,212.32,46.953344370860925,65.18847237208362,-157.11,169.84,1.0380462159007857,0.1600686985538019,149.0,67.84563758389261,19.046786219732702,35.0,105.0,67.0,70.0,51.0,85.0,34.0,48.0,84.0,36.0,36.0,3.324324324324324,18.0,0.40427534917467817
right,iris,combined_all,/Users/tylerchen/Cosmos-Gesture-Recognition-/processed/session_iris_discrete2/sessions/iris_right_002,30.0,392268.68333333335,112992.12619562505,249918.0,695729.0,477543.0,249918.0,-227625.0,5.7,3.338163167571851,0.0,0.0,0.0,302.0,302.0,0.6157847682119205,0.2841793634817979,0.06,1.224,-0.03533112582781457,0.3683146420355907,-0.657,1.265,-0.5899470198675497,0.34899584765681685,-1.062,0.006,-40.566572847682124,46.426879520163666,-129.92,106.39,8.902649006622514,29.960547473357256,-52.4,89.72,41.18334437086092,79.4489753813497,-193.46,122.99,1.0300962185672142,0.07476713052286947,151.0,75.25827814569537,21.337201808471807,39.0,130.0,73.0,91.0,55.0,93.5,38.5,55.0,113.0,58.0,58.0,4.733333333333333,46.0,0.4278093412338791
right,iris,combined_all,/Users/tylerchen/Cosmos-Gesture-Recognition-/processed/session_iris_discrete2/sessions/iris_right_003,31.0,388667.17741935485,90054.57660528549,260309.0,609166.0,322409.0,260309.0,-62100.0,6.161290322580645,2.908239398602489,0.0,0.0,0.0,302.0,302.0,0.7215629139072848,0.12112180264078326,0.441,0.991,-0.11928476821192054,0.21929161287000978,-0.604,0.28,-0.6171059602649006,0.20988220704185656,-0.884,-0.132,-52.65655629139072,29.825434943984046,-128.79,20.51,8.853079470198676,22.93738609593984,-25.21,65.52,48.358973509933776,35.56591595085299,-9.55,113.83,1.0098584210640509,0.0519372085991788,150.0,71.99333333333334,18.79062469519031,43.0,107.0,65.5,64.0,55.0,91.0,36.0,51.0,88.0,37.0,37.0,3.8993288590604025,19.0,0.4035349719246781
right,iris,combined_all,/Users/tylerchen/Cosmos-Gesture-Recognition-/processed/session_iris_discrete2/sessions/iris_right_004,30.0,414374.6666666667,126883.18707439357,264421.0,723931.0,315790.0,285879.0,-29911.0,6.366666666666666,3.3114280236108944,0.0,0.0,0.0,301.0,301.0,0.4928106312292359,0.12134713780314761,0.234,0.765,0.08423588039867108,0.33993974574794145,-0.623,0.534,-0.7935863787375416,0.09920949601815088,-0.973,-0.462,-23.911827242524915,28.746652821702796,-92.35,32.81,-16.499634551495014,30.979628547099807,-86.92,57.37,54.63810631229236,44.37317759378326,-32.69,145.39,1.0066593067004823,0.0806291835660813,150.0,82.28,17.932472555708067,55.0,135.0,87.5,80.0,64.0,97.25,33.25,58.0,99.0,41.0,41.0,3.51006711409396,68.0,0.35228824984814106
right,iris,combined_all,/Users/tylerchen/Cosmos-Gesture-Recognition-/processed/session_iris_discrete2/sessions/iris_right_005,31.0,405635.2580645161,134904.96224330997,250836.0,825950.0,323202.0,394565.0,71363.0,6.064516129032258,3.6361578789578974,0.0,0.0,0.0,301.0,301.0,0.5412890365448505,0.12145510160979314,0.229,0.865,-0.15276411960132888,0.376700222082823,-0.839,0.385,-0.7452292358803987,0.15382229880735618,-1.131,-0.453,-33.33064784053156,47.28155229443086,-138.8,95.1,-9.983986710963455,25.029242778656194,-67.96,45.38,64.34943521594684,55.8924628906856,-25.3,165.65,1.0205128337059735,0.10279380432779794,151.0,83.7251655629139,22.668604481508623,42.0,113.0,94.0,71.0,61.0,101.0,40.0,49.0,101.0,52.0,52.0,3.24,43.0,0.4377570582084351
right,iris,combined_all,/Users/tylerchen/Cosmos-Gesture-Recognition-/processed/session_iris_discrete2/sessions/iris_right_006,30.0,396142.86666666664,102446.2162446661,265257.0,648191.0,280342.0,310152.0,29810.0,6.566666666666666,2.9629189811550516,0.0,0.0,0.0,300.0,300.0,0.5969366666666667,0.17346455734689886,0.237,1.024,-0.19322333333333336,0.3970059782785253,-1.185,0.846,-0.6249966666666666,0.28759320226474216,-1.13,0.214,-33.65901666666667,41.95268321315164,-141.06,65.77,15.485533333333336,32.96180249999822,-53.68,92.2,55.851099999999995,49.2240147399959,-129.98,173.47,1.0211522719618236,0.10932090742643602,150.0,80.26,22.37061964755026,46.0,133.0,78.5,87.0,58.0,102.0,44.0,50.0,133.0,83.0,83.0,4.946308724832215,30.0,0.48188334296339086
right,iris,combined_all,/Users/tylerchen/Cosmos-Gesture-Recognition-/processed/session_iris_discrete2/sessions/iris_right_007,30.0,387848.4666666667,98648.05631460201,258565.0,605382.0,294327.0,258565.0,-35762.0,6.133333333333334,3.273462319250912,0.0,0.0,0.0,301.0,301.0,0.7495315614617941,0.14536661123408443,0.424,1.055,-0.2682259136212624,0.25082443150089995,-0.675,0.22,-0.45045847176079734,0.33451647422992387,-1.118,0.075,-37.60920265780731,42.80869585213101,-120.27,32.62,14.765747508305648,33.04893002710145,-28.14,114.84,42.619435215946844,37.82053869951552,-14.65,124.52,1.0134357545702626,0.07449246361640868,149.0,86.26845637583892,18.825087003230628,54.0,121.0,95.0,67.0,65.0,101.0,36.0,59.0,102.0,43.0,43.0,4.0608108108108105,25.0,0.3805580748533769
right,iris,combined_all,/Users/tylerchen/Cosmos-Gesture-Recognition-/processed/session_iris_discrete2/sessions/iris_right_008,30.0,443574.9,146727.42515758032,267058.0,936690.0,334150.0,439089.0,104939.0,6.583333333333333,2.536675427054518,0.0,0.0,0.0,301.0,301.0,0.5227142857142858,0.15605790973631298,0.108,0.864,-0.19046677740863788,0.5025034591632284,-1.649,0.458,-0.6084318936877076,0.32334325696567406,-1.027,0.145,-16.38249169435216,97.65945422116,-171.12,380.84,-10.402757475083055,59.28488388994986,-224.71,77.73,40.63033222591362,80.3382918999687,-200.48,153.11,1.0168846649712662,0.1644914121659866,150.0,83.34666666666666,28.906406866676367,46.0,217.0,86.0,171.0,59.25,99.0,39.75,49.0,64.0,15.0,15.0,6.704697986577181,73.0,0.3642401884528197
left,iris,combined_all,/Users/tylerchen/Cosmos-Gesture-Recognition-/processed/session_iris_discrete2/sessions/iris_left_001,30.0,361076.35,86604.19393550849,260387.0,647646.0,285707.0,280312.0,-5395.0,4.666666666666667,3.0695638488590236,0.0,0.0,0.0,300.0,300.0,0.6340733333333333,0.14046698765981358,0.199,0.925,-0.33713333333333334,0.3294077825768878,-0.866,0.288,-0.6160233333333333,0.25076895632345636,-1.093,-0.176,52.253949999999996,62.25327737943467,-36.1,185.46,-37.042,39.547392438271665,-158.45,13.98,-39.94403333333333,49.20079019079764,-134.5,34.33,1.037662364373664,0.09785178875451037,150.0,62.88666666666666,17.849966317591466,33.0,109.0,56.5,76.0,49.0,81.75,32.75,93.0,50.0,-43.0,43.0,3.953020134228188,53.0,-0.3142575225565582
left,iris,combined_all,/Users/tylerchen/Cosmos-Gesture-Recognition-/processed/session_iris_discrete2/sessions/iris_left_002,30.0,412575.26666666666,108066.72271978806,281260.0,684161.0,341079.0,289694.0,-51385.0,5.966666666666667,1.793197020841702,0.0,0.0,0.0,302.0,302.0,0.7070877483443709,0.14057487134102575,0.447,1.057,-0.27154470198675495,0.21708278585746882,-0.679,0.235,-0.600066225165563,0.26836497015003913,-1.009,-0.009,55.07647350993378,59.04868952259136,-36.71,175.54,-21.270298013245032,24.333265560238626,-72.51,26.8,-34.47380794701987,47.0231503898413,-117.83,46.45,1.032905123186531,0.07617137052114961,151.0,68.40066225165563,24.608408520846474,39.0,189.0,67.0,150.0,47.0,84.5,37.5,87.0,41.0,-46.0,46.0,5.986666666666666,97.0,-0.4426083420471716
left,iris,combined_all,/Users/tylerchen/Cosmos-Gesture-Recognition-/processed/session_iris_discrete2/sessions/iris_left_003,30.0,409913.8,131703.8176091592,261742.0,752404.0,396493.0,267666.0,-128827.0,5.333333333333333,3.025814858109391,0.0,0.0,0.0,300.0,300.0,0.7097433333333334,0.174905910293379,0.403,1.001,-0.3368366666666666,0.20923771964495844,-0.769,0.206,-0.5051716666666666,0.34940493418175356,-0.97,0.074,59.10043333333333,63.51538138759951,-88.81,172.64,-29.722,32.19752598156158,-113.5,42.97,-36.750933333333336,44.65729543007379,-130.56,24.51,1.0309245454506442,0.07774215343503305,150.0,71.38,24.583905844014144,36.0,125.0,74.0,89.0,46.0,92.0,46.0,76.0,42.0,-34.0,34.0,5.731543624161074,38.0,-0.49758952249729627
left,iris,combined_all,/Users/tylerchen/Cosmos-Gesture-Recognition-/processed/session_iris_discrete2/sessions/iris_left_004,30.0,430583.93333333335,122837.9714645634,283128.0,770069.0,324443.0,345032.0,20589.0,6.116666666666666,2.080397932020592,0.0,0.0,0.0,300.0,300.0,0.8116533333333332,0.13855312394729885,0.494,1.081,-0.25323999999999997,0.22745263933562243,-0.684,0.189,-0.4504533333333333,0.3171103926955967,-1.122,0.074,68.3302,81.49541254958261,-82.55,204.66,-23.3299,24.600731824954586,-103.82,13.34,-22.966766666666665,35.59231050679658,-111.45,50.26,1.042330108930785,0.10420390151242769,151.0,79.96026490066225,44.48603488157733,42.0,257.0,70.0,215.0,47.5,93.83333333333334,46.33333333333334,232.0,45.0,-187.0,187.0,6.326666666666667,82.0,-0.8179040316021843
left,iris,combined_all,/Users/tylerchen/Cosmos-Gesture-Recognition-/processed/session_iris_discrete2/sessions/iris_left_005,30.0,409150.11666666664,131706.8167614268,260134.0,749226.0,264133.0,297806.0,33673.0,5.333333333333333,2.42670329642684,0.0,0.0,0.0,301.0,301.0,0.8650764119601329,0.12364190124147918,0.637,1.081,-0.17987873754152822,0.1806172309958977,-0.516,0.268,-0.3817225913621262,0.31804889031796274,-1.022,0.202,73.47495016611295,75.79335768730522,-34.03,184.33,-13.998205980066444,21.794290897351296,-87.74,21.36,-22.226129568106312,28.451123159254703,-79.29,26.67,1.0351153455594049,0.06345799713765801,150.0,73.43333333333334,21.423284564955985,40.0,119.0,72.0,79.0,53.0,94.75,41.75,100.0,51.0,-49.0,49.0,4.073825503355705,24.0,-0.4595635361571622
left,iris,combined_all,/Users/tylerchen/Cosmos-Gesture-Recognition-/processed/session_iris_discrete2/sessions/iris_left_006,30.0,382789.3333333333,133759.38669898605,261124.0,738299.0,361660.0,322020.0,-39640.0,5.133333333333334,3.201388587611459,0.0,0.0,0.0,301.0,301.0,0.7791528239202657,0.1595412179748207,0.411,1.177,-0.22793189368770764,0.22350814441107614,-0.885,0.286,-0.4949867109634551,0.4076928930268257,-1.129,0.697,65.79373754152824,87.42027401412788,-73.24,245.52,-14.761611295681062,24.907834832136427,-66.68,49.78,-35.19338870431894,47.2926543411304,-141.18,15.96,1.062964628167372,0.12559020803376109,150.0,66.01,23.0764319471056,23.0,115.0,59.0,92.0,51.0,89.0,38.0,102.0,49.0,-53.0,53.0,3.9261744966442955,20.0,-0.4042268545268681
left,iris,combined_all,/Users/tylerchen/Cosmos-Gesture-Recognition-/processed/session_iris_discrete2/sessions/iris_left_007,30.0,405159.55,150383.46684528133,262480.0,857108.0,329062.0,262480.0,-66582.0,4.6,2.524546163834865,0.0,0.0,0.0,301.0,301.0,0.723734219269103,0.19123120268982716,0.317,1.033,-0.11427076411960133,0.2777278788552493,-0.539,0.891,-0.5376013289036545,0.391767042784596,-1.148,0.194,59.789800664451825,68.287905793787,-104.92,176.37,-10.863720930232558,24.217395235694823,-77.36,46.36,-34.18928571428572,58.96839780289068,-145.91,80.02,1.0427722935372266,0.07532412449836005,149.0,69.01342281879195,22.269081273656514,32.0,119.0,62.0,87.0,49.0,92.0,43.0,92.0,49.0,-43.0,43.0,4.3175675675675675,41.0,-0.46348630509704414
left,iris,combined_all,/Users/tylerchen/Cosmos-Gesture-Recognition-/processed/session_iris_discrete2/sessions/iris_left_008,30.0,396285.55,141106.28063510318,264892.0,818146.0,264892.0,309359.0,44467.0,5.2,2.6,0.0,0.0,0.0,301.0,301.0,0.7102857142857143,0.1586183799575894,0.365,1.101,-0.20405647840531563,0.3722734102932561,-0.954,0.637,-0.5881146179401993,0.3536206599805127,-1.107,0.554,63.306146179401985,88.85403623165979,-106.48,230.84,-22.306146179401992,36.516890167976975,-104.68,47.91,-41.48928571428572,54.15483435445292,-151.49,49.71,1.0784226937190124,0.13350278439462027,150.0,64.39666666666666,19.933985664918776,11.0,108.0,61.0,97.0,49.0,79.75,30.75,97.0,58.0,-39.0,39.0,4.651006711409396,38.0,-0.25804850585951955
bye_bye,iris,combined_all,/Users/tylerchen/Cosmos-Gesture-Recognition-/processed/session_iris_discrete2/sessions/iris_bye_bye_001,30.0,526291.1333333333,89828.56644881342,360597.0,699177.0,565411.0,654981.0,89570.0,8.733333333333333,1.7876116903722563,0.0,0.0,0.0,302.0,302.0,-0.478705298013245,1.0312721619700325,-3.635,1.689,0.110635761589404,1.6525120947486722,-2.757,4.0,0.5560629139072847,1.7479218614658334,-3.966,4.0,14.428576158940404,433.1555034165278,-1000.03,713.61,-101.34524834437086,457.5709806342226,-1000.03,717.67,46.97327814569537,423.6503157987019,-666.16,780.6,2.3837943927929257,1.3106023883450155,151.0,73.1158940397351,6.3763159390531685,54.0,87.0,74.0,33.0,69.0,77.5,8.5,62.0,78.0,16.0,16.0,4.48,20.0,-0.004071104914604667
bye_bye,iris,combined_all,/Users/tylerchen/Cosmos-Gesture-Recognition-/processed/session_iris_discrete2/sessions/iris_bye_bye_002,30.0,552800.7666666667,74057.98112996029,419240.0,728077.0,559341.0,466214.0,-93127.0,9.166666666666666,2.0013884069704098,0.0,0.0,0.0,302.0,302.0,-0.7347350993377483,0.9681995234686174,-3.587,2.262,-0.003390728476821204,1.6467027137475991,-2.429,4.0,0.7037334437086092,1.95751653870714,-4.0,4.0,38.01930463576159,446.17945387936226,-1000.03,765.28,-102.5562251655629,455.68326020324605,-937.74,792.41,72.30410596026489,492.259288643687,-974.79,910.15,2.59908903924805,1.3269269886145312,151.0,72.93377483443709,7.2170343624623605,53.0,92.0,75.0,39.0,68.0,78.0,10.0,79.0,81.0,2.0,2.0,4.1066666666666665,21.0,-0.06576333217148876
bye_bye,iris,combined_all,/Users/tylerchen/Cosmos-Gesture-Recognition-/processed/session_iris_discrete2/sessions/iris_bye_bye_003,30.0,561787.95,82667.56402406267,372985.0,729679.0,631790.0,607126.0,-24664.0,8.2,1.5790292376436015,0.0,0.0,0.0,301.0,301.0,-0.09155481727574752,0.7760108450999086,-2.914,1.167,-0.05340199335548172,1.3972280459323971,-1.958,4.0,0.2937740863787375,1.5531317741154556,-3.56,4.0,1.956112956810632,351.94377482260705,-1000.03,559.83,-85.58617940199335,358.5736838251166,-763.7,629.9,26.6941196013289,360.3184062326987,-724.42,737.82,1.9897395929455708,1.051252098867323,150.0,68.94666666666667,7.279938826762347,50.0,85.0,70.0,35.0,64.0,74.0,10.0,84.0,71.0,-13.0,13.0,3.9261744966442955,15.0,-0.04619701616368143
bye_bye,iris,combined_all,/Users/tylerchen/Cosmos-Gesture-Recognition-/processed/session_iris_discrete2/sessions/iris_bye_bye_004,30.0,437723.4,76217.01060681925,290385.0,618102.0,618102.0,394867.0,-223235.0,6.8,1.7397317800933185,0.0,0.0,0.0,300.0,300.0,0.6085266666666667,0.3182179483030808,-0.272,1.377,-0.11825666666666668,0.9227934858111838,-1.542,3.268,-0.09722000000000001,0.936597368990539,-2.262,1.727,-9.224733333333333,206.28281416765887,-849.88,278.33,-25.7247,204.47460369666936,-457.93,420.15,23.550333333333334,191.77095406210213,-418.2,427.44,1.391120839122034,0.537167566308449,150.0,65.61666666666666,8.308278891305925,50.0,86.0,66.0,36.0,59.0,71.25,12.25,58.0,61.0,3.0,3.0,4.422818791946309,22.0,0.12398625124079572
bye_bye,iris,combined_all,/Users/tylerchen/Cosmos-Gesture-Recognition-/processed/session_iris_discrete2/sessions/iris_bye_bye_005,30.0,482362.36666666664,107154.67106741336,310496.0,728048.0,416438.0,534358.0,117920.0,7.116666666666666,1.3643272660505208,0.0,0.0,0.0,300.0,300.0,0.25246,0.5771441551357922,-1.652,1.492,-0.21624333333333334,1.2871893583005656,-2.418,4.0,0.29473,1.225232355011353,-3.242,2.675,-1.1709333333333356,365.21881547614106,-1000.03,718.8,-67.84966666666668,352.75796885384307,-798.33,589.37,59.70438333333334,284.7405064587549,-564.23,606.1,1.714503336506985,0.8654406140884677,150.0,72.76333333333334,6.643283095791398,53.0,92.0,73.0,39.0,69.0,77.0,8.0,74.0,67.0,-7.0,7.0,5.926174496644295,28.0,-0.00017689675096700165
bye_bye,iris,combined_all,/Users/tylerchen/Cosmos-Gesture-Recognition-/processed/session_iris_discrete2/sessions/iris_bye_bye_006,30.0,591264.5666666667,73936.53887791581,456933.0,741497.0,586220.0,540462.0,-45758.0,10.133333333333333,2.0773915267843845,0.0,0.0,0.0,302.0,302.0,-0.4086274834437086,0.8694271481185601,-3.482,1.436,0.1860794701986755,1.5616841160915673,-2.017,4.0,0.3981523178807947,1.4900987587634693,-4.0,3.404,29.508377483443706,392.98934587830433,-1000.03,769.04,-54.169768211920534,387.50346566740654,-1000.03,694.85,70.32576158940398,409.66334096553294,-815.67,778.19,2.081772968453988,1.2006263868122267,150.0,71.19666666666667,5.842333102242123,56.0,86.0,71.0,30.0,68.0,76.0,8.0,79.0,73.0,-6.0,6.0,3.140939597315436,20.0,-0.026598811799042946
bye_bye,iris,combined_all,/Users/tylerchen/Cosmos-Gesture-Recognition-/processed/session_iris_discrete2/sessions/iris_bye_bye_007,30.0,513619.43333333335,108673.88620292161,361957.0,741694.0,489398.0,503765.0,14367.0,8.333333333333334,1.7950549357115013,0.0,0.0,0.0,301.0,301.0,0.1635963455149502,0.8412973860634989,-3.456,2.284,0.06530232558139533,1.3695931222663815,-2.04,4.0,0.5749700996677741,1.2683903143569315,-3.587,3.885,-0.6675415282392066,421.3374335914754,-1000.03,882.93,-71.92734219269101,377.46349106981256,-884.7,625.02,48.49468438538206,361.89319425234135,-703.18,807.55,1.8507183747271991,1.062469233842749,150.0,74.46666666666667,6.473170695385939,59.0,103.0,74.25,44.0,72.0,77.875,5.875,72.0,76.0,4.0,4.0,4.671140939597316,42.0,-0.034415159192260146
bye_bye,iris,combined_all,/Users/tylerchen/Cosmos-Gesture-Recognition-/processed/session_iris_discrete2/sessions/iris_bye_bye_008,30.0,567977.9166666666,98521.71815341726,356062.0,779301.0,667452.0,532213.0,-135239.0,10.5,2.077658938966323,0.0,0.0,0.0,301.0,301.0,0.15390531561461793,0.807381443836891,-2.706,2.487,0.04821926910299005,1.6518279791949564,-2.782,4.0,0.29082059800664456,1.3760085667568884,-3.553,4.0,-5.7935215946843845,433.0304163158842,-1000.03,721.49,-69.86750830564785,357.9441489100977,-746.82,575.76,28.587109634551492,367.7565653536981,-646.78,776.24,2.0055514927323137,1.167112599025122,151.0,70.87748344370861,6.228420582945358,58.0,91.0,70.0,33.0,66.5,75.0,8.5,68.0,91.0,23.0,23.0,2.966666666666667,15.0,0.038769606134541605
t_arm,iris,combined_all,/Users/tylerchen/Cosmos-Gesture-Recognition-/processed/session_iris_discrete2/sessions/iris_t_arm_001,30.0,329046.6666666667,47091.42327595924,242461.0,429137.0,345906.0,268342.0,-77564.0,5.016666666666667,2.162110594355021,0.0,0.0,0.0,301.0,301.0,0.34971760797342194,0.39816866906564535,-0.467,0.961,-0.13393687707641186,0.8113325034974522,-1.267,0.926,0.122578073089701,0.18761850222287102,-0.174,0.543,18.55843853820598,29.797031578956297,-69.4,114.14,-15.779568106312293,25.056920665464755,-80.87,22.89,-49.38893687707641,50.44043948145569,-151.74,28.38,0.999066309859416,0.09556572349546652,151.0,96.20198675496688,23.202479188029336,61.0,131.0,107.0,70.0,70.0,115.0,45.0,107.0,64.0,-43.0,43.0,3.7133333333333334,35.0,-0.45092076217032695
t_arm,iris,combined_all,/Users/tylerchen/Cosmos-Gesture-Recognition-/processed/session_iris_discrete2/sessions/iris_t_arm_002,30.0,312473.63333333336,63267.112183441895,238386.0,498195.0,256899.0,325731.0,68832.0,3.8333333333333335,2.544056253745625,0.0,0.0,0.0,302.0,302.0,0.569953642384106,0.2598183735899849,0.013,0.955,0.03796026490066225,0.7726558342213052,-1.269,1.103,0.01894205298013244,0.13470537184929485,-0.25,0.31,11.094735099337749,26.81288884796892,-67.6,73.52,-5.958112582781457,19.9075760167203,-63.84,31.8,-46.280331125827814,42.22765024155935,-123.84,38.27,1.0016853853187304,0.07695121184510013,151.0,97.12913907284768,31.656145457933803,35.0,143.0,93.0,108.0,69.5,130.0,60.5,133.0,58.0,-75.0,75.0,6.273333333333333,61.0,-0.654351690484489
t_arm,iris,combined_all,/Users/tylerchen/Cosmos-Gesture-Recognition-/processed/session_iris_discrete2/sessions/iris_t_arm_003,30.0,310345.81666666665,26313.565290068964,278568.0,404561.0,307176.0,318800.0,11624.0,5.366666666666666,1.8882678717691397,0.0,0.0,0.0,302.0,302.0,0.418182119205298,0.27978528299562044,-0.06,0.931,0.07921854304635768,0.8257524996326278,-1.319,0.947,0.21341225165562916,0.13817948081775905,-0.088,0.551,5.0426324503311255,31.884167079783182,-115.24,131.69,10.383576158940398,27.08057469149581,-50.17,105.93,-50.59549668874172,51.67572161299249,-138.46,9.89,0.9995636358722576,0.08252123080467148,151.0,102.21192052980132,41.469158257472166,51.0,283.0,90.0,232.0,72.5,127.5,55.0,278.0,72.0,-206.0,206.0,6.253333333333333,101.0,-0.7603717904031608
t_arm,iris,combined_all,/Users/tylerchen/Cosmos-Gesture-Recognition-/processed/session_iris_discrete2/sessions/iris_t_arm_004,30.0,297568.73333333334,37576.50834491619,246260.0,372036.0,254154.0,268331.0,14177.0,3.933333333333333,2.4756592836836186,0.0,0.0,0.0,300.0,300.0,0.48108833333333334,0.3398042029814947,-0.281,1.005,0.07716666666666683,0.7613310354606303,-1.344,1.361,0.12462666666666664,0.27094343381216296,-0.443,0.71,8.60185,36.52926000246241,-160.25,91.74,-23.243499999999997,28.918753098119566,-80.69,74.43,-49.63933333333333,38.79578672427659,-122.2,43.82,1.0031824845093047,0.12271745587911419,150.0,88.76333333333334,30.979361379296588,43.0,144.0,82.5,101.0,59.0,119.0,60.0,122.0,55.0,-67.0,67.0,5.885906040268456,31.0,-0.677416477769383
t_arm,iris,combined_all,/Users/tylerchen/Cosmos-Gesture-Recognition-/processed/session_iris_discrete2/sessions/iris_t_arm_005,30.0,314796.18333333335,52325.09530752323,255178.0,441128.0,269907.0,258296.0,-11611.0,3.6666666666666665,2.611938403221298,0.0,0.0,0.0,300.0,300.0,0.30837333333333333,0.5508933489510638,-0.691,0.983,-0.4682016666666666,0.6121699411360831,-1.158,0.941,-0.08771,0.1650900337189781,-0.623,0.125,-2.783099999999998,81.88006478211491,-351.97,214.06,-21.811633333333333,26.395668031908958,-92.68,61.59,-55.06846666666667,40.87383084952469,-142.52,85.36,1.009244592867206,0.0944221755271016,148.0,94.01013513513513,17.41514603861363,53.0,140.0,93.0,87.0,79.75,110.0,30.25,90.0,71.0,-19.0,19.0,4.64625850340136,26.0,-0.24575215538782189
t_arm,iris,combined_all,/Users/tylerchen/Cosmos-Gesture-Recognition-/processed/session_iris_discrete2/sessions/iris_t_arm_006,30.0,294954.7,40304.58379733832,234764.0,387002.0,259458.0,250340.0,-9118.0,3.8,3.102687007525359,0.0,0.0,0.0,302.0,302.0,0.42537913907284763,0.4157021899434283,-0.366,1.033,-0.026793046357615834,0.7827195105337479,-1.366,0.98,-0.152682119205298,0.13347675695477695,-0.413,0.087,5.619950331125827,49.159230622318816,-144.14,127.78,-1.0850662251655627,17.827150766900832,-42.94,44.56,-56.913774834437085,56.690141208625825,-181.22,14.37,0.9997553729353369,0.09349059120864125,151.0,89.96688741721854,26.855829216650662,46.0,129.0,86.0,83.0,63.0,119.5,56.5,114.0,66.0,-48.0,48.0,4.1066666666666665,24.0,-0.5493499477169749
t_arm,iris,combined_all,/Users/tylerchen/Cosmos-Gesture-Recognition-/processed/session_iris_discrete2/sessions/iris_t_arm_007,30.0,301215.2833333333,33838.09993672895,244274.0,373579.0,257014.0,304672.0,47658.0,4.133333333333334,2.1406125810669763,0.0,0.0,0.0,302.0,302.0,0.4697947019867551,0.38918739111435074,-0.354,1.098,0.0913708609271524,0.7902852164815719,-1.297,1.182,0.04112913907284768,0.1429255811032297,-0.243,0.353,6.7366887417218555,36.54255963301226,-100.47,134.5,-9.647417218543044,33.190235597606176,-113.44,59.66,-51.53387417218543,61.578004952508714,-160.31,44.59,1.0070267118693919,0.1144105520885338,151.0,148.3046357615894,80.2990677534313,45.0,327.0,123.0,282.0,82.5,204.0,121.5,103.0,227.0,124.0,124.0,24.786666666666665,216.0,0.8501068897409081
t_arm,iris,combined_all,/Users/tylerchen/Cosmos-Gesture-Recognition-/processed/session_iris_discrete2/sessions/iris_t_arm_008,30.0,299165.9666666667,49436.12574051715,238988.0,417135.0,266132.0,254037.0,-12095.0,3.8666666666666667,2.3199616855073755,0.0,0.0,0.0,301.0,301.0,0.4640299003322259,0.35126662470392356,-0.24,0.919,0.05577076411960135,0.7666488217492082,-1.104,0.97,0.23299999999999998,0.16037996826059386,-0.173,0.489,-10.463787375415283,36.45075905231158,-125.83,120.85,-21.612691029900333,34.13305972971821,-93.81,80.51,-46.6368438538206,51.889321413463335,-146.28,27.83,1.001530486339797,0.08074777522876318,151.0,94.50331125827815,42.759783243563646,52.0,279.0,81.0,227.0,67.0,110.75,43.75,108.0,59.0,-49.0,49.0,8.06,96.0,-0.6819803648193334
raise_arms,iris,combined_all,/Users/tylerchen/Cosmos-Gesture-Recognition-/processed/session_iris_discrete2/sessions/iris_raise_arms_001,30.0,440090.86666666664,113988.09020996692,296749.0,677711.0,300127.0,342292.0,42165.0,7.25,2.390083680543424,0.0,0.0,0.0,301.0,301.0,-0.05659800664451828,0.6134820836607787,-1.018,0.633,-0.3530348837209302,0.3130295851966315,-1.068,0.044,-0.5780132890365449,0.292157059356277,-1.002,-0.051,-24.241063122923585,35.563086075713024,-91.19,96.01,11.327774086378737,27.64382154833407,-53.07,64.0,-30.33186046511628,49.04430391024355,-153.42,32.9,1.0005285984503498,0.14346562298564844,146.0,50.93835616438356,9.718076014165543,38.0,84.0,48.0,46.0,44.0,57.75,13.75,54.0,46.0,-8.0,8.0,2.689655172413793,13.0,-0.1711914241369673
raise_arms,iris,combined_all,/Users/tylerchen/Cosmos-Gesture-Recognition-/processed/session_iris_discrete2/sessions/iris_raise_arms_002,30.0,372225.43333333335,106271.77279462418,263014.0,590434.0,323083.0,267090.0,-55993.0,5.333333333333333,2.9814239699997196,0.0,0.0,0.0,301.0,301.0,-0.29859302325581394,0.5720755268972493,-1.292,0.381,-0.39014119601328906,0.1506885773356207,-0.659,0.223,-0.5476611295681064,0.3812253431282374,-0.982,0.427,11.345614617940198,61.84656941880233,-122.75,286.11,30.75,50.4310789123709,-73.27,178.14,-17.77016611295681,39.57881402014858,-101.87,107.97,1.0087541246483032,0.1379347427808429,151.0,48.98675496688742,11.623675124484446,32.0,79.0,45.0,47.0,40.0,59.0,19.0,45.0,45.0,0.0,0.0,2.7066666666666666,12.0,-0.12619031021261778
raise_arms,iris,combined_all,/Users/tylerchen/Cosmos-Gesture-Recognition-/processed/session_iris_discrete2/sessions/iris_raise_arms_003,31.0,348146.8064516129,70634.88154309952,247078.0,497457.0,263572.0,339903.0,76331.0,4.741935483870968,3.161948581894928,0.0,0.0,0.0,301.0,301.0,-0.39804152823920264,0.5105245518511791,-1.014,0.676,-0.5600980066445183,0.24006872188034495,-0.876,-0.057,-0.3833521594684386,0.27872956130004,-0.726,0.302,0.05784053156146188,14.049957082062294,-32.04,46.3,27.37887043189369,26.461053937216143,-25.82,100.56,-35.95700996677741,16.5904137461669,-71.29,-5.07,1.0060468984790367,0.05416483260023334,150.0,44.343333333333334,12.634927708945977,23.0,84.0,44.5,61.0,35.25,51.0,15.75,29.0,45.0,16.0,16.0,3.0067114093959733,25.0,0.12145517578559036
raise_arms,iris,combined_all,/Users/tylerchen/Cosmos-Gesture-Recognition-/processed/session_iris_discrete2/sessions/iris_raise_arms_004,30.0,369949.2,80518.32828873096,243151.0,490419.0,246372.0,368593.0,122221.0,5.716666666666667,3.375606941310292,0.0,0.0,0.0,300.0,300.0,-0.12734333333333334,0.7092971959074857,-1.071,0.934,-0.40199,0.21541285144268127,-0.804,0.014,-0.4628266666666667,0.2729674735609029,-0.821,0.038,0.18680000000000027,23.349710628328282,-53.9,81.42,34.02945,32.32056468330187,-29.66,102.21,-39.70446666666667,40.10798101852326,-129.76,55.79,1.0010292319234089,0.11822747213809266,151.0,49.26158940397351,11.28019421184554,30.0,84.0,49.0,54.0,41.0,59.0,18.0,34.0,47.0,13.0,13.0,3.26,38.0,0.07105437434646183
raise_arms,iris,combined_all,/Users/tylerchen/Cosmos-Gesture-Recognition-/processed/session_iris_discrete2/sessions/iris_raise_arms_005,30.0,390274.9666666667,65237.85098672056,268844.0,543108.0,268844.0,303559.0,34715.0,7.016666666666667,2.48489883541005,0.0,0.0,0.0,301.0,301.0,-0.23972923588039868,0.598710941360463,-1.05,0.701,-0.5537940199335548,0.21222570907443278,-0.878,-0.068,-0.3974784053156145,0.27868547766954443,-0.816,0.172,-11.467209302325582,24.20889878230469,-65.07,60.34,23.87581395348837,21.458287550233237,-20.33,81.97,-37.31943521594685,24.89797125813105,-93.39,3.42,0.9991891450101065,0.07020111535411955,150.0,40.68666666666667,10.604631549036851,15.0,77.0,39.0,62.0,35.25,48.0,12.75,24.0,41.0,17.0,17.0,2.865771812080537,24.0,0.008819947553224445
raise_arms,iris,combined_all,/Users/tylerchen/Cosmos-Gesture-Recognition-/processed/session_iris_discrete2/sessions/iris_raise_arms_006,30.0,387309.5333333333,72191.6568109886,278287.0,511549.0,313133.0,342191.0,29058.0,5.433333333333334,3.373260868786891,0.0,0.0,0.0,299.0,299.0,-0.003571906354515043,0.5902210889087977,-1.054,0.678,-0.5173779264214047,0.19105460525290255,-0.855,0.013,-0.5530535117056856,0.24868184361520085,-1.028,0.136,-12.17933110367893,33.39685357910256,-184.91,47.7,24.724715719063543,33.261844946830756,-101.35,86.67,-35.46819397993311,46.626649650257484,-133.0,41.75,1.0051440642758684,0.09975835528406651,150.0,44.67333333333333,8.096106170440361,28.0,76.0,43.0,48.0,40.625,46.375,5.75,30.0,45.0,15.0,15.0,3.51006711409396,28.0,-0.03494199742210791
raise_arms,iris,combined_all,/Users/tylerchen/Cosmos-Gesture-Recognition-/processed/session_iris_discrete2/sessions/iris_raise_arms_007,30.0,366090.5333333333,85403.16469691793,244188.0,524630.0,276416.0,298526.0,22110.0,5.25,2.996525766060867,0.0,0.0,0.0,301.0,301.0,-0.3431644518272425,0.4990828335886129,-1.066,0.543,-0.49389534883720937,0.16331081339699038,-0.735,-0.07,-0.5089966777408637,0.34376399516869804,-0.896,0.231,-6.221960132890366,26.267377487639394,-64.21,80.63,29.244152823920267,27.570320584030448,-32.2,104.98,-25.852724252491694,23.10199500712753,-81.27,27.86,1.005239058571431,0.06476334305878892,150.0,47.75666666666667,8.70291486051376,31.0,74.0,49.0,43.0,43.0,54.0,11.0,32.0,48.0,16.0,16.0,2.6711409395973154,16.0,0.07274723321036486
raise_arms,iris,combined_all,/Users/tylerchen/Cosmos-Gesture-Recognition-/processed/session_iris_discrete2/sessions/iris_raise_arms_008,30.0,371120.6,74961.7164284988,242511.0,593886.0,242511.0,319596.0,77085.0,5.6,2.524546163834865,0.0,0.0,0.0,301.0,301.0,-0.2694916943521594,0.5875549517786295,-1.087,0.712,-0.3811960132890366,0.1525435446269751,-0.656,-0.083,-0.5792823920265779,0.2878768597294686,-0.886,0.082,-7.928870431893687,20.479402618593184,-66.99,46.05,34.25554817275748,21.56348012723933,-5.07,101.87,-32.53528239202658,23.002075646699087,-77.49,38.64,1.0011667294358984,0.05032776757977515,151.0,47.728476821192054,10.469596474130501,27.0,84.0,45.0,57.0,42.0,54.0,12.0,29.0,43.0,14.0,14.0,2.8933333333333335,21.0,-0.026706169397002794
fist_open,iris,combined_all,/Users/tylerchen/Cosmos-Gesture-Recognition-/processed/session_iris_discrete2/sessions/iris_fist_open_001,30.0,253116.75,10383.35664798078,237859.0,277905.0,250244.0,244618.0,-5626.0,1.0666666666666667,1.3148721948877347,0.0,0.0,0.0,301.0,301.0,0.8955913621262458,0.02819016095300935,0.829,1.018,0.24024418604651165,0.0272644360380574,0.168,0.374,-0.36049335548172756,0.057253137016155926,-0.482,-0.179,-1.750880398671096,12.094095391052951,-81.51,35.58,1.6000166112956815,7.582547852770483,-11.47,30.0,1.0106312292358806,4.066610324964081,-13.58,16.08,0.9970976766036449,0.019204058102498554,151.0,78.43046357615894,4.887412312972765,69.0,90.0,78.0,21.0,74.0,82.0,8.0,73.0,71.0,-2.0,2.0,2.3066666666666666,10.0,0.056657371906587345
fist_open,iris,combined_all,/Users/tylerchen/Cosmos-Gesture-Recognition-/processed/session_iris_discrete2/sessions/iris_fist_open_002,31.0,263614.8387096774,17274.646690206908,238042.0,299938.0,276947.0,256237.0,-20710.0,1.8387096774193548,1.667464255912269,0.0,0.0,0.0,300.0,300.0,0.9249133333333335,0.044895424661713076,0.744,1.003,-0.28509333333333337,0.06904248418345202,-0.434,-0.14,-0.23026000000000002,0.1254052733547724,-0.585,-0.029,-0.5598500000000002,13.05679562617859,-55.24,32.01,5.472033333333334,12.733190652734642,-16.97,50.78,0.48646666666666694,9.845890184008532,-27.1,26.43,1.0056926554335617,0.029219508189622215,149.0,131.75838926174498,53.3535696273697,61.0,261.0,126.5,200.0,77.0,178.0,101.0,81.0,97.0,16.0,16.0,30.72972972972973,189.0,0.31534917467803253
fist_open,iris,combined_all,/Users/tylerchen/Cosmos-Gesture-Recognition-/processed/session_iris_discrete2/sessions/iris_fist_open_003,31.0,267964.67741935485,16505.47663829288,245973.0,303116.0,267669.0,252000.0,-15669.0,1.9193548387096775,1.723166506630558,0.0,0.0,0.0,302.0,302.0,0.962475165562914,0.053626819334211456,0.797,1.072,-0.1483956953642384,0.06395649816059976,-0.317,0.016,-0.15794039735099338,0.14528988852891905,-0.484,0.032,0.22632450331125797,18.29558780633915,-44.1,61.92,7.82364238410596,11.690859478340743,-8.76,46.97,-2.555993377483443,6.858939121140077,-25.12,21.12,1.0003777643585523,0.02538987077528102,151.0,71.23178807947019,7.852552628378682,54.0,92.0,71.5,38.0,65.0,77.0,12.0,70.0,64.0,-6.0,6.0,4.306666666666667,27.0,-0.033999651446497345
fist_open,iris,combined_all,/Users/tylerchen/Cosmos-Gesture-Recognition-/processed/session_iris_discrete2/sessions/iris_fist_open_004,30.0,250770.46666666667,9986.123010569328,237856.0,275925.0,240605.0,245903.0,5298.0,0.75,0.9725396307263439,0.0,0.0,0.0,301.0,301.0,0.9694169435215948,0.035383188527567604,0.895,1.033,-0.14023920265780732,0.068998646464856,-0.277,-0.009,-0.1446063122923588,0.12061182298086899,-0.363,0.011,-0.28337209302325606,13.90240981419799,-49.13,28.11,6.271478405315614,8.236195341088147,-12.24,33.66,-2.152059800664452,7.821279458535982,-19.84,21.09,1.0003254270642659,0.01600827784196209,150.0,70.46,5.379092011899705,56.0,83.0,70.5,27.0,67.0,74.0,7.0,69.0,74.0,5.0,5.0,3.51006711409396,11.0,-0.04420640917374129
fist_open,iris,combined_all,/Users/tylerchen/Cosmos-Gesture-Recognition-/processed/session_iris_discrete2/sessions/iris_fist_open_005,30.0,261367.15,12076.2288657994,238355.0,293388.0,246910.0,261707.0,14797.0,1.5,1.707825127659933,0.0,0.0,0.0,300.0,300.0,0.98331,0.02667543626634811,0.876,1.067,-0.17365333333333335,0.03997896041577277,-0.352,0.035,-0.028671666666666665,0.0785522111872569,-0.294,0.129,-0.6604666666666671,13.520502620670415,-61.56,33.11,3.3266666666666667,11.134394919447676,-11.38,62.41,-0.7536666666666666,4.600867587266075,-14.8,12.85,1.0028892711985116,0.023865383308760372,150.0,67.87333333333333,6.284151437076953,57.0,87.0,66.5,30.0,63.0,72.0,9.0,74.0,66.0,-8.0,8.0,2.8187919463087248,14.0,0.03942041868527485
fist_open,iris,combined_all,/Users/tylerchen/Cosmos-Gesture-Recognition-/processed/session_iris_discrete2/sessions/iris_fist_open_006,30.0,294671.9166666667,38803.05120693545,247581.0,404504.0,404504.0,247581.0,-156923.0,3.8666666666666667,2.10923893594085,0.0,0.0,0.0,300.0,300.0,0.9852883333333333,0.04973363413112789,0.821,1.183,-0.12534,0.04921867260840476,-0.264,0.063,-0.058211666666666655,0.11278467731905324,-0.456,0.198,2.006649999999999,19.372951827935257,-83.29,36.23,5.1026,11.064268099306585,-16.72,67.6,-0.09296666666666663,6.133667434650243,-24.96,11.9,1.0025395276513236,0.04921996110050341,148.0,85.02027027027027,44.371762730565635,54.0,429.0,73.0,375.0,69.0,77.25,8.25,79.0,70.0,-9.0,9.0,12.482993197278912,366.0,-0.43259716366140094
fist_open,iris,combined_all,/Users/tylerchen/Cosmos-Gesture-Recognition-/processed/session_iris_discrete2/sessions/iris_fist_open_007,30.0,262942.38333333336,18160.12877601337,240705.0,321297.0,248139.0,276412.0,28273.0,2.566666666666667,1.430229196861662,0.0,0.0,0.0,301.0,301.0,0.9970066445182724,0.0295320641505675,0.891,1.108,-0.060230897009966776,0.05378058016125075,-0.162,0.165,-0.04225249169435216,0.038398924555820335,-0.138,0.142,5.231860465116279,12.282600273586802,-42.18,40.65,-1.382159468438538,7.354092741752992,-21.64,21.85,1.2961794019933555,7.092898630632346,-18.19,24.17,1.0019020099310731,0.029438354933404326,150.0,140.29333333333332,108.7772520303952,53.0,405.0,82.5,352.0,73.0,162.75,89.75,68.0,68.0,0.0,0.0,25.463087248322147,206.0,-1.5931588070580935
fist_open,iris,combined_all,/Users/tylerchen/Cosmos-Gesture-Recognition-/processed/session_iris_discrete2/sessions/iris_fist_open_008,30.0,255811.96666666667,9898.647507820151,238798.0,279084.0,251722.0,257248.0,5526.0,1.1833333333333333,1.5410133750951749,0.0,0.0,0.0,302.0,302.0,0.9742698675496689,0.0895481345236806,0.346,1.668,-0.14668543046357616,0.13061411245900423,-0.861,1.116,-0.12758774834437084,0.16449016973343114,-0.943,0.749,-2.085562913907285,38.244373401437215,-123.05,354.26,5.883824503311259,26.147973044952483,-24.11,156.01,0.8396357615894038,10.96279950770506,-58.9,84.08,1.0139350363837298,0.10520787306899834,143.0,88.39160839160839,32.05427779344978,58.0,218.0,74.0,160.0,68.0,100.0,32.0,145.0,125.0,-20.0,20.0,14.971830985915492,108.0,-0.20215904987031807
clapping,iris,combined_all,/Users/tylerchen/Cosmos-Gesture-Recognition-/processed/session_iris_periodic1/sessions/iris_clapping_001_seg000,30.0,373874.6,51573.1891553806,292416.0,479187.0,300117.0,354337.0,54220.0,6.116666666666666,2.7193238538692337,0.0,0.0,0.0,300.0,300.0,0.4944233333333333,0.34239897408659903,-1.146,2.119,-0.6867716666666667,0.5415684247601795,-4.0,2.154,-0.025736666666666654,1.0869750679054917,-3.213,2.0,20.920933333333334,98.45234554670299,-332.93,562.46,-5.041233333333333,154.87337482863936,-327.98,370.68,1.753466666666668,66.85255119083313,-293.62,196.45,1.393738033290834,0.6052393242769265,144.0,22.833333333333332,10.847963941603128,1.0,50.0,20.0,49.0,16.0,28.25,12.25,50.0,9.0,-41.0,41.0,3.265734265734266,13.0,-0.1576480990274093
clapping,iris,combined_all,/Users/tylerchen/Cosmos-Gesture-Recognition-/processed/session_iris_periodic1/sessions/iris_clapping_001_seg001,30.0,383013.6,64293.25222893405,288880.0,600870.0,420827.0,351980.0,-68847.0,6.716666666666667,1.7111562043120307,0.0,0.0,0.0,300.0,300.0,0.30191833333333334,0.4390110849197403,-1.799,1.996,-0.8225466666666666,0.5087167818329945,-2.795,1.339,0.362665,1.061168502780552,-4.0,2.364,-10.5633,138.55137007629122,-502.95,612.9,-3.7245833333333325,163.35338519829656,-347.18,359.84,-10.767383333333333,52.974751292787445,-174.87,138.19,1.4689961314005084,0.564726531249424,123.0,9.6869918699187,8.030780532361083,1.0,33.0,7.0,32.0,3.5,14.0,10.5,13.0,14.0,1.0,1.0,2.3852459016393444,12.0,0.17160555132785596
clapping,iris,combined_all,/Users/tylerchen/Cosmos-Gesture-Recognition-/processed/session_iris_periodic1/sessions/iris_clapping_001_seg002,30.0,373416.51666666666,45501.63417623653,299152.0,496928.0,396500.0,395727.0,-773.0,6.833333333333333,2.017974782355375,0.0,0.0,0.0,300.0,300.0,0.6109283333333334,0.4135295792557583,-1.261,2.567,-0.6913283333333333,0.4911707184851538,-1.988,2.179,0.009878333333333336,0.915073038834019,-4.0,1.467,20.68935,120.4914821180077,-473.19,615.01,-5.976466666666667,158.11908063708046,-369.03,437.73,6.092599999999999,54.67979382191073,-177.1,143.35,1.3477344104387161,0.5333778091984445,146.0,15.88013698630137,7.110478564887061,1.0,39.0,15.5,38.0,12.0,19.0,7.0,22.0,2.0,-20.0,20.0,2.9655172413793105,30.0,-0.1012140141838504
clapping,iris,combined_all,/Users/tylerchen/Cosmos-Gesture-Recognition-/processed/session_iris_periodic1/sessions/iris_clapping_002_seg000,30.0,330143.3333333333,28690.643069745853,263975.0,407037.0,340092.0,362828.0,22736.0,5.483333333333333,2.4511335246280557,0.0,0.0,0.0,300.0,300.0,0.39221500000000004,0.5655469281515608,-2.112,1.925,-0.6882066666666667,0.49339536047001226,-2.943,0.235,0.09174000000000003,1.0463647883806886,-3.92,2.676,28.203033333333334,110.76059743563542,-270.33,424.42,2.865633333333332,183.92436777534903,-495.19,323.86,16.65623333333333,61.0616885308468,-131.44,222.21,1.3590723360393127,0.6685515801492455,141.0,16.400709219858157,12.046075214145185,1.0,51.0,15.0,50.0,7.0,23.0,16.0,5.0,1.0,-4.0,4.0,3.7714285714285714,25.0,-0.047902307461792054
clapping,iris,combined_all,/Users/tylerchen/Cosmos-Gesture-Recognition-/processed/session_iris_periodic1/sessions/iris_clapping_002_seg001,30.0,355927.23333333334,52325.47923187666,274044.0,511601.0,302581.0,386953.0,84372.0,6.316666666666666,1.9936705400397083,0.0,0.0,0.0,300.0,300.0,0.39982333333333336,0.4416837718826043,-1.881,2.295,-0.5866699999999999,0.6086981307950052,-3.018,2.089,0.31368666666666667,1.0477707340260471,-3.698,2.762,-18.287599999999998,139.11489162771846,-704.0,550.46,-3.3940500000000005,162.513288994103,-402.84,270.79,-15.90348333333333,53.90180296068663,-201.97,124.33,1.384093834228888,0.5917308928314096,125.0,15.84,8.452333138481407,1.0,39.0,17.0,38.0,8.0,22.0,14.0,1.0,23.0,22.0,22.0,2.935483870967742,32.0,0.17548796722990276
clapping,iris,combined_all,/Users/tylerchen/Cosmos-Gesture-Recognition-/processed/session_iris_periodic1/sessions/iris_clapping_002_seg002,30.0,351003.9666666667,35271.81740661453,274749.0,418331.0,362763.0,301958.0,-60805.0,6.033333333333333,1.6017351702311953,0.0,0.0,0.0,300.0,300.0,0.439935,0.4330672340421588,-2.236,1.807,-0.7547033333333334,0.4650223801344683,-2.946,1.295,0.24081,1.0068667486095444,-3.458,2.084,11.806666666666667,142.06352374104418,-613.48,532.79,-2.5250333333333335,180.16439924783202,-486.19,485.82,3.7840333333333334,48.56096705584526,-160.19,124.39,1.3839052993833758,0.5687611068721745,149.0,13.795302013422818,6.525421551780534,1.0,28.0,14.0,27.0,8.0,19.0,11.0,20.0,10.0,-10.0,10.0,3.554054054054054,23.0,-0.032771630691093886
clapping,iris,combined_all,/Users/tylerchen/Cosmos-Gesture-Recognition-/processed/session_iris_periodic1/sessions/iris_clapping_003_seg000,30.0,364969.23333333334,38045.449836288644,303692.0,438840.0,399816.0,313113.0,-86703.0,6.0,1.5438048235879214,0.0,0.0,0.0,299.0,299.0,0.32273745819398,0.5226233097021254,-2.637,3.735,-0.7371020066889633,0.8019101914353592,-4.0,3.211,0.5059080267558529,0.9593729628179983,-2.976,2.45,-1.24473244147157,213.80550652686117,-722.34,723.84,-4.694682274247492,201.90997406287195,-495.25,421.09,-8.581755852842809,68.29244865940639,-259.62,179.42,1.5177528303381174,0.6606358100202595,135.0,10.107407407407408,6.516736542825821,1.0,30.0,9.0,29.0,5.0,14.5,9.5,10.0,20.0,10.0,10.0,2.8358208955223883,10.0,0.0859160081943225
clapping,iris,combined_all,/Users/tylerchen/Cosmos-Gesture-Recognition-/processed/session_iris_periodic1/sessions/iris_clapping_003_seg001,30.0,338332.7166666667,35275.74413122123,269177.0,425657.0,350322.0,324394.0,-25928.0,5.716666666666667,1.7873785895053744,0.0,0.0,0.0,301.0,301.0,0.35703488372093023,0.6185065248799864,-2.75,2.838,-0.6867641196013289,0.6255939849724809,-3.463,2.336,0.39275913621262465,0.9904504093193776,-3.263,3.861,32.112674418604655,192.54909271817755,-786.98,931.46,-4.4824418604651175,183.27669498153946,-515.79,344.89,10.574933554817276,58.87855075300115,-167.73,192.45,1.4497169768748739,0.6376593595944923,148.0,13.621621621621621,7.622385047676319,1.0,34.0,14.5,33.0,7.0,19.0,12.0,33.0,3.0,-30.0,30.0,3.795918367346939,23.0,-0.08624142564698654
clapping,iris,combined_all,/Users/tylerchen/Cosmos-Gesture-Recognition-/processed/session_iris_periodic1/sessions/iris_clapping_003_seg002,30.0,353188.95,36096.881380610066,273507.0,444233.0,273507.0,424144.0,150637.0,6.366666666666666,1.601735170231195,0.0,0.0,0.0,300.0,300.0,0.1635933333333333,0.5236461786005537,-2.439,1.727,-0.5990150000000001,0.6579897451194869,-4.0,1.341,0.5186333333333334,1.0684655864577224,-4.0,3.282,-16.668716666666665,178.62886161870833,-601.64,762.08,-12.239933333333335,170.60035369089513,-542.56,276.1,-3.6407499999999953,110.78392407813719,-323.74,418.44,1.4251141569885377,0.6873037592078334,147.0,16.81972789115646,10.048673595123889,1.0,40.0,14.0,39.0,8.0,26.0,18.0,7.0,1.0,-6.0,6.0,3.506849315068493,19.0,0.10816666540736986
two_arm_boxing,iris,combined_all,/Users/tylerchen/Cosmos-Gesture-Recognition-/processed/session_iris_periodic1/sessions/iris_two_arm_boxing_001_seg000,29.0,558150.3103448276,96513.35853870658,370121.0,836624.0,393070.0,543926.0,150856.0,9.413793103448276,2.684787815147825,0.0,0.0,0.0,300.0,300.0,0.265695,0.5547792213800008,-1.762,1.071,-0.9070383333333333,0.5494555359904526,-3.438,0.396,-0.20101666666666665,0.2701545416773312,-1.208,0.767,-10.6587,95.44275345973976,-310.77,198.89,-8.886849999999999,91.41466105150111,-235.85,181.71,-11.759499999999997,112.8366230976598,-240.55,272.53,1.1760319441125315,0.483046358810656,149.0,40.42617449664429,13.411921864687413,1.0,85.0,40.0,84.0,31.0,50.0,19.0,44.0,38.0,-6.0,6.0,5.864864864864865,84.0,-0.10535824415019075
two_arm_boxing,iris,combined_all,/Users/tylerchen/Cosmos-Gesture-Recognition-/processed/session_iris_periodic1/sessions/iris_two_arm_boxing_001_seg001,30.0,591295.1,70533.994518648,457696.0,716741.0,662471.0,461426.0,-201045.0,10.083333333333334,1.612882168321322,0.0,0.0,0.0,300.0,300.0,0.3209733333333333,0.680900746038331,-2.226,1.341,-0.8263016666666667,0.7114817799240462,-4.0,0.462,-0.37687666666666664,0.2796139401561189,-1.135,0.421,16.22546666666667,151.30059833583678,-437.3,682.61,-1.222316666666665,89.31619789293386,-270.46,198.74,0.18196666666666564,106.64802283742638,-272.84,226.72,1.2747882944127655,0.5922543845361266,149.0,38.38590604026846,12.840308845560148,14.0,85.0,37.0,71.0,30.0,46.0,16.0,31.0,26.0,-5.0,5.0,6.263513513513513,62.0,-0.027392224439204367
two_arm_boxing,iris,combined_all,/Users/tylerchen/Cosmos-Gesture-Recognition-/processed/session_iris_periodic1/sessions/iris_two_arm_boxing_001_seg002,30.0,571079.0,77571.44186705138,426371.0,755366.0,503259.0,575839.0,72580.0,8.9,1.1930353445448851,0.0,0.0,0.0,300.0,300.0,0.3987566666666667,0.664281926184625,-2.157,1.255,-0.7652333333333334,0.5930702127254599,-3.466,0.381,-0.3010966666666667,0.3582227435393918,-1.166,1.055,-12.694233333333333,109.90926312074681,-265.79,278.73,9.8009,102.16055695255712,-250.95,351.79,-9.382483333333333,103.29126381540239,-285.1,268.11,1.2361850369952139,0.47793407422901113,149.0,37.308724832214764,12.601962164281693,9.0,67.0,35.0,58.0,27.0,47.0,20.0,29.0,39.0,10.0,10.0,4.324324324324325,25.0,-0.0148412842372574
two_arm_boxing,iris,combined_all,/Users/tylerchen/Cosmos-Gesture-Recognition-/processed/session_iris_periodic1/sessions/iris_two_arm_boxing_002_seg000,30.0,543932.9,95111.5261908706,411378.0,839462.0,460874.0,537154.0,76280.0,9.8,1.6812693617224657,0.0,0.0,0.0,301.0,301.0,0.31962956810631227,0.4965187879628984,-1.889,1.128,-0.9389734219269102,0.46409662109544675,-3.274,0.292,-0.131265780730897,0.3039197018532306,-1.131,1.006,15.33152823920266,114.57079369375293,-223.3,516.1,-0.7640531561461764,108.62925227282315,-277.78,210.94,-12.001046511627905,83.44861097549018,-209.27,299.51,1.1761235292920171,0.4148277505380444,150.0,38.38,13.77171013345837,6.0,79.0,38.0,73.0,28.0,48.75,20.75,47.0,40.0,-7.0,7.0,5.120805369127517,47.0,0.032835237121649714
two_arm_boxing,iris,combined_all,/Users/tylerchen/Cosmos-Gesture-Recognition-/processed/session_iris_periodic1/sessions/iris_two_arm_boxing_002_seg001,30.0,584541.2,88469.54402293859,435962.0,793555.0,466801.0,621097.0,154296.0,9.266666666666667,2.1437246921084703,0.0,0.0,0.0,299.0,299.0,0.25857692307692304,0.5482548759330498,-1.89,1.206,-0.9198628762541805,0.4754461709432908,-2.807,0.607,-0.11429598662207359,0.36568107554806983,-2.027,0.565,14.344381270903014,142.83733256089656,-423.11,433.42,-2.6710367892976583,92.87743267840557,-239.02,273.54,-1.456053511705686,72.83072011488,-185.06,190.47,1.1706637072492003,0.4647310112409209,149.0,40.171140939597315,9.970695544213916,21.0,69.0,39.0,48.0,33.0,47.0,14.0,39.0,23.0,-16.0,16.0,3.891891891891892,18.0,-0.04760747324505714
two_arm_boxing,iris,combined_all,/Users/tylerchen/Cosmos-Gesture-Recognition-/processed/session_iris_periodic1/sessions/iris_two_arm_boxing_002_seg002,30.0,576725.0333333333,79288.75344859586,445099.0,735077.0,618689.0,496090.0,-122599.0,9.266666666666667,1.8245242911205344,0.0,0.0,0.0,300.0,300.0,0.12116833333333332,0.5691421783384965,-2.088,1.14,-0.978895,0.676315027538942,-3.649,0.353,-0.010086666666666673,0.4301027860441769,-1.329,1.248,9.830033333333335,115.89969993201976,-300.94,375.07,3.8694666666666655,118.31869254848205,-261.64,367.75,-14.118766666666668,111.95672309224204,-274.94,267.86,1.256363571135445,0.6007351714340237,150.0,37.69,12.423817513580047,8.0,66.0,36.5,58.0,28.0,47.0,19.0,30.0,49.0,19.0,19.0,4.100671140939597,17.0,0.041151162273878626
two_arm_boxing,iris,combined_all,/Users/tylerchen/Cosmos-Gesture-Recognition-/processed/session_iris_periodic1/sessions/iris_two_arm_boxing_003_seg000,30.0,581336.6833333333,96246.49156951846,399354.0,761822.0,717243.0,484484.0,-232759.0,9.466666666666667,2.202019275321833,0.0,0.0,0.0,300.0,300.0,0.18633499999999997,0.5303264453224384,-1.696,1.211,-0.9136899999999999,0.502956698500643,-3.148,0.065,-0.17578000000000002,0.388775219889334,-1.255,0.701,4.198383333333332,113.7031221389122,-265.18,298.9,4.679200000000001,106.83383542068184,-251.01,324.9,-3.8756000000000004,94.87117093454604,-302.22,265.57,1.176148868325464,0.4499781628442985,150.0,36.93666666666667,12.115121266869844,3.0,66.0,36.0,63.0,28.0,44.75,16.75,38.0,39.0,1.0,1.0,4.932885906040268,27.0,0.028475043335259347
two_arm_boxing,iris,combined_all,/Users/tylerchen/Cosmos-Gesture-Recognition-/processed/session_iris_periodic1/sessions/iris_two_arm_boxing_003_seg001,30.0,602790.0666666667,73729.95897685614,443856.0,707424.0,562975.0,707424.0,144449.0,9.733333333333333,1.339983416149452,0.0,0.0,0.0,300.0,300.0,0.11295166666666667,0.5954840315495921,-2.4,0.889,-0.9962000000000001,0.6400416236464626,-4.0,0.57,0.046915,0.3873223983647215,-0.755,1.73,-5.7910666666666675,110.38128149405419,-370.65,562.64,11.029466666666668,104.35635395947654,-216.1,289.41,-2.57785,105.17759870077295,-254.49,279.27,1.2441959185694387,0.6112472532032223,150.0,36.01,10.858802104601839,10.0,67.0,35.0,57.0,29.0,41.0,12.0,38.0,51.0,13.0,13.0,5.3624161073825505,41.0,-0.0018510452316400307
two_arm_boxing,iris,combined_all,/Users/tylerchen/Cosmos-Gesture-Recognition-/processed/session_iris_periodic1/sessions/iris_two_arm_boxing_003_seg002,30.0,588468.8,110597.27008698422,359039.0,807347.0,374585.0,496877.0,122292.0,9.883333333333333,2.104294550569277,0.0,0.0,0.0,300.0,300.0,0.21226833333333334,0.6123643459280503,-1.829,1.057,-0.87735,0.6177202650337232,-3.647,0.553,-0.29744,0.2686491511246592,-1.513,0.316,4.949566666666668,112.55992761848636,-257.79,353.16,-0.030666666666666818,81.4271899156268,-192.72,206.27,-8.210199999999999,109.98494719108915,-263.16,255.13,1.2051047409966968,0.5288995831541351,150.0,36.27333333333333,12.905904515556173,11.0,84.0,34.0,73.0,27.0,45.0,18.0,50.0,17.0,-33.0,33.0,5.550335570469799,73.0,-0.022950353349037816
soli,iris,combined_all,/Users/tylerchen/Cosmos-Gesture-Recognition-/processed/session_iris_periodic1/sessions/iris_soli_001_seg000,30.0,395763.93333333335,109781.2975592635,268227.0,710680.0,537662.0,363797.0,-173865.0,5.566666666666666,3.2008679378499134,0.0,0.0,0.0,300.0,300.0,0.24863333333333335,0.20543860126297805,-0.174,0.826,-0.9512066666666668,0.13419541331787593,-1.475,-0.503,0.158315,0.11814478929670562,-0.156,0.499,-6.4047833333333335,44.40190988613428,-154.82,146.12,-1.737583333333334,35.33796561173816,-75.75,101.44,-3.9428000000000005,22.60740855324496,-73.15,47.58,1.0238679522591094,0.1324474680758405,150.0,69.02333333333333,8.439348687190387,52.0,80.0,72.0,28.0,61.0,76.0,15.0,63.0,60.0,-3.0,3.0,1.9395973154362416,8.0,-0.12214676207831499
soli,iris,combined_all,/Users/tylerchen/Cosmos-Gesture-Recognition-/processed/session_iris_periodic1/sessions/iris_soli_001_seg001,30.0,322540.0333333333,35181.639444207576,271666.0,416548.0,380855.0,323444.0,-57411.0,3.933333333333333,2.5024432505497947,0.0,0.0,0.0,300.0,300.0,0.3969966666666666,0.10227939669791218,0.087,0.661,-0.912545,0.10395633927279277,-1.172,-0.516,0.12582500000000002,0.094895731400116,-0.032,0.401,1.2192,34.65116487738904,-87.31,135.81,-2.586866666666667,26.895941196561402,-65.07,86.4,2.698183333333333,15.483287360465777,-37.93,42.02,1.013398524835879,0.09733080785013852,150.0,55.49,3.9423147562801093,47.0,69.0,55.0,22.0,53.0,57.0,4.0,62.0,69.0,7.0,7.0,1.832214765100671,9.0,0.049508867060757855
soli,iris,combined_all,/Users/tylerchen/Cosmos-Gesture-Recognition-/processed/session_iris_periodic1/sessions/iris_soli_001_seg002,30.0,304305.93333333335,42527.97853251694,253431.0,435475.0,299009.0,435475.0,136466.0,2.6666666666666665,1.8678567634829197,0.0,0.0,0.0,300.0,300.0,0.17560833333333334,0.09470737302147933,-0.059,0.427,-0.9730383333333334,0.09244860290293036,-1.236,-0.703,0.139485,0.09708375182074801,-0.085,0.419,2.0803666666666665,31.866206529392368,-79.44,102.27,-6.548183333333332,20.181262584977095,-58.96,57.44,-0.8900999999999996,20.51627528891979,-47.06,46.27,1.0081733098857244,0.08732704553694133,150.0,68.16333333333333,2.425740505956302,60.0,74.0,68.0,14.0,67.0,70.0,3.0,65.0,64.0,-1.0,1.0,1.7651006711409396,9.0,-0.015912707231432285
soli,iris,combined_all,/Users/tylerchen/Cosmos-Gesture-Recognition-/processed/session_iris_periodic1/sessions/iris_soli_002_seg000,30.0,311770.38333333336,30458.039081027342,265472.0,408022.0,333223.0,283330.0,-49893.0,3.1666666666666665,1.4161763857498668,0.0,0.0,0.0,300.0,300.0,0.21357166666666666,0.08915071899442104,-0.04,0.585,-0.9604966666666669,0.11470746846749875,-1.426,-0.664,0.20203166666666666,0.11300932121912514,-0.277,0.609,-1.5470333333333337,49.84893788436108,-121.19,230.32,-1.5941999999999992,26.9139650434491,-82.46,77.97,0.01183333333333356,18.44950351108548,-49.23,46.88,1.016097129168417,0.10201412948322078,150.0,67.56,2.1820807753305362,60.0,72.0,68.0,12.0,66.0,69.0,3.0,66.0,69.0,3.0,3.0,1.523489932885906,7.0,0.015524245522023139
soli,iris,combined_all,/Users/tylerchen/Cosmos-Gesture-Recognition-/processed/session_iris_periodic1/sessions/iris_soli_002_seg001,30.0,263008.36666666664,10525.030515342409,243073.0,287575.0,260926.0,243073.0,-17853.0,0.5333333333333333,0.8459051693633013,0.0,0.0,0.0,300.0,300.0,0.189165,0.05975983490265509,-0.005,0.376,-0.9585200000000001,0.07071974924540764,-1.237,-0.77,0.2510266666666666,0.0710831922103588,-0.035,0.481,2.921366666666667,29.466962932503847,-76.63,109.07,1.4121333333333332,17.809912149761498,-79.71,44.98,1.5055833333333333,11.460949724014537,-35.83,40.86,1.0135003998612528,0.0632507351704264,150.0,67.74333333333334,1.3470532924524312,64.0,71.0,68.0,7.0,67.0,69.0,2.0,67.0,67.0,0.0,0.0,1.2885906040268456,6.0,-0.00582336992755274
soli,iris,combined_all,/Users/tylerchen/Cosmos-Gesture-Recognition-/processed/session_iris_periodic1/sessions/iris_soli_002_seg002,30.0,292415.2166666667,55793.2091837739,255374.0,445945.0,273393.0,400755.0,127362.0,2.1333333333333333,3.422799374131583,0.0,0.0,0.0,300.0,300.0,0.13357,0.04322653835918993,0.039,0.249,-0.9702733333333333,0.040861644516497285,-1.151,-0.8,0.24139833333333333,0.04885498512226052,0.028,0.462,-2.2120666666666664,13.931976043247763,-70.5,29.27,-0.2757666666666667,7.243816932084601,-30.67,17.12,-0.4878666666666667,6.9226217660331235,-15.96,19.96,1.0109668328662347,0.03762341878020673,150.0,67.2,1.5597711069385367,64.0,71.0,67.0,7.0,66.0,68.0,2.0,68.0,64.0,-4.0,4.0,1.3154362416107384,5.0,0.006866082937019105
soli,iris,combined_all,/Users/tylerchen/Cosmos-Gesture-Recognition-/processed/session_iris_periodic1/sessions/iris_soli_003_seg000,30.0,266102.0333333333,12712.82874759019,252589.0,296113.0,253922.0,285414.0,31492.0,0.13333333333333333,0.33993463423951903,0.0,0.0,0.0,301.0,301.0,0.1565282392026578,0.022896480808358502,0.107,0.226,-0.9702840531561463,0.02628425393337964,-1.07,-0.885,0.2221511627906977,0.04972718660276353,0.108,0.324,0.5221262458471762,11.646775410604057,-30.0,55.7,0.7791196013289032,11.679561250775324,-39.7,27.95,0.37122923588039874,4.60413633530874,-13.43,11.57,1.0091535183948699,0.024504139307175994,150.0,63.166666666666664,1.7804556639705056,56.0,69.0,63.0,13.0,62.0,64.0,2.0,61.0,62.0,1.0,1.0,1.5906040268456376,7.0,0.009470643139694711
soli,iris,combined_all,/Users/tylerchen/Cosmos-Gesture-Recognition-/processed/session_iris_periodic1/sessions/iris_soli_003_seg001,30.0,265411.1,6045.226019209978,253029.0,279497.0,262549.0,266201.0,3652.0,0.4,0.8406346808612328,0.0,0.0,0.0,300.0,300.0,0.17702833333333334,0.06016229926438798,0.004,0.352,-0.9658783333333334,0.056843284506778086,-1.144,-0.841,0.23012166666666664,0.06742514033410739,0.048,0.468,-1.7984999999999995,24.055414846072946,-58.72,79.74,0.26846666666666646,15.617137327806129,-52.34,38.7,-2.2806,13.349530914605202,-44.07,36.38,1.013012115692794,0.04918568216442401,150.0,62.873333333333335,1.5919118836135864,58.0,67.0,63.0,9.0,62.0,64.0,2.0,64.0,62.0,-2.0,2.0,1.5302013422818792,7.0,-0.008649273301036126
soli,iris,combined_all,/Users/tylerchen/Cosmos-Gesture-Recognition-/processed/session_iris_periodic1/sessions/iris_soli_003_seg002,30.0,277664.5,19350.163309819032,252838.0,322161.0,276355.0,296590.0,20235.0,1.3,1.5524174696260022,0.0,0.0,0.0,300.0,300.0,0.20801166666666668,0.06170025026211326,0.029,0.369,-0.9677083333333333,0.06929694441048341,-1.195,-0.743,0.17894333333333334,0.08544024190647541,-0.038,0.519,1.2778500000000004,26.335634068580287,-70.86,63.69,1.4421333333333333,17.86068007613994,-40.96,66.47,0.5713166666666667,12.431446014699533,-27.44,32.47,1.011755635505403,0.063313069454884,150.0,60.5,3.138845168734608,53.0,66.0,62.0,13.0,59.0,63.0,4.0,66.0,59.0,-7.0,7.0,1.9395973154362416,11.0,-0.04852482332548164
palm_up_down,iris,combined_all,/Users/tylerchen/Cosmos-Gesture-Recognition-/processed/session_iris_periodic1/sessions/iris_palm_up_down_001_seg000,30.0,439576.48333333334,122757.84172419345,307242.0,924567.0,535593.0,507521.0,-28072.0,5.8,2.0760539492026693,0.0,0.0,0.0,300.0,300.0,0.018308333333333333,0.7686752082407035,-1.43,1.052,-0.13040666666666667,0.321126308932932,-0.875,0.417,-0.582155,0.2130124804051005,-1.282,-0.09,4.381183333333333,68.49350902564431,-261.54,174.81,-32.6413,189.53630893659928,-625.69,635.12,14.451133333333331,101.47017293462262,-352.31,387.62,1.0263661569868814,0.2053680804279164,150.0,78.90666666666667,5.1826979404393665,62.0,89.0,80.0,27.0,76.0,82.0,6.0,64.0,76.0,12.0,12.0,2.134228187919463,7.0,-0.0426312280545804
palm_up_down,iris,combined_all,/Users/tylerchen/Cosmos-Gesture-Recognition-/processed/session_iris_periodic1/sessions/iris_palm_up_down_001_seg001,30.0,401018.4166666667,49780.399312728725,320828.0,507767.0,388498.0,332070.0,-56428.0,6.25,2.3264780248263683,0.0,0.0,0.0,300.0,300.0,0.08605666666666666,0.6460310984172684,-0.817,1.363,-0.29866666666666664,0.4315789037768009,-0.857,0.563,-0.5348649999999999,0.29054976053866244,-1.323,0.351,-7.15035,97.01314943670008,-259.9,287.39,24.46236666666667,219.20590370106112,-492.08,379.77,-29.33896666666666,120.63229195617104,-231.33,249.76,1.020310512414427,0.17230858305274957,150.0,68.25666666666666,6.463822052449082,56.0,79.0,66.0,23.0,63.0,75.0,12.0,71.0,65.0,-6.0,6.0,2.053691275167785,9.0,-0.08143917507444767
palm_up_down,iris,combined_all,/Users/tylerchen/Cosmos-Gesture-Recognition-/processed/session_iris_periodic1/sessions/iris_palm_up_down_001_seg002,30.0,415877.31666666665,74921.17186533271,264950.0,549160.0,447623.0,264950.0,-182673.0,5.9,2.1656407827707715,0.0,0.0,0.0,300.0,300.0,0.2163433333333333,0.7122714689327065,-1.214,1.22,-0.20144499999999996,0.4494278467952336,-1.098,0.716,-0.4233466666666667,0.3517032743031483,-1.743,0.442,-8.976900000000002,107.45718028773135,-240.61,360.85,-5.314233333333341,203.59159887483625,-427.53,394.91,-9.532666666666664,121.89253194059467,-219.73,301.4,1.0220050226644013,0.2347847691299475,150.0,74.25333333333333,5.719901283546099,61.0,86.0,75.0,25.0,69.625,78.0,8.375,65.0,81.0,16.0,16.0,2.161073825503356,8.0,0.07682119205298006
palm_up_down,iris,combined_all,/Users/tylerchen/Cosmos-Gesture-Recognition-/processed/session_iris_periodic1/sessions/iris_palm_up_down_002_seg000,30.0,412780.4666666667,66429.94654909453,304752.0,625996.0,343810.0,443581.0,99771.0,6.25,1.9267848867997692,0.0,0.0,0.0,300.0,300.0,0.24194999999999997,0.686842427950788,-1.011,1.376,-0.23717333333333335,0.4774292512567234,-1.187,0.815,-0.3506166666666667,0.43216881314546,-1.296,0.586,-11.609133333333332,115.46478396427005,-335.09,323.95,42.110499999999995,242.7403913445048,-562.49,469.44,-24.9303,126.8563116111164,-284.46,265.33,1.0293849291096873,0.25406849677828613,150.0,72.31666666666666,7.366124318258265,51.0,98.0,70.0,47.0,67.125,76.75,9.625,91.0,71.0,-20.0,20.0,3.221476510067114,28.0,-0.0315471798746615
palm_up_down,iris,combined_all,/Users/tylerchen/Cosmos-Gesture-Recognition-/processed/session_iris_periodic1/sessions/iris_palm_up_down_002_seg001,30.0,463370.5333333333,86905.47664780523,306755.0,653349.0,376782.0,506415.0,129633.0,7.433333333333334,2.4857370916669543,0.0,0.0,0.0,300.0,300.0,0.05913333333333334,0.7613704636791231,-1.367,1.618,-0.3534833333333333,0.44249261732698875,-1.206,0.97,-0.3488833333333334,0.48074492649621575,-1.134,1.41,5.968299999999999,110.27531095281316,-190.59,634.21,-25.524733333333334,277.6983634970305,-743.37,405.01,8.95571666666667,150.2182893039428,-290.78,422.65,1.0860862499990025,0.2778197969910368,150.0,75.88666666666667,4.887027982894393,66.0,88.0,76.0,22.0,72.0,79.0,7.0,84.0,81.0,-3.0,3.0,2.221476510067114,14.0,0.02487755011333814
palm_up_down,iris,combined_all,/Users/tylerchen/Cosmos-Gesture-Recognition-/processed/session_iris_periodic1/sessions/iris_palm_up_down_002_seg002,30.0,461052.98333333334,90112.40992361368,326734.0,664082.0,493259.0,403380.0,-89879.0,7.833333333333333,2.266911751455907,0.0,0.0,0.0,300.0,300.0,-0.04668833333333334,0.7855785461783823,-1.657,1.611,-0.38630666666666663,0.47038565977133967,-1.559,0.941,-0.42124,0.3488193807158126,-1.58,0.806,-16.528166666666667,135.36876013432922,-350.93,459.94,13.91793333333333,278.90782269009395,-727.2,505.45,-18.122833333333332,177.73147504678388,-330.48,441.82,1.0971881405540531,0.2917280317441527,150.0,66.23666666666666,10.670271168105096,41.0,90.0,66.0,49.0,57.0,74.0,17.0,81.0,68.0,-13.0,13.0,3.0939597315436242,23.0,-0.20193875283345925
palm_up_down,iris,combined_all,/Users/tylerchen/Cosmos-Gesture-Recognition-/processed/session_iris_periodic1/sessions/iris_palm_up_down_003_seg000,30.0,392777.2,71473.24752644634,279983.0,541049.0,329069.0,394721.0,65652.0,6.916666666666667,2.13730099788391,0.0,0.0,0.0,300.0,300.0,0.2509766666666667,0.6523974168063172,-0.767,1.362,-0.33124833333333337,0.5463407521842226,-1.344,0.643,-0.221845,0.532385393120748,-1.414,1.016,-17.607100000000003,110.57611084643615,-383.62,394.57,33.77740000000001,251.4041694640458,-480.7,640.22,-28.019333333333336,160.96087960398606,-335.12,330.09,1.0744644905509173,0.27386277928643604,150.0,60.45666666666666,5.138696390775556,47.0,73.0,61.0,26.0,56.0,64.0,8.0,62.0,61.0,-1.0,1.0,2.4496644295302015,12.0,0.0017461516808155017
palm_up_down,iris,combined_all,/Users/tylerchen/Cosmos-Gesture-Recognition-/processed/session_iris_periodic1/sessions/iris_palm_up_down_003_seg001,30.0,339809.5,32143.312290428315,271031.0,430722.0,354703.0,338020.0,-16683.0,4.966666666666667,2.15225979431439,0.0,0.0,0.0,300.0,300.0,0.45315,0.5520276208367356,-0.6,1.23,-0.35608833333333334,0.4996934323801834,-1.349,0.438,-0.12957333333333335,0.45549130758872763,-0.936,0.711,0.023199999999999363,114.1406900879787,-381.33,322.0,-40.1183,226.73494995870547,-518.33,425.92,18.579099999999997,157.49129611142536,-341.81,344.98,1.0300372963870867,0.22328589793860232,148.0,78.29054054054055,35.146492486411255,48.0,202.0,68.0,154.0,64.0,72.0,8.0,65.0,68.0,3.0,3.0,5.639455782312926,94.0,0.33330248478858243
palm_up_down,iris,combined_all,/Users/tylerchen/Cosmos-Gesture-Recognition-/processed/session_iris_periodic1/sessions/iris_palm_up_down_003_seg002,30.0,392772.6,47103.075893933186,314735.0,491290.0,316231.0,367325.0,51094.0,6.766666666666667,2.2313423961572747,0.0,0.0,0.0,300.0,300.0,0.2899366666666667,0.6988157549184351,-1.023,1.261,-0.34862666666666664,0.5959502669033904,-1.593,0.723,-0.21086833333333335,0.422763109590413,-1.024,1.024,-17.61063333333334,132.1286838197226,-363.38,532.06,5.818966666666681,247.26315687798203,-758.08,438.09,-27.985500000000005,163.27716749773475,-308.57,418.93,1.1015452675834407,0.24268524395025093,150.0,66.43666666666667,5.750779540582719,51.0,82.0,66.0,31.0,62.25,70.0,7.75,66.0,72.0,6.0,6.0,3.3422818791946307,18.0,0.014125961153829199
pull,student1,combined_all,/Users/tylerchen/Cosmos-Gesture-Recognition-/processed/session_joanna_discrete/sessions/student1_pull_001,30.0,354208.43333333335,102575.14925967963,277801.0,581322.0,282018.0,277801.0,-4217.0,2.533333333333333,2.9295430056959777,0.0,0.0,0.0,300.0,300.0,0.8167766666666666,0.18507088764999088,0.39,1.121,0.11592333333333334,0.2560667050898175,-0.465,0.659,-0.35224333333333335,0.3318244075645364,-0.982,0.227,-5.516266666666667,32.63208108434942,-122.26,88.96,10.453850000000001,23.76663688718915,-42.15,89.36,-12.211616666666668,35.356204676638995,-110.87,60.82,1.0063372330697498,0.04303382395496402,150.0,67.66666666666667,8.040098054985446,47.0,82.0,68.5,35.0,64.0,75.0,11.0,82.0,66.0,-16.0,16.0,2.0805369127516777,11.0,-0.1141561847193209
pull,student1,combined_all,/Users/tylerchen/Cosmos-Gesture-Recognition-/processed/session_joanna_discrete/sessions/student1_pull_002,30.0,367087.55,89813.42235604783,286209.0,613818.0,289936.0,325239.0,35303.0,3.6333333333333333,3.071192312803323,0.0,0.0,0.0,302.0,302.0,0.8085943708609271,0.19070191986019516,0.333,1.022,0.0455248344370861,0.15637495865549897,-0.339,0.349,-0.4512433774834437,0.2928029978820658,-0.953,-0.057,-2.847930463576158,30.739283294912116,-110.54,90.43,10.72706953642384,18.751205350355242,-9.74,67.08,-7.654453642384107,23.53472421389318,-78.59,26.22,1.002598664706447,0.029458715036741377,151.0,67.99337748344371,7.080015714428626,52.0,78.0,69.0,26.0,63.0,75.0,12.0,76.0,63.0,-13.0,13.0,2.1533333333333333,16.0,-0.14026838619728185
pull,student1,combined_all,/Users/tylerchen/Cosmos-Gesture-Recognition-/processed/session_joanna_discrete/sessions/student1_pull_003,30.0,351728.4666666667,87205.70405874963,283817.0,542519.0,283817.0,303230.0,19413.0,2.8333333333333335,3.4359213546813834,0.0,0.0,0.0,301.0,301.0,0.8281744186046511,0.20216668637491061,0.432,1.078,0.03077574750830565,0.1529532435989223,-0.495,0.464,-0.4139152823920266,0.3038286187488011,-1.136,0.109,-0.3165448504983394,35.04508662339726,-107.88,111.3,11.49466777408638,19.92756092137239,-14.22,77.85,-8.504352159468437,26.493599045855618,-84.05,43.34,1.0063170415894078,0.0452745010829137,151.0,71.34437086092716,5.300058311145761,62.0,84.0,69.0,22.0,67.0,75.0,8.0,81.0,70.0,-11.0,11.0,1.54,5.0,-0.0827204600906243
pull,student1,combined_all,/Users/tylerchen/Cosmos-Gesture-Recognition-/processed/session_joanna_discrete/sessions/student1_pull_004,30.0,397420.4166666667,115182.80343625399,276989.0,664375.0,319623.0,291963.0,-27660.0,4.0,2.9097537123726926,0.0,0.0,0.0,302.0,302.0,0.8263857615894039,0.19034142552374056,0.428,1.035,0.0898112582781457,0.13899852061337437,-0.242,0.329,-0.4054718543046358,0.29472106741450455,-0.94,-0.075,-4.065529801324503,23.473546109138553,-54.45,59.08,14.25586092715232,17.660883041957963,-11.57,63.45,-8.788112582781457,19.741658614418704,-52.13,32.81,0.9985511083134508,0.02633538250116992,151.0,67.63576158940397,4.394668654492789,57.0,77.0,67.0,20.0,65.0,70.0,5.0,73.0,66.0,-7.0,7.0,1.9533333333333334,8.0,-0.0713245033112586
pull,student1,combined_all,/Users/tylerchen/Cosmos-Gesture-Recognition-/processed/session_joanna_discrete/sessions/student1_pull_005,30.0,392190.6,107228.14639623933,290592.0,717428.0,297649.0,307346.0,9697.0,3.316666666666667,2.4374964387438367,0.0,0.0,0.0,302.0,302.0,0.8100397350993378,0.17289613227749068,0.547,1.105,0.02925331125827814,0.1755176003002483,-0.27,0.455,-0.4430066225165563,0.29480712342541426,-0.928,0.058,-4.18701986754967,23.186071553345727,-80.45,53.71,13.130529801324503,15.457226081348056,-19.87,45.99,-9.675215231788082,19.564263077651457,-59.85,42.85,0.9999117700863871,0.032591239461770755,150.0,70.39333333333333,4.32270594955563,61.0,81.0,70.0,20.0,67.25,73.375,6.125,75.0,70.0,-5.0,5.0,1.8456375838926173,7.0,-0.05622886943123352
pull,student1,combined_all,/Users/tylerchen/Cosmos-Gesture-Recognition-/processed/session_joanna_discrete/sessions/student1_pull_006,30.0,383769.48333333334,103383.9978024068,285554.0,685389.0,296564.0,301422.0,4858.0,3.3333333333333335,2.72437556556034,0.0,0.0,0.0,301.0,301.0,0.7530631229235881,0.20736378487743048,0.413,1.057,0.04229069767441861,0.13169269592241598,-0.24,0.442,-0.5400249169435215,0.28729521447700845,-0.954,-0.03,-2.8870764119601313,24.2162294483505,-81.79,49.35,13.37,15.840858436754274,-12.24,53.32,-7.725049833887042,22.26871302556105,-56.92,55.57,1.001240874048879,0.030289255030593498,149.0,72.45973154362416,4.0174941676253475,63.0,80.0,72.0,17.0,69.0,75.0,6.0,77.0,74.0,-3.0,3.0,1.9662162162162162,7.0,-0.036254307999274996
pull,student1,combined_all,/Users/tylerchen/Cosmos-Gesture-Recognition-/processed/session_joanna_discrete/sessions/student1_pull_007,30.0,383876.0333333333,123378.90248727922,285105.0,689335.0,285775.0,303267.0,17492.0,3.6333333333333333,3.4591264150874217,0.0,0.0,0.0,303.0,303.0,0.7425759075907591,0.21261240068547205,0.393,1.053,0.05147524752475248,0.1662404760739637,-0.348,0.573,-0.5063316831683168,0.3393093117444822,-0.963,0.004,-4.966320132013201,30.11029591965949,-135.65,59.24,13.969966996699668,18.577502070171533,-15.78,59.21,-10.05016501650165,20.92321729765718,-63.69,28.41,0.9985097446036729,0.0372757401079381,151.0,73.32781456953643,4.5293453544856925,62.0,83.0,75.0,21.0,69.5,76.5,7.0,73.0,75.0,2.0,2.0,2.3733333333333335,16.0,-0.020413616823515605
pull,student1,combined_all,/Users/tylerchen/Cosmos-Gesture-Recognition-/processed/session_joanna_discrete/sessions/student1_pull_008,30.0,398445.9666666667,105980.449453184,280890.0,651114.0,302467.0,305422.0,2955.0,3.966666666666667,2.0893911925619757,0.0,0.0,0.0,301.0,301.0,0.819857142857143,0.18684240038564573,0.433,1.097,0.08970431893687708,0.14902227203837826,-0.232,0.389,-0.4045049833887043,0.31179360688991836,-0.911,-0.002,-3.6633887043189364,27.663244471009946,-77.52,57.13,14.064568106312294,16.791482281862603,-9.8,60.52,-9.543205980066446,19.13401776031172,-52.4,23.93,0.9985900095167555,0.031430040601375935,150.0,72.79333333333334,6.148658026409263,60.0,84.0,72.0,24.0,69.0,78.0,9.0,82.0,61.0,-21.0,21.0,2.1140939597315436,12.0,-0.10466776301168988
push,student1,combined_all,/Users/tylerchen/Cosmos-Gesture-Recognition-/processed/session_joanna_discrete/sessions/student1_push_001,30.0,439977.1666666667,122681.74239907185,310919.0,755291.0,342570.0,315874.0,-26696.0,3.3333333333333335,2.6749870196985173,0.0,0.0,0.0,300.0,300.0,0.78673,0.17444101058545283,0.405,1.048,-0.11213833333333331,0.17343092293635398,-0.449,0.177,-0.5131633333333334,0.22408441487280834,-0.984,-0.078,5.0186,12.431545693770195,-17.21,42.33,-9.948333333333334,16.028444088210463,-73.12,14.13,6.440566666666667,14.936290035086431,-13.43,74.77,1.002018754243693,0.03919053097358725,150.0,65.52,5.32874942831793,54.0,75.0,65.0,21.0,61.0,70.0,9.0,62.0,68.0,6.0,6.0,2.2550335570469797,11.0,0.09033112582781432
push,student1,combined_all,/Users/tylerchen/Cosmos-Gesture-Recognition-/processed/session_joanna_discrete/sessions/student1_push_002,30.0,383318.26666666666,114549.45441742134,286150.0,732662.0,323481.0,306626.0,-16855.0,2.8,2.4549270186029295,0.0,0.0,0.0,303.0,303.0,0.8279818481848185,0.13298935601177186,0.609,1.08,-0.14331518151815179,0.13597363302652613,-0.41,0.163,-0.45336303630363034,0.2404989729571025,-0.823,-0.01,1.3416501650165018,7.879083615905069,-21.88,26.76,-11.314257425742573,16.49802336474382,-65.34,18.01,5.921815181518151,12.280491693864292,-13.82,54.38,1.0019773402973142,0.041077829526093776,151.0,64.02649006622516,7.939308970657793,50.0,75.0,68.0,25.0,54.0,71.0,17.0,54.0,72.0,18.0,18.0,2.0533333333333332,8.0,0.16054025792959178
push,student1,combined_all,/Users/tylerchen/Cosmos-Gesture-Recognition-/processed/session_joanna_discrete/sessions/student1_push_003,30.0,407759.43333333335,123563.12076011552,296460.0,834167.0,324166.0,349506.0,25340.0,3.1,2.6121510931286753,0.0,0.0,0.0,301.0,301.0,0.8535681063122923,0.13593566308273503,0.601,1.046,-0.13059302325581396,0.17328642316403836,-0.392,0.212,-0.3750797342192691,0.2670385148125357,-0.748,0.167,4.2668770764119595,9.891763098571086,-41.66,36.99,-12.045049833887045,15.906292004415814,-67.29,6.65,5.928272425249169,14.014277686534049,-15.99,57.37,1.0025715198611584,0.031376133699753284,150.0,66.77666666666667,5.921617961682122,56.0,76.0,68.0,20.0,61.0,72.0,11.0,61.0,73.0,12.0,12.0,2.295302013422819,7.0,0.11914396195386476
push,student1,combined_all,/Users/tylerchen/Cosmos-Gesture-Recognition-/processed/session_joanna_discrete/sessions/student1_push_004,30.0,399483.98333333334,116050.64600565088,294803.0,657173.0,350612.0,328186.0,-22426.0,2.566666666666667,2.629110538228133,0.0,0.0,0.0,301.0,301.0,0.7723372093023255,0.17604473177453359,0.496,1.077,-0.1313372093023256,0.17141153530846198,-0.478,0.251,-0.5061926910299003,0.2784695341287879,-0.842,-0.01,4.756179401993356,12.488094505625595,-24.14,52.03,-13.701677740863786,20.66772032376089,-85.45,8.94,6.160564784053156,18.718397971103375,-16.27,95.55,1.0027329161803353,0.04930426088155087,151.0,62.38741721854305,5.552828764221728,51.0,71.0,64.0,20.0,57.0,67.0,10.0,58.0,67.0,9.0,9.0,1.7533333333333334,8.0,0.10001917044266255
push,student1,combined_all,/Users/tylerchen/Cosmos-Gesture-Recognition-/processed/session_joanna_discrete/sessions/student1_push_005,30.0,383479.36666666664,108738.38637006508,279218.0,713838.0,290620.0,316664.0,26044.0,2.6,2.6532998322843198,0.0,0.0,0.0,300.0,300.0,0.8478033333333334,0.16637177753230642,0.58,1.135,-0.1630633333333333,0.17915081911308386,-0.497,0.218,-0.3201716666666667,0.3163530749503718,-0.784,0.191,2.6755166666666668,11.598918785087495,-31.83,44.98,-14.245133333333333,22.94561796180022,-68.85,23.22,6.7808666666666655,16.98358566132475,-20.45,62.69,1.0026205207092798,0.049759246943220356,151.0,64.29801324503312,4.9309156715384415,53.0,73.0,64.0,20.0,60.5,69.0,8.5,63.0,70.0,7.0,7.0,1.9533333333333334,8.0,0.07634193098640613
push,student1,combined_all,/Users/tylerchen/Cosmos-Gesture-Recognition-/processed/session_joanna_discrete/sessions/student1_push_006,30.0,354382.8,89852.95760793482,272862.0,568010.0,323259.0,278127.0,-45132.0,2.4,2.537715508089904,0.0,0.0,0.0,302.0,302.0,0.8103509933774834,0.17976387776319613,0.536,1.115,-0.17304470198675498,0.2239525223641287,-0.591,0.217,-0.3602632450331126,0.32768275624611654,-0.779,0.199,3.415728476821193,12.290662610356884,-20.45,45.69,-14.846291390728476,22.006699901413047,-69.61,15.63,7.952913907284769,18.968983330564583,-22.86,52.19,1.0020746827802085,0.045770186465221754,152.0,64.0592105263158,5.320189650346127,48.0,73.0,66.0,25.0,60.0,68.25,8.25,59.0,72.0,13.0,13.0,1.8211920529801324,13.0,0.09771629111735287
push,student1,combined_all,/Users/tylerchen/Cosmos-Gesture-Recognition-/processed/session_joanna_discrete/sessions/student1_push_007,30.0,373040.1666666667,121755.32596265437,277365.0,636400.0,290019.0,284436.0,-5583.0,2.8,2.6882460204874605,0.0,0.0,0.0,300.0,300.0,0.7340083333333334,0.221988605135906,0.454,1.118,-0.08716666666666668,0.1883903320826794,-0.426,0.271,-0.47352500000000003,0.3873202957561476,-0.941,0.218,4.090833333333333,14.107912253019185,-36.62,63.51,-19.393133333333335,27.9229088894565,-124.76,10.28,8.542300000000001,16.21708908456344,-14.31,72.45,1.0015613375003332,0.04747571555159905,150.0,62.126666666666665,5.376804103867339,48.0,70.0,64.0,22.0,57.0,66.0,9.0,54.0,67.0,13.0,13.0,2.436241610738255,18.0,0.08916307391439612
push,student1,combined_all,/Users/tylerchen/Cosmos-Gesture-Recognition-/processed/session_joanna_discrete/sessions/student1_push_008,31.0,373328.22580645164,98492.76825678367,284326.0,650034.0,312617.0,286015.0,-26602.0,2.193548387096774,2.8103421309192904,0.0,0.0,0.0,301.0,301.0,0.7744019933554818,0.1979308494462362,0.493,1.079,-0.11723920265780731,0.15391733421587617,-0.494,0.195,-0.4866827242524917,0.31235472905527606,-1.038,0.069,0.3257973421926912,10.970150319632898,-23.26,33.48,-15.104152823920266,25.722476611318637,-109.01,15.84,5.4919933554817275,20.440105860488973,-39.31,79.84,1.0032704642283856,0.06468826279468003,151.0,62.29801324503311,7.947993207501505,39.0,72.0,65.0,33.0,58.0,69.0,11.0,58.0,69.0,11.0,11.0,2.486666666666667,16.0,0.1469850121993723
clockwise,student1,combined_all,/Users/tylerchen/Cosmos-Gesture-Recognition-/processed/session_joanna_discrete/sessions/student1_clockwise_001,30.0,436187.2,48739.201457109106,352131.0,564219.0,445872.0,564219.0,118347.0,6.566666666666666,1.9779338265529063,0.0,0.0,0.0,302.0,302.0,0.09908774834437084,0.8575595917444707,-1.476,1.168,-0.1680066225165563,0.2405904022981727,-0.707,0.272,-0.49609768211920535,0.28296994767292544,-1.147,-0.029,-88.2685761589404,62.86475063969531,-327.28,1.43,-22.280496688741717,85.68683657947896,-205.08,172.86,3.8201986754966883,73.33674382821184,-143.71,120.55,1.0518833163146581,0.22597166304928815,151.0,86.55629139072848,34.16450338635126,28.0,225.0,90.0,197.0,63.25,102.0,38.75,63.0,44.0,-19.0,19.0,7.753333333333333,91.0,-0.20841350063901523
clockwise,student1,combined_all,/Users/tylerchen/Cosmos-Gesture-Recognition-/processed/session_joanna_discrete/sessions/student1_clockwise_002,30.0,508417.56666666665,127291.04460557661,307075.0,761123.0,382402.0,568858.0,186456.0,7.466666666666667,2.3453658010512437,0.0,0.0,0.0,302.0,302.0,-0.018187086092715278,0.8454893057618968,-1.788,1.027,-0.02756953642384105,0.2762424380964138,-0.703,0.662,-0.5530811258278145,0.29939604484861104,-1.411,0.25,-89.10466887417219,78.08420097949129,-419.93,128.97,5.206490066225167,107.95359866397023,-232.67,202.58,14.02639072847682,90.30933819261288,-196.33,118.87,1.0479603705662455,0.29928027890752595,151.0,87.32781456953643,27.331547483790956,27.0,125.0,98.0,98.0,68.0,109.0,41.0,107.0,101.0,-6.0,6.0,5.88,51.0,-0.2104566050888813
clockwise,student1,combined_all,/Users/tylerchen/Cosmos-Gesture-Recognition-/processed/session_joanna_discrete/sessions/student1_clockwise_003,30.0,462443.3,101743.19450005818,298690.0,739919.0,298690.0,445375.0,146685.0,7.183333333333334,2.7217743395725433,0.0,0.0,0.0,301.0,301.0,-0.025315614617940168,0.8253687970949579,-1.479,1.005,-0.06421428571428572,0.25797214836257437,-0.639,0.371,-0.5473156146179402,0.35558973997868754,-1.256,0.174,-76.53647840531562,60.89718629974852,-292.83,4.52,10.15789036544851,107.54308836605252,-225.62,189.52,8.905980066445181,90.14694495012094,-181.8,141.42,1.047242448102222,0.2860582728355338,150.0,83.88333333333334,29.044366471204818,17.0,122.0,97.0,105.0,60.25,107.0,46.75,97.0,119.0,22.0,22.0,5.006711409395973,33.0,-0.17976710076003447
clockwise,student1,combined_all,/Users/tylerchen/Cosmos-Gesture-Recognition-/processed/session_joanna_discrete/sessions/student1_clockwise_004,30.0,476340.7166666667,101820.56415902136,299242.0,715468.0,322088.0,334519.0,12431.0,6.266666666666667,1.9310331143946984,0.0,0.0,0.0,301.0,301.0,0.03867441860465116,0.9476620192002151,-1.869,1.074,-0.20434883720930233,0.25357891346835365,-0.881,0.348,-0.3863455149501661,0.30449136348760475,-1.335,0.12,-92.53126245847176,87.5681677763588,-310.89,92.75,12.97169435215948,110.8644210043848,-254.62,190.37,10.560564784053152,93.98691641476542,-211.58,159.0,1.0601741295088403,0.3516082882903133,150.0,89.05333333333333,27.81917562471035,24.0,126.0,99.0,102.0,69.25,111.75,42.5,111.0,112.0,1.0,1.0,5.442953020134228,30.0,-0.030639583981510555
clockwise,student1,combined_all,/Users/tylerchen/Cosmos-Gesture-Recognition-/processed/session_joanna_discrete/sessions/student1_clockwise_005,30.0,465305.3333333333,87231.26574393432,302879.0,597991.0,302879.0,313083.0,10204.0,7.166666666666667,2.7698776547389636,0.0,0.0,0.0,302.0,302.0,0.019968543046357628,0.9684052082538729,-1.9,1.027,-0.2401605960264901,0.23534577379101804,-0.777,0.207,-0.3954718543046358,0.2609828716034173,-1.25,0.097,-91.98316225165563,88.7899622836647,-313.97,58.35,11.158609271523177,114.06923162722777,-305.43,198.98,10.46370860927153,93.54707359205283,-221.38,162.63,1.0650846325411818,0.3760012068489168,150.0,90.07666666666667,29.094991061128187,27.0,155.0,100.0,128.0,73.0,111.0,38.0,100.0,117.0,17.0,17.0,6.919463087248322,71.0,0.15180733958546225
clockwise,student1,combined_all,/Users/tylerchen/Cosmos-Gesture-Recognition-/processed/session_joanna_discrete/sessions/student1_clockwise_006,30.0,491226.0,107859.66421234584,278645.0,695593.0,323787.0,437356.0,113569.0,7.15,2.5071564237863844,0.0,0.0,0.0,302.0,302.0,0.015119205298013182,0.857539311549414,-1.632,1.023,-0.2949586092715232,0.2276265657151158,-0.95,0.318,-0.4842847682119205,0.27791107947983434,-1.192,-0.088,-89.0591225165563,75.22482510598952,-314.46,26.37,8.32673841059603,98.73437952677644,-214.64,201.64,10.771390728476819,102.17985593870877,-207.1,149.94,1.0487298390522934,0.2938515361967782,151.0,83.94039735099338,30.406903117127747,21.0,157.0,93.0,136.0,61.0,104.5,43.5,94.0,120.0,26.0,26.0,6.1466666666666665,51.0,-0.08964273265946367
clockwise,student1,combined_all,/Users/tylerchen/Cosmos-Gesture-Recognition-/processed/session_joanna_discrete/sessions/student1_clockwise_007,30.0,469679.98333333334,64959.23160471283,342407.0,603351.0,342407.0,495055.0,152648.0,6.333333333333333,2.299758441421379,0.0,0.0,0.0,302.0,302.0,-0.010864238410596094,0.8328871858482683,-1.591,0.963,-0.30404966887417223,0.29198610970640326,-0.999,0.105,-0.5020347682119206,0.25435864603162006,-1.187,-0.04,-83.50837748344372,77.48793624530087,-373.42,22.22,6.8958278145695395,99.13548066976819,-209.51,171.18,18.579403973509937,95.9590489866704,-213.45,170.29,1.046687748512173,0.304471955768701,151.0,89.25165562913908,36.05840872574954,24.0,248.0,100.0,224.0,66.0,108.0,42.0,101.0,104.0,3.0,3.0,8.606666666666667,88.0,-0.24421982107586948
clockwise,student1,combined_all,/Users/tylerchen/Cosmos-Gesture-Recognition-/processed/session_joanna_discrete/sessions/student1_clockwise_008,30.0,482901.9666666667,110748.82544764176,269355.0,703583.0,291759.0,381050.0,89291.0,6.833333333333333,2.6468010041473757,0.0,0.0,0.0,302.0,302.0,-0.04416059602649009,0.8189028244937754,-1.606,0.941,-0.33105794701986757,0.25885374067098477,-0.935,0.196,-0.5203543046357616,0.2565130000023621,-1.312,-0.056,-76.12665562913908,70.31874639414671,-302.59,25.97,5.602284768211924,101.30097998953501,-194.89,180.73,13.691158940397349,90.67514229442273,-198.68,166.45,1.0515128322981762,0.2829220786455441,151.0,83.28807947019868,26.71219678262427,27.0,113.0,93.0,86.0,62.5,106.0,43.5,104.0,93.0,-11.0,11.0,4.766666666666667,38.0,-0.09109445799930328
anti_clockwise,student1,combined_all,/Users/tylerchen/Cosmos-Gesture-Recognition-/processed/session_joanna_discrete/sessions/student1_anti_clockwise_001,30.0,527712.0333333333,146320.49601097888,300917.0,819964.0,319362.0,560421.0,241059.0,6.233333333333333,2.4315061633115844,0.0,0.0,0.0,301.0,301.0,0.07794684385382056,0.7639786912578248,-1.552,1.006,-0.28232225913621256,0.3733698643670746,-1.06,0.644,-0.5638189368770764,0.34212114949194966,-1.496,0.02,75.74661129568105,89.63444292949448,-121.65,407.85,7.248471760797339,95.46384851387339,-227.0,205.08,-16.974169435215945,115.76461128322424,-180.61,295.42,1.0708527326832793,0.311549617556652,150.0,85.92333333333333,27.452872165888213,26.0,159.0,94.5,133.0,61.0,107.0,46.0,108.0,91.0,-17.0,17.0,5.805369127516778,75.0,-0.13589137294990888
anti_clockwise,student1,combined_all,/Users/tylerchen/Cosmos-Gesture-Recognition-/processed/session_joanna_discrete/sessions/student1_anti_clockwise_002,30.0,480096.88333333336,85746.87024683789,297903.0,583713.0,300115.0,459058.0,158943.0,6.266666666666667,2.9544693074880453,0.0,0.0,0.0,301.0,301.0,0.14939534883720929,0.6626330418887997,-1.201,1.333,-0.5125398671096346,0.35505081533083677,-1.535,0.123,-0.40841528239202657,0.4221870179348267,-1.646,0.345,64.2562292358804,78.73558271117143,-61.59,329.63,-4.054617940199331,99.3283809094355,-208.56,222.79,-4.606627906976745,93.05231342848553,-144.41,202.98,1.0547297325155203,0.2876626977080074,149.0,82.42281879194631,30.52672316407152,24.0,166.0,83.0,142.0,63.0,107.0,44.0,107.0,108.0,1.0,1.0,7.9391891891891895,64.0,-0.08214765100671122
anti_clockwise,student1,combined_all,/Users/tylerchen/Cosmos-Gesture-Recognition-/processed/session_joanna_discrete/sessions/student1_anti_clockwise_003,30.0,466845.86666666664,112971.73259175157,298683.0,715625.0,323276.0,473094.0,149818.0,6.216666666666667,2.4415955621046024,0.0,0.0,0.0,303.0,303.0,0.16763696369636966,0.6576202026886443,-1.174,0.96,-0.6038597359735972,0.36194052464547505,-1.233,0.163,-0.3336171617161716,0.3899857875499491,-1.555,0.137,69.91643564356434,83.65455798965098,-78.4,371.14,2.688250825082508,85.74688884411688,-170.14,281.96,3.7134323432343237,112.72515767614097,-147.19,244.24,1.0687408192394572,0.27820207236147293,151.0,89.41059602649007,39.23587632103329,27.0,220.0,93.0,193.0,61.0,110.0,49.0,100.0,126.0,26.0,26.0,7.226666666666667,101.0,0.00030440339258761223
anti_clockwise,student1,combined_all,/Users/tylerchen/Cosmos-Gesture-Recognition-/processed/session_joanna_discrete/sessions/student1_anti_clockwise_004,30.0,481783.6,92433.53406118367,303360.0,648650.0,351099.0,513503.0,162404.0,6.0,2.3664319132398464,0.0,0.0,0.0,301.0,301.0,0.06469601328903656,0.6895134555848864,-1.145,1.001,-0.5225116279069768,0.40740651745252976,-1.566,0.195,-0.41460465116279066,0.31673543933595155,-1.371,-0.013,74.7120265780731,62.15782000349862,-48.37,229.93,3.1515946843853793,65.89374323676182,-112.98,158.94,0.1933222591362113,112.62440898354343,-191.35,234.35,1.0660723566493897,0.23306852428862565,150.0,81.91333333333333,32.6180739346084,31.0,182.0,84.0,151.0,52.0,111.0,59.0,114.0,111.0,-3.0,3.0,6.771812080536913,85.0,-0.2623761056046935
anti_clockwise,student1,combined_all,/Users/tylerchen/Cosmos-Gesture-Recognition-/processed/session_joanna_discrete/sessions/student1_anti_clockwise_005,30.0,486436.7,100946.62434017628,286876.0,634446.0,306805.0,368753.0,61948.0,5.716666666666667,2.0883938538716516,0.0,0.0,0.0,300.0,300.0,0.009773333333333294,0.6977619352270886,-1.129,0.999,-0.5800683333333334,0.3691280755562883,-1.155,0.141,-0.2877066666666667,0.36937648448282256,-1.091,0.385,74.47461666666668,91.81252241626078,-108.19,322.79,-0.8192999999999968,84.43691954654669,-144.2,223.73,-5.883333333333338,103.84702556913007,-161.5,198.1,1.0582760430513285,0.24283322226016088,150.0,74.91666666666667,30.368675173068343,18.0,117.0,79.5,99.0,45.25,104.0,58.75,112.0,115.0,3.0,3.0,5.25503355704698,74.0,-0.25276945642028537
anti_clockwise,student1,combined_all,/Users/tylerchen/Cosmos-Gesture-Recognition-/processed/session_joanna_discrete/sessions/student1_anti_clockwise_006,30.0,485168.9166666667,100234.75230561531,312962.0,757288.0,345040.0,426246.0,81206.0,6.216666666666667,1.8694176157889981,0.0,0.0,0.0,300.0,300.0,0.07187333333333337,0.7378727965954265,-1.298,1.053,-0.4952216666666666,0.48033668924053213,-1.384,0.295,-0.17828666666666665,0.34898536429037946,-1.025,0.723,75.27953333333333,108.91357584394865,-115.36,243.29,21.034033333333333,88.85292526453789,-106.63,276.8,-31.351100000000006,104.49872539154086,-188.02,250.65,1.0471235469759241,0.2875744625922587,148.0,83.05743243243244,32.024731283352146,14.0,124.0,89.5,110.0,60.0,112.0,52.0,121.0,118.0,-3.0,3.0,4.904761904761905,41.0,-0.10424247696539177
anti_clockwise,student1,combined_all,/Users/tylerchen/Cosmos-Gesture-Recognition-/processed/session_joanna_discrete/sessions/student1_anti_clockwise_007,30.0,453221.25,85070.81240695405,280701.0,633594.0,280701.0,373302.0,92601.0,6.066666666666666,2.6574841903993,0.0,0.0,0.0,303.0,303.0,-0.0395049504950495,0.7655180416474218,-1.212,1.019,-0.48350330033003297,0.4574306901117019,-1.511,0.206,0.007737623762376273,0.4127615400359155,-0.868,0.899,89.2918811881188,115.87688650040319,-192.08,266.18,13.715148514851487,89.93089670815986,-156.47,247.38,-25.104026402640258,99.30408463256774,-171.54,235.6,1.0631895086383802,0.26581350485445737,150.0,78.60666666666667,33.8131477898776,21.0,183.0,81.5,162.0,54.0,105.0,51.0,108.0,109.0,1.0,1.0,6.422818791946308,53.0,0.009308265552542544
anti_clockwise,student1,combined_all,/Users/tylerchen/Cosmos-Gesture-Recognition-/processed/session_joanna_discrete/sessions/student1_anti_clockwise_008,30.0,480026.13333333336,111579.12760330919,280063.0,700413.0,280063.0,434900.0,154837.0,6.15,2.7602838018339106,0.0,0.0,0.0,301.0,301.0,-0.00417940199335542,0.7933834571048327,-1.421,1.104,-0.46578405315614607,0.4582187923608202,-1.27,0.469,-0.18715116279069768,0.34105828737770527,-1.082,0.39,89.31720930232557,113.4503935070143,-176.0,361.77,6.701395348837209,87.96917714152302,-173.16,245.34,-25.575880398671103,92.16879705808901,-144.66,239.02,1.068454214861989,0.2571885050354863,150.0,78.29666666666667,32.31903596577252,4.0,123.0,84.83333333333334,119.0,54.5,106.5,52.0,116.0,113.0,-3.0,3.0,5.026845637583893,43.0,-0.2970013482080686
right,student1,combined_all,/Users/tylerchen/Cosmos-Gesture-Recognition-/processed/session_joanna_discrete/sessions/student1_right_001,31.0,341497.46774193546,47444.25096056041,287285.0,476141.0,298657.0,290036.0,-8621.0,3.161290322580645,2.640830443599481,0.0,0.0,0.0,301.0,301.0,0.3038156146179402,0.08992911188310102,0.109,0.457,-0.11150996677740864,0.13268992145933073,-0.41,0.154,-0.933516611295681,0.051845634567749564,-1.103,-0.835,-10.067325581395348,12.71766830502306,-53.29,8.12,4.389817275747508,9.543529511213128,-15.44,28.08,35.723388704318936,37.51495589883365,-15.99,98.21,1.0015914136949653,0.03725767301600142,150.0,72.12666666666667,16.118810832062675,41.0,94.0,80.5,53.0,56.25,86.0,29.75,48.0,86.0,38.0,38.0,2.4295302013422817,13.0,0.3404186852749015
right,student1,combined_all,/Users/tylerchen/Cosmos-Gesture-Recognition-/processed/session_joanna_discrete/sessions/student1_right_002,31.0,368545.48387096776,70259.68787974665,292010.0,503656.0,303825.0,305730.0,1905.0,4.032258064516129,2.833940274915793,0.0,0.0,0.0,302.0,302.0,0.34163907284768213,0.16046348080478645,0.031,0.554,-0.02587913907284768,0.23872250952010513,-0.368,0.454,-0.8924569536423839,0.07925940998067194,-1.031,-0.733,-8.256043046357615,9.460946178191227,-40.22,9.55,2.839072847682119,11.067346239400512,-17.27,36.74,42.13460264900663,39.027672543720314,-3.2,107.55,1.0010167057016843,0.029171462771284514,151.0,79.99337748344371,17.854223287032763,52.0,114.0,82.0,62.0,61.0,96.0,35.0,57.0,104.0,47.0,47.0,2.993333333333333,17.0,0.3933373997908678
right,student1,combined_all,/Users/tylerchen/Cosmos-Gesture-Recognition-/processed/session_joanna_discrete/sessions/student1_right_003,30.0,377935.86666666664,48769.08229861301,287351.0,458989.0,287351.0,332398.0,45047.0,4.816666666666666,2.537989142783887,0.0,0.0,0.0,302.0,302.0,0.2741655629139073,0.1103730996087869,0.086,0.424,-0.17609602649006623,0.2488000014914016,-0.455,0.359,-0.9022317880794701,0.07052940241780051,-1.06,-0.788,-2.813526490066225,9.022138292472777,-30.67,22.22,7.288410596026491,11.839912888568662,-19.96,41.08,42.274089403973505,36.6203074689597,-21.09,104.13,0.9989374068747381,0.03716021347794488,151.0,81.0794701986755,15.458880157289508,50.0,101.0,84.0,51.0,68.5,95.25,26.75,51.0,97.0,46.0,46.0,2.92,15.0,0.330345067967933
right,student1,combined_all,/Users/tylerchen/Cosmos-Gesture-Recognition-/processed/session_joanna_discrete/sessions/student1_right_004,30.0,381996.8,59386.204835466626,305557.0,487639.0,311832.0,315332.0,3500.0,4.366666666666666,2.575310121562493,0.0,0.0,0.0,300.0,300.0,0.28129,0.0650683555962497,0.149,0.397,-0.15397666666666668,0.23046004958681138,-0.443,0.291,-0.9153650000000001,0.05123355578098169,-1.074,-0.751,-5.6732,9.932467959173087,-34.52,9.4,6.624166666666666,10.597860242188654,-18.8,23.32,41.227133333333335,36.92946948507233,-8.67,97.23,0.9997201063765833,0.035443937460301105,151.0,82.37748344370861,17.18351602431986,54.0,111.0,86.0,57.0,64.5,98.0,33.5,57.0,93.0,36.0,36.0,2.6933333333333334,18.0,0.36503834088532594
right,student1,combined_all,/Users/tylerchen/Cosmos-Gesture-Recognition-/processed/session_joanna_discrete/sessions/student1_right_005,30.0,364630.95,50949.201659815044,284728.0,483858.0,306606.0,288547.0,-18059.0,4.35,1.7848902860773637,0.0,0.0,0.0,302.0,302.0,0.24320033112582787,0.06340624120487993,0.114,0.359,-0.14148013245033117,0.27737490695672884,-0.559,0.333,-0.9135049668874173,0.07315302608582906,-1.058,-0.763,-1.544072847682119,10.401184768006503,-41.57,26.83,7.541870860927152,13.447620960473571,-20.45,32.81,44.887069536423844,26.910907371080963,-3.78,84.66,0.9996052865610937,0.027425903876989552,151.0,72.56953642384106,14.818686371728921,50.0,96.0,72.0,46.0,58.0,87.0,29.0,54.0,92.0,38.0,38.0,1.9333333333333333,10.0,0.33027535726734036
right,student1,combined_all,/Users/tylerchen/Cosmos-Gesture-Recognition-/processed/session_joanna_discrete/sessions/student1_right_006,30.0,381803.4166666667,62921.060498066865,291677.0,505034.0,291677.0,319674.0,27997.0,4.65,2.748181216732259,0.0,0.0,0.0,301.0,301.0,0.2180531561461794,0.05928475136471549,0.103,0.391,-0.08925083056478406,0.226045158620858,-0.418,0.283,-0.9408720930232558,0.04650446788742999,-1.033,-0.761,-3.769335548172758,7.941048893686885,-16.11,21.18,7.664252491694354,9.367080911521393,-9.43,35.4,41.49916943521595,31.478473185035398,-26.43,76.17,0.998449026804573,0.025029721903673734,150.0,80.95333333333333,13.07199304762424,61.0,111.0,79.0,50.0,69.0,92.0,23.0,65.0,93.0,28.0,28.0,3.315436241610738,39.0,0.2674945553135692
right,student1,combined_all,/Users/tylerchen/Cosmos-Gesture-Recognition-/processed/session_joanna_discrete/sessions/student1_right_007,31.0,379051.03225806454,69475.51160706537,292216.0,563978.0,296930.0,331701.0,34771.0,4.225806451612903,2.4588179355044524,0.0,0.0,0.0,302.0,302.0,0.24889569536423842,0.06984511221276087,0.067,0.355,-0.15438741721854304,0.2469915821030204,-0.503,0.273,-0.9202798013245034,0.05611826397477539,-1.032,-0.794,-4.9916059602649,7.346472313341483,-25.27,14.16,4.80024834437086,10.678853710834225,-19.01,24.51,45.704304635761595,35.75183356590841,-7.72,94.64,1.0005060701896074,0.026823476418706173,150.0,84.48666666666666,17.47740119619353,34.0,135.0,80.5,101.0,70.0,100.0,30.0,69.0,99.0,30.0,30.0,5.114093959731544,38.0,0.25920263122805437
right,student1,combined_all,/Users/tylerchen/Cosmos-Gesture-Recognition-/processed/session_joanna_discrete/sessions/student1_right_008,30.0,373829.98333333334,56421.00931456936,285625.0,487770.0,327781.0,301491.0,-26290.0,3.7333333333333334,2.792052212182923,0.0,0.0,0.0,302.0,302.0,0.23900993377483443,0.10490534159909161,0.063,0.394,-0.1438112582781457,0.23322753962062368,-0.495,0.193,-0.9230612582781457,0.07040017290667286,-1.058,-0.769,-2.950066225165563,7.879681725905844,-23.26,19.01,8.485413907284768,13.019320405128243,-12.36,38.54,41.070149006622515,31.300241219385263,-4.52,84.6,0.9997663651422811,0.025944718029305373,151.0,80.02980132450331,19.81171638097681,51.0,117.0,91.0,66.0,58.25,98.0,39.75,54.0,99.0,45.0,45.0,3.18,26.0,0.4107127919135583
left,student1,combined_all,/Users/tylerchen/Cosmos-Gesture-Recognition-/processed/session_joanna_discrete/sessions/student1_left_001,30.0,404979.73333333334,71210.74500800813,290616.0,536573.0,360249.0,329372.0,-30877.0,5.066666666666666,2.4890872936792623,0.0,0.0,0.0,300.0,300.0,0.28698,0.06162551906475108,0.053,0.368,-0.05226499999999999,0.3933882652990554,-0.82,0.492,-0.8767783333333333,0.09678267288774524,-1.077,-0.649,6.505433333333333,16.755246406590253,-17.85,62.47,-5.9045000000000005,15.46522008111774,-28.57,49.99,-58.66833333333334,55.96118610747592,-155.22,15.99,1.009549068333878,0.050586487328859835,150.0,67.89333333333333,22.03174849698616,47.0,186.0,62.0,139.0,53.0,77.75,24.75,71.0,49.0,-22.0,22.0,4.912751677852349,58.0,-0.3490466242944135
left,student1,combined_all,/Users/tylerchen/Cosmos-Gesture-Recognition-/processed/session_joanna_discrete/sessions/student1_left_002,30.0,400571.76666666666,62429.50340540565,285197.0,521407.0,307908.0,367800.0,59892.0,4.766666666666667,2.3192431715731936,0.0,0.0,0.0,300.0,300.0,0.281475,0.04816518668429858,0.159,0.361,-0.04929333333333332,0.293144403601643,-0.629,0.414,-0.9165133333333335,0.06288621859270033,-1.124,-0.777,10.78935,20.162000297444862,-19.41,71.93,-2.2250499999999995,7.372920785832889,-23.19,19.71,-54.90185,53.36438767787847,-134.71,27.56,1.005575895488993,0.051768909449435005,151.0,69.96688741721854,12.485013532788312,54.0,92.0,66.0,38.0,58.0,83.0,25.0,88.0,59.0,-29.0,29.0,2.526666666666667,13.0,-0.2579818752178465
left,student1,combined_all,/Users/tylerchen/Cosmos-Gesture-Recognition-/processed/session_joanna_discrete/sessions/student1_left_003,30.0,395444.7,63436.65358457995,290418.0,519421.0,374898.0,330771.0,-44127.0,4.4,2.259793500890439,0.0,0.0,0.0,301.0,301.0,0.2829318936877076,0.06013798175166871,0.144,0.442,-0.08012624584717609,0.23624368860881984,-0.685,0.259,-0.9332093023255813,0.05334446805687281,-1.089,-0.823,12.08187707641196,16.6534392813216,-23.29,57.68,-4.8125747508305645,6.648688584893818,-23.22,14.92,-52.41978405315614,50.49656700975466,-135.59,66.56,1.0083087199506189,0.0541949120006012,149.0,61.83557046979866,17.17560760098186,3.0,89.0,61.0,86.0,48.0,78.0,30.0,79.0,11.0,-68.0,68.0,2.9594594594594597,23.0,-0.35134409577362646
left,student1,combined_all,/Users/tylerchen/Cosmos-Gesture-Recognition-/processed/session_joanna_discrete/sessions/student1_left_004,30.0,396870.7,64813.88213860259,303887.0,536077.0,311565.0,334078.0,22513.0,4.383333333333334,2.9935578980351942,0.0,0.0,0.0,301.0,301.0,0.27648006644518275,0.04579092439908821,0.147,0.36,-0.12239202657807312,0.26656312162446383,-0.618,0.264,-0.9169883720930231,0.06784381392126435,-1.091,-0.732,10.40014950166113,17.708253769237732,-30.4,71.99,-5.6939534883720935,8.257210962238586,-28.23,12.09,-53.98056478405316,47.80444629663156,-113.44,21.97,1.0037996851324158,0.04929900250695601,150.0,73.07333333333334,11.67089217183085,54.0,98.0,72.0,44.0,61.75,83.0,21.25,86.0,63.0,-23.0,23.0,2.651006711409396,15.0,-0.231954605389869
left,student1,combined_all,/Users/tylerchen/Cosmos-Gesture-Recognition-/processed/session_joanna_discrete/sessions/student1_left_005,31.0,381355.5806451613,45847.931202332555,292937.0,487185.0,350549.0,353964.0,3415.0,3.9193548387096775,1.866931129375539,0.0,0.0,0.0,302.0,302.0,0.21951158940397353,0.03268673857898259,0.095,0.289,-0.26144205298013246,0.15677577352806044,-0.475,0.115,-0.9259254966887418,0.04716914970601051,-1.058,-0.822,7.8918543046357605,11.79267605574187,-38.03,36.74,-10.561423841059602,9.944606934345716,-72.7,6.29,-49.584205298013245,37.178331800852455,-106.2,62.96,1.000306291764838,0.033684235947065,151.0,71.28476821192054,14.05447851917374,43.0,95.0,72.0,52.0,60.5,85.0,24.5,89.0,49.0,-40.0,40.0,3.72,22.0,-0.26832520041826446
left,student1,combined_all,/Users/tylerchen/Cosmos-Gesture-Recognition-/processed/session_joanna_discrete/sessions/student1_left_006,30.0,363732.81666666665,45869.83575119262,288272.0,479961.0,290186.0,342616.0,52430.0,3.4,2.0264912204760885,0.0,0.0,0.0,303.0,303.0,0.18314191419141915,0.04100744330911458,0.044,0.273,-0.16193069306930694,0.11171048661746906,-0.418,0.038,-0.962996699669967,0.036193443268670564,-1.149,-0.868,8.612112211221122,13.498597874105291,-30.95,57.65,-4.80980198019802,5.246581440405409,-15.59,19.53,-55.32524752475247,28.257824113631514,-101.41,12.02,1.0008254719818512,0.0307300644623581,150.0,71.13666666666667,13.386346929477478,45.0,122.0,71.5,77.0,63.0,82.0,19.0,87.0,50.0,-37.0,37.0,3.9395973154362416,44.0,-0.2657584781545847
left,student1,combined_all,/Users/tylerchen/Cosmos-Gesture-Recognition-/processed/session_joanna_discrete/sessions/student1_left_007,30.0,374245.0333333333,49038.692522322504,278843.0,491575.0,301644.0,407546.0,105902.0,4.166666666666667,2.6341770800173796,0.0,0.0,0.0,300.0,300.0,0.17156333333333337,0.037686868574650284,0.064,0.254,-0.07743333333333334,0.117355097413316,-0.283,0.181,-0.9744066666666666,0.04774448961805842,-1.136,-0.778,7.674816666666666,12.824550422908485,-14.53,51.24,0.18905000000000002,8.424115318992564,-28.29,20.81,-53.2242,31.05756935692167,-108.68,6.04,1.0000861504205394,0.0468828057795889,149.0,74.95973154362416,12.387264162879458,50.0,99.0,79.0,49.0,65.0,84.0,19.0,87.0,56.0,-31.0,31.0,3.858108108108108,19.0,-0.23481407582078775
left,student1,combined_all,/Users/tylerchen/Cosmos-Gesture-Recognition-/processed/session_joanna_discrete/sessions/student1_left_008,30.0,379175.2,42777.34291374349,293919.0,486246.0,308465.0,335338.0,26873.0,4.066666666666666,2.048305532764962,0.0,0.0,0.0,300.0,300.0,0.022053333333333335,0.039383077396074384,-0.104,0.132,-0.24586999999999998,0.1455471094284011,-0.474,0.087,-0.9529666666666666,0.04540979254807555,-1.173,-0.85,-0.6058666666666672,15.547732297097934,-76.33,52.37,-7.7370166666666655,8.825947532685781,-28.69,19.26,-57.33316666666667,32.8944950456084,-122.56,2.96,0.9960469449183397,0.04208794144572062,150.0,69.95666666666666,16.54645044628499,48.0,130.0,67.0,82.0,55.0,83.5,28.5,88.0,51.0,-37.0,37.0,4.973154362416107,54.0,-0.2890430685808255
bye_bye,student1,combined_all,/Users/tylerchen/Cosmos-Gesture-Recognition-/processed/session_joanna_discrete/sessions/student1_bye_bye_001,30.0,398927.13333333336,55214.329527598384,335975.0,576353.0,389141.0,335975.0,-53166.0,5.016666666666667,2.382167547050841,0.0,0.0,0.0,299.0,299.0,0.314123745819398,0.22184477701381652,-0.202,0.697,-0.38888963210702343,0.8344815893331531,-1.768,1.47,-0.48530434782608695,0.3630513972861107,-1.136,0.865,-21.992441471571905,318.1433433976261,-642.96,520.46,0.4381605351170574,87.21048650333366,-235.08,164.59,-17.925953177257522,162.90398218803682,-352.7,263.71,1.120183131982822,0.3286333512954788,149.0,75.8993288590604,14.180303701262533,37.0,89.0,82.0,52.0,77.0,84.0,7.0,44.0,85.0,41.0,41.0,1.8986486486486487,7.0,0.24632142209323407
bye_bye,student1,combined_all,/Users/tylerchen/Cosmos-Gesture-Recognition-/processed/session_joanna_discrete/sessions/student1_bye_bye_002,30.0,357037.56666666665,23327.21844460291,317611.0,400181.0,343295.0,355838.0,12543.0,3.966666666666667,1.9576062480034697,0.0,0.0,0.0,302.0,302.0,0.46308112582781463,0.14059904079653138,0.125,0.724,-0.27695033112582784,0.655465246665285,-1.356,0.874,-0.6599950331125828,0.09866216170124469,-1.02,-0.434,-3.727019867549668,272.3611469658425,-483.78,441.63,0.809403973509934,58.43964343500322,-103.21,136.23,-1.634337748344371,124.06850144064363,-198.8,200.05,1.055211346275485,0.26908191214548305,151.0,83.9271523178808,2.6983929482770406,77.0,91.0,84.0,14.0,82.0,86.0,4.0,77.0,79.0,2.0,2.0,2.5866666666666664,12.0,-0.004621819449285435
bye_bye,student1,combined_all,/Users/tylerchen/Cosmos-Gesture-Recognition-/processed/session_joanna_discrete/sessions/student1_bye_bye_003,30.0,377631.93333333335,33299.16795750642,313011.0,468236.0,313011.0,398912.0,85901.0,3.4,1.9425069712444623,0.0,0.0,0.0,301.0,301.0,0.4825116279069768,0.11152216544878629,0.169,0.656,-0.3199568106312292,0.550691255241805,-1.143,0.725,-0.6823122923588039,0.06384599851704709,-0.831,-0.553,-2.2847176079734206,223.60613794924043,-349.13,319.83,-1.6242857142857146,51.951012357363275,-95.37,95.43,-2.417574750830566,103.68727141547609,-170.75,151.68,1.0386849719219289,0.20407789849720837,150.0,83.02666666666667,2.7448738746290653,75.0,91.0,83.0,16.0,81.0,85.0,4.0,84.0,83.0,-1.0,1.0,2.248322147651007,14.0,-0.024140924781842238
bye_bye,student1,combined_all,/Users/tylerchen/Cosmos-Gesture-Recognition-/processed/session_joanna_discrete/sessions/student1_bye_bye_004,30.0,359497.13333333336,29192.17376596375,320978.0,422947.0,336142.0,338994.0,2852.0,3.8833333333333333,2.2497530728701958,0.0,0.0,0.0,300.0,300.0,0.5106133333333335,0.10518642413459174,0.276,0.711,-0.26879666666666663,0.4751563903834423,-1.056,0.507,-0.7046116666666665,0.07664026376882817,-0.978,-0.498,-0.8157000000000001,188.68088111900298,-350.54,284.34,0.7724666666666663,51.50815998702428,-96.71,92.53,0.46473333333333244,89.25031769651517,-139.65,131.41,1.0195119076344532,0.18100332692584617,150.0,81.99,3.465297763627828,73.0,93.0,82.0,20.0,80.0,84.0,4.0,82.0,84.0,2.0,2.0,2.402684563758389,9.0,-0.013459264856216284
bye_bye,student1,combined_all,/Users/tylerchen/Cosmos-Gesture-Recognition-/processed/session_joanna_discrete/sessions/student1_bye_bye_005,30.0,364983.36666666664,31070.624879976625,317421.0,441799.0,363526.0,376275.0,12749.0,3.8333333333333335,2.1147629234082532,0.0,0.0,0.0,301.0,301.0,0.5541511627906978,0.12516614038142848,0.28,0.774,-0.21310465116279068,0.4767580996268045,-1.106,0.609,-0.6905498338870432,0.060911712496378806,-0.842,-0.511,-4.303122923588039,176.68441975906134,-299.87,265.05,1.262325581395349,58.37012029650856,-90.37,107.94,-1.1162458471760806,105.36896884223759,-173.74,158.6,1.0257365520887736,0.15458262301093806,150.0,81.62666666666667,5.937749720012568,61.0,97.0,83.0,36.0,79.0,85.0,6.0,89.0,89.0,0.0,0.0,4.442953020134228,30.0,-0.008696090196601341
bye_bye,student1,combined_all,/Users/tylerchen/Cosmos-Gesture-Recognition-/processed/session_joanna_discrete/sessions/student1_bye_bye_006,31.0,347974.7580645161,19657.796458267974,311021.0,385291.0,344662.0,348612.0,3950.0,4.080645161290323,2.0871989803961934,0.0,0.0,0.0,301.0,301.0,0.5261428571428571,0.13586192276606163,0.22,0.762,-0.2388936877076412,0.49083462242536496,-1.096,0.589,-0.6937624584717609,0.08409374743746124,-0.874,-0.46,7.504651162790696,188.36065962221744,-327.89,250.34,4.299800664451826,69.76976650550502,-115.21,115.12,5.635249169435216,104.82006658947338,-174.54,143.47,1.0244340383770925,0.17940623438277256,151.0,82.51986754966887,3.8498161164512914,68.0,91.0,83.0,23.0,81.0,85.0,4.0,85.0,82.0,-3.0,3.0,3.2066666666666666,15.0,0.0010758684791444227
bye_bye,student1,combined_all,/Users/tylerchen/Cosmos-Gesture-Recognition-/processed/session_joanna_discrete/sessions/student1_bye_bye_007,30.0,384062.9166666667,25352.421600997455,337166.0,439904.0,391906.0,383183.0,-8723.0,4.5,1.6881943016134133,0.0,0.0,0.0,302.0,302.0,0.5468708609271524,0.13453065289417493,0.319,0.787,-0.24015894039735097,0.5320269449024068,-1.186,0.651,-0.6566556291390728,0.07752261335181868,-0.869,-0.486,-6.165794701986755,184.6059468609325,-317.15,279.18,-1.0284105960264898,67.86475425181487,-114.78,100.41,-1.7825165562913905,116.91661365251552,-182.38,197.67,1.0304147013506997,0.18261198196060477,151.0,78.67880794701986,5.71881557724792,65.0,97.0,78.0,32.0,74.75,82.0,7.25,68.0,81.0,13.0,13.0,3.3133333333333335,24.0,0.005273033577320327
bye_bye,student1,combined_all,/Users/tylerchen/Cosmos-Gesture-Recognition-/processed/session_joanna_discrete/sessions/student1_bye_bye_008,31.0,342641.72580645164,12396.678051279543,319218.0,367384.0,339906.0,342233.0,2327.0,2.9516129032258065,1.9524791465974798,0.0,0.0,0.0,302.0,302.0,0.548682119205298,0.10615040516954048,0.319,0.734,-0.43760264900662255,0.5198855908203762,-1.303,0.503,-0.5849437086092716,0.12411263901152515,-0.844,-0.319,0.7553973509933771,199.94559117951786,-309.24,313.3,0.8645695364238404,70.9822147646449,-122.17,123.2,1.1820198675496683,111.72269371804235,-169.23,172.15,1.043656633411381,0.20601214370501328,151.0,79.25496688741723,5.34567349971572,64.0,90.0,79.0,26.0,75.0,83.5,8.5,73.0,78.0,5.0,5.0,2.3133333333333335,18.0,0.049470198675495805
t_arm,student1,combined_all,/Users/tylerchen/Cosmos-Gesture-Recognition-/processed/session_joanna_discrete/sessions/student1_t_arm_001,30.0,319479.15,33753.06423105661,281020.0,391820.0,307185.0,291778.0,-15407.0,1.9,1.57797338380595,0.0,0.0,0.0,301.0,301.0,0.5342956810631229,0.4566642344429528,-0.2,0.965,-0.39662624584717615,0.5175240832589494,-1.315,0.47,-0.11625249169435214,0.31846376053770126,-0.636,0.705,-5.284551495016611,26.30028699263924,-114.78,73.52,-16.888255813953492,33.09788445675392,-116.34,13.67,-32.026112956810636,51.49736746979856,-164.49,14.22,1.012897807457799,0.09016370510387589,150.0,104.34333333333333,18.01719733204127,75.0,138.0,95.5,63.0,89.25,123.75,34.5,114.0,92.0,-22.0,22.0,5.23489932885906,28.0,-0.33743692312250967
t_arm,student1,combined_all,/Users/tylerchen/Cosmos-Gesture-Recognition-/processed/session_joanna_discrete/sessions/student1_t_arm_002,30.0,325530.13333333336,26984.19648329164,287043.0,384877.0,319567.0,311400.0,-8167.0,2.0,1.6931233465600393,0.0,0.0,0.0,300.0,300.0,0.4974533333333334,0.4620184640851008,-0.224,0.907,-0.36661499999999997,0.5233507835174543,-1.175,0.4,-0.14258333333333337,0.3726615643906332,-0.613,0.499,-10.137583333333334,28.398397142146166,-184.3,39.67,-14.980233333333336,28.354688423825472,-86.21,13.79,-32.886,51.3953633706388,-138.49,13.25,1.0106084054585582,0.08426612705211059,150.0,106.92,25.361155098288858,70.0,164.0,95.0,94.0,87.0,129.0,42.0,137.0,90.0,-47.0,47.0,5.322147651006712,48.0,-0.5035317125205573
t_arm,student1,combined_all,/Users/tylerchen/Cosmos-Gesture-Recognition-/processed/session_joanna_discrete/sessions/student1_t_arm_003,30.0,315794.73333333334,33870.5241726326,277467.0,412814.0,306001.0,290098.0,-15903.0,1.3,1.9,0.0,0.0,0.0,300.0,300.0,0.5523983333333333,0.4301786282044808,-0.213,0.936,-0.35350000000000004,0.5207768220008772,-1.283,0.312,-0.21420166666666665,0.2892652649338013,-0.552,0.293,-9.014933333333333,22.21742692112558,-82.64,27.19,-14.7069,24.04821987985805,-77.15,22.74,-33.91589999999999,46.994600897585386,-140.26,5.49,1.005045000816139,0.07622081737395656,149.0,103.30536912751678,15.148110154338044,82.0,146.0,99.0,64.0,90.0,116.0,26.0,111.0,87.0,-24.0,24.0,4.716216216216216,33.0,-0.2660076183566119
t_arm,student1,combined_all,/Users/tylerchen/Cosmos-Gesture-Recognition-/processed/session_joanna_discrete/sessions/student1_t_arm_004,30.0,318164.73333333334,40421.65559588353,281940.0,456753.0,281940.0,292169.0,10229.0,1.5,1.8027756377319946,0.0,0.0,0.0,302.0,302.0,0.534519867549669,0.41175116006782664,-0.161,0.884,-0.3022102649006622,0.5585456164868652,-1.227,0.376,-0.23597847682119205,0.3181802805735722,-0.564,0.388,-8.387582781456954,20.892782367301276,-87.92,33.36,-14.117516556291394,26.48247899086076,-83.47,9.0,-34.29950331125828,54.81270404307887,-167.46,5.86,1.0044224211084312,0.08133196772451362,149.0,99.09731543624162,14.712409481265205,77.0,141.0,92.0,64.0,88.0,108.0,20.0,107.0,86.0,-21.0,21.0,4.574324324324325,38.0,-0.23863050970433541
t_arm,student1,combined_all,/Users/tylerchen/Cosmos-Gesture-Recognition-/processed/session_joanna_discrete/sessions/student1_t_arm_005,30.0,317833.68333333335,30177.852522582227,281052.0,392422.0,290505.0,291679.0,1174.0,2.0833333333333335,1.7420454133639058,0.0,0.0,0.0,301.0,301.0,0.5800581395348836,0.37070171160379234,-0.106,0.866,-0.28384385382059807,0.5499435720408066,-1.354,0.302,-0.26489036544850497,0.2995406443453319,-0.57,0.387,-11.046013289036544,20.426103014636286,-83.22,27.07,-12.845299003322259,19.663078220190275,-66.1,8.27,-34.20832225913621,46.48499834021906,-135.38,7.02,1.005028527829655,0.0818634935621418,150.0,100.56333333333333,17.672392280580393,71.0,169.0,97.0,98.0,89.0,114.0,25.0,114.0,88.0,-26.0,26.0,5.704697986577181,42.0,-0.25520097189504765
t_arm,student1,combined_all,/Users/tylerchen/Cosmos-Gesture-Recognition-/processed/session_joanna_discrete/sessions/student1_t_arm_006,30.0,323591.4,36819.37621198925,272763.0,421802.0,294127.0,308722.0,14595.0,2.033333333333333,1.6224124698183944,0.0,0.0,0.0,302.0,302.0,0.6324403973509934,0.43722677722855663,-0.194,0.957,-0.2827980132450331,0.480468504728237,-1.258,0.333,-0.1426390728476821,0.3231057438646761,-0.5,0.574,-4.63023178807947,23.165941236867173,-89.18,65.1,-15.982880794701986,25.833066211987738,-90.46,3.6,-33.90543046357615,53.38349165957903,-158.02,16.36,1.00780064277646,0.10513754086350087,151.0,91.3112582781457,20.609586725569574,48.0,171.0,85.0,123.0,79.5,99.0,19.5,144.0,76.0,-68.0,68.0,7.4,77.0,-0.30795166724758966
t_arm,student1,combined_all,/Users/tylerchen/Cosmos-Gesture-Recognition-/processed/session_joanna_discrete/sessions/student1_t_arm_007,30.0,322487.3333333333,55088.28078235475,278345.0,505061.0,288590.0,296132.0,7542.0,1.5,1.6881943016134133,0.0,0.0,0.0,302.0,302.0,0.6286456953642385,0.40839961069752984,-0.138,0.952,-0.23788410596026494,0.5659335104269765,-1.203,0.427,-0.15695529801324506,0.23672195264048432,-0.511,0.307,-7.188112582781457,27.06809148302323,-118.32,113.86,-12.203410596026488,20.319914068191718,-61.98,7.97,-35.40264900662252,50.99379245044884,-152.32,13.43,1.0067935465000801,0.07677396415932404,150.0,94.16333333333333,17.940500717525296,64.0,143.0,86.75,79.0,81.25,114.0,32.75,115.0,74.0,-41.0,41.0,4.221476510067114,30.0,-0.36574514422863247
t_arm,student1,combined_all,/Users/tylerchen/Cosmos-Gesture-Recognition-/processed/session_joanna_discrete/sessions/student1_t_arm_008,30.0,319102.3,27298.489506625338,279291.0,397443.0,287584.0,311117.0,23533.0,2.1666666666666665,1.6346933113652302,0.0,0.0,0.0,300.0,300.0,0.6175666666666667,0.4141172829936877,-0.133,0.944,-0.24502,0.5493248033722854,-1.339,0.339,-0.17196333333333333,0.28177717843215266,-0.503,0.415,-8.068299999999999,18.358853689069658,-72.12,29.05,-10.031333333333334,21.977503979869624,-59.76,17.67,-36.2994,53.34968111407353,-165.47,6.26,1.005922432061609,0.10846233827188866,151.0,95.76158940397352,19.908982803542937,67.0,159.0,84.0,92.0,81.0,114.0,33.0,116.0,72.0,-44.0,44.0,4.76,44.0,-0.3598425700011625
raise_arms,student1,combined_all,/Users/tylerchen/Cosmos-Gesture-Recognition-/processed/session_joanna_discrete/sessions/student1_raise_arms_001,30.0,367354.5333333333,83782.2758088819,268767.0,558435.0,287946.0,327530.0,39584.0,3.6,3.401960219246153,0.0,0.0,0.0,300.0,300.0,0.08686833333333335,0.4910751437718626,-0.546,0.655,-0.4721683333333333,0.13531118420624474,-0.762,-0.247,-0.7144033333333333,0.07885755505269543,-0.866,-0.479,-3.5649333333333333,10.25654452835955,-28.9,21.36,16.5603,26.714483866309926,-14.4,66.71,-12.523683333333333,22.32816178841694,-60.49,10.83,0.9987991454719513,0.09457198005702999,150.0,40.656666666666666,3.64162846364964,33.0,47.0,41.0,14.0,38.0,44.0,6.0,41.0,46.0,5.0,5.0,2.1543624161073827,8.0,0.06050076299687382
raise_arms,student1,combined_all,/Users/tylerchen/Cosmos-Gesture-Recognition-/processed/session_joanna_discrete/sessions/student1_raise_arms_002,30.0,363761.36666666664,62993.24562042494,275945.0,539405.0,297952.0,348017.0,50065.0,4.133333333333334,3.159465496286076,0.0,0.0,0.0,300.0,300.0,-0.0011849999999999738,0.46115554491769184,-0.767,0.479,-0.57135,0.09194419452802557,-0.938,-0.389,-0.6812283333333333,0.08454520154704008,-0.963,-0.488,-0.9719833333333332,11.196774823404215,-26.28,57.8,15.170933333333336,28.54242647714036,-12.91,80.14,-12.34655,24.79267168971845,-71.96,16.79,1.0007540376516184,0.1314217927341761,150.0,40.17,4.205234034936772,29.0,49.0,41.0,20.0,38.0,43.0,5.0,35.0,46.0,11.0,11.0,2.422818791946309,10.0,0.0754584648206584
raise_arms,student1,combined_all,/Users/tylerchen/Cosmos-Gesture-Recognition-/processed/session_joanna_discrete/sessions/student1_raise_arms_003,30.0,390828.73333333334,75661.20022042708,290327.0,527634.0,311034.0,366942.0,55908.0,4.783333333333333,2.948681437901053,0.0,0.0,0.0,302.0,302.0,-0.0815529801324503,0.5650131530213658,-0.872,0.537,-0.5795314569536424,0.08871366134236398,-0.891,-0.417,-0.5824503311258278,0.09743289004645332,-0.76,-0.409,-3.783211920529802,9.716370381397399,-31.74,35.28,16.804139072847683,30.157940423981547,-27.41,86.43,-17.752814569536422,30.1608922318935,-83.41,13.31,1.0009932508087862,0.12795172171509608,151.0,37.145695364238414,4.939834478999443,24.0,46.0,39.0,22.0,32.0,41.0,9.0,31.0,42.0,11.0,11.0,1.8066666666666666,6.0,0.10009236667828507
raise_arms,student1,combined_all,/Users/tylerchen/Cosmos-Gesture-Recognition-/processed/session_joanna_discrete/sessions/student1_raise_arms_004,30.0,383731.75,65360.903946823084,292211.0,545672.0,294338.0,319825.0,25487.0,4.1,2.637549367626446,0.0,0.0,0.0,302.0,302.0,-0.023084437086092736,0.5551416801942739,-0.799,0.521,-0.5787466887417219,0.09378909112931728,-0.84,-0.451,-0.5941291390728477,0.08143984623566,-0.715,-0.426,-1.0882615894039736,9.67822629820429,-25.36,31.86,18.904205298013245,27.51379846232436,-6.56,83.9,-18.033443708609273,28.088681997430776,-78.22,9.8,0.9994407515408414,0.1148884949796254,151.0,42.811258278145694,4.942921444467939,33.0,52.0,45.0,19.0,39.0,46.0,7.0,36.0,42.0,6.0,6.0,1.76,7.0,0.09624085047054698
raise_arms,student1,combined_all,/Users/tylerchen/Cosmos-Gesture-Recognition-/processed/session_joanna_discrete/sessions/student1_raise_arms_005,30.0,387664.8333333333,76637.47590314777,291908.0,585264.0,345098.0,303387.0,-41711.0,4.433333333333334,2.5778975067980414,0.0,0.0,0.0,302.0,302.0,0.012188741721854296,0.5747539114677023,-0.912,0.536,-0.45466887417218543,0.14792797393184356,-0.835,-0.241,-0.6621903973509933,0.13659250628737704,-0.843,-0.396,-6.850827814569536,16.41317574561501,-55.82,50.45,19.189536423841062,32.343003395777416,-16.24,94.36,-19.068145695364237,30.964952168326043,-89.63,11.81,0.9990119344284938,0.13500327689334277,151.0,44.354304635761586,4.474218517973655,33.0,54.0,45.0,21.0,42.5,47.0,4.5,39.0,46.0,7.0,7.0,2.0866666666666664,12.0,0.051592889508539526
raise_arms,student1,combined_all,/Users/tylerchen/Cosmos-Gesture-Recognition-/processed/session_joanna_discrete/sessions/student1_raise_arms_006,30.0,378427.1666666667,68330.47705774408,271911.0,535094.0,303575.0,339611.0,36036.0,4.433333333333334,3.3334999958335416,0.0,0.0,0.0,302.0,302.0,-0.10454470198675493,0.48173406603867985,-0.783,0.449,-0.5585827814569536,0.09238058213270472,-0.766,-0.359,-0.6527350993377483,0.0950960355986491,-0.82,-0.433,-2.4245364238410594,13.091801803188563,-45.96,44.56,17.576721854304637,20.196139265723925,-6.47,66.32,-16.54483443708609,19.149328083047497,-67.96,14.13,0.9964516523669525,0.07574081581441287,151.0,30.28476821192053,2.671148276038375,24.0,39.0,30.0,15.0,29.0,32.0,3.0,29.0,36.0,7.0,7.0,2.3133333333333335,11.0,0.016054374346461994
raise_arms,student1,combined_all,/Users/tylerchen/Cosmos-Gesture-Recognition-/processed/session_joanna_discrete/sessions/student1_raise_arms_007,30.0,402046.56666666665,78934.739783648,306617.0,575278.0,306617.0,353763.0,47146.0,4.8,2.335871635235185,0.0,0.0,0.0,300.0,300.0,-0.10779166666666666,0.5444163881872514,-0.88,0.48,-0.47239166666666665,0.08715905439992387,-0.656,-0.333,-0.6700833333333333,0.10811348076082937,-0.8,-0.432,-1.9682166666666665,9.829895657828535,-27.8,28.81,21.024783333333335,25.7772201540376,-10.07,73.27,-16.219833333333334,19.636716247178963,-55.57,10.71,0.9960755131655329,0.08539675072848665,151.0,33.87417218543046,2.6490366444214883,24.0,39.0,34.0,15.0,32.0,36.0,4.0,33.0,37.0,4.0,4.0,2.0533333333333332,8.0,0.03784593935169024
raise_arms,student1,combined_all,/Users/tylerchen/Cosmos-Gesture-Recognition-/processed/session_joanna_discrete/sessions/student1_raise_arms_008,30.0,389315.65,74205.67938407746,277221.0,555534.0,291906.0,340610.0,48704.0,5.0,2.74469184669852,0.0,0.0,0.0,303.0,303.0,-0.06723927392739272,0.5495158952665773,-0.827,0.503,-0.41820627062706267,0.12673345790260634,-0.684,-0.16,-0.6988415841584157,0.12518270265696377,-0.859,-0.432,-4.877970297029703,15.251374138894182,-58.5,40.68,20.991188118811877,28.021023105555997,-10.01,80.11,-16.081980198019803,19.724010648922693,-50.48,10.35,0.9970688276113477,0.08573631116357425,151.0,34.158940397350996,3.0410364795176617,25.0,42.0,35.0,17.0,32.0,36.25,4.25,36.0,35.0,-1.0,1.0,2.02,8.0,0.04230393865458337
fist_open,student1,combined_all,/Users/tylerchen/Cosmos-Gesture-Recognition-/processed/session_joanna_discrete/sessions/student1_fist_open_001,30.0,302558.68333333335,14732.766167964093,274899.0,338669.0,284561.0,293190.0,8629.0,4.783333333333333,1.7966790352078903,0.0,0.0,0.0,301.0,301.0,0.8241295681063121,0.039518131689440364,0.74,0.961,0.03980232558139535,0.08312345973915296,-0.13,0.328,-0.5468471760797342,0.07181675861764543,-0.701,-0.201,-0.8289700996677739,14.247149949608483,-67.57,60.61,2.7057973421926906,14.45878058806018,-37.42,56.4,-3.352292358803987,10.70730481919343,-58.41,24.38,0.9963977857339518,0.025216975021150192,150.0,78.46666666666667,2.0247351858223173,72.0,84.0,78.0,12.0,77.0,80.0,3.0,75.0,77.0,2.0,2.0,1.6778523489932886,7.0,0.01725943375261084
fist_open,student1,combined_all,/Users/tylerchen/Cosmos-Gesture-Recognition-/processed/session_joanna_discrete/sessions/student1_fist_open_002,30.0,285784.06666666665,12117.361857299662,261934.0,312587.0,283678.0,261934.0,-21744.0,4.2,1.4,0.0,0.0,0.0,300.0,300.0,0.7960583333333333,0.0395403172700323,0.628,1.011,0.09544833333333333,0.0573169422386836,-0.063,0.432,-0.5866333333333332,0.06712633473395382,-0.768,-0.169,-0.2052000000000001,12.292384110768207,-46.17,66.96,1.9636000000000005,14.687117502764114,-44.95,63.3,-2.100066666666667,8.744990941655091,-42.73,26.31,0.9978176539820144,0.02593192930317129,150.0,78.69666666666667,1.6928667732594807,72.0,83.0,79.0,11.0,78.0,80.0,2.0,79.0,76.0,-3.0,3.0,1.8187919463087248,6.0,-0.007843607864053463
fist_open,student1,combined_all,/Users/tylerchen/Cosmos-Gesture-Recognition-/processed/session_joanna_discrete/sessions/student1_fist_open_003,30.0,289969.7166666667,17306.500023441742,260535.0,341779.0,290379.0,276080.0,-14299.0,4.333333333333333,1.9379255804998177,0.0,0.0,0.0,302.0,302.0,0.7836589403973511,0.036555338908339854,0.677,0.91,0.07158112582781456,0.07417647791283773,-0.105,0.331,-0.6076043046357615,0.05816320564930965,-0.735,-0.295,-2.209586092715232,9.896104671950598,-60.37,34.33,1.9911258278145694,10.631025173945737,-19.99,50.69,-2.544834437086092,6.334508008743781,-31.04,11.72,0.9990529444067211,0.023298044838698254,151.0,79.68211920529801,2.0620334258685205,72.0,84.0,80.0,12.0,79.0,81.0,2.0,76.0,82.0,6.0,6.0,2.1066666666666665,8.0,0.018454746136864774
fist_open,student1,combined_all,/Users/tylerchen/Cosmos-Gesture-Recognition-/processed/session_joanna_discrete/sessions/student1_fist_open_004,30.0,285427.2,13744.5755397323,263818.0,345739.0,285365.0,282221.0,-3144.0,3.966666666666667,1.7220788470785986,0.0,0.0,0.0,302.0,302.0,0.7332367549668874,0.04452500268316982,0.48,0.945,0.09668211920529801,0.05060843693747486,-0.053,0.393,-0.6664635761589404,0.05681901153127033,-0.775,-0.356,0.020033112582781495,11.60647436574647,-27.5,72.3,1.194023178807947,11.7443808903972,-37.32,41.23,-1.2223675496688744,6.04531429325841,-21.24,22.22,0.9989677122129408,0.03150982601644993,151.0,81.95033112582782,1.6661993458152282,75.0,85.0,82.0,10.0,81.0,83.0,2.0,75.0,82.0,7.0,7.0,1.2733333333333334,6.0,0.017615313117230063
fist_open,student1,combined_all,/Users/tylerchen/Cosmos-Gesture-Recognition-/processed/session_joanna_discrete/sessions/student1_fist_open_005,30.0,303875.36666666664,18301.95392571211,273181.0,354310.0,284074.0,284854.0,780.0,3.966666666666667,1.2512216252748973,0.0,0.0,0.0,300.0,300.0,0.6999633333333333,0.044341331233461574,0.432,0.966,0.10558666666666668,0.06365240887472803,-0.287,0.415,-0.69889,0.05795804462744612,-0.925,-0.279,-0.9387166666666665,14.163044528327548,-68.88,88.17,1.7510500000000002,9.813905030302479,-38.36,55.88,-1.510133333333333,8.978037312365228,-66.81,16.21,0.9990238730198449,0.029540872929993266,151.0,82.45364238410596,2.1223815187798536,76.0,86.0,83.0,10.0,81.25,84.0,2.75,84.0,84.0,0.0,0.0,1.8,6.0,0.011868246775880152
fist_open,student1,combined_all,/Users/tylerchen/Cosmos-Gesture-Recognition-/processed/session_joanna_discrete/sessions/student1_fist_open_006,30.0,296924.7,17459.892418817093,271066.0,358343.0,295447.0,300939.0,5492.0,4.5,1.4548768561863463,0.0,0.0,0.0,302.0,302.0,0.6637947019867549,0.04897867657741163,0.414,0.967,0.10825827814569537,0.04569223389902806,-0.064,0.274,-0.7345579470198675,0.05555147008896365,-1.017,-0.308,-0.028576158940397313,10.331796288737157,-46.66,84.78,1.6274337748344372,12.239112114511185,-40.19,69.95,-2.5408112582781457,7.2794170076065265,-40.07,13.43,0.9991067396599392,0.03573539276246436,151.0,82.2251655629139,2.928417514473107,72.0,87.0,83.0,15.0,81.0,84.0,3.0,83.0,86.0,3.0,3.0,1.54,9.0,0.043346113628441596
fist_open,student1,combined_all,/Users/tylerchen/Cosmos-Gesture-Recognition-/processed/session_joanna_discrete/sessions/student1_fist_open_007,30.0,290606.86666666664,19669.208652075682,261922.0,350276.0,281900.0,310338.0,28438.0,4.15,1.5337861650177966,0.0,0.0,0.0,300.0,300.0,0.7000383333333334,0.06249216775369178,0.295,1.174,0.113225,0.08762623394280962,-0.256,0.465,-0.6986733333333334,0.09303347541690651,-1.102,-0.024,-1.6669499999999997,16.864529768655586,-122.78,81.91,2.4947166666666667,14.552634962607542,-29.27,121.74,-2.1386333333333334,10.273125480214006,-62.84,18.8,1.0043778261078375,0.04982000952248,150.0,83.46,1.2309215187146982,80.0,88.0,84.0,8.0,83.0,84.0,1.0,84.0,84.0,0.0,0.0,1.0067114093959733,5.0,0.011435174896662043
fist_open,student1,combined_all,/Users/tylerchen/Cosmos-Gesture-Recognition-/processed/session_joanna_discrete/sessions/student1_fist_open_008,31.0,299756.4516129032,24180.518092369333,269778.0,377475.0,272667.0,275809.0,3142.0,4.451612903225806,1.7008292034147183,0.0,0.0,0.0,302.0,302.0,0.7111705298013246,0.08544199502669445,0.154,1.288,0.2080165562913907,0.1447978428320088,-0.831,1.239,-0.6570612582781458,0.12015072786447761,-1.787,-0.039,-0.7444205298013241,23.680648691053946,-199.99,126.8,3.321754966887417,18.251095546348594,-50.17,162.88,-2.9967549668874174,14.481718810332845,-137.39,34.79,1.0085428550721676,0.0794239508679565,151.0,83.69867549668874,1.9942245528848843,78.0,87.0,84.0,9.0,83.0,85.0,2.0,83.0,85.0,2.0,2.0,1.72,7.0,0.013067270826071474
one_arm_boxing,student1,combined_all,/Users/tylerchen/Cosmos-Gesture-Recognition-/processed/session_joanna_periodic/sessions/student1_one_arm_boxing_001_seg000,30.0,490000.95,71797.81148015005,365664.0,655926.0,532514.0,445389.0,-87125.0,7.4,2.154065922853802,0.0,0.0,0.0,300.0,300.0,0.59544,0.5994112887380973,-1.964,1.74,-0.02657666666666667,0.35476954602796573,-1.611,0.551,-0.71672,0.329043191085912,-2.303,-0.089,-4.2707,64.16049697835889,-306.62,173.13,0.024800000000000183,74.66988659622655,-346.81,138.25,4.607566666666671,84.90515303410952,-183.66,226.63,1.155683980560611,0.3560364500191628,150.0,68.51666666666667,11.204088519490227,35.0,86.0,70.0,51.0,61.25,78.0,16.75,79.0,81.0,2.0,2.0,3.946308724832215,37.0,0.11406284723765506
one_arm_boxing,student1,combined_all,/Users/tylerchen/Cosmos-Gesture-Recognition-/processed/session_joanna_periodic/sessions/student1_one_arm_boxing_001_seg001,30.0,513349.61666666664,53457.25626356123,405591.0,610617.0,487161.0,556202.0,69041.0,7.666666666666667,1.561694236682997,0.0,0.0,0.0,301.0,301.0,0.5251478405315615,0.5644293804236008,-1.556,1.318,0.00503986710963455,0.3384066707713867,-1.133,0.55,-0.7339933554817276,0.2981295708315559,-2.064,-0.165,-1.0163122923588044,46.11150445617063,-134.89,179.39,0.848903654485049,62.07782915196015,-246.74,68.09,-9.826877076411959,89.4545341386058,-124.12,270.3,1.1215400508491882,0.2805007240991053,150.0,77.63333333333334,5.984226096052864,64.0,88.0,78.0,24.0,72.0,84.0,12.0,84.0,83.0,-1.0,1.0,2.1006711409395975,7.0,0.029949775545579548
one_arm_boxing,student1,combined_all,/Users/tylerchen/Cosmos-Gesture-Recognition-/processed/session_joanna_periodic/sessions/student1_one_arm_boxing_001_seg002,30.0,491810.48333333334,67360.64862408953,345769.0,633450.0,569522.0,633450.0,63928.0,8.466666666666667,1.9447936194419762,0.0,0.0,0.0,300.0,300.0,0.5792516666666667,0.5115702827216304,-1.039,1.362,0.01872666666666665,0.3304022981491234,-1.258,0.655,-0.7087600000000001,0.24718892046368096,-1.645,-0.206,0.025883333333333668,47.653971916648096,-137.33,187.2,-0.8920666666666651,62.08635344203176,-254.25,105.44,-2.055833333333333,74.03570137096521,-126.22,221.81,1.10082898471405,0.24160227767986955,150.0,75.35,5.385710025913155,66.0,88.0,75.0,22.0,71.0,79.0,8.0,79.0,77.0,-2.0,2.0,2.51006711409396,9.0,0.021272945464242347
one_arm_boxing,student1,combined_all,/Users/tylerchen/Cosmos-Gesture-Recognition-/processed/session_joanna_periodic/sessions/student1_one_arm_boxing_002_seg000,30.0,461520.56666666665,61023.29017387997,341629.0,596956.0,389358.0,480406.0,91048.0,7.316666666666666,1.805521367197688,0.0,0.0,0.0,300.0,300.0,0.6299266666666666,0.592836352873952,-1.033,1.429,-0.088105,0.26946586637581144,-1.327,0.437,-0.66244,0.2696152315183003,-1.676,-0.108,-5.7915333333333345,45.45467544403945,-187.93,134.89,0.8979666666666678,68.39636770228047,-235.18,99.77,2.1583666666666685,77.87912331084343,-136.85,195.04,1.1278079494844242,0.26116134204690056,150.0,68.69333333333333,7.898642026405395,52.0,86.0,68.5,34.0,62.0,75.75,13.75,52.0,64.0,12.0,12.0,2.2550335570469797,9.0,0.0006791412951685575
one_arm_boxing,student1,combined_all,/Users/tylerchen/Cosmos-Gesture-Recognition-/processed/session_joanna_periodic/sessions/student1_one_arm_boxing_002_seg001,30.0,494123.23333333334,86202.34144332868,353891.0,674867.0,444348.0,571193.0,126845.0,7.833333333333333,1.8988300491501486,0.0,0.0,0.0,300.0,300.0,0.6135016666666666,0.6073765711351475,-0.864,1.755,-0.11354333333333334,0.24898601323947675,-0.953,0.407,-0.5987316666666668,0.36323355961496123,-1.866,0.203,-11.890466666666665,65.92909608396653,-273.66,145.33,-7.350299999999999,89.30791228614629,-290.41,133.34,1.5729499999999992,69.79701140006522,-155.28,139.13,1.1081952421446501,0.28722508645304723,150.0,69.38333333333334,9.414827778717372,51.0,84.0,71.0,33.0,61.0,78.0,17.0,66.0,79.0,13.0,13.0,2.1677852348993287,13.0,-0.03377661229387993
one_arm_boxing,student1,combined_all,/Users/tylerchen/Cosmos-Gesture-Recognition-/processed/session_joanna_periodic/sessions/student1_one_arm_boxing_002_seg002,30.0,473743.48333333334,66542.17773969671,339201.0,619145.0,527705.0,413002.0,-114703.0,7.85,2.384498549660564,0.0,0.0,0.0,300.0,300.0,0.5734033333333334,0.49613894625285054,-1.109,1.404,-0.07312833333333335,0.26663355821030643,-1.262,0.638,-0.73762,0.2664532365475538,-1.538,-0.246,2.470366666666666,58.739892080308564,-250.59,272.41,-3.0169666666666686,70.8650388212144,-286.36,145.82,0.43389999999999873,73.36163190517235,-134.07,213.9,1.0989443186414265,0.24246323506681183,150.0,72.48666666666666,9.679069417432236,57.0,99.0,72.5,42.0,64.0,80.0,16.0,77.0,84.0,7.0,7.0,2.2348993288590604,13.0,0.0021227610116003573
one_arm_boxing,student1,combined_all,/Users/tylerchen/Cosmos-Gesture-Recognition-/processed/session_joanna_periodic/sessions/student1_one_arm_boxing_003_seg000,30.0,449832.2833333333,62569.99789458247,345750.0,622668.0,443793.0,493955.0,50162.0,7.566666666666666,1.7451520150277897,0.0,0.0,0.0,300.0,300.0,0.6217066666666666,0.5297723667974975,-0.653,1.404,-0.21562333333333333,0.19260879554740543,-0.668,0.382,-0.6224333333333334,0.3065989001212424,-1.875,-0.019,-9.147266666666667,44.72508442916073,-188.54,115.63,-8.233466666666667,66.67760019163524,-240.82,91.4,0.21880000000000052,68.92499190588757,-113.59,147.37,1.0794074092779398,0.25898898585825253,150.0,68.47333333333333,8.485239190283979,51.0,85.0,68.0,34.0,61.0,77.0,16.0,60.0,73.0,13.0,13.0,2.597315436241611,10.0,-0.01728076803413471
one_arm_boxing,student1,combined_all,/Users/tylerchen/Cosmos-Gesture-Recognition-/processed/session_joanna_periodic/sessions/student1_one_arm_boxing_003_seg001,30.0,477409.95,65563.53596453214,329972.0,627492.0,562276.0,454400.0,-107876.0,8.6,2.48461935381123,0.0,0.0,0.0,299.0,299.0,0.6341220735785952,0.4941953217448505,-0.894,1.323,-0.12637123745819398,0.2543156584954882,-1.491,0.4,-0.6343779264214047,0.2772761068788068,-1.622,-0.114,-1.3061872909698995,44.80071020599537,-172.06,128.12,0.3207357859531776,64.23323526937588,-209.78,120.18,5.585117056856188,76.37308486114092,-130.25,181.49,1.0720763757287002,0.23865372745429014,150.0,70.87333333333333,9.042996969116222,52.0,88.0,70.0,36.0,64.0,79.0,15.0,77.0,83.0,6.0,6.0,2.4563758389261743,8.0,-0.002263211698298053
one_arm_boxing,student1,combined_all,/Users/tylerchen/Cosmos-Gesture-Recognition-/processed/session_joanna_periodic/sessions/student1_one_arm_boxing_003_seg002,30.0,459927.9666666667,67968.12755524133,331847.0,579208.0,452398.0,504614.0,52216.0,7.6,2.4576411454889016,0.0,0.0,0.0,301.0,301.0,0.6154867109634552,0.4347196711841223,-0.781,1.291,-0.19651827242524916,0.25355449950181025,-1.113,0.233,-0.7064634551495017,0.2305077270913545,-1.418,-0.106,-5.89159468438538,57.35329798841573,-217.2,178.81,-5.116046511627906,53.80210533232439,-244.73,78.59,-2.8657308970099655,78.05479955360101,-146.92,159.52,1.079892148157476,0.23826828064198513,150.0,73.12,8.57412996740699,59.0,93.0,72.0,34.0,65.25,81.0,15.75,83.0,91.0,8.0,8.0,2.4832214765100673,10.0,-0.01455353571269868
clapping,student1,combined_all,/Users/tylerchen/Cosmos-Gesture-Recognition-/processed/session_joanna_periodic/sessions/student1_clapping_001_seg000,30.0,407021.93333333335,51063.058718238,303784.0,483896.0,303784.0,468971.0,165187.0,5.716666666666667,2.555005979553777,0.0,0.0,0.0,300.0,300.0,0.47681,0.22430993400336197,-0.2,0.981,-0.8932233333333333,0.40836861132415014,-2.567,-0.217,0.04331833333333335,1.1704923420640374,-4.0,2.406,-5.003833333333336,178.9114632221914,-312.23,736.93,4.564033333333334,178.2954716104879,-505.63,292.06,-11.333733333333333,24.562178284146995,-72.33,48.83,1.475847867955586,0.6603615979164771,147.0,17.9421768707483,8.241541327200546,1.0,34.0,18.0,33.0,11.0,24.5,13.5,8.0,24.0,16.0,16.0,3.6301369863013697,23.0,-0.003536105297357798
clapping,student1,combined_all,/Users/tylerchen/Cosmos-Gesture-Recognition-/processed/session_joanna_periodic/sessions/student1_clapping_001_seg001,30.0,409004.8333333333,30152.001808706205,350124.0,466995.0,428902.0,405258.0,-23644.0,5.283333333333333,1.3396724309405723,0.0,0.0,0.0,300.0,300.0,0.44994333333333336,0.2058741452612179,-0.111,0.881,-0.9095883333333334,0.3871433260207483,-2.504,-0.416,0.11819666666666667,1.1440366069269325,-3.29,2.035,4.893533333333335,165.28397094550806,-268.32,689.54,-12.437766666666667,183.0288413939514,-463.82,253.76,-5.007599999999999,25.963710140116724,-63.23,45.96,1.487555657247395,0.5762225564032855,148.0,15.89527027027027,9.366907551017798,1.0,32.0,15.5,31.0,8.0,25.0,17.0,31.0,1.0,-30.0,30.0,3.1564625850340136,12.0,-0.035666161984474594
clapping,student1,combined_all,/Users/tylerchen/Cosmos-Gesture-Recognition-/processed/session_joanna_periodic/sessions/student1_clapping_001_seg002,30.0,399043.5333333333,38024.13747935499,327611.0,473294.0,377381.0,415812.0,38431.0,5.7,2.570992026436488,0.0,0.0,0.0,300.0,300.0,0.45463666666666663,0.15536695817513,0.035,0.859,-0.8819600000000001,0.3675510645701719,-2.618,-0.368,0.1753,0.9787957175359252,-2.659,2.141,-9.128833333333334,133.67984575210116,-223.7,533.25,10.038066666666667,168.76151486717055,-359.29,252.69,-4.9032,27.70845130569372,-56.52,73.34,1.3803169552016004,0.476735636266775,135.0,14.170370370370371,8.212241264004609,1.0,31.0,14.0,30.0,7.0,21.0,14.0,7.0,28.0,21.0,21.0,3.2611940298507465,13.0,0.02185640425324365
clapping,student1,combined_all,/Users/tylerchen/Cosmos-Gesture-Recognition-/processed/session_joanna_periodic/sessions/student1_clapping_002_seg000,30.0,409381.26666666666,27054.30155903877,366665.0,489507.0,382943.0,436387.0,53444.0,4.15,1.4671400751121209,0.0,0.0,0.0,300.0,300.0,0.34015666666666666,0.1737648205562995,-0.026,0.979,-0.9265533333333333,0.36894271527644446,-2.461,-0.32,0.22192333333333333,1.0929644569345438,-3.273,2.37,-6.281816666666667,119.07953233917401,-243.66,451.49,5.538466666666665,201.44842076401483,-393.87,297.19,-4.013233333333334,29.575959917880503,-53.83,63.42,1.4398036272096335,0.5579492472271915,143.0,16.04895104895105,8.882907048052877,1.0,31.0,18.0,30.0,7.5,24.0,16.5,20.0,24.0,4.0,4.0,3.183098591549296,14.0,0.007161265964082914
clapping,student1,combined_all,/Users/tylerchen/Cosmos-Gesture-Recognition-/processed/session_joanna_periodic/sessions/student1_clapping_002_seg001,30.0,391962.1666666667,47516.335501301255,319766.0,478069.0,422315.0,334745.0,-87570.0,4.95,2.6215453457836655,0.0,0.0,0.0,299.0,299.0,0.31065384615384617,0.18488844076546634,-0.482,0.958,-0.9361254180602004,0.3250542509226505,-2.178,-0.358,0.19310367892976585,0.9777294216840359,-3.541,2.049,-0.5910033444816047,99.26320498827921,-177.37,329.6,-7.791739130434781,184.82627138739974,-450.18,283.36,-0.33387959866220784,30.274375993650164,-47.46,61.59,1.3629948960973497,0.4981660145930455,140.0,16.72142857142857,8.411253045808136,1.0,30.0,18.0,29.0,9.0,24.0,15.0,20.0,18.0,-2.0,2.0,3.179856115107914,24.0,0.004292493057225827
clapping,student1,combined_all,/Users/tylerchen/Cosmos-Gesture-Recognition-/processed/session_joanna_periodic/sessions/student1_clapping_002_seg002,30.0,379577.8333333333,26939.01634319429,331000.0,432209.0,345178.0,392004.0,46826.0,4.366666666666666,1.6629959577688562,0.0,0.0,0.0,301.0,301.0,0.2993156146179402,0.1442543481555916,-0.265,0.85,-0.9586063122923586,0.24826630635507557,-2.005,-0.517,0.1289401993355482,0.9177840294225451,-2.913,2.077,-3.8054152823920266,89.55994011090043,-179.05,426.31,0.9830232558139546,161.48798313035894,-322.21,242.35,-5.65983388704319,21.162754414088234,-48.1,44.1,1.3362864632022295,0.4052813379420618,138.0,13.623188405797102,7.8723417699148674,1.0,31.0,13.0,30.0,7.0,21.0,14.0,10.0,19.0,9.0,9.0,2.8394160583941606,11.0,-0.009762802262157236
clapping,student1,combined_all,/Users/tylerchen/Cosmos-Gesture-Recognition-/processed/session_joanna_periodic/sessions/student1_clapping_003_seg000,30.0,393793.4,38476.42194955243,323306.0,475352.0,372715.0,398543.0,25828.0,3.7,2.035517952102937,0.0,0.0,0.0,300.0,300.0,0.42807666666666666,0.11994778513694723,-0.109,0.946,-0.8965150000000002,0.2197266248828471,-2.678,-0.179,0.08896000000000001,0.8592158120829325,-3.494,1.841,-1.773599999999999,83.82161116645277,-422.01,287.76,-3.780466666666667,145.9370815195675,-260.54,219.12,-3.1299,17.68882586050678,-92.72,26.86,1.283779630041193,0.38435867810645585,127.0,12.472440944881889,8.108223115438966,1.0,27.0,13.0,26.0,4.0,20.0,16.0,15.0,3.0,-12.0,12.0,3.2222222222222223,14.0,-0.014300946756655285
clapping,student1,combined_all,/Users/tylerchen/Cosmos-Gesture-Recognition-/processed/session_joanna_periodic/sessions/student1_clapping_003_seg001,30.0,365087.9,29062.80024945979,313247.0,434231.0,337637.0,358163.0,20526.0,3.7333333333333334,1.6110727964792761,0.0,0.0,0.0,300.0,300.0,0.4439483333333334,0.13743368979189496,-0.174,0.898,-0.8712549999999999,0.17173149335032678,-1.619,-0.414,0.11843,0.7961234149091877,-2.803,1.542,-2.3379999999999987,78.0238871970202,-352.7,199.65,-2.394333333333334,137.31114443198783,-246.96,191.75,-1.503766666666667,17.28302263722665,-53.19,28.2,1.2363748817177345,0.3518102203130513,129.0,11.422480620155039,7.07229674847214,1.0,25.0,11.0,24.0,6.0,17.0,11.0,9.0,7.0,-2.0,2.0,3.125,12.0,-0.014699798747763934
clapping,student1,combined_all,/Users/tylerchen/Cosmos-Gesture-Recognition-/processed/session_joanna_periodic/sessions/student1_clapping_003_seg002,30.0,369707.76666666666,37927.82570768093,304896.0,489584.0,389976.0,339903.0,-50073.0,3.55,1.8500000000000003,0.0,0.0,0.0,300.0,300.0,0.4839049999999999,0.17751498463875182,-0.647,1.329,-0.8568283333333333,0.20772727551652556,-2.337,-0.175,0.10481166666666666,0.7588536939900915,-3.547,1.23,-2.529250000000001,109.46881890377506,-569.26,591.88,2.6098000000000017,123.49407586314955,-244.91,176.03,-1.6601666666666668,18.90008554580875,-87.74,39.61,1.2118168165375816,0.4016533954806875,145.0,9.813793103448276,5.141046973591501,1.0,24.0,9.0,23.0,6.0,13.0,7.0,9.0,7.0,-2.0,2.0,2.9166666666666665,10.0,0.008982837348449166
two_arm_boxing,student1,combined_all,/Users/tylerchen/Cosmos-Gesture-Recognition-/processed/session_joanna_periodic/sessions/student1_two_arm_boxing_001_seg000,30.0,491559.26666666666,103017.33082607454,309723.0,806933.0,309723.0,431052.0,121329.0,6.916666666666667,2.9498116700713095,0.0,0.0,0.0,300.0,300.0,0.5768166666666668,0.6101166634796623,-1.641,1.309,-0.46819333333333335,0.37572125753404345,-3.043,0.317,-0.524695,0.2764528793031463,-2.259,-0.128,-12.92863333333333,64.2132067449178,-176.4,180.3,4.900566666666665,49.5575661093126,-245.8,124.82,-5.384666666666664,92.51580720912267,-204.41,279.0,1.1396264909262144,0.3439676865927143,150.0,36.77333333333333,12.720747026873077,9.0,74.0,38.0,65.0,26.0,46.0,20.0,9.0,30.0,21.0,21.0,5.1610738255033555,24.0,0.06887772789901757
two_arm_boxing,student1,combined_all,/Users/tylerchen/Cosmos-Gesture-Recognition-/processed/session_joanna_periodic/sessions/student1_two_arm_boxing_001_seg001,30.0,513931.48333333334,57445.47411016284,401269.0,685467.0,459890.0,581187.0,121297.0,7.933333333333334,2.1437246921084703,0.0,0.0,0.0,300.0,300.0,0.5862216666666668,0.5765312235232557,-1.339,1.427,-0.5049416666666666,0.25387623775615986,-1.617,0.271,-0.51456,0.2544399203479412,-1.883,-0.028,-10.511000000000001,60.98139456971008,-178.41,204.93,-6.9805666666666655,54.90839269193938,-249.76,105.62,-2.9736666666666673,82.93126129445331,-157.35,216.68,1.1212816851333627,0.2601967990793757,150.0,35.95333333333333,11.507561953033678,5.0,68.0,37.0,63.0,26.0,46.0,20.0,26.0,39.0,13.0,13.0,5.885906040268456,27.0,-0.0046864305080225694
two_arm_boxing,student1,combined_all,/Users/tylerchen/Cosmos-Gesture-Recognition-/processed/session_joanna_periodic/sessions/student1_two_arm_boxing_001_seg002,30.0,517220.8333333333,74296.7451490231,370926.0,684391.0,555124.0,387503.0,-167621.0,8.066666666666666,2.031966753883756,0.0,0.0,0.0,301.0,301.0,0.44681395348837205,0.7087780692904057,-1.785,1.205,-0.5352807308970099,0.3417363155945583,-2.591,0.126,-0.5438006644518273,0.2576900198142157,-1.721,-0.093,5.624784053156146,63.80924829372706,-163.37,292.46,-7.659734219269103,57.91914769484097,-224.77,122.07,3.7032890365448514,107.01461688040244,-153.08,284.01,1.1602309080695006,0.3482897927517351,149.0,39.446308724832214,13.152065522139083,12.0,68.0,41.0,56.0,29.0,50.0,21.0,50.0,56.0,6.0,6.0,5.824324324324325,36.0,0.00960819880282965
two_arm_boxing,student1,combined_all,/Users/tylerchen/Cosmos-Gesture-Recognition-/processed/session_joanna_periodic/sessions/student1_two_arm_boxing_002_seg000,30.0,531451.8,73997.40026307228,402832.0,683761.0,652242.0,593700.0,-58542.0,7.983333333333333,1.734374687187159,0.0,0.0,0.0,300.0,300.0,0.5077516666666666,0.6315090069274987,-1.691,1.38,-0.541815,0.3322554036806625,-2.454,0.356,-0.5013666666666666,0.25842840186188687,-1.819,-0.021,-8.123733333333332,66.73173401560076,-206.06,260.29,-8.276050000000001,59.940154994912774,-249.86,101.38,11.099549999999999,107.3096958521495,-174.32,333.26,1.1273894663587152,0.32820617424125054,149.0,37.422818791946305,13.063866614430985,12.0,69.0,41.0,57.0,26.0,48.0,22.0,26.0,50.0,24.0,24.0,6.418918918918919,35.0,-0.07484128423725747
two_arm_boxing,student1,combined_all,/Users/tylerchen/Cosmos-Gesture-Recognition-/processed/session_joanna_periodic/sessions/student1_two_arm_boxing_002_seg001,30.0,501791.56666666665,85323.05495065342,340429.0,629876.0,412330.0,363261.0,-49069.0,8.116666666666667,2.1279228265037142,0.0,0.0,0.0,300.0,300.0,0.4929316666666666,0.6035272694037022,-1.549,1.156,-0.6020516666666667,0.3634715736210406,-2.74,-0.01,-0.47826333333333326,0.2646735233998461,-2.107,0.053,1.7340500000000005,57.25846454758894,-129.18,299.2,-0.9859666666666665,42.905455698922744,-201.48,175.39,-8.732866666666666,101.7341132353461,-159.92,296.49,1.1365206957953333,0.3300199768381075,150.0,33.276666666666664,12.336353551235826,1.0,65.0,34.5,64.0,24.0,41.75,17.75,55.0,54.0,-1.0,1.0,5.3355704697986575,37.0,-0.021505252085277902
two_arm_boxing,student1,combined_all,/Users/tylerchen/Cosmos-Gesture-Recognition-/processed/session_joanna_periodic/sessions/student1_two_arm_boxing_002_seg002,30.0,533531.9833333333,69722.81602537332,385999.0,681255.0,522871.0,616489.0,93618.0,8.5,2.29128784747792,0.0,0.0,0.0,300.0,300.0,0.44139333333333336,0.618238659652475,-2.096,1.164,-0.6743633333333332,0.40795260734641803,-3.116,0.285,-0.42988999999999994,0.27456412347573744,-2.091,0.264,7.468066666666667,88.40458144049792,-291.18,380.57,-6.529083333333333,54.92263084239923,-219.86,189.25,-4.3693333333333335,97.7410598105468,-165.78,329.6,1.148388779940843,0.3736742301673571,149.0,33.855704697986575,12.154730936076852,3.0,57.0,34.0,54.0,25.0,45.0,20.0,51.0,21.0,-30.0,30.0,5.121621621621622,34.0,0.03866134590966792
two_arm_boxing,student1,combined_all,/Users/tylerchen/Cosmos-Gesture-Recognition-/processed/session_joanna_periodic/sessions/student1_two_arm_boxing_003_seg000,30.0,531337.2166666667,80907.65699484025,384574.0,771757.0,503495.0,439188.0,-64307.0,7.983333333333333,2.478182577795447,0.0,0.0,0.0,300.0,300.0,0.46336000000000005,0.6559925942671406,-1.416,1.196,-0.4748933333333333,0.30051114558735126,-1.438,0.361,-0.5829733333333333,0.3009433157405043,-1.791,0.109,5.4576666666666656,81.25591800738098,-270.36,219.58,-4.249333333333333,60.841486982339795,-274.03,92.01,-2.1019000000000028,93.99427710268677,-195.96,224.8,1.1524978654656752,0.2510634516685553,147.0,35.6156462585034,10.77208912898408,9.0,54.0,38.5,45.0,30.0,44.0,14.0,40.0,44.0,4.0,4.0,5.6438356164383565,41.0,0.025272196994310218
two_arm_boxing,student1,combined_all,/Users/tylerchen/Cosmos-Gesture-Recognition-/processed/session_joanna_periodic/sessions/student1_two_arm_boxing_003_seg001,30.0,520820.0,84730.88914990408,400305.0,803575.0,615495.0,453274.0,-162221.0,7.8,2.023198787399136,0.0,0.0,0.0,300.0,300.0,0.5952333333333333,0.5830868479242369,-1.403,1.337,-0.5630333333333333,0.3553121428953546,-1.992,0.104,-0.3766233333333333,0.22732872260720205,-1.24,0.171,-1.5605666666666669,67.02840670451265,-134.56,442.18,-3.5303000000000004,46.61582318887726,-179.27,71.29,-5.2419333333333356,96.97223683575051,-203.41,272.71,1.1203908029644476,0.27530742567660693,148.0,33.608108108108105,13.589529350239554,6.0,75.0,32.0,69.0,24.0,44.0,20.0,44.0,32.0,-12.0,12.0,5.98639455782313,59.0,0.07475836334896739
two_arm_boxing,student1,combined_all,/Users/tylerchen/Cosmos-Gesture-Recognition-/processed/session_joanna_periodic/sessions/student1_two_arm_boxing_003_seg002,30.0,498561.0333333333,50074.46623661827,386779.0,671775.0,545881.0,671775.0,125894.0,8.4,2.6025628394590847,0.0,0.0,0.0,300.0,300.0,0.5625183333333333,0.5815341180852781,-1.162,1.186,-0.5715983333333333,0.28744312393449634,-1.674,0.072,-0.4099583333333333,0.25760060642505395,-1.526,-0.032,0.5067666666666658,48.3392337466392,-112.22,147.83,-3.6133333333333333,47.85027131468419,-218.6,100.1,-3.5368333333333317,101.49054756136432,-181.43,276.22,1.1138807608167847,0.24010532726747358,138.0,33.094202898550726,13.395520376167276,2.0,72.0,34.5,70.0,24.0,41.0,17.0,28.0,18.0,-10.0,10.0,8.700729927007298,54.0,0.007226208877392027
soli,student1,combined_all,/Users/tylerchen/Cosmos-Gesture-Recognition-/processed/session_joanna_periodic/sessions/student1_soli_001_seg000,30.0,341035.0,38547.44463731243,286144.0,440876.0,316815.0,303707.0,-13108.0,1.4833333333333334,1.8188060797005152,0.0,0.0,0.0,300.0,300.0,0.2583083333333333,0.03968338379062544,0.134,0.382,-0.9365783333333332,0.0680900362061554,-1.132,-0.665,0.26415666666666665,0.06939371630747962,0.079,0.522,-2.4627,26.785258054447286,-51.06,138.86,0.01791666666666662,14.665668086034206,-45.78,39.83,-0.7535833333333332,10.738023863929284,-27.34,25.73,1.0101073562842104,0.06626126097840816,150.0,39.97,4.544791989540107,29.0,50.0,39.0,21.0,36.25,43.0,6.75,37.0,35.0,-2.0,2.0,1.9060402684563758,7.0,0.009229743544157409
soli,student1,combined_all,/Users/tylerchen/Cosmos-Gesture-Recognition-/processed/session_joanna_periodic/sessions/student1_soli_001_seg001,30.0,302485.1666666667,9149.855202962788,284927.0,316885.0,303871.0,297956.0,-5915.0,0.4666666666666667,0.7180219742846006,0.0,0.0,0.0,300.0,300.0,0.260905,0.033452749333395045,0.151,0.359,-0.9373816666666667,0.04440124056700316,-1.09,-0.765,0.27540000000000003,0.0601606321996924,0.156,0.494,2.2226333333333335,21.237927481164096,-46.78,95.55,-1.1189500000000001,9.377742576584474,-19.84,22.64,0.4440833333333334,9.173740884564465,-22.68,29.21,1.0137141325441734,0.04116410786729262,148.0,43.28378378378378,3.9740969424175123,29.0,51.0,44.0,22.0,41.0,46.0,5.0,37.0,48.0,11.0,11.0,2.197278911564626,8.0,0.009619810195073762
soli,student1,combined_all,/Users/tylerchen/Cosmos-Gesture-Recognition-/processed/session_joanna_periodic/sessions/student1_soli_001_seg002,30.0,297182.9166666667,10717.812335922641,283449.0,334490.0,291348.0,304768.0,13420.0,0.8666666666666667,1.0561986345169907,0.0,0.0,0.0,300.0,300.0,0.2584633333333334,0.030630237239259728,0.142,0.354,-0.935625,0.051689072426706714,-1.099,-0.8,0.28212333333333334,0.052424232999210924,0.154,0.428,-1.9860666666666664,21.007448890792507,-76.17,66.65,-0.20729999999999998,11.905760386328403,-25.61,35.1,-0.027666666666666798,7.649585331293504,-19.87,22.49,1.0128014273743238,0.04881138258279124,150.0,44.79666666666667,2.177598476083804,41.0,50.0,44.75,9.0,43.0,46.0,3.0,43.0,44.0,1.0,1.0,2.0067114093959733,7.0,0.014749988888395122
soli,student1,combined_all,/Users/tylerchen/Cosmos-Gesture-Recognition-/processed/session_joanna_periodic/sessions/student1_soli_002_seg000,30.0,304427.76666666666,12632.325525368988,286737.0,340056.0,300722.0,294401.0,-6321.0,0.5,0.8850612031567836,0.0,0.0,0.0,300.0,300.0,0.287155,0.03479633804966647,0.118,0.422,-0.9473149999999998,0.04907292510849239,-1.198,-0.795,0.19319833333333336,0.05892268802328089,0.009,0.376,-0.9876666666666661,18.405446204985893,-63.78,75.81,-0.5056666666666665,11.218110673106862,-25.3,27.89,-0.45633333333333337,8.732133460831767,-16.08,34.21,1.0109697638910309,0.04711959290093541,150.0,46.25333333333333,2.0290323823562457,41.0,51.0,47.0,10.0,45.0,48.0,3.0,46.0,48.0,2.0,2.0,2.0268456375838926,7.0,0.008697868053394913
soli,student1,combined_all,/Users/tylerchen/Cosmos-Gesture-Recognition-/processed/session_joanna_periodic/sessions/student1_soli_002_seg001,30.0,303670.7166666667,10750.329890816787,285247.0,328704.0,312990.0,311303.0,-1687.0,1.2,1.1944315244779278,0.0,0.0,0.0,301.0,301.0,0.32000166112956807,0.04561905813703355,0.188,0.47,-0.9305747508305648,0.05644662218857188,-1.153,-0.774,0.2180830564784053,0.06701984194683099,0.014,0.369,-0.46981727574750837,22.481382759449517,-73.7,73.06,-3.0704318936877075,15.090667287507157,-59.08,28.44,-2.2732890365448504,12.4004525430449,-34.85,29.66,1.0114015087280732,0.05250349046472113,150.0,45.653333333333336,2.063543140045233,39.0,51.0,46.0,12.0,45.0,47.0,2.0,48.0,45.0,-3.0,3.0,1.6711409395973154,7.0,-0.008364816214054131
soli,student1,combined_all,/Users/tylerchen/Cosmos-Gesture-Recognition-/processed/session_joanna_periodic/sessions/student1_soli_002_seg002,30.0,300246.85,9158.319715928608,286923.0,314430.0,314013.0,313210.0,-803.0,0.6333333333333333,1.015983376941878,0.0,0.0,0.0,299.0,299.0,0.3477608695652174,0.0361230265486266,0.227,0.442,-0.922433110367893,0.053409635565711044,-1.209,-0.769,0.205561872909699,0.06066947648117331,0.051,0.337,-0.3779264214046822,19.371334363728675,-57.53,116.34,0.6544648829431436,11.962584236694186,-30.82,34.52,1.254782608695652,12.78432373314854,-20.48,39.49,1.0097193201608947,0.04879847524769631,150.0,45.016666666666666,1.9536720430772319,39.0,49.0,45.75,10.0,44.0,46.0,2.0,45.0,45.0,0.0,0.0,1.9597315436241611,6.0,6.311391617410684e-05
soli,student1,combined_all,/Users/tylerchen/Cosmos-Gesture-Recognition-/processed/session_joanna_periodic/sessions/student1_soli_003_seg000,30.0,310465.5,18203.371878125585,288395.0,368675.0,291500.0,307920.0,16420.0,0.7,0.9363047936792093,0.0,0.0,0.0,300.0,300.0,0.3345,0.03962148921238837,0.202,0.442,-0.9249883333333332,0.053758788712999175,-1.169,-0.743,0.2235083333333333,0.0573209016318558,0.013,0.389,-1.2106500000000004,19.924578523208464,-70.22,60.03,1.1735,13.373128582472141,-38.97,48.59,-0.27316666666666656,11.804587906356108,-35.22,29.63,1.0112130996107536,0.05141268893006359,150.0,45.526666666666664,1.8362372770989066,39.0,50.0,46.0,11.0,45.0,46.0,1.0,47.0,48.0,1.0,1.0,1.3758389261744965,6.0,-0.003868616382950291
soli,student1,combined_all,/Users/tylerchen/Cosmos-Gesture-Recognition-/processed/session_joanna_periodic/sessions/student1_soli_003_seg001,30.0,300406.88333333336,11994.576168476688,277278.0,321639.0,311062.0,309356.0,-1706.0,0.5666666666666667,0.8825468196582487,0.0,0.0,0.0,300.0,300.0,0.3008833333333334,0.04121053330831276,0.152,0.43,-0.9353133333333331,0.06638505219968992,-1.28,-0.721,0.21080333333333334,0.05742546883021827,0.066,0.363,-1.4242833333333331,24.97874817896687,-68.88,101.78,0.09438333333333324,8.790343937320591,-36.29,26.46,-0.6120000000000001,13.5305346777822,-43.37,48.89,1.0075876219619981,0.06284909612540707,150.0,44.9,2.0016771491416825,37.0,48.0,46.0,11.0,45.0,46.0,1.0,40.0,44.0,4.0,4.0,1.6778523489932886,8.0,0.0013280590248456034
soli,student1,combined_all,/Users/tylerchen/Cosmos-Gesture-Recognition-/processed/session_joanna_periodic/sessions/student1_soli_003_seg002,30.0,322101.73333333334,20378.95872369887,289667.0,366703.0,350445.0,302672.0,-47773.0,1.6,1.5832456116050557,0.0,0.0,0.0,300.0,300.0,0.25812,0.042241780353193065,0.101,0.373,-0.9498599999999999,0.06750870610521283,-1.251,-0.723,0.22704333333333332,0.05978349651497104,0.077,0.442,0.6830499999999998,21.139045898160518,-83.8,81.06,1.8049000000000004,11.126631909821887,-17.33,44.65,0.9688666666666668,10.456426447352312,-20.6,35.83,1.0129752291593945,0.06485116948479958,150.0,43.876666666666665,2.3415825735057605,36.0,47.0,44.0,11.0,43.0,46.0,3.0,39.0,44.0,5.0,5.0,1.5503355704697988,7.0,-0.025568247477665954
palm_up_down,student1,combined_all,/Users/tylerchen/Cosmos-Gesture-Recognition-/processed/session_joanna_periodic/sessions/student1_palm_up_down_001_seg000,30.0,398852.5833333333,46281.21635179211,329925.0,516764.0,495105.0,410668.0,-84437.0,4.55,1.6650825805346712,0.0,0.0,0.0,300.0,300.0,0.14250166666666667,0.6274324274499532,-0.987,1.468,-0.44641166666666665,0.1743618137799376,-1.055,0.153,-0.6075033333333334,0.2014092728105488,-1.631,0.041,-7.131333333333332,52.46420086557083,-247.44,155.89,-4.154816666666661,168.72574874595477,-446.7,398.48,-2.4970333333333325,82.32715435909074,-172.25,219.52,1.0061536327376692,0.20234736660810757,150.0,69.51666666666667,2.8286742849417688,60.0,74.0,70.0,14.0,68.0,72.0,4.0,60.0,72.0,12.0,12.0,2.120805369127517,8.0,0.024855326903417883
palm_up_down,student1,combined_all,/Users/tylerchen/Cosmos-Gesture-Recognition-/processed/session_joanna_periodic/sessions/student1_palm_up_down_001_seg001,30.0,419803.3,38165.94881252135,328431.0,531149.0,430960.0,414880.0,-16080.0,4.983333333333333,1.8729803937990261,0.0,0.0,0.0,300.0,300.0,-0.009663333333333324,0.6332412112738365,-0.853,1.261,-0.517855,0.24382688491701102,-1.117,0.079,-0.5713916666666667,0.20074960085980337,-1.282,0.106,6.51245,65.04414646740646,-221.05,258.71,-29.319766666666656,185.63569982166385,-460.74,390.21,9.817166666666665,94.8230481843535,-186.44,244.97,1.0228471604410967,0.2220038014518378,150.0,68.66333333333333,2.2898203870438616,62.0,73.0,69.0,11.0,67.0,70.875,3.875,70.0,68.0,-2.0,2.0,1.7718120805369129,9.0,-0.004749544424196972
palm_up_down,student1,combined_all,/Users/tylerchen/Cosmos-Gesture-Recognition-/processed/session_joanna_periodic/sessions/student1_palm_up_down_001_seg002,30.0,471667.05,65179.178395960924,337910.0,604635.0,518114.0,356766.0,-161348.0,4.7,1.5088627063675033,0.0,0.0,0.0,300.0,300.0,0.022103333333333332,0.5791571283531113,-0.781,1.522,-0.5910416666666667,0.23393212577068714,-1.14,-0.062,-0.5472466666666665,0.18854215534129426,-1.336,0.131,-6.249833333333333,65.20575690692928,-247.6,165.65,14.389399999999997,166.89294832608516,-335.95,413.86,-12.972216666666666,86.53918736138978,-177.53,163.37,1.0210328045615475,0.1802362294270192,150.0,68.08333333333333,2.5583241333663436,62.0,73.0,68.0,11.0,66.0,70.0,4.0,65.0,66.0,1.0,1.0,2.1140939597315436,8.0,-0.020821369838659794
palm_up_down,student1,combined_all,/Users/tylerchen/Cosmos-Gesture-Recognition-/processed/session_joanna_periodic/sessions/student1_palm_up_down_002_seg000,30.0,369829.5833333333,36836.41670912163,301081.0,446048.0,372158.0,301081.0,-71077.0,3.816666666666667,1.5301597592698903,0.0,0.0,0.0,299.0,299.0,-0.05611036789297659,0.5788343359613565,-0.836,1.017,-0.559571906354515,0.18023084142486168,-1.028,-0.231,-0.5742575250836119,0.17512131170879966,-1.425,-0.208,5.474749163879597,51.596299161320076,-119.82,205.79,-1.0310702341137092,145.30331017110618,-360.67,309.37,-0.7005351170568548,69.85410921074502,-136.33,186.04,1.0092940990364194,0.15989383050911468,150.0,70.30333333333333,2.5769347762726382,64.0,75.0,70.0,11.0,68.0,72.0,4.0,69.0,72.0,3.0,3.0,2.3557046979865772,8.0,-0.009771989866216517
palm_up_down,student1,combined_all,/Users/tylerchen/Cosmos-Gesture-Recognition-/processed/session_joanna_periodic/sessions/student1_palm_up_down_002_seg001,30.0,354703.4666666667,35675.53542016652,309584.0,474849.0,316771.0,343409.0,26638.0,4.5,2.0453198608856593,0.0,0.0,0.0,300.0,300.0,0.008780000000000005,0.5796487665180751,-0.754,0.99,-0.5540216666666666,0.19837396220877226,-0.999,-0.214,-0.5740149999999999,0.14534502838074648,-1.036,-0.219,3.977066666666668,52.895579626866954,-140.39,189.89,5.984166666666673,155.8358577504085,-324.53,323.37,0.13690000000000205,74.80413329081487,-161.63,213.54,1.006949383160771,0.1379614228564891,150.0,71.70333333333333,2.6590964975805584,64.0,77.0,72.0,13.0,69.0,74.0,5.0,67.0,72.0,5.0,5.0,2.422818791946309,8.0,0.0029130183563711573
palm_up_down,student1,combined_all,/Users/tylerchen/Cosmos-Gesture-Recognition-/processed/session_joanna_periodic/sessions/student1_palm_up_down_002_seg002,30.0,352178.75,36229.73704310452,305221.0,472512.0,334817.0,380309.0,45492.0,3.966666666666667,2.243261514452165,0.0,0.0,0.0,300.0,300.0,-0.004573333333333345,0.5855294794362526,-0.729,1.285,-0.5953900000000001,0.2318738837090031,-1.074,-0.087,-0.5151683333333333,0.16090082146799023,-1.1,-0.111,1.5339166666666657,62.99611018475444,-184.64,171.85,1.0616833333333306,145.6155045908564,-261.51,314.77,3.189033333333335,76.4211745593361,-131.69,207.31,1.0094945830968554,0.1527370597778676,150.0,72.74,2.7273902760919286,67.0,79.0,73.0,12.0,71.0,75.0,4.0,70.0,74.0,4.0,4.0,2.0134228187919465,7.0,-0.014114405084670423
palm_up_down,student1,combined_all,/Users/tylerchen/Cosmos-Gesture-Recognition-/processed/session_joanna_periodic/sessions/student1_palm_up_down_003_seg000,30.0,364717.48333333334,27580.35965637001,301641.0,418769.0,314432.0,361259.0,46827.0,3.316666666666667,1.5941734186997627,0.0,0.0,0.0,300.0,300.0,-0.010676666666666676,0.5451334735402643,-0.841,0.829,-0.5425883333333333,0.17317118824435826,-1.1,-0.234,-0.6194099999999999,0.13291591414625012,-1.102,-0.343,1.2124000000000017,52.328423757138594,-129.64,233.16,0.6335333333333256,139.01077191899753,-339.85,263.19,-0.8906000000000025,68.081861360473,-123.97,209.66,1.0013560105710937,0.14246537656241012,150.0,71.88,2.8706335385680424,66.0,77.0,72.0,11.0,69.0,74.0,5.0,71.0,69.0,-2.0,2.0,2.2684563758389262,8.0,0.006871416507400195
palm_up_down,student1,combined_all,/Users/tylerchen/Cosmos-Gesture-Recognition-/processed/session_joanna_periodic/sessions/student1_palm_up_down_003_seg001,30.0,349235.95,27090.689267824717,298669.0,411725.0,336618.0,359018.0,22400.0,3.7,1.5947831618540913,0.0,0.0,0.0,300.0,300.0,-0.11888333333333333,0.595568285804034,-0.9,0.904,-0.5610766666666667,0.22333521983448673,-1.199,-0.148,-0.5243466666666667,0.1926597125042551,-1.457,0.024,3.757400000000001,65.53401419491453,-173.59,169.1,2.9709666666666665,148.5955174561654,-324.69,267.13,4.513450000000001,75.06650337210444,-144.44,172.22,1.0080145682313089,0.1717099245716772,150.0,70.36666666666666,2.6951775642633042,65.0,77.0,70.0,12.0,69.0,72.0,3.0,69.0,66.0,-3.0,3.0,2.12751677852349,9.0,-0.011232499222187805
palm_up_down,student1,combined_all,/Users/tylerchen/Cosmos-Gesture-Recognition-/processed/session_joanna_periodic/sessions/student1_palm_up_down_003_seg002,30.0,365196.6,38088.63565124555,296782.0,483344.0,341129.0,334839.0,-6290.0,5.083333333333333,1.7705146772117486,0.0,0.0,0.0,300.0,300.0,-0.03485666666666667,0.6151572396189088,-0.887,1.301,-0.582925,0.21167385732536742,-1.214,-0.18,-0.5084116666666667,0.15621593279875515,-1.067,-0.133,-0.07616666666666637,65.04615258649473,-178.59,214.0,1.1866000000000045,156.0915207405792,-419.48,298.2,0.30736666666666373,84.74721910127134,-188.39,228.37,1.009661316477693,0.16646519347347383,150.0,70.43,3.3125903811906845,64.0,78.0,71.0,14.0,68.0,73.0,5.0,65.0,70.0,5.0,5.0,2.046979865771812,9.0,0.013103693497488817
pull,student1,combined_all,/Users/tylerchen/Cosmos-Gesture-Recognition-/processed/session_kaiwei_discrete/sessions/student1_pull_001,30.0,450453.56666666665,126915.48213822808,287309.0,866681.0,287309.0,486075.0,198766.0,4.4,3.332666599986663,0.0,0.0,0.0,302.0,302.0,0.7426307947019867,0.2279629944541474,-0.129,1.507,-0.2533758278145695,0.10584740975009634,-0.786,0.023,-0.6189735099337749,0.16366121310732068,-1.297,-0.179,4.71932119205298,24.923676394236775,-60.4,110.57,1.221788079470199,27.126398925347182,-97.54,82.95,-1.1323509933774836,34.57189142819874,-115.85,155.46,1.0343743485124537,0.13730809942120223,151.0,67.09602649006622,9.665913516370829,41.0,87.0,67.0,46.0,61.125,71.0,9.875,84.0,60.0,-24.0,24.0,3.2,24.0,-0.1555437434646223
pull,student1,combined_all,/Users/tylerchen/Cosmos-Gesture-Recognition-/processed/session_kaiwei_discrete/sessions/student1_pull_002,30.0,431950.73333333334,83110.93883716846,315955.0,557296.0,354863.0,389894.0,35031.0,6.033333333333333,3.4397997357727412,0.0,0.0,0.0,302.0,302.0,0.7719652317880794,0.08341084466808149,0.504,0.961,-0.14737086092715232,0.044577586422471525,-0.295,-0.021,-0.6079453642384106,0.07960252403544972,-0.752,-0.414,0.5245695364238421,18.81750332244027,-63.97,44.56,0.7411920529801329,12.634987344731542,-28.66,32.96,-1.0474172185430466,14.685388104943502,-44.16,34.21,1.000390501951167,0.04178506069409809,151.0,69.07615894039735,6.436030957137808,53.0,85.0,69.0,32.0,65.0,74.0,9.0,74.0,65.0,-9.0,9.0,2.74,11.0,-0.07390031369815259
pull,student1,combined_all,/Users/tylerchen/Cosmos-Gesture-Recognition-/processed/session_kaiwei_discrete/sessions/student1_pull_003,30.0,459508.01666666666,127606.55282472,289499.0,829975.0,289499.0,755276.0,465777.0,7.5,2.217355782608345,0.0,0.0,0.0,301.0,301.0,0.8253471760797342,0.07156268753279589,0.693,0.936,-0.1309152823920266,0.031333226168550804,-0.204,-0.059,-0.5347308970099668,0.0907780503208335,-0.718,-0.409,4.293820598006644,8.539774413351786,-14.19,22.22,3.702524916943522,5.918588820385686,-8.24,18.59,-4.554285714285714,7.924666561087215,-20.91,14.4,0.9991613010250529,0.01715350420996312,150.0,73.48333333333333,5.05984874786099,58.0,83.0,74.0,25.0,71.0,77.0,6.0,76.0,74.0,-2.0,2.0,2.295302013422819,11.0,-0.08130761367171913
pull,student1,combined_all,/Users/tylerchen/Cosmos-Gesture-Recognition-/processed/session_kaiwei_discrete/sessions/student1_pull_004,30.0,421725.1666666667,44649.25000178863,314358.0,498301.0,341044.0,447668.0,106624.0,6.933333333333334,1.8427033281447003,0.0,0.0,0.0,301.0,301.0,0.7906528239202657,0.06468689312434818,0.656,0.867,-0.11995681063122923,0.030458147714794836,-0.19,-0.051,-0.5875747508305648,0.0719309213270061,-0.746,-0.478,4.631777408637874,7.112248972274803,-12.91,22.77,3.064966777408638,4.525852010302816,-5.07,14.44,-4.829302325581395,7.991378068488324,-24.29,10.74,0.9973962278886092,0.01589110267824042,150.0,73.52333333333333,6.25233826506217,61.0,85.0,75.0,24.0,67.25,79.0,11.75,79.0,66.0,-13.0,13.0,2.221476510067114,18.0,-0.10887328325703437
pull,student1,combined_all,/Users/tylerchen/Cosmos-Gesture-Recognition-/processed/session_kaiwei_discrete/sessions/student1_pull_005,30.0,442575.0,67821.32679573094,349228.0,614875.0,361854.0,462042.0,100188.0,7.266666666666667,1.4817407180595246,0.0,0.0,0.0,300.0,300.0,0.8139216666666665,0.06230898420000952,0.661,0.889,-0.13965166666666667,0.04431001952781736,-0.284,-0.052,-0.5546683333333334,0.07133075992891873,-0.735,-0.463,3.0423333333333336,7.427306168855969,-11.57,22.71,2.630666666666667,6.060761081653762,-10.35,16.51,-5.6254,7.852152836855211,-32.72,13.46,1.0000895115825137,0.01956683296497615,149.0,76.14093959731544,5.486186750115026,57.0,86.0,77.0,29.0,72.0,80.0,8.0,84.0,68.0,-16.0,16.0,2.081081081081081,19.0,-0.09228732087792496
pull,student1,combined_all,/Users/tylerchen/Cosmos-Gesture-Recognition-/processed/session_kaiwei_discrete/sessions/student1_pull_006,30.0,416343.1666666667,80406.12615677297,286388.0,622283.0,320903.0,480878.0,159975.0,7.366666666666666,2.3163668870788916,0.0,0.0,0.0,301.0,301.0,0.7926644518272424,0.05673472717735475,0.66,0.867,-0.08849169435215946,0.057829764629020924,-0.198,0.044,-0.5903421926910298,0.06131237239740391,-0.708,-0.497,4.153455149501661,7.312374798751516,-12.54,20.75,1.646395348837209,5.986432893125808,-13.03,16.27,-7.21468438538206,8.113012454063497,-33.75,15.63,0.9972671122963085,0.020790438121133535,151.0,75.17880794701986,5.849314595420825,63.0,87.0,76.0,24.0,69.0,80.0,11.0,81.0,63.0,-18.0,18.0,2.0933333333333333,10.0,-0.11948065528058588
pull,student1,combined_all,/Users/tylerchen/Cosmos-Gesture-Recognition-/processed/session_kaiwei_discrete/sessions/student1_pull_007,30.0,471617.56666666665,98420.03195714558,298832.0,652558.0,298832.0,381804.0,82972.0,7.566666666666666,2.231342396157275,0.0,0.0,0.0,302.0,302.0,0.7839387417218542,0.059578492603487854,0.603,0.859,-0.020592715231788076,0.060186204308146266,-0.155,0.129,-0.6101788079470198,0.06741562764212616,-0.786,-0.503,1.674917218543046,10.159201142134558,-26.8,28.66,2.249039735099338,6.456862467092738,-13.52,21.15,-6.704205298013244,8.734071018367048,-27.74,9.46,0.9993073273470597,0.020097181182735097,151.0,73.55298013245033,5.210934758716774,62.0,82.0,74.0,20.0,69.0,78.0,9.0,74.0,65.0,-9.0,9.0,1.6866666666666668,13.0,-0.1014883234576512
pull,student1,combined_all,/Users/tylerchen/Cosmos-Gesture-Recognition-/processed/session_kaiwei_discrete/sessions/student1_pull_008,30.0,449904.55,84032.08724215114,300739.0,660911.0,328762.0,418103.0,89341.0,7.866666666666666,2.3055488621054105,0.0,0.0,0.0,301.0,301.0,0.7886694352159468,0.057423890692892755,0.622,0.929,-0.05242358803986711,0.07293673508419009,-0.206,0.103,-0.6079651162790698,0.07629488906384276,-0.78,-0.356,-0.8323089700996681,10.868236833315674,-39.83,25.88,0.5503986710963458,9.317376142451897,-28.2,20.51,-3.3256478405315626,12.780428584866034,-30.24,25.06,1.0033066225929237,0.046725741776164745,151.0,74.4271523178808,6.795548002292339,53.0,85.0,75.0,32.0,70.0,80.0,10.0,81.0,69.0,-12.0,12.0,2.4,16.0,-0.11339781573138176
push,student1,combined_all,/Users/tylerchen/Cosmos-Gesture-Recognition-/processed/session_kaiwei_discrete/sessions/student1_push_001,30.0,436040.6,80553.8351893109,281923.0,557046.0,309715.0,453299.0,143584.0,7.783333333333333,2.2864941625894337,0.0,0.0,0.0,301.0,301.0,0.8130199335548173,0.030827668053285472,0.753,0.911,-0.16308305647840532,0.037460075029592824,-0.248,-0.012,-0.5589352159468439,0.052179029491176566,-0.682,-0.311,1.383887043189369,8.878494666401492,-11.54,28.23,1.2392691029900333,7.596660404393276,-9.0,31.71,0.0063122923588041,5.97433097399691,-19.01,13.82,1.0022044053746224,0.025858356454536817,150.0,68.46333333333334,8.636215432829193,38.0,86.0,69.0,48.0,64.0,74.75,10.75,63.0,85.0,22.0,22.0,3.3288590604026846,22.0,0.1405333570380905
push,student1,combined_all,/Users/tylerchen/Cosmos-Gesture-Recognition-/processed/session_kaiwei_discrete/sessions/student1_push_002,30.0,403601.8,62079.225527492956,290551.0,524625.0,314709.0,524625.0,209916.0,7.516666666666667,1.7439578231393351,0.0,0.0,0.0,302.0,302.0,0.8417516556291391,0.05035496285240107,0.65,0.935,-0.13194536423841058,0.03547801989582081,-0.23,-0.021,-0.5166672185430464,0.07043713307907194,-0.694,-0.378,-0.24384105960264935,7.184311994440219,-18.01,19.59,2.314652317880795,9.77510877143347,-13.31,26.46,0.3000662251655633,9.156320076679693,-27.62,15.53,1.000399068860082,0.029289051457612996,151.0,64.16556291390728,6.98613697866848,31.0,75.0,65.0,44.0,62.0,68.0,6.0,71.0,74.0,3.0,3.0,3.513333333333333,31.0,0.06723306610898074
push,student1,combined_all,/Users/tylerchen/Cosmos-Gesture-Recognition-/processed/session_kaiwei_discrete/sessions/student1_push_003,30.0,408087.76666666666,62625.56848374489,287846.0,561584.0,342973.0,439295.0,96322.0,7.283333333333333,1.6108141488769656,0.0,0.0,0.0,302.0,302.0,0.843433774834437,0.04357788473605053,0.726,0.912,-0.19422516556291392,0.02963445555596419,-0.263,-0.106,-0.49670364238410597,0.06758854883053098,-0.715,-0.384,1.869751655629139,7.900564997758052,-12.05,23.16,1.9380960264900664,8.643943239969362,-13.37,29.18,-1.7700662251655628,8.891489308030433,-32.56,11.44,1.0012675349852636,0.02504444327121482,151.0,63.82781456953642,4.811499235763909,54.0,75.0,64.0,21.0,60.0,68.0,8.0,63.0,75.0,12.0,12.0,1.6666666666666667,6.0,0.06212675729057713
push,student1,combined_all,/Users/tylerchen/Cosmos-Gesture-Recognition-/processed/session_kaiwei_discrete/sessions/student1_push_004,30.0,392831.25,42053.03687701005,311018.0,471662.0,311018.0,433391.0,122373.0,6.3,2.177919496522618,0.0,0.0,0.0,301.0,301.0,0.8155647840531562,0.04304691046638393,0.671,0.962,-0.16287873754152823,0.03897074138530706,-0.245,-0.08,-0.5511295681063122,0.06052917110202747,-0.721,-0.397,0.9488372093023253,6.487760646113457,-13.03,19.23,2.1752159468438537,6.234831456602287,-9.67,17.0,0.29196013289036543,7.844368304591415,-35.07,11.9,1.0010020280739493,0.021205577162709904,150.0,60.54666666666667,8.490291863558733,32.0,72.0,62.75,40.0,56.0,67.0,11.0,70.0,66.0,-4.0,4.0,3.221476510067114,30.0,-0.020804480199120415
push,student1,combined_all,/Users/tylerchen/Cosmos-Gesture-Recognition-/processed/session_kaiwei_discrete/sessions/student1_push_005,30.0,454413.8,81747.13058792951,284363.0,578802.0,284363.0,473480.0,189117.0,6.833333333333333,2.1304668241699725,0.0,0.0,0.0,302.0,302.0,0.7456208609271523,0.06655362808316438,0.622,0.943,-0.23415231788079469,0.038491548628490926,-0.434,-0.11,-0.6203360927152318,0.08189289122117019,-0.784,-0.443,0.25961920529801313,10.940713286735242,-22.28,35.8,-1.7545364238410592,9.259669848987569,-18.25,24.35,-1.2220860927152313,10.888195501429806,-42.88,20.63,1.0033980543138319,0.03747558008260919,150.0,63.556666666666665,5.188175263543997,54.0,74.0,63.0,20.0,59.5,68.0,8.5,66.0,67.0,1.0,1.0,1.9530201342281879,7.0,0.06302354178704218
push,student1,combined_all,/Users/tylerchen/Cosmos-Gesture-Recognition-/processed/session_kaiwei_discrete/sessions/student1_push_006,30.0,452279.06666666665,85061.5254871176,309283.0,599410.0,345160.0,309283.0,-35877.0,7.633333333333334,2.373230334843675,0.0,0.0,0.0,301.0,301.0,0.7929186046511628,0.07417359220175872,0.614,0.942,-0.16730897009966778,0.04571741766921333,-0.306,0.003,-0.5728604651162791,0.09074041190983954,-0.833,-0.429,-2.258156146179402,12.703680830768576,-35.19,33.48,-0.8215282392026585,13.041528773404652,-30.61,48.22,1.6150498338870432,10.34138737170226,-33.02,26.03,0.9998858074826403,0.030582936056038075,150.0,71.76666666666667,6.82048500181294,59.0,84.0,72.5,25.0,66.25,77.0,10.75,68.0,77.0,9.0,9.0,2.1946308724832213,11.0,0.13437752789012816
push,student1,combined_all,/Users/tylerchen/Cosmos-Gesture-Recognition-/processed/session_kaiwei_discrete/sessions/student1_push_007,30.0,434496.36666666664,82707.75769115548,306947.0,595061.0,322161.0,316099.0,-6062.0,8.166666666666666,1.8633899812498247,0.0,0.0,0.0,303.0,303.0,0.7757821782178218,0.06478626565693497,0.585,0.944,-0.14917326732673267,0.042723694103382816,-0.285,-0.032,-0.6074075907590759,0.08380768369708594,-0.908,-0.426,-0.29843234323432327,13.58399184893699,-30.15,37.93,-0.748778877887788,9.815335016144779,-22.49,35.13,0.857986798679868,11.224047009013807,-40.5,21.85,1.0025224471099474,0.032088598910360124,151.0,67.87086092715232,5.511945686766437,48.0,77.0,69.0,29.0,63.5,72.0,8.5,73.0,73.0,0.0,0.0,2.493333333333333,14.0,0.05692401533635391
push,student1,combined_all,/Users/tylerchen/Cosmos-Gesture-Recognition-/processed/session_kaiwei_discrete/sessions/student1_push_008,31.0,461154.1612903226,94878.03184227794,281141.0,600848.0,294004.0,363454.0,69450.0,7.161290322580645,2.724995107347468,0.0,0.0,0.0,301.0,301.0,0.7895249169435216,0.05835093135312541,0.642,0.933,-0.17175913621262462,0.0382683935772546,-0.309,-0.08,-0.5836794019933554,0.07254239938554892,-0.762,-0.394,-1.378023255813953,13.283879027705536,-32.96,34.39,0.4919435215946842,10.942056917911588,-18.1,36.47,0.207757475083056,9.287338648597874,-36.5,18.62,1.0014991960418944,0.02575850988149381,150.0,68.68333333333334,6.025478776141366,54.0,84.0,68.0,30.0,65.0,71.75,6.75,69.0,82.0,13.0,13.0,2.436241610738255,16.0,0.09553935730476901
clockwise,student1,combined_all,/Users/tylerchen/Cosmos-Gesture-Recognition-/processed/session_kaiwei_discrete/sessions/student1_clockwise_001,30.0,523464.1666666667,108284.905895846,371247.0,810337.0,404241.0,749222.0,344981.0,6.966666666666667,2.536182608216968,0.0,0.0,0.0,300.0,300.0,0.44621333333333335,0.3830120987935266,-0.297,1.018,-0.32889833333333335,0.27303425395095676,-0.883,0.219,-0.6101633333333333,0.4111576076424006,-1.427,0.152,-23.82296666666667,23.692818072126602,-94.97,29.63,-0.6845000000000042,66.76963118127382,-106.3,119.24,-8.706033333333334,65.11852152241752,-147.95,82.89,1.0130986622451936,0.2085842668811153,149.0,93.11073825503355,31.321720166380178,46.0,218.0,93.0,172.0,69.0,108.0,39.0,99.0,129.0,30.0,30.0,7.013513513513513,89.0,-0.20353709414112098
clockwise,student1,combined_all,/Users/tylerchen/Cosmos-Gesture-Recognition-/processed/session_kaiwei_discrete/sessions/student1_clockwise_002,30.0,513709.51666666666,84433.44971558797,363724.0,651968.0,527985.0,637932.0,109947.0,6.033333333333333,1.755625877635159,0.0,0.0,0.0,300.0,300.0,0.5444716666666666,0.3028743692508068,-0.038,1.125,-0.3521233333333333,0.2972741408008589,-0.9,0.48,-0.5864666666666667,0.3526991950972134,-1.216,-0.06,-21.123133333333328,35.95580430911754,-85.79,62.96,-5.8191999999999995,57.09109338761461,-108.25,96.77,-12.126566666666667,58.506882163943374,-114.47,89.75,1.0188804125908821,0.1754069958424845,149.0,87.69798657718121,22.01966104746992,47.0,145.0,97.0,98.0,67.0,105.0,38.0,103.0,125.0,22.0,22.0,5.054054054054054,37.0,-0.22584557712074524
clockwise,student1,combined_all,/Users/tylerchen/Cosmos-Gesture-Recognition-/processed/session_kaiwei_discrete/sessions/student1_clockwise_003,30.0,520175.1,92192.07743306001,353637.0,723520.0,509791.0,690987.0,181196.0,6.1,2.9591665493288253,0.0,0.0,0.0,302.0,302.0,0.23857284768211917,0.6815107727944857,-1.175,1.28,-0.11852483443708609,0.3211386306233104,-0.964,0.635,-0.6008658940397351,0.4532008560847925,-1.443,0.035,-54.57461920529801,43.98192694509706,-194.22,35.62,0.9099337748344437,97.80495198663611,-185.43,167.76,-21.226721854304635,91.87940232557072,-250.95,116.95,1.0504023770031874,0.3188068043584684,151.0,92.69867549668874,31.270757344532967,35.0,240.0,101.0,205.0,69.0,111.5,42.5,107.0,115.0,8.0,8.0,7.013333333333334,143.0,-0.3474817009410946
clockwise,student1,combined_all,/Users/tylerchen/Cosmos-Gesture-Recognition-/processed/session_kaiwei_discrete/sessions/student1_clockwise_004,31.0,485030.37096774194,56088.752795554035,369850.0,569610.0,496180.0,404406.0,-91774.0,7.596774193548387,2.4043621474537114,0.0,0.0,0.0,302.0,302.0,0.22681125827814566,0.6569960593431717,-1.064,0.983,-0.26062417218543044,0.26687999630723636,-1.048,0.303,-0.5301622516556291,0.5328724346608859,-1.651,0.315,-60.21779801324502,43.10336269593838,-195.53,23.38,4.1015231788079465,99.60492804604303,-193.64,173.19,-22.455347682119204,86.14322688046414,-227.09,83.99,1.0437676280166552,0.3127478918185301,150.0,96.57666666666667,36.30221370126387,37.0,243.0,105.0,206.0,65.25,119.0,53.75,130.0,107.0,-23.0,23.0,6.583892617449664,102.0,-0.008931656221758765
clockwise,student1,combined_all,/Users/tylerchen/Cosmos-Gesture-Recognition-/processed/session_kaiwei_discrete/sessions/student1_clockwise_005,30.0,506451.4166666667,61224.74770440509,391034.0,677960.0,563260.0,494124.0,-69136.0,7.333333333333333,2.022100118413747,0.0,0.0,0.0,302.0,302.0,0.16085927152317886,0.6433958622980724,-0.992,1.26,-0.1755860927152318,0.2656902092475956,-0.741,0.477,-0.6175645695364239,0.47952271038103333,-1.588,0.238,-66.4834105960265,40.15099357908472,-206.03,56.43,8.113145695364238,94.18579287332803,-179.42,160.86,-22.453112582781458,82.89341626358666,-211.62,99.0,1.0345990702070287,0.28668535949174895,151.0,94.81456953642385,46.04004111980642,34.0,292.0,95.0,258.0,58.0,117.0,59.0,108.0,116.0,8.0,8.0,7.453333333333333,144.0,-0.25054722899965176
clockwise,student1,combined_all,/Users/tylerchen/Cosmos-Gesture-Recognition-/processed/session_kaiwei_discrete/sessions/student1_clockwise_006,31.0,496134.3387096774,86343.70007234844,344106.0,708064.0,344106.0,636676.0,292570.0,7.258064516129032,2.16969957687745,0.0,0.0,0.0,301.0,301.0,0.135265780730897,0.602454421410781,-0.999,1.146,-0.22755813953488374,0.2372560102376352,-0.817,0.371,-0.631247508305648,0.45862897192114777,-1.335,0.232,-60.655514950166115,38.27016307377215,-181.92,45.26,9.033970099667775,89.20650310719351,-160.8,128.76,-20.434916943521596,79.19006004780627,-177.13,92.14,1.0213290309900511,0.23456820684197066,150.0,87.0,33.78057898820746,30.0,151.0,88.0,121.0,55.25,116.5,61.25,112.0,131.0,19.0,19.0,5.859060402684563,39.0,-0.18843681941419654
clockwise,student1,combined_all,/Users/tylerchen/Cosmos-Gesture-Recognition-/processed/session_kaiwei_discrete/sessions/student1_clockwise_007,30.0,498230.26666666666,69983.16042386355,343139.0,651616.0,343139.0,577071.0,233932.0,7.533333333333333,2.0933757957476775,0.0,0.0,0.0,302.0,302.0,0.12135430463576162,0.6195203257931688,-0.983,1.088,-0.18466390728476823,0.28880015275283455,-0.8,0.933,-0.631364238410596,0.485888059880415,-1.43,0.387,-58.163907284768214,49.24685412312665,-220.56,53.07,13.995860927152318,89.83309819260003,-169.07,147.22,-20.61264900662252,79.28675307294601,-175.57,148.69,1.0382463110110771,0.26979843246074764,147.0,87.02380952380952,30.54103709318905,36.0,147.0,93.0,111.0,55.5,113.0,57.5,113.0,100.0,-13.0,13.0,5.390410958904109,33.0,-0.21731810087974485
clockwise,student1,combined_all,/Users/tylerchen/Cosmos-Gesture-Recognition-/processed/session_kaiwei_discrete/sessions/student1_clockwise_008,30.0,492171.4,93518.62840404222,289689.0,722963.0,335784.0,474138.0,138354.0,7.516666666666667,2.3039217772215177,0.0,0.0,0.0,302.0,302.0,0.07333278145695366,0.714360317659851,-1.088,1.247,-0.14336920529801325,0.3064757194049782,-0.881,0.674,-0.569705298013245,0.5056161894476221,-1.616,0.455,-64.91430463576158,51.880898081628764,-372.17,74.25,10.285380794701984,101.60731367046618,-185.86,165.9,-13.694470198675495,82.85567099946925,-209.27,119.05,1.053999741935494,0.3153836671606269,150.0,91.79333333333334,34.4833967764756,33.0,147.0,100.0,114.0,58.0,122.0,64.0,128.0,122.0,-6.0,6.0,5.073825503355705,26.0,-0.2692261878305705
anti_clockwise,student1,combined_all,/Users/tylerchen/Cosmos-Gesture-Recognition-/processed/session_kaiwei_discrete/sessions/student1_anti_clockwise_001,31.0,479988.93548387097,69937.13980577618,338995.0,661199.0,338995.0,432703.0,93708.0,6.725806451612903,1.366881957273439,0.0,0.0,0.0,302.0,302.0,-0.035993377483443674,0.6822101305373571,-1.251,1.098,-0.20732450331125826,0.31574417613603917,-1.03,0.419,-0.6032880794701986,0.4798849870386167,-1.457,0.368,81.92600993377484,46.53208122185864,0.49,244.0,-8.313360927152319,95.19641152166146,-167.0,146.95,3.017218543046354,95.53422466493211,-142.8,209.57,1.0588417834118824,0.28720063576633653,151.0,86.10264900662251,33.670081570082104,24.0,139.0,92.0,115.0,55.0,116.0,61.0,120.0,123.0,3.0,3.0,4.806666666666667,51.0,0.27641512722202866
anti_clockwise,student1,combined_all,/Users/tylerchen/Cosmos-Gesture-Recognition-/processed/session_kaiwei_discrete/sessions/student1_anti_clockwise_002,30.0,490307.8333333333,100201.16183094996,281856.0,660667.0,281856.0,454433.0,172577.0,7.366666666666666,1.7172329163188342,0.0,0.0,0.0,302.0,302.0,-0.04908112582781456,0.6574425421534338,-1.136,0.969,-0.21524834437086096,0.2989222493772512,-0.913,0.367,-0.6406572847682119,0.4187769355930201,-1.359,0.254,71.5858940397351,44.92241491855263,-7.75,197.33,-7.964801324503308,86.93124125662466,-135.99,134.01,12.948807947019866,89.87518199690257,-105.59,181.59,1.052600566730838,0.21948562436301933,150.0,83.08333333333333,30.963033635313675,19.0,126.0,83.5,107.0,58.25,110.0,51.75,105.0,120.0,15.0,15.0,5.483221476510067,35.0,0.04567580781368033
anti_clockwise,student1,combined_all,/Users/tylerchen/Cosmos-Gesture-Recognition-/processed/session_kaiwei_discrete/sessions/student1_anti_clockwise_003,30.0,524062.86666666664,107841.86285227498,317567.0,758930.0,377779.0,474093.0,96314.0,6.833333333333333,2.5044405008349115,0.0,0.0,0.0,302.0,302.0,-0.009056291390728475,0.6923005894138777,-1.199,1.202,-0.18554966887417218,0.38184762899802527,-0.941,0.709,-0.6055662251655629,0.4489877805365989,-1.44,0.276,87.01384105960265,50.89403107588891,-24.08,238.23,-9.955579470198685,83.90208288236146,-164.89,117.62,1.122384105960259,107.00499830009556,-192.3,223.61,1.081210077169683,0.2426595620750673,151.0,85.82450331125828,30.862879465764735,29.0,127.0,93.0,98.0,60.5,114.0,53.5,121.0,112.0,-9.0,9.0,4.233333333333333,24.0,0.027467758800976107
anti_clockwise,student1,combined_all,/Users/tylerchen/Cosmos-Gesture-Recognition-/processed/session_kaiwei_discrete/sessions/student1_anti_clockwise_004,30.0,495776.1,111178.79668544418,313978.0,724156.0,359626.0,374217.0,14591.0,6.916666666666667,2.008661798865658,0.0,0.0,0.0,302.0,302.0,0.003993377483443695,0.6072411114476914,-1.03,0.967,-0.2885480132450331,0.28087363149094957,-0.786,0.364,-0.6428278145695365,0.4570137354843353,-1.341,0.391,66.04821192052981,40.09758428729771,-11.11,187.57,-10.565231788079473,83.96992076032907,-180.21,100.74,10.011804635761589,90.16723493284765,-122.38,190.07,1.0532572849145614,0.20891604220480822,150.0,81.13666666666667,29.827124758592696,30.0,130.0,86.0,100.0,53.0,107.0,54.0,122.0,116.0,-6.0,6.0,3.9060402684563758,21.0,0.2036063825058892
anti_clockwise,student1,combined_all,/Users/tylerchen/Cosmos-Gesture-Recognition-/processed/session_kaiwei_discrete/sessions/student1_anti_clockwise_005,30.0,511634.7,45365.19415269653,409215.0,599811.0,582714.0,409215.0,-173499.0,7.366666666666666,1.9745604292826515,0.0,0.0,0.0,301.0,301.0,0.10211627906976747,0.6915077198979874,-1.134,1.239,-0.21641860465116278,0.3344840190344153,-0.938,0.821,-0.5890132890365448,0.43340891730353925,-1.316,0.164,74.52918604651163,47.951294128070714,-32.07,231.88,-12.638073089700997,89.76550663628583,-174.93,122.1,13.866960132890366,97.35803204904836,-127.02,221.78,1.0576179676237134,0.25209405264206397,150.0,85.7,30.65323482716184,30.0,135.0,92.5,105.0,63.0,112.0,49.0,113.0,114.0,1.0,1.0,3.0,26.0,0.3954540201786745
anti_clockwise,student1,combined_all,/Users/tylerchen/Cosmos-Gesture-Recognition-/processed/session_kaiwei_discrete/sessions/student1_anti_clockwise_006,30.0,496443.45,55183.16852452234,404262.0,635509.0,554664.0,467520.0,-87144.0,7.4,1.2274635093014648,0.0,0.0,0.0,301.0,301.0,0.07239534883720929,0.664064521181035,-1.134,1.124,-0.2882292358803986,0.3031089909714355,-0.966,0.219,-0.5549617940199335,0.4534184052301281,-1.483,0.204,78.67353820598007,40.68216523198865,12.51,202.7,-15.899451827242524,80.87835117930854,-158.36,98.54,15.391029900332226,108.30459434429439,-116.86,243.87,1.0335936255591867,0.2577382157834776,151.0,85.86092715231788,30.45604258273429,26.0,137.0,92.0,111.0,61.0,113.0,52.0,107.0,107.0,0.0,0.0,5.346666666666667,25.0,0.36876437783199695
anti_clockwise,student1,combined_all,/Users/tylerchen/Cosmos-Gesture-Recognition-/processed/session_kaiwei_discrete/sessions/student1_anti_clockwise_007,30.0,475243.8,50357.939848250346,395459.0,567400.0,410261.0,395459.0,-14802.0,6.9,2.055075018906447,0.0,0.0,0.0,301.0,301.0,0.007312292358803977,0.6011635020693228,-0.995,1.091,-0.2148687707641196,0.37302488523529,-1.098,0.437,-0.6129152823920266,0.4690768150714176,-1.234,0.408,80.60019933554818,48.02780568480245,-11.29,222.48,-19.879335548172758,75.74614424727683,-140.63,91.92,6.179368770764125,111.3608041029937,-123.97,240.79,1.043197815422893,0.23281687915274626,150.0,82.41,31.75536048391023,25.0,127.0,89.0,102.0,52.25,112.0,59.75,111.0,107.0,-4.0,4.0,5.74496644295302,32.0,0.24399573314369535
anti_clockwise,student1,combined_all,/Users/tylerchen/Cosmos-Gesture-Recognition-/processed/session_kaiwei_discrete/sessions/student1_anti_clockwise_008,30.0,513666.68333333335,99497.17822217231,399361.0,828411.0,413605.0,399361.0,-14244.0,6.633333333333334,1.4940623220676648,0.0,0.0,0.0,301.0,301.0,0.017993355481727587,0.6357192227614393,-1.198,1.1,-0.17306644518272427,0.4477613517747788,-1.532,0.661,-0.5716860465116279,0.4847714151318764,-1.359,0.526,88.56279069767443,46.81791332397456,-10.86,250.74,-22.194617940199336,81.06136335009602,-166.2,88.35,4.16598006644518,114.84392213470417,-153.87,262.0,1.0619592377367737,0.2626323508478165,150.0,82.85333333333334,32.72918912880493,23.0,130.0,90.5,107.0,56.0,112.0,56.0,121.0,106.0,-15.0,15.0,4.23489932885906,17.0,0.22532557002533382
right,student1,combined_all,/Users/tylerchen/Cosmos-Gesture-Recognition-/processed/session_kaiwei_discrete/sessions/student1_right_001,30.0,466566.98333333334,81757.61816659485,307136.0,664193.0,455993.0,307136.0,-148857.0,4.6,2.430363484474425,0.0,0.0,0.0,301.0,301.0,0.6775365448504983,0.042957452238982376,0.554,0.789,-0.22309634551495017,0.17715852658413597,-0.625,0.253,-0.6821146179401995,0.04607653150658383,-0.801,-0.552,-31.482009966777404,18.20175954889515,-58.5,11.41,9.435747508305647,8.316302397748618,-6.26,25.82,34.618355481727576,23.69188560579377,-13.55,72.6,1.0040372774370736,0.037024039684158364,149.0,82.08724832214764,17.177996172785807,46.0,112.0,84.0,66.0,70.0,98.0,28.0,54.0,105.0,51.0,51.0,3.614864864864865,62.0,0.37042263740250303
right,student1,combined_all,/Users/tylerchen/Cosmos-Gesture-Recognition-/processed/session_kaiwei_discrete/sessions/student1_right_002,30.0,446601.3333333333,86109.15305174525,325673.0,657028.0,359992.0,337141.0,-22851.0,5.333333333333333,2.086996778999804,0.0,0.0,0.0,301.0,301.0,0.7483322259136213,0.03839432288478823,0.633,0.859,-0.26324584717607974,0.15448920618215514,-0.622,0.215,-0.6000913621262458,0.056458863534792895,-0.756,-0.464,-37.393222591362125,24.485472998367328,-81.18,10.01,10.023970099667773,9.675669331493042,-10.38,31.16,29.47461794019933,21.3232451795434,-11.6,69.92,1.007915446831048,0.045213200090270016,151.0,88.54635761589404,14.519911729917355,58.0,107.0,92.0,49.0,79.5,100.0,20.5,60.0,101.0,41.0,41.0,2.3266666666666667,21.0,0.3100993377483439
right,student1,combined_all,/Users/tylerchen/Cosmos-Gesture-Recognition-/processed/session_kaiwei_discrete/sessions/student1_right_003,30.0,481069.13333333336,87441.35222907345,336061.0,677499.0,521576.0,336061.0,-185515.0,6.6,2.8,0.0,0.0,0.0,301.0,301.0,0.778531561461794,0.06570125754000837,0.472,1.02,-0.1569036544850498,0.18376765814292723,-0.471,0.309,-0.5669784053156146,0.07263884246558526,-0.736,-0.304,-35.63808970099668,29.52723808395303,-78.19,51.58,7.1064451827242525,9.928792202770639,-26.43,43.95,26.420764119601326,24.520195996534778,-51.61,70.47,0.9945476944699,0.08020694083532401,150.0,85.87,13.284374178539094,62.0,104.0,89.5,42.0,74.0,99.0,25.0,67.0,101.0,34.0,34.0,2.4563758389261743,19.0,0.28827681230276914
right,student1,combined_all,/Users/tylerchen/Cosmos-Gesture-Recognition-/processed/session_kaiwei_discrete/sessions/student1_right_004,30.0,443238.8,74217.06100729131,292975.0,568045.0,479198.0,328740.0,-150458.0,6.0,3.0550504633038935,0.0,0.0,0.0,302.0,302.0,0.7806059602649007,0.044227443640239845,0.633,0.924,-0.17336754966887416,0.15048117307586112,-0.487,0.305,-0.5875463576158941,0.05533927120105724,-0.728,-0.424,-41.30776490066225,24.633508116942068,-74.01,21.52,6.379370860927152,6.370299352667394,-10.96,18.86,30.298907284768212,19.191253124485975,-7.14,66.26,1.0049284687526165,0.04893416675294568,151.0,89.49006622516556,13.407643367208557,60.0,107.0,94.0,47.0,79.0,100.5,21.5,61.0,104.0,43.0,43.0,2.486666666666667,10.0,0.28672533983966536
right,student1,combined_all,/Users/tylerchen/Cosmos-Gesture-Recognition-/processed/session_kaiwei_discrete/sessions/student1_right_005,30.0,440867.75,72439.88533590571,300985.0,600760.0,341372.0,300985.0,-40387.0,5.733333333333333,2.4756592836836186,0.0,0.0,0.0,302.0,302.0,0.8087947019867551,0.0394999182370248,0.733,0.933,-0.12860927152317883,0.11110211569864165,-0.334,0.219,-0.570592715231788,0.05926288739034045,-0.81,-0.407,-41.63862582781457,20.74430948099837,-81.21,11.69,2.116258278145696,8.065505381507114,-18.56,20.26,26.009768211920534,14.956053469305928,-7.93,56.4,1.006003625232862,0.04047197614123455,151.0,87.24503311258277,12.2662297317566,61.0,114.0,88.0,53.0,78.0,99.0,21.0,70.0,102.0,32.0,32.0,3.066666666666667,36.0,0.2427187173231088
right,student1,combined_all,/Users/tylerchen/Cosmos-Gesture-Recognition-/processed/session_kaiwei_discrete/sessions/student1_right_006,31.0,448455.4193548387,69150.81589599798,314196.0,615731.0,325928.0,353456.0,27528.0,6.451612903225806,3.280821196152547,0.0,0.0,0.0,301.0,301.0,0.7960199335548174,0.03890228230698709,0.708,0.88,-0.19153488372093025,0.10404786439639978,-0.549,0.059,-0.5691162790697675,0.05710529501176394,-0.712,-0.372,-40.207458471760795,16.799312172552387,-62.75,13.49,7.480963455149501,7.670167025213842,-7.39,26.64,27.87102990033223,15.115003940523124,-22.52,64.58,1.0041758392168212,0.038182845710359334,150.0,83.86666666666666,14.532498488018176,60.0,110.0,83.5,50.0,69.5,94.75,25.25,66.0,105.0,39.0,39.0,2.0604026845637584,8.0,0.3262029423529932
right,student1,combined_all,/Users/tylerchen/Cosmos-Gesture-Recognition-/processed/session_kaiwei_discrete/sessions/student1_right_007,30.0,454441.6666666667,59282.74464593855,311798.0,575739.0,353148.0,433097.0,79949.0,6.916666666666667,2.1912071761677145,0.0,0.0,0.0,301.0,301.0,0.8025780730897011,0.04639268065743848,0.597,0.898,-0.09123754152823922,0.09738343003023797,-0.317,0.207,-0.5864983388704319,0.052249724221826194,-0.759,-0.41,-43.65759136212625,16.32272712578015,-69.0,2.66,4.253039867109634,5.217620078235156,-10.41,27.01,30.396611295681065,14.633281679197237,-4.94,58.9,1.0042977921794387,0.04677547919658005,151.0,82.1456953642384,14.606458549100063,44.0,108.0,84.0,64.0,76.0,93.0,17.0,57.0,106.0,49.0,49.0,2.7666666666666666,24.0,0.31232136632973156
right,student1,combined_all,/Users/tylerchen/Cosmos-Gesture-Recognition-/processed/session_kaiwei_discrete/sessions/student1_right_008,30.0,459857.18333333335,66691.3810766283,354237.0,620931.0,354237.0,361680.0,7443.0,6.75,2.027929979067325,0.0,0.0,0.0,301.0,301.0,0.8305514950166113,0.040569761210933176,0.685,0.918,-0.1102375415282392,0.13078188412474556,-0.565,0.132,-0.5348388704318937,0.04663301237422575,-0.646,-0.418,-39.99059800664451,15.708632543613257,-77.03,5.07,1.642325581395349,5.807581758989902,-20.08,14.37,27.057043189368777,13.750211507698355,-19.9,60.18,1.003883628530464,0.03410020106856478,150.0,82.75,13.182985526145067,61.0,106.0,84.0,45.0,69.0,95.0,26.0,61.0,98.0,37.0,37.0,2.5704697986577183,28.0,0.29113916174052157
left,student1,combined_all,/Users/tylerchen/Cosmos-Gesture-Recognition-/processed/session_kaiwei_discrete/sessions/student1_left_001,30.0,443641.43333333335,76299.0288001463,324360.0,624403.0,377136.0,371722.0,-5414.0,5.5,2.825479310370779,0.0,0.0,0.0,301.0,301.0,0.7680813953488372,0.0732554587580085,0.58,0.931,-0.17128571428571432,0.18947272026027565,-0.665,0.336,-0.5895249169435216,0.06393679270837148,-0.71,-0.405,31.894568106312292,21.800313962189,-17.55,74.1,-4.895382059800665,7.320102817085386,-20.81,12.97,-29.888172757475083,21.99189461795182,-63.39,15.93,1.0053792850398113,0.037338105629449,150.0,69.31666666666666,11.163882420265466,50.0,92.0,70.0,42.0,58.0,77.0,19.0,91.0,50.0,-41.0,41.0,2.1677852348993287,8.0,-0.2500031112493893
left,student1,combined_all,/Users/tylerchen/Cosmos-Gesture-Recognition-/processed/session_kaiwei_discrete/sessions/student1_left_002,30.0,414581.0833333333,46483.48553125854,342705.0,521206.0,401481.0,352138.0,-49343.0,5.116666666666666,1.6816823586978473,0.0,0.0,0.0,303.0,303.0,0.7961039603960396,0.05227290021856345,0.648,0.972,-0.2338118811881188,0.18608492418271189,-0.561,0.222,-0.5329224422442245,0.04846518696787234,-0.707,-0.43,32.68438943894389,19.311908949336914,-14.28,62.81,-12.44437293729373,7.948080248701296,-27.83,5.34,-27.405610561056104,21.015829148340348,-71.72,18.4,1.0050699406284735,0.04471224540086834,151.0,72.05629139072848,15.122669853166098,53.0,101.0,69.0,48.0,57.0,84.5,27.5,96.0,54.0,-42.0,42.0,1.5866666666666667,6.0,-0.33722028581387287
left,student1,combined_all,/Users/tylerchen/Cosmos-Gesture-Recognition-/processed/session_kaiwei_discrete/sessions/student1_left_003,30.0,447736.8333333333,71298.50935051557,306122.0,596304.0,306122.0,363183.0,57061.0,5.633333333333334,1.8162843634433703,0.0,0.0,0.0,301.0,301.0,0.8468754152823921,0.05457284443583926,0.676,1.024,-0.23667275747508307,0.15433581203147861,-0.58,0.2,-0.46127076411960133,0.05413584912419896,-0.656,-0.291,44.80579734219268,16.513650641326414,-16.75,86.49,-10.922591362126246,8.150162377107245,-33.94,13.25,-27.500132890365453,13.366576901190143,-56.7,5.13,1.0064995906398844,0.05166897908263892,150.0,80.44,15.217541097266006,51.0,107.0,81.0,56.0,70.0,94.0,24.0,100.0,60.0,-40.0,40.0,2.2550335570469797,8.0,-0.34097871016489667
left,student1,combined_all,/Users/tylerchen/Cosmos-Gesture-Recognition-/processed/session_kaiwei_discrete/sessions/student1_left_004,30.0,433945.75,56942.55611472993,318538.0,529904.0,318538.0,468996.0,150458.0,5.5,2.0453198608856593,0.0,0.0,0.0,302.0,302.0,0.8503145695364237,0.05388384662216921,0.637,1.049,-0.24645364238410597,0.16400810033448832,-0.708,0.216,-0.4462102649006622,0.06134086780854984,-0.71,-0.301,43.22307947019867,16.030416409073204,-16.42,73.46,-14.49471854304636,8.58911338228672,-36.53,10.35,-26.543013245033112,14.293674208449975,-74.4,13.92,1.0072142611950772,0.044295886083427355,151.0,82.18211920529801,18.003748076785623,53.0,114.0,82.0,61.0,68.5,96.5,28.0,112.0,57.0,-55.0,55.0,2.2066666666666666,8.0,-0.40682119205298045
left,student1,combined_all,/Users/tylerchen/Cosmos-Gesture-Recognition-/processed/session_kaiwei_discrete/sessions/student1_left_005,30.0,438982.76666666666,59110.78601952063,321231.0,541771.0,473409.0,387231.0,-86178.0,5.033333333333333,2.6768555350551804,0.0,0.0,0.0,302.0,302.0,0.8354254966887417,0.054974093045818,0.671,0.98,-0.23938245033112582,0.13927980648081625,-0.605,0.08,-0.4797682119205299,0.05670649643438021,-0.633,-0.308,39.501556291390735,21.129989513709663,-29.24,67.69,-8.896523178807946,7.994040629983914,-25.39,14.16,-25.442450331125826,18.18381920144512,-67.75,47.06,1.0037312312190367,0.05981231333521632,151.0,86.20529801324503,14.697196050401226,58.0,119.0,84.0,61.0,75.0,98.0,23.0,106.0,58.0,-48.0,48.0,2.4133333333333336,19.0,-0.3088166608574422
left,student1,combined_all,/Users/tylerchen/Cosmos-Gesture-Recognition-/processed/session_kaiwei_discrete/sessions/student1_left_006,30.0,435778.2,65862.914032304,321266.0,569286.0,349780.0,325260.0,-24520.0,6.25,2.261083810919003,0.0,0.0,0.0,301.0,301.0,0.8476162790697676,0.05726454954817136,0.684,1.086,-0.2006262458471761,0.1932691398983092,-0.606,0.318,-0.460750830564784,0.06607173722131916,-0.678,-0.3,43.421445182724256,21.800903830199907,-12.02,75.9,-11.165847176079735,10.380273828151594,-32.62,20.08,-28.04511627906976,17.09588172134836,-61.4,14.86,1.0062286927590498,0.05913591406913408,149.0,83.54026845637584,18.27173980777747,35.0,117.0,83.0,82.0,72.0,98.0,26.0,101.0,61.0,-40.0,40.0,2.972972972972973,26.0,-0.3818538001088344
left,student1,combined_all,/Users/tylerchen/Cosmos-Gesture-Recognition-/processed/session_kaiwei_discrete/sessions/student1_left_007,30.0,460355.0,84336.72137726643,302028.0,645233.0,326855.0,326103.0,-752.0,6.3,2.4515301344262523,0.0,0.0,0.0,302.0,302.0,0.8037582781456954,0.03847467315196769,0.671,0.914,-0.22090066225165564,0.15790018267576192,-0.611,0.136,-0.5381937086092714,0.08785882750008632,-0.768,-0.37,41.36024834437085,19.793885569654574,-18.56,78.65,-14.515993377483444,9.990589289142408,-40.13,11.99,-29.78938741721854,18.24758864697958,-71.38,12.3,1.008470891842096,0.039941736287268985,150.0,81.94,20.144105004763876,51.0,121.0,82.5,70.0,64.0,100.75,36.75,113.0,53.0,-60.0,60.0,2.4563758389261743,8.0,-0.4572487666118499
left,student1,combined_all,/Users/tylerchen/Cosmos-Gesture-Recognition-/processed/session_kaiwei_discrete/sessions/student1_left_008,30.0,440950.6666666667,64863.80566352513,323650.0,559471.0,323650.0,332440.0,8790.0,5.616666666666666,2.3653165162874545,0.0,0.0,0.0,300.0,300.0,0.8153333333333334,0.05453399593797397,0.636,0.979,-0.24136833333333332,0.1887569296667601,-0.872,0.347,-0.51178,0.07731502134725131,-0.74,-0.308,41.5867,21.766933928059746,-10.25,80.66,-14.789516666666668,10.104507497009918,-41.44,8.55,-29.51531666666667,19.783398540604416,-70.22,21.67,1.0131891884475015,0.05453715549751443,150.0,80.97,18.19250435660524,52.0,114.0,81.0,62.0,63.5,94.0,30.5,102.0,58.0,-44.0,44.0,3.3422818791946307,23.0,-0.4039121738743946
bye_bye,student1,combined_all,/Users/tylerchen/Cosmos-Gesture-Recognition-/processed/session_kaiwei_discrete/sessions/student1_bye_bye_001,30.0,477616.7,34830.84950595228,406422.0,544844.0,501413.0,487370.0,-14043.0,7.233333333333333,1.977933826552906,0.0,0.0,0.0,301.0,301.0,0.47872923588039873,0.38633315018600034,-0.391,1.167,-0.43349833887043193,1.0884555293469784,-2.528,1.362,-0.33684385382059806,0.18992092830195142,-0.826,0.053,-7.942691029900331,220.2018653871962,-367.66,379.99,1.2381395348837205,91.77581058118938,-167.91,157.6,-7.735083056478403,308.63402665354613,-532.49,506.7,1.2716376345795863,0.532506056841916,150.0,73.53666666666666,3.1299752341580835,65.0,82.0,73.83333333333334,17.0,72.0,76.0,4.0,73.0,72.0,-1.0,1.0,2.7181208053691277,14.0,-0.00791827784938597
bye_bye,student1,combined_all,/Users/tylerchen/Cosmos-Gesture-Recognition-/processed/session_kaiwei_discrete/sessions/student1_bye_bye_002,30.0,447131.65,48982.88002849397,375964.0,553420.0,499230.0,449691.0,-49539.0,6.433333333333334,2.124199195513976,0.0,0.0,0.0,301.0,301.0,0.6133621262458472,0.27535287856678375,0.136,1.078,-0.22838870431893685,0.9589192690334106,-2.081,1.105,-0.4433521594684385,0.178351147452609,-0.829,-0.0,-7.687906976744186,184.32596629820074,-329.45,276.74,3.16734219269103,75.36068356127818,-129.86,138.52,-8.442923588039868,255.87322197333214,-431.96,342.42,1.2241932037789962,0.39171563583318997,151.0,73.72847682119205,3.6754750710340147,56.0,81.0,74.0,25.0,71.0,76.5,5.5,67.0,76.0,9.0,9.0,2.7,21.0,-0.013902056465667723
bye_bye,student1,combined_all,/Users/tylerchen/Cosmos-Gesture-Recognition-/processed/session_kaiwei_discrete/sessions/student1_bye_bye_003,30.0,504317.05,77789.55854765579,385333.0,644508.0,480429.0,489494.0,9065.0,7.6,1.7048949136725897,0.0,0.0,0.0,301.0,301.0,0.5742558139534883,0.3014536614050385,0.037,1.118,-0.21380066445182724,0.9849961297120569,-2.158,1.419,-0.4305182724252492,0.1848436609024688,-0.933,0.112,4.385813953488372,216.55793887115948,-424.51,338.18,-5.211063122923589,86.89154835931056,-155.22,162.08,8.908538205980067,275.7552687192659,-491.81,379.44,1.214194175292417,0.4264010038162159,151.0,78.70860927152317,9.539454494518024,48.0,114.0,77.0,66.0,75.0,82.0,7.0,69.0,92.0,23.0,23.0,5.793333333333333,53.0,0.006101429069361431
bye_bye,student1,combined_all,/Users/tylerchen/Cosmos-Gesture-Recognition-/processed/session_kaiwei_discrete/sessions/student1_bye_bye_004,30.0,484936.8333333333,52659.78868110742,384332.0,564811.0,478266.0,529066.0,50800.0,6.516666666666667,1.485952743378993,0.0,0.0,0.0,301.0,301.0,0.6346976744186046,0.2633299755840632,0.183,1.14,-0.1296644518272425,0.9319232517799351,-2.035,1.336,-0.4514235880398671,0.17865598696069715,-0.949,-0.077,-3.620099667774087,190.30620349852836,-365.46,302.62,-0.531295681063123,74.81442785939878,-155.92,120.4,-4.05514950166113,247.0079046411475,-435.47,385.91,1.2036738338137247,0.3799317708972155,151.0,79.9271523178808,6.162508392570061,67.0,98.0,78.0,31.0,76.0,82.0,6.0,79.0,78.0,-1.0,1.0,3.82,26.0,0.011350644823980205
bye_bye,student1,combined_all,/Users/tylerchen/Cosmos-Gesture-Recognition-/processed/session_kaiwei_discrete/sessions/student1_bye_bye_005,30.0,467097.9166666667,63676.829691037456,391616.0,627727.0,456087.0,478445.0,22358.0,7.466666666666667,2.0933757957476775,0.0,0.0,0.0,300.0,300.0,0.60678,0.2903090995243977,0.06,1.087,-0.14621,0.9515318522782094,-2.283,1.181,-0.46793499999999993,0.1707942913029199,-0.959,-0.176,6.357900000000001,208.04317992007492,-411.79,350.17,-4.254200000000001,75.6444472363526,-152.41,117.95,8.7985,244.50337020461836,-394.57,365.79,1.2109910830951474,0.4011059990792651,150.0,80.69,9.657371910347301,51.0,115.0,77.0,64.0,76.0,83.0,7.0,78.0,107.0,29.0,29.0,5.617449664429531,54.0,0.03927196764300633
bye_bye,student1,combined_all,/Users/tylerchen/Cosmos-Gesture-Recognition-/processed/session_kaiwei_discrete/sessions/student1_bye_bye_006,30.0,499021.5333333333,62657.78888200749,360430.0,616391.0,531110.0,552647.0,21537.0,7.316666666666666,1.5192286054295963,0.0,0.0,0.0,301.0,301.0,0.6002524916943521,0.2929176111906191,-0.057,1.133,-0.18850166112956812,0.9433274204062256,-2.378,1.406,-0.44392192691029897,0.17905050084312749,-1.045,-0.03,0.9791694352159466,214.45348781694295,-431.04,354.75,-3.3037209302325574,81.23236025705573,-160.92,152.07,4.669003322259133,250.86846227148956,-447.68,371.65,1.195219160674141,0.41482550074832353,151.0,82.79139072847683,12.949077166361606,53.0,123.0,79.0,70.0,76.0,89.83333333333334,13.833333333333343,97.0,97.0,0.0,0.0,7.973333333333334,70.0,-0.020986406413385242
bye_bye,student1,combined_all,/Users/tylerchen/Cosmos-Gesture-Recognition-/processed/session_kaiwei_discrete/sessions/student1_bye_bye_007,31.0,498156.0,51687.984573068876,414794.0,635789.0,414794.0,434973.0,20179.0,7.435483870967742,1.4741970777115938,0.0,0.0,0.0,300.0,300.0,0.5882633333333332,0.29687832634861633,-0.089,1.142,-0.12963333333333332,0.9884702923653744,-2.181,1.592,-0.42648,0.19064673499161472,-1.007,0.302,-3.562699999999998,205.5094660894643,-485.37,384.75,-1.1796999999999993,80.80006291402255,-165.23,194.56,0.912766666666665,264.52076245544924,-492.08,387.4,1.2178991471123686,0.4037596381833228,151.0,81.50993377483444,10.778639400634866,54.0,112.0,79.0,58.0,76.0,87.0,11.0,79.0,82.0,3.0,3.0,6.593333333333334,45.0,0.025514116416869355
bye_bye,student1,combined_all,/Users/tylerchen/Cosmos-Gesture-Recognition-/processed/session_kaiwei_discrete/sessions/student1_bye_bye_008,30.0,478524.36666666664,60176.9065685962,390567.0,614618.0,450624.0,443270.0,-7354.0,6.733333333333333,1.6519348924485155,0.0,0.0,0.0,302.0,302.0,0.6075877483443709,0.2939677806188119,0.151,1.115,-0.17312582781456956,0.9551152858859101,-2.142,1.274,-0.443456953642384,0.17433956579885868,-0.923,-0.11,-4.441688741721856,187.54375151392372,-321.09,301.0,-0.8437748344370859,71.62784546077924,-144.02,123.81,-1.0093708609271506,249.51264809266374,-404.46,361.37,1.2177491388422201,0.3767400673611527,151.0,83.72185430463576,8.447018361842126,65.0,115.0,81.0,50.0,78.0,89.0,11.0,91.0,76.0,-15.0,15.0,6.126666666666667,47.0,0.004421401185081579
t_arm,student1,combined_all,/Users/tylerchen/Cosmos-Gesture-Recognition-/processed/session_kaiwei_discrete/sessions/student1_t_arm_001,30.0,402797.13333333336,56434.0628313157,288880.0,504707.0,288880.0,421358.0,132478.0,4.9,3.036994127971494,0.0,0.0,0.0,301.0,301.0,0.5524750830564784,0.408116743275486,-0.484,0.862,-0.4771544850498338,0.3283741488243204,-1.676,0.161,-0.4612209302325581,0.25041413245798017,-1.154,0.127,32.21019933554817,75.54878901888105,-11.78,371.96,-26.642475083056475,56.53471928224698,-159.34,33.72,-30.57232558139535,70.63237639065864,-224.52,30.34,1.02244048300869,0.19323928348952993,150.0,94.78666666666666,19.152018719421793,68.0,154.0,88.0,86.0,84.0,99.75,15.75,128.0,86.0,-42.0,42.0,5.543624161073826,39.0,-0.27140761811636094
t_arm,student1,combined_all,/Users/tylerchen/Cosmos-Gesture-Recognition-/processed/session_kaiwei_discrete/sessions/student1_t_arm_002,30.0,368627.05,44846.107456937294,302404.0,467737.0,381934.0,317235.0,-64699.0,2.2333333333333334,2.1860669909426123,0.0,0.0,0.0,301.0,301.0,0.5099435215946844,0.41367240332817223,-0.245,0.886,-0.4244302325581395,0.1949353716471565,-0.845,-0.065,-0.5480747508305648,0.23476737708009884,-1.024,-0.273,30.802807308970102,27.48689216166601,-11.35,102.39,-4.990863787375416,17.196163540851565,-33.2,33.17,-35.461129568106315,33.62747128914318,-92.04,15.47,1.001737357757868,0.036496490675207736,149.0,109.79865771812081,47.73890558333123,66.0,307.0,101.0,241.0,78.0,124.0,46.0,124.0,69.0,-55.0,55.0,10.695945945945946,152.0,-0.6259350625793593
t_arm,student1,combined_all,/Users/tylerchen/Cosmos-Gesture-Recognition-/processed/session_kaiwei_discrete/sessions/student1_t_arm_003,30.0,332956.76666666666,27977.23556117644,289689.0,388020.0,314451.0,290558.0,-23893.0,2.7333333333333334,1.8961950204437188,0.0,0.0,0.0,302.0,302.0,0.5059519867549669,0.37501976890951705,-0.23,0.859,-0.4922069536423841,0.20540297874824506,-0.843,0.087,-0.49245695364238407,0.28675089819773847,-1.087,-0.197,44.40115894039735,24.290853099786958,-5.4,111.61,-8.700860927152318,18.845340138988437,-31.83,47.0,-31.25370860927152,24.033502020279943,-72.6,8.21,1.002024858480678,0.04208824849691749,149.0,112.81879194630872,45.14918103776186,59.0,272.0,107.0,213.0,76.0,133.0,57.0,130.0,64.0,-66.0,66.0,10.108108108108109,134.0,-0.74448455166576
t_arm,student1,combined_all,/Users/tylerchen/Cosmos-Gesture-Recognition-/processed/session_kaiwei_discrete/sessions/student1_t_arm_004,30.0,365821.0333333333,34945.37758224334,308006.0,447043.0,360597.0,331978.0,-28619.0,4.083333333333333,1.4147045235274003,0.0,0.0,0.0,302.0,302.0,0.4787384105960265,0.3931837206618558,-0.152,0.962,-0.47244039735099347,0.32366594476175214,-1.001,0.182,-0.41258112582781453,0.3456394056455502,-1.219,0.01,34.83687086092716,52.667991271071664,-53.9,198.4,-20.329718543046358,23.803311772273766,-61.19,25.76,-33.31228476821192,29.211066233111012,-97.81,11.32,0.9981353897282117,0.0718262119122191,150.0,104.47666666666667,39.5650712848064,44.0,254.0,94.0,210.0,75.5,126.875,51.375,163.0,72.0,-91.0,91.0,9.335570469798657,131.0,-0.7565802924574436
t_arm,student1,combined_all,/Users/tylerchen/Cosmos-Gesture-Recognition-/processed/session_kaiwei_discrete/sessions/student1_t_arm_005,30.0,343283.2,38198.50344311062,297387.0,438888.0,337126.0,327141.0,-9985.0,3.2333333333333334,1.8015425489162211,0.0,0.0,0.0,301.0,301.0,0.5931478405315616,0.38633033260594984,-0.24,0.95,-0.48507142857142865,0.25015918256550673,-1.029,-0.076,-0.33170265780730895,0.33504526526573875,-1.234,0.109,41.212242524916945,62.84713179312358,-11.38,267.56,-25.298039867109633,28.022843798643898,-76.08,21.3,-29.587126245847177,37.966934523972185,-136.27,11.63,1.0079673098799877,0.07234140753102601,150.0,104.84666666666666,47.95159565360749,55.0,276.0,90.5,221.0,70.0,130.0,60.0,273.0,73.0,-200.0,200.0,6.268456375838926,71.0,-0.8847468776390064
t_arm,student1,combined_all,/Users/tylerchen/Cosmos-Gesture-Recognition-/processed/session_kaiwei_discrete/sessions/student1_t_arm_006,30.0,348455.63333333336,24907.711975053473,301208.0,395867.0,330206.0,358985.0,28779.0,2.7333333333333334,1.787611690372256,0.0,0.0,0.0,301.0,301.0,0.5543222591362126,0.36247351714863113,-0.109,0.952,-0.4617524916943522,0.15935062169105693,-0.803,-0.107,-0.5025880398671096,0.27981834583153237,-1.055,-0.137,42.06699335548173,28.660919407884222,-20.81,147.22,-2.2339534883720917,15.860863700528427,-39.22,31.86,-32.815764119601326,21.35083964552554,-73.09,21.7,1.002730111938297,0.05189960424522871,148.0,110.7804054054054,41.354933813316215,35.0,258.0,107.5,223.0,84.5,124.25,39.75,117.0,65.0,-52.0,52.0,11.863945578231293,121.0,-0.7066806225483115
t_arm,student1,combined_all,/Users/tylerchen/Cosmos-Gesture-Recognition-/processed/session_kaiwei_discrete/sessions/student1_t_arm_007,30.0,381810.7166666667,45182.89931778824,317196.0,531535.0,317196.0,336660.0,19464.0,3.15,2.1492246664010413,0.0,0.0,0.0,303.0,303.0,0.5799339933993399,0.3452848309077737,-0.153,0.966,-0.5883877887788779,0.2586963425324466,-1.022,0.017,-0.2716369636963696,0.26537455978959273,-1.083,0.078,36.48325082508251,44.829939528699356,-15.69,204.66,-20.403036303630365,15.769273377681936,-42.6,12.63,-30.740297029702976,21.616000908847855,-79.29,9.95,1.0049596935016358,0.05417887268741388,151.0,101.64900662251655,27.491137644823333,43.0,196.0,97.0,153.0,81.5,118.0,36.5,129.0,101.0,-28.0,28.0,8.986666666666666,68.0,-0.5252335308469857
t_arm,student1,combined_all,/Users/tylerchen/Cosmos-Gesture-Recognition-/processed/session_kaiwei_discrete/sessions/student1_t_arm_008,30.0,341944.75,31080.089171029846,298694.0,447917.0,326645.0,326744.0,99.0,3.2333333333333334,1.7641491496532322,0.0,0.0,0.0,303.0,303.0,0.442463696369637,0.39721809159042615,-0.188,0.901,-0.5672706270627063,0.3223363274942066,-1.072,0.079,-0.29174587458745876,0.38206875495572434,-1.043,0.195,39.7406105610561,55.84057458816829,-20.72,210.09,-27.077887788778877,17.521093675663316,-51.91,14.37,-29.165973597359738,21.28859254546809,-75.35,14.22,1.0043840674721571,0.039469495850521244,152.0,102.59539473684211,23.629923612008906,59.0,139.0,105.5,80.0,78.75,124.25,45.5,134.0,65.0,-69.0,69.0,5.23841059602649,28.0,-0.5073614841544848
raise_arms,student1,combined_all,/Users/tylerchen/Cosmos-Gesture-Recognition-/processed/session_kaiwei_discrete/sessions/student1_raise_arms_001,30.0,421364.86666666664,54566.90682378428,316966.0,513172.0,331385.0,363974.0,32589.0,5.916666666666667,2.3024745142756498,0.0,0.0,0.0,302.0,302.0,0.324637417218543,0.41338046886612967,-0.338,1.086,-0.28718046357615895,0.12972869569173126,-0.669,-0.035,-0.7396423841059603,0.2895564367405639,-1.196,0.017,10.21951986754967,11.933819429381293,-43.09,54.75,28.036225165562914,23.32658518684425,-17.18,90.52,-4.047980132450331,11.900201076252216,-62.35,33.85,0.9990561260438185,0.09151863898770381,151.0,41.36423841059602,5.4399552004388285,24.0,53.0,41.0,29.0,38.0,46.0,8.0,39.0,35.0,-4.0,4.0,3.453333333333333,28.0,0.011090972464273038
raise_arms,student1,combined_all,/Users/tylerchen/Cosmos-Gesture-Recognition-/processed/session_kaiwei_discrete/sessions/student1_raise_arms_002,30.0,397781.8,66713.42289294812,284635.0,542594.0,301214.0,305981.0,4767.0,5.133333333333334,3.18049611783375,0.0,0.0,0.0,301.0,301.0,0.5453322259136213,0.379608086606935,-0.216,0.956,-0.33142026578073086,0.10429088943349425,-0.485,-0.044,-0.5456976744186046,0.3861881415738527,-1.261,0.014,12.046893687707641,12.27327396800235,-9.16,40.04,27.860365448504986,21.192575038053395,-5.95,62.9,-7.060764119601329,6.06845438466658,-22.19,4.85,1.0021190065694507,0.06993030427990032,151.0,49.771523178807946,6.389505744927315,35.0,64.0,50.0,29.0,47.0,54.0,7.0,39.0,50.0,11.0,11.0,3.513333333333333,25.0,0.03700592540955003
raise_arms,student1,combined_all,/Users/tylerchen/Cosmos-Gesture-Recognition-/processed/session_kaiwei_discrete/sessions/student1_raise_arms_003,30.0,422309.3,74832.67701920065,294392.0,590332.0,333811.0,348198.0,14387.0,5.4,2.715388247255507,0.0,0.0,0.0,302.0,302.0,0.5775281456953643,0.3175675764283065,0.022,0.986,-0.3231688741721855,0.09513006758990379,-0.578,-0.066,-0.547251655629139,0.40186710938862613,-1.221,0.152,10.980612582781458,11.457317077430693,-11.54,37.29,23.373559602649006,19.608074951561417,-12.82,54.6,-7.115728476821191,8.655547849517198,-26.73,11.29,1.0017119861213137,0.07369138837305286,151.0,49.16556291390729,7.126411405072598,33.0,67.0,48.0,34.0,44.0,54.0,10.0,50.0,39.0,-11.0,11.0,3.26,15.0,-0.0613401882188921
raise_arms,student1,combined_all,/Users/tylerchen/Cosmos-Gesture-Recognition-/processed/session_kaiwei_discrete/sessions/student1_raise_arms_004,30.0,404643.23333333334,57061.018217742625,301774.0,499409.0,319256.0,384523.0,65267.0,5.016666666666667,2.513058487772014,0.0,0.0,0.0,301.0,301.0,0.5637358803986712,0.32785528902221406,-0.069,0.953,-0.2822126245847176,0.10422761234285026,-0.582,-0.0,-0.5963704318936877,0.3658282831979984,-1.24,0.14,10.084435215946844,13.793748377129996,-23.8,40.35,25.035282392026577,20.01045916722166,-13.28,55.42,-6.168405315614618,8.922542790332637,-28.9,27.28,0.9997847246243823,0.0755852053698154,149.0,49.59395973154363,6.2231501993582725,36.0,69.0,48.0,33.0,46.0,53.0,7.0,47.0,47.0,0.0,0.0,3.310810810810811,22.0,-0.07097043352076937
raise_arms,student1,combined_all,/Users/tylerchen/Cosmos-Gesture-Recognition-/processed/session_kaiwei_discrete/sessions/student1_raise_arms_005,30.0,418061.5333333333,75725.25005251258,322096.0,680000.0,350225.0,323325.0,-26900.0,5.6,2.3607908279501033,0.0,0.0,0.0,301.0,301.0,0.45327242524916944,0.35903348320672457,-0.146,0.978,-0.3083538205980067,0.11771547495042564,-0.496,-0.002,-0.6535348837209303,0.3616489809218388,-1.124,0.096,10.6415780730897,10.163170215143387,-14.68,30.24,26.373986710963457,16.032390596094427,-11.9,47.82,-8.750431893687708,6.731102499726562,-24.87,7.29,0.9983848369255697,0.06652437383431023,149.0,47.828859060402685,6.186507717890225,28.0,62.0,48.0,34.0,44.5,52.0,7.5,46.0,37.0,-9.0,9.0,3.858108108108108,20.0,-0.010658443678577986
raise_arms,student1,combined_all,/Users/tylerchen/Cosmos-Gesture-Recognition-/processed/session_kaiwei_discrete/sessions/student1_raise_arms_006,30.0,390418.88333333336,64017.728940724344,285314.0,514504.0,308324.0,315513.0,7189.0,4.683333333333334,2.2003156339236627,0.0,0.0,0.0,301.0,301.0,0.6017707641196013,0.29282499157365954,0.053,1.011,-0.3020382059800664,0.06879981579379335,-0.429,-0.128,-0.5915980066445182,0.33483983804034384,-1.129,0.149,8.509867109634552,9.429000300142164,-13.25,29.3,23.009767441860465,15.486298895340262,-9.55,51.64,-7.327408637873755,5.818335829345735,-21.27,7.51,0.9999887813233771,0.07722290201849236,150.0,46.54666666666667,6.041773546844481,27.0,59.0,46.0,32.0,42.166666666666664,50.75,8.583333333333336,47.0,45.0,-2.0,2.0,2.469798657718121,17.0,-0.08359541905566198
raise_arms,student1,combined_all,/Users/tylerchen/Cosmos-Gesture-Recognition-/processed/session_kaiwei_discrete/sessions/student1_raise_arms_007,30.0,414856.18333333335,61253.742432943545,314780.0,510098.0,331474.0,323250.0,-8224.0,4.466666666666667,2.334285520001546,0.0,0.0,0.0,302.0,302.0,0.5744205298013246,0.32049477640843216,-0.028,1.006,-0.2900778145695364,0.09829807575388398,-0.451,0.008,-0.5795877483443708,0.383178083218715,-1.149,0.137,11.726225165562912,10.95832779224461,-13.46,42.36,24.1967880794702,17.344695979153027,-8.61,53.87,-5.935380794701987,7.597047544587996,-27.01,11.23,1.0022998990985164,0.0680133128280774,151.0,45.158940397350996,5.702154815192572,30.0,63.0,45.0,33.0,41.0,48.0,7.0,49.0,41.0,-8.0,8.0,3.56,29.0,-0.07109794353433249
raise_arms,student1,combined_all,/Users/tylerchen/Cosmos-Gesture-Recognition-/processed/session_kaiwei_discrete/sessions/student1_raise_arms_008,30.0,433341.86666666664,74607.73141738656,316173.0,599341.0,316173.0,361496.0,45323.0,5.9,2.736786436680802,0.0,0.0,0.0,300.0,300.0,0.6748316666666665,0.29530249854237667,0.054,1.026,-0.27859833333333334,0.07238736881451686,-0.416,-0.019,-0.4902716666666666,0.3758977348037037,-1.093,0.151,9.414733333333334,12.764534947615164,-18.4,38.82,23.57595,18.275543800372997,-8.97,56.52,-9.370116666666666,9.747465349329993,-32.78,12.27,1.0011158641831976,0.06993387683288464,150.0,42.38,8.412091365022285,21.0,58.0,42.0,37.0,37.0,49.0,12.0,50.0,39.0,-11.0,11.0,2.9194630872483223,23.0,-0.15572010607878886
fist_open,student1,combined_all,/Users/tylerchen/Cosmos-Gesture-Recognition-/processed/session_kaiwei_discrete/sessions/student1_fist_open_001,31.0,328840.6129032258,22631.553329549006,284600.0,375081.0,360778.0,315059.0,-45719.0,2.129032258064516,1.930100038922786,0.0,0.0,0.0,302.0,302.0,0.757885761589404,0.06798749717053447,0.382,1.046,-0.401432119205298,0.061875283205938346,-0.747,-0.16,-0.5181208609271523,0.0647648149349895,-0.788,-0.074,2.4926655629139076,17.994821935420468,-35.49,88.96,-0.15016556291390745,12.803669495422476,-53.19,46.69,-1.1662417218543049,6.76361532388689,-35.98,18.19,1.0073051628975263,0.04437838408934042,152.0,87.85197368421052,4.206915945694343,79.0,99.0,88.0,20.0,84.0,91.0,7.0,84.0,87.0,3.0,3.0,1.9801324503311257,13.0,0.02912899213362572
fist_open,student1,combined_all,/Users/tylerchen/Cosmos-Gesture-Recognition-/processed/session_kaiwei_discrete/sessions/student1_fist_open_002,30.0,326173.4666666667,21812.832154083575,291892.0,378429.0,343688.0,311334.0,-32354.0,2.2666666666666666,1.6918103387266024,0.0,0.0,0.0,301.0,301.0,0.7711395348837209,0.029708717294476276,0.502,0.848,-0.31570930232558136,0.035802281611878324,-0.395,-0.174,-0.556358803986711,0.03825694754722595,-0.764,-0.475,0.6947840531561463,6.053607599451137,-21.18,23.9,1.2724916943521594,5.058094802130507,-11.87,17.09,-0.46621262458471757,3.1555514045080173,-12.79,6.23,1.0033272711148966,0.028741206199045414,150.0,85.58,4.042176966793077,72.0,95.0,85.0,23.0,84.0,87.75,3.75,93.0,80.0,-13.0,13.0,2.3557046979865772,14.0,-0.02253433485932762
fist_open,student1,combined_all,/Users/tylerchen/Cosmos-Gesture-Recognition-/processed/session_kaiwei_discrete/sessions/student1_fist_open_003,30.0,311175.36666666664,15541.43123285483,286400.0,350813.0,335766.0,309966.0,-25800.0,1.1666666666666667,1.1279282877125754,0.0,0.0,0.0,301.0,301.0,0.7489933554817275,0.048375848641470424,0.581,1.09,-0.29790365448504985,0.04653904933773064,-0.476,-0.083,-0.5876760797342193,0.06412825002350134,-0.798,-0.183,1.439202657807309,12.100872488331714,-45.63,74.28,-2.626112956810631,7.695252863741841,-42.97,18.52,-0.2980398671096346,3.348022842697051,-17.12,12.24,1.0009027226307299,0.04373884691686653,151.0,90.73841059602648,3.483214242184027,83.0,100.0,91.0,17.0,88.0,92.5,4.5,87.0,91.0,4.0,4.0,2.56,10.0,0.010768560474032312
fist_open,student1,combined_all,/Users/tylerchen/Cosmos-Gesture-Recognition-/processed/session_kaiwei_discrete/sessions/student1_fist_open_004,30.0,335788.0333333333,28514.25005908839,302344.0,418600.0,312849.0,339732.0,26883.0,2.2,2.2568414506414345,0.0,0.0,0.0,302.0,302.0,0.7324586092715232,0.11191137743496135,0.126,1.182,-0.31560264900662255,0.09207551280991016,-0.945,0.252,-0.5985960264900662,0.13583774886454783,-1.465,0.082,1.4067549668874166,27.85002932459361,-161.08,209.14,-1.669155629139073,24.598376018645236,-132.05,69.28,0.05970198675496689,7.244242718200069,-25.82,35.86,1.0121209957438237,0.09738013008506759,150.0,73.31333333333333,15.46085384095666,49.0,119.0,70.0,70.0,60.25,84.0,23.75,81.0,79.0,-2.0,2.0,7.852348993288591,57.0,-0.21119042327807194
fist_open,student1,combined_all,/Users/tylerchen/Cosmos-Gesture-Recognition-/processed/session_kaiwei_discrete/sessions/student1_fist_open_005,30.0,310861.9166666667,17903.629713032744,286309.0,362522.0,286309.0,298978.0,12669.0,0.9,1.5989579940281944,0.0,0.0,0.0,301.0,301.0,0.7628820598006646,0.059826380918954494,0.405,0.997,-0.28055813953488373,0.049514831769498904,-0.417,-0.098,-0.5824202657807308,0.06948621571229605,-0.922,-0.259,2.6171926910299006,10.294920862310985,-47.67,59.85,-0.14682724252491697,8.860832315250756,-29.24,48.95,-0.408654485049834,4.023871823511279,-19.87,12.6,1.0044187354296954,0.04378955729310607,151.0,82.48675496688742,3.467442390709878,67.0,89.0,83.0,22.0,81.0,85.0,4.0,82.0,85.0,3.0,3.0,2.18,14.0,0.03780934123387915
fist_open,student1,combined_all,/Users/tylerchen/Cosmos-Gesture-Recognition-/processed/session_kaiwei_discrete/sessions/student1_fist_open_006,30.0,319784.61666666664,17812.86615983109,294308.0,370312.0,305678.0,322184.0,16506.0,2.466666666666667,1.80246744461277,0.0,0.0,0.0,302.0,302.0,0.7268741721854305,0.047159263890272286,0.448,0.926,-0.3306390728476821,0.057351354496379424,-0.463,-0.121,-0.600817880794702,0.052701929022202665,-0.831,-0.358,1.708062913907285,10.539202792558097,-60.49,51.73,-1.264403973509934,7.906804344535514,-43.95,19.14,0.6011258278145695,5.050218281696013,-24.02,15.02,1.0028230231852102,0.03587528525384449,151.0,85.73178807947019,3.324542492051643,80.0,102.0,85.0,22.0,84.0,86.0,2.0,85.0,82.0,-3.0,3.0,1.8466666666666667,17.0,-0.01900139421401243
fist_open,student1,combined_all,/Users/tylerchen/Cosmos-Gesture-Recognition-/processed/session_kaiwei_discrete/sessions/student1_fist_open_007,30.0,322817.56666666665,28375.57244260555,283761.0,404950.0,319742.0,320557.0,815.0,2.2666666666666666,2.1281186266016494,0.0,0.0,0.0,301.0,301.0,0.6612541528239202,0.08591877504178562,0.175,0.945,-0.3203421926910299,0.05613998708265118,-0.425,-0.054,-0.6776744186046513,0.08256270330374028,-1.027,-0.303,1.3061461794019937,10.517139714070016,-64.52,46.17,-2.0903654485049836,13.076630674604305,-72.82,35.25,0.08772425249169465,5.786933946544341,-21.45,20.81,1.0074668966924973,0.03846529313629271,150.0,87.00666666666666,6.100661936432785,54.0,101.0,87.0,47.0,84.0,90.75,6.75,85.0,82.0,-3.0,3.0,4.033557046979865,37.0,0.004618871949863943
fist_open,student1,combined_all,/Users/tylerchen/Cosmos-Gesture-Recognition-/processed/session_kaiwei_discrete/sessions/student1_fist_open_008,30.0,330629.06666666665,34398.016979600565,292643.0,427321.0,322875.0,319973.0,-2902.0,2.066666666666667,2.264705033528404,0.0,0.0,0.0,300.0,300.0,0.650495,0.09881208912112668,0.236,0.941,-0.34165500000000004,0.061046069450623686,-0.573,-0.084,-0.6658283333333334,0.1123213605266405,-1.038,-0.336,0.07256666666666652,14.155032279657584,-65.46,54.63,-4.729466666666667,23.85865163238601,-116.92,33.33,0.048166666666666816,9.909049347552076,-27.74,40.04,1.0033621314731602,0.050697398626444665,150.0,96.82666666666667,5.868522179621284,78.0,118.0,96.0,40.0,94.0,100.0,6.0,94.0,93.0,-1.0,1.0,3.0671140939597317,15.0,-0.018119916440730514
one_arm_boxing,student1,combined_all,/Users/tylerchen/Cosmos-Gesture-Recognition-/processed/session_kaiwei_periodic/sessions/student1_one_arm_boxing_001_seg000,30.0,527493.2166666667,97439.63262363039,291925.0,716485.0,291925.0,716485.0,424560.0,8.1,1.468559384794046,0.0,0.0,0.0,300.0,300.0,0.07750333333333333,0.3428584596042837,-0.685,0.71,0.016701666666666667,0.19069875112964796,-0.623,0.644,-0.9829566666666665,0.1242595781091013,-1.422,-0.659,0.6755500000000001,31.55199805910196,-91.31,92.2,0.41349999999999965,27.165980810872018,-84.05,62.29,-5.545966666666666,46.61341292572423,-76.63,110.87,1.0584955513826138,0.14640720047649525,150.0,77.01,5.450346334663994,61.0,89.0,76.0,28.0,73.0,82.75,9.75,69.0,72.0,3.0,3.0,2.5167785234899327,23.0,0.019416862971687363
one_arm_boxing,student1,combined_all,/Users/tylerchen/Cosmos-Gesture-Recognition-/processed/session_kaiwei_periodic/sessions/student1_one_arm_boxing_001_seg001,30.0,550643.7666666667,64634.79055969437,447947.0,704512.0,576718.0,600837.0,24119.0,8.5,1.7272328544042153,0.0,0.0,0.0,300.0,300.0,0.14864500000000003,0.30409225542314183,-0.614,0.784,-0.016036666666666668,0.1921293284242173,-0.8,0.549,-0.9910233333333334,0.1434441400246361,-1.521,-0.535,6.090816666666668,29.153245229586172,-86.7,76.57,-2.247266666666666,28.902556114231423,-94.85,62.9,3.0861000000000005,55.57503713410066,-75.44,112.28,1.0658947770015788,0.13531475245192062,150.0,73.2,4.996307361274138,60.0,85.0,72.0,25.0,70.0,77.0,7.0,74.0,73.0,-1.0,1.0,2.38255033557047,13.0,-0.04047646562069448
one_arm_boxing,student1,combined_all,/Users/tylerchen/Cosmos-Gesture-Recognition-/processed/session_kaiwei_periodic/sessions/student1_one_arm_boxing_001_seg002,30.0,487492.5,74923.94919427743,368881.0,648842.0,552072.0,371698.0,-180374.0,8.466666666666667,2.36267268622258,0.0,0.0,0.0,300.0,300.0,0.08369166666666666,0.27761584806567186,-0.541,0.729,-0.0008316666666666676,0.16145537322591194,-0.401,0.49,-0.9917616666666665,0.11635846733024822,-1.336,-0.673,-2.56935,29.758245249468253,-87.77,57.47,0.9707666666666669,28.204461250167896,-84.26,67.57,-1.6537666666666655,51.21367290231736,-82.22,119.88,1.0463118635735011,0.11182738445419227,150.0,71.89,5.606464988246117,59.0,85.0,72.0,26.0,68.0,76.0,8.0,73.0,75.0,2.0,2.0,2.9798657718120807,17.0,0.043784168185252575
one_arm_boxing,student1,combined_all,/Users/tylerchen/Cosmos-Gesture-Recognition-/processed/session_kaiwei_periodic/sessions/student1_one_arm_boxing_002_seg000,30.0,494911.0833333333,79366.46656303522,367731.0,670573.0,511763.0,545389.0,33626.0,8.466666666666667,2.78966346038769,0.0,0.0,0.0,299.0,299.0,0.0813561872909699,0.24012141101312648,-0.588,0.603,0.06598996655518395,0.17303525386981128,-0.624,0.517,-0.9718010033444815,0.08818840825280762,-1.191,-0.75,-1.908879598662207,24.262691479408634,-87.98,71.84,0.598695652173913,22.47832114972219,-56.12,53.07,1.3731103678929772,50.31164439002786,-84.35,120.15,1.0205094873861944,0.09647677239353608,150.0,73.25,5.988173467469865,63.0,86.0,72.5,23.0,68.0,78.0,10.0,77.0,64.0,-13.0,13.0,2.1946308724832213,9.0,-0.004009955998044368
one_arm_boxing,student1,combined_all,/Users/tylerchen/Cosmos-Gesture-Recognition-/processed/session_kaiwei_periodic/sessions/student1_one_arm_boxing_002_seg001,30.0,469033.23333333334,80202.65606187173,369919.0,665967.0,439880.0,380228.0,-59652.0,7.4,1.8000000000000003,0.0,0.0,0.0,301.0,301.0,0.21315282392026574,0.2265614607736684,-0.361,0.697,0.08490199335548172,0.13491090155414714,-0.334,0.422,-0.9771943521594684,0.12337610213457474,-1.354,-0.65,2.4968272425249167,26.318374181317864,-121.59,55.88,1.2971594684385381,26.29070366733091,-54.93,58.72,0.08676079734219197,50.488922391699035,-84.29,97.42,1.0394948808840785,0.10841761283596393,150.0,72.19,5.471607618688123,59.0,86.0,71.0,27.0,68.0,76.0,8.0,67.0,72.0,5.0,5.0,2.785234899328859,21.0,-0.010380016889640034
one_arm_boxing,student1,combined_all,/Users/tylerchen/Cosmos-Gesture-Recognition-/processed/session_kaiwei_periodic/sessions/student1_one_arm_boxing_002_seg002,30.0,528241.4166666666,80908.62644573026,358303.0,681042.0,461829.0,585400.0,123571.0,8.766666666666667,2.0765890836230025,0.0,0.0,0.0,300.0,300.0,0.10998333333333335,0.23733528264648915,-0.33,0.832,0.0681,0.17378322703874502,-0.46,0.452,-0.9726933333333333,0.17187619368474377,-1.488,-0.271,-0.5868833333333331,29.370672124355426,-79.62,65.46,0.15876666666666703,24.652519144005456,-69.06,56.03,-2.9701333333333317,50.558795007880576,-78.77,117.4,1.0297671145526834,0.13607360674468574,150.0,74.88,6.307202658003587,61.0,86.0,76.0,25.0,69.0,80.0,11.0,72.0,65.0,-7.0,7.0,2.38255033557047,8.0,-0.0007200320014221944
one_arm_boxing,student1,combined_all,/Users/tylerchen/Cosmos-Gesture-Recognition-/processed/session_kaiwei_periodic/sessions/student1_one_arm_boxing_003_seg000,30.0,536340.1833333333,68864.59175978166,428072.0,708531.0,439397.0,559336.0,119939.0,8.6,2.009975124224178,0.0,0.0,0.0,299.0,299.0,0.23822408026755854,0.25955812713136156,-0.427,0.748,0.024404682274247486,0.21223953175822963,-0.66,0.58,-0.9602357859531773,0.12061154965425579,-1.348,-0.598,1.4767224080267567,40.06613298870709,-135.2,96.16,-0.5794983277591973,30.174957846188086,-83.22,70.25,-0.15535117056856126,43.2205474189194,-106.23,108.92,1.0448045801155028,0.12143163114242031,150.0,73.47,5.8720215925942085,64.0,87.0,72.0,23.0,69.0,78.0,9.0,75.0,83.0,8.0,8.0,2.0,9.0,-0.0025023334370419723
one_arm_boxing,student1,combined_all,/Users/tylerchen/Cosmos-Gesture-Recognition-/processed/session_kaiwei_periodic/sessions/student1_one_arm_boxing_003_seg001,30.0,550499.6666666666,82332.61266882082,405087.0,718833.0,600286.0,405087.0,-195199.0,8.433333333333334,1.9093337988826249,0.0,0.0,0.0,300.0,300.0,0.14114333333333334,0.27053652225202834,-0.35,0.924,-0.036629999999999996,0.1944975957863404,-0.744,0.392,-0.9792483333333333,0.14903208794740466,-1.535,-0.432,2.196816666666667,27.70895265850378,-54.02,126.01,1.5824166666666668,25.284760098586176,-80.54,44.74,0.6205000000000003,60.47112270125304,-87.25,136.33,1.0442593917764966,0.15146849951058836,150.0,74.91,7.93644661902381,62.0,100.0,73.0,38.0,69.0,80.0,11.0,81.0,78.0,-3.0,3.0,2.3557046979865772,15.0,0.03625198156955099
one_arm_boxing,student1,combined_all,/Users/tylerchen/Cosmos-Gesture-Recognition-/processed/session_kaiwei_periodic/sessions/student1_one_arm_boxing_003_seg002,30.0,543882.6166666667,69968.35476605689,432876.0,732247.0,472234.0,682243.0,210009.0,9.166666666666666,1.9119507199599979,0.0,0.0,0.0,301.0,301.0,0.16626079734219268,0.305326587184754,-0.597,0.956,-0.21273089700996678,0.3659468159471444,-1.593,0.674,-0.9066428571428571,0.16015640566715436,-1.285,-0.247,3.0308305647840537,62.0918675211736,-224.65,208.41,0.7672259136212627,34.82628164263238,-95.71,98.27,-2.142857142857143,61.2704673876129,-107.88,162.94,1.056819043629013,0.1755657652468524,150.0,77.05333333333333,8.118697176756546,64.0,98.0,75.75,34.0,71.0,82.0,11.0,78.0,92.0,14.0,14.0,2.469798657718121,9.0,0.043685497133205325
clapping,student1,combined_all,/Users/tylerchen/Cosmos-Gesture-Recognition-/processed/session_kaiwei_periodic/sessions/student1_clapping_001_seg000,30.0,404757.73333333334,40142.48277816851,341806.0,501398.0,354874.0,367039.0,12165.0,3.5166666666666666,1.9768802582745257,0.0,0.0,0.0,300.0,300.0,0.20973666666666665,0.06462249857613231,0.016,0.379,-0.9485066666666667,0.20105084752094154,-1.25,-0.412,-0.15507333333333334,0.6565253191021821,-1.475,0.914,0.7151,19.68602395828818,-32.62,64.42,-1.0421333333333334,71.35694106940278,-156.32,85.48,-2.1922666666666664,26.88362464764667,-57.77,42.63,1.1919660406199841,0.15014016121184434,149.0,21.983221476510067,10.196451440790591,1.0,43.0,24.0,42.0,12.0,30.0,18.0,31.0,16.0,-15.0,15.0,4.033783783783784,16.0,-0.06576999818610571
clapping,student1,combined_all,/Users/tylerchen/Cosmos-Gesture-Recognition-/processed/session_kaiwei_periodic/sessions/student1_clapping_001_seg001,30.0,375555.8,36518.48453993311,320833.0,473990.0,473990.0,394599.0,-79391.0,3.1,1.8859126879754182,0.0,0.0,0.0,300.0,300.0,0.22465500000000002,0.054705561645960646,0.137,0.398,-0.9363900000000001,0.19455034798221257,-1.235,-0.462,-0.21055333333333331,0.5937540516259423,-1.272,0.716,-0.8597333333333333,19.85439909839929,-34.18,60.98,-1.5425999999999995,63.717096747314734,-135.01,79.07,-0.9839000000000002,25.95203946622821,-48.77,40.01,1.161474995552605,0.12645573219936176,148.0,19.756756756756758,11.06297472734984,2.0,41.0,20.5,39.0,8.0,29.0,21.0,5.0,6.0,1.0,1.0,3.7210884353741496,17.0,0.08465704438858802
clapping,student1,combined_all,/Users/tylerchen/Cosmos-Gesture-Recognition-/processed/session_kaiwei_periodic/sessions/student1_clapping_001_seg002,30.0,345587.63333333336,24063.927121292752,304951.0,387390.0,357750.0,325045.0,-32705.0,3.533333333333333,2.1561282171728307,0.0,0.0,0.0,300.0,300.0,0.21013,0.05915747149205529,0.121,0.34,-0.9519216666666667,0.14373801873740835,-1.173,-0.584,-0.18312,0.5134036218545145,-1.169,0.597,0.9328333333333334,15.197075956870417,-24.2,48.04,4.603866666666666,53.60063702714321,-104.86,69.73,1.1028,19.87995612402938,-37.32,30.55,1.1239672658696627,0.09101373204161041,150.0,21.173333333333332,10.979998084782823,3.0,40.0,22.0,37.0,11.0,31.0,20.0,8.0,39.0,31.0,31.0,3.8456375838926173,15.0,0.012821903195697528
clapping,student1,combined_all,/Users/tylerchen/Cosmos-Gesture-Recognition-/processed/session_kaiwei_periodic/sessions/student1_clapping_002_seg000,30.0,341763.0333333333,31005.514425107605,294428.0,422078.0,361940.0,305531.0,-56409.0,3.2333333333333334,2.679344861881144,0.0,0.0,0.0,300.0,300.0,0.17970333333333333,0.0652279233832328,0.06,0.334,-0.9590599999999999,0.11585630352581887,-1.117,-0.57,-0.17610666666666666,0.4481495084852326,-1.064,0.481,-1.1356166666666667,17.82870569810726,-47.49,57.89,-1.7730333333333337,53.751066108486526,-113.16,71.17,-0.5756,18.053645485238338,-49.59,31.25,1.0930051892978259,0.08341422441460788,150.0,18.60333333333333,6.908631083303707,4.0,36.0,18.0,32.0,13.0,24.0,11.0,21.0,15.0,-6.0,6.0,4.25503355704698,15.0,-0.04470509800435576
clapping,student1,combined_all,/Users/tylerchen/Cosmos-Gesture-Recognition-/processed/session_kaiwei_periodic/sessions/student1_clapping_002_seg001,30.0,356136.0833333333,24674.769522085826,315742.0,416120.0,392823.0,375049.0,-17774.0,4.166666666666667,2.017974782355375,0.0,0.0,0.0,301.0,301.0,0.1628106312292359,0.06341500199746973,0.05,0.311,-0.9501129568106313,0.11123764867743227,-1.171,-0.674,-0.2390299003322259,0.48709342951095896,-1.083,0.468,0.615215946843854,16.750743000426095,-30.0,51.7,0.5633222591362131,56.95788352172934,-106.02,85.42,-0.4548837209302325,18.148318146995116,-36.68,28.35,1.109178138746265,0.09867303661729526,150.0,18.213333333333335,8.208145133490177,2.0,36.0,17.0,34.0,12.0,24.0,12.0,11.0,24.0,13.0,13.0,4.02013422818792,21.0,-0.02477621227610122
clapping,student1,combined_all,/Users/tylerchen/Cosmos-Gesture-Recognition-/processed/session_kaiwei_periodic/sessions/student1_clapping_002_seg002,30.0,350451.0333333333,26366.30555271043,312512.0,403207.0,389036.0,320357.0,-68679.0,3.55,2.0910523666326486,0.0,0.0,0.0,300.0,300.0,0.12785500000000002,0.05434065213999552,0.037,0.273,-0.97418,0.10789977262873789,-1.16,-0.641,-0.14161333333333334,0.49028313978308036,-1.077,0.536,-0.5548500000000002,17.496892549654827,-28.72,58.08,0.5781666666666672,55.94589250611305,-96.96,80.2,0.4824333333333333,16.64266211915096,-41.2,29.33,1.1092245408616541,0.10010820204618248,145.0,26.858620689655172,14.301284840331347,1.0,73.0,28.0,72.0,15.0,35.0,20.0,36.0,48.0,12.0,12.0,6.277777777777778,63.0,-0.010417650763659109
clapping,student1,combined_all,/Users/tylerchen/Cosmos-Gesture-Recognition-/processed/session_kaiwei_periodic/sessions/student1_clapping_003_seg000,30.0,346005.0333333333,22498.094426689167,305427.0,392717.0,359125.0,343477.0,-15648.0,1.9166666666666667,1.5388487760516156,0.0,0.0,0.0,299.0,299.0,0.0998494983277592,0.054148647364952805,0.02,0.239,-0.9765819397993311,0.08124308547835439,-1.103,-0.706,-0.16932441471571907,0.46440369768192424,-1.067,0.52,-1.0167224080267558,17.579298918369986,-27.68,49.99,-3.4617725752508366,55.3677494527877,-109.1,72.85,-1.038695652173913,13.835601669226852,-31.89,25.91,1.1001480271320718,0.08503289154733952,142.0,24.443661971830984,14.247819117865832,1.0,61.0,28.0,60.0,11.0,34.0,23.0,36.0,8.0,-28.0,28.0,5.177304964539007,51.0,0.031297740317818123
clapping,student1,combined_all,/Users/tylerchen/Cosmos-Gesture-Recognition-/processed/session_kaiwei_periodic/sessions/student1_clapping_003_seg001,30.0,347241.5,25972.208252925535,309687.0,408082.0,335097.0,408082.0,72985.0,2.8833333333333333,1.8959752694120833,0.0,0.0,0.0,301.0,301.0,0.08707807308970099,0.07697610703869484,-0.026,0.256,-0.9802558139534883,0.1080755442435528,-1.144,-0.615,-0.14305647840531563,0.5003702749890142,-1.083,0.608,0.6407308970099668,17.995555730342495,-33.75,62.99,5.0179401993355475,58.68295758882505,-110.14,78.16,0.3111960132890364,18.199805132890848,-43.79,32.2,1.1169991965325803,0.09611482181685894,147.0,20.39455782312925,11.092116059301015,1.0,46.0,21.0,45.0,10.0,30.0,20.0,10.0,28.0,18.0,18.0,3.904109589041096,38.0,-0.0383078073880423
clapping,student1,combined_all,/Users/tylerchen/Cosmos-Gesture-Recognition-/processed/session_kaiwei_periodic/sessions/student1_clapping_003_seg002,30.0,361085.6666666667,29423.36519880454,320111.0,440568.0,363734.0,362435.0,-1299.0,3.566666666666667,1.7641491496532322,0.0,0.0,0.0,300.0,300.0,0.07595,0.1012799279042807,-0.075,0.349,-0.9782950000000001,0.11074410657758121,-1.164,-0.611,-0.13764666666666667,0.5397969079405903,-1.158,0.682,-2.0304166666666665,18.042457812330397,-40.35,67.63,-3.3631,62.49440058695925,-112.95,82.95,-1.7482000000000002,19.258771614340656,-45.32,29.3,1.1328856932443496,0.11067385947864375,150.0,19.37,9.082291568443956,1.0,39.0,18.0,38.0,12.0,26.75,14.75,34.0,5.0,-29.0,29.0,3.2550335570469797,13.0,-0.06395573136583858
two_arm_boxing,student1,combined_all,/Users/tylerchen/Cosmos-Gesture-Recognition-/processed/session_kaiwei_periodic/sessions/student1_two_arm_boxing_001_seg000,30.0,636135.8166666667,89868.93110195566,410263.0,797844.0,633424.0,667803.0,34379.0,10.733333333333333,2.314847407177959,0.0,0.0,0.0,300.0,300.0,0.085395,0.5452831907749098,-1.375,1.272,0.012124999999999997,0.2378629967194001,-0.745,0.693,-1.022825,0.23403498279380433,-1.645,-0.449,-4.669383333333332,37.00868476501683,-153.84,95.07,-0.8691999999999992,54.352130764978604,-132.27,132.73,-3.696333333333332,66.17908517970177,-121.22,142.7,1.18048254192501,0.26221404807249243,150.0,64.51333333333334,9.70019488261068,33.0,86.0,65.0,53.0,58.0,71.0,13.0,67.0,66.0,-1.0,1.0,5.174496644295302,24.0,0.04335659362638326
two_arm_boxing,student1,combined_all,/Users/tylerchen/Cosmos-Gesture-Recognition-/processed/session_kaiwei_periodic/sessions/student1_two_arm_boxing_001_seg001,30.0,651468.7666666667,77777.72676230788,474755.0,833640.0,678822.0,645309.0,-33513.0,10.816666666666666,1.46334851928339,0.0,0.0,0.0,300.0,300.0,0.07268833333333333,0.5015417083141777,-1.494,1.066,0.08991500000000001,0.23202418036704708,-0.537,0.86,-1.01323,0.19612656738273204,-1.481,-0.487,-0.9432499999999997,42.472228512925554,-96.93,151.46,-1.1615333333333346,53.60191863153988,-132.08,86.25,-2.0454333333333325,72.92893745383623,-115.54,163.24,1.1563718479452214,0.2159917107080007,149.0,68.28523489932886,10.215587058863148,37.0,96.0,69.0,59.0,62.0,75.0,13.0,42.0,68.0,26.0,26.0,6.662162162162162,35.0,0.040492774653848256
two_arm_boxing,student1,combined_all,/Users/tylerchen/Cosmos-Gesture-Recognition-/processed/session_kaiwei_periodic/sessions/student1_two_arm_boxing_001_seg002,30.0,665571.8166666667,98910.72486612051,505975.0,886660.0,651482.0,716054.0,64572.0,10.266666666666667,2.337139752394414,0.0,0.0,0.0,300.0,300.0,-0.008040000000000009,0.5605383766820371,-1.65,1.162,0.12523833333333334,0.28566407549875006,-0.736,0.828,-0.9974833333333334,0.2461700524479414,-1.891,-0.397,1.6947,42.00555976189342,-100.22,117.01,-3.2892000000000006,54.27915561883155,-118.38,112.77,1.492699999999999,79.03175269710692,-127.26,181.37,1.1823102288625946,0.2631952416493867,150.0,68.87,9.349515972429662,39.0,92.0,69.0,53.0,61.25,75.0,13.75,67.0,71.0,4.0,4.0,5.154362416107382,32.0,0.009497607301065188
two_arm_boxing,student1,combined_all,/Users/tylerchen/Cosmos-Gesture-Recognition-/processed/session_kaiwei_periodic/sessions/student1_two_arm_boxing_002_seg000,30.0,651366.5666666667,94637.79102792687,463847.0,887698.0,529037.0,652506.0,123469.0,10.45,1.313145784691042,0.0,0.0,0.0,300.0,300.0,0.11169,0.554721335957674,-1.852,1.211,0.05725499999999999,0.3195880772833471,-1.235,0.92,-1.0098066666666667,0.26680044219520244,-1.833,-0.181,0.9585166666666665,52.269079510577335,-115.12,275.28,1.6086666666666671,59.66660097203088,-156.35,102.05,-3.4829499999999993,80.19546315750972,-134.62,180.0,1.1962142249433092,0.29252110842913687,150.0,67.65333333333334,11.15373754835298,27.0,87.0,70.0,60.0,60.25,76.0,15.75,53.0,74.0,21.0,21.0,6.140939597315437,27.0,0.007643006355838097
two_arm_boxing,student1,combined_all,/Users/tylerchen/Cosmos-Gesture-Recognition-/processed/session_kaiwei_periodic/sessions/student1_two_arm_boxing_002_seg001,30.0,634851.4333333333,94954.30337086128,443278.0,833729.0,588122.0,443278.0,-144844.0,9.983333333333333,2.318344716003688,0.0,0.0,0.0,300.0,300.0,0.08310666666666668,0.47192472064467605,-1.479,1.004,0.08433,0.2443243385262637,-0.798,1.046,-1.0008516666666667,0.19164421701133819,-1.541,-0.527,1.382566666666667,33.57934151689873,-84.81,150.64,-2.360266666666666,55.54212852057036,-137.46,86.46,-1.521133333333334,66.68482011209315,-114.23,154.76,1.1371903668757064,0.20409611795604124,150.0,68.97333333333333,10.240200204278901,43.0,91.0,69.5,48.0,62.0,76.0,14.0,68.0,67.0,-1.0,1.0,6.583892617449664,33.0,0.026694519756433704
two_arm_boxing,student1,combined_all,/Users/tylerchen/Cosmos-Gesture-Recognition-/processed/session_kaiwei_periodic/sessions/student1_two_arm_boxing_002_seg002,30.0,659686.5833333334,81185.04310176057,479155.0,820447.0,658469.0,506046.0,-152423.0,11.033333333333333,1.9913702708325127,0.0,0.0,0.0,300.0,300.0,0.10972500000000002,0.5098885909768264,-1.926,1.039,0.103545,0.24442148120613297,-0.737,0.909,-0.9899333333333334,0.204112164153819,-1.634,-0.466,0.04918333333333313,36.82934805004548,-78.01,188.09,-1.3182000000000005,49.809804256725734,-142.83,85.3,2.7863999999999995,68.14499051072403,-101.47,178.26,1.142352858448415,0.2432058904057805,149.0,68.12751677852349,10.071579204912963,35.0,96.0,68.0,61.0,62.0,75.0,13.0,65.0,72.0,7.0,7.0,6.655405405405405,34.0,0.0564477900719509
two_arm_boxing,student1,combined_all,/Users/tylerchen/Cosmos-Gesture-Recognition-/processed/session_kaiwei_periodic/sessions/student1_two_arm_boxing_003_seg000,30.0,658228.6833333333,71987.09111529226,507406.0,815878.0,682893.0,575515.0,-107378.0,10.433333333333334,1.8740923729160799,0.0,0.0,0.0,300.0,300.0,0.08832666666666669,0.4490243678449072,-1.396,0.875,0.046950000000000006,0.33488575290686823,-0.99,1.212,-0.9900316666666666,0.228893177043839,-1.592,-0.295,0.4937666666666663,52.84690165133198,-198.61,223.64,-3.4934666666666683,49.73242409115227,-122.5,110.23,-3.8842333333333334,80.03588095189279,-132.48,173.8,1.1350204260372265,0.2608844053239588,150.0,68.96666666666667,9.684566471478842,37.0,87.0,69.0,50.0,62.0,77.0,15.0,82.0,79.0,-3.0,3.0,5.845637583892618,27.0,-0.030470687586114972
two_arm_boxing,student1,combined_all,/Users/tylerchen/Cosmos-Gesture-Recognition-/processed/session_kaiwei_periodic/sessions/student1_two_arm_boxing_003_seg001,30.0,641193.3,99744.71715706719,415231.0,828708.0,640316.0,708252.0,67936.0,10.566666666666666,1.5849991237291652,0.0,0.0,0.0,300.0,300.0,0.15071666666666667,0.3803106139138843,-0.619,0.973,0.05417999999999999,0.21328735530577836,-0.737,0.491,-1.0137033333333334,0.1804795519042408,-1.506,-0.535,-0.3307666666666675,38.33745597209369,-103.31,102.57,-0.31563333333333315,55.288767936464474,-123.17,125.58,-5.029516666666667,67.63517367107436,-118.38,129.86,1.1158224036582354,0.17574505728760875,149.0,72.20805369127517,11.24738718474581,48.0,99.0,72.0,51.0,63.0,81.0,18.0,85.0,72.0,-13.0,13.0,5.925675675675675,27.0,-0.03657173952475985
two_arm_boxing,student1,combined_all,/Users/tylerchen/Cosmos-Gesture-Recognition-/processed/session_kaiwei_periodic/sessions/student1_two_arm_boxing_003_seg002,30.0,662617.0833333334,87461.65901697378,450500.0,883718.0,625742.0,753835.0,128093.0,10.65,2.0540610182432912,0.0,0.0,0.0,300.0,300.0,0.12070333333333333,0.4206164309544848,-1.147,0.914,0.055531666666666646,0.25037983370641465,-1.018,0.652,-0.9872483333333332,0.20629071516645847,-1.578,-0.386,0.7975166666666661,39.93971373519998,-73.0,166.39,0.9650666666666669,51.9323746776731,-126.16,87.47,-4.289633333333334,68.54098094472792,-109.53,124.03,1.1116537290351687,0.19672930984434772,150.0,72.39,11.726883268822819,42.0,106.0,71.0,64.0,63.5,79.75,16.25,70.0,56.0,-14.0,14.0,5.261744966442953,27.0,-0.09335851963791066
soli,student1,combined_all,/Users/tylerchen/Cosmos-Gesture-Recognition-/processed/session_kaiwei_periodic/sessions/student1_soli_001_seg000,30.0,355459.9,41395.791671859595,291858.0,457792.0,308577.0,334852.0,26275.0,0.95,1.2539936203984454,0.0,0.0,0.0,300.0,300.0,-0.1319216666666667,0.028432064466281985,-0.21,-0.039,-0.9711950000000001,0.036517814437563155,-1.153,-0.827,0.2638916666666667,0.03294492633617954,0.134,0.408,-0.23573333333333338,9.31723984716663,-37.72,20.97,-0.43815,8.999066973174784,-22.43,44.86,-1.1769,4.80788895705104,-12.94,13.73,1.0161037084120033,0.03197531674595342,150.0,74.22333333333333,1.8341801989546003,68.0,78.0,74.0,10.0,73.0,75.0,2.0,77.0,76.0,-1.0,1.0,1.7114093959731544,6.0,-0.021635628250144635
soli,student1,combined_all,/Users/tylerchen/Cosmos-Gesture-Recognition-/processed/session_kaiwei_periodic/sessions/student1_soli_001_seg001,30.0,335023.85,21482.50469380064,290033.0,389639.0,352945.0,290033.0,-62912.0,1.0333333333333334,1.4255603186895398,0.0,0.0,0.0,300.0,300.0,-0.11179833333333332,0.03435492817362328,-0.192,0.01,-0.9825166666666667,0.043820766048039785,-1.104,-0.803,0.14973666666666666,0.04546524627139414,-0.087,0.334,-1.4008999999999998,10.71013720064625,-35.62,38.85,-1.3883833333333333,6.386021391325194,-13.37,25.27,0.5840500000000002,6.7649357238262064,-20.05,15.08,1.0018011902390402,0.04267225608455412,150.0,76.22666666666667,2.010902424479005,69.0,80.0,77.0,11.0,75.0,77.0,2.0,74.0,76.0,2.0,2.0,1.6375838926174497,7.0,-0.011201683037764833
soli,student1,combined_all,/Users/tylerchen/Cosmos-Gesture-Recognition-/processed/session_kaiwei_periodic/sessions/student1_soli_001_seg002,30.0,303472.75,7921.906216309305,293695.0,325207.0,317362.0,301319.0,-16043.0,1.0333333333333334,1.1967548714010827,0.0,0.0,0.0,300.0,300.0,-0.16137166666666666,0.027272128510963688,-0.248,-0.101,-0.9797833333333333,0.03560982620320158,-1.107,-0.845,0.17301333333333335,0.033645551794487714,-0.009,0.328,-0.8763333333333333,10.669672771718709,-22.68,31.13,-1.7154666666666667,5.657468348612792,-15.08,15.05,0.4562833333333333,5.740443734566363,-15.2,13.79,1.0089278007457245,0.0340345904244306,150.0,72.98666666666666,2.3686619184924496,66.0,78.0,73.0,12.0,72.0,75.0,3.0,75.0,73.0,-2.0,2.0,1.9597315436241611,8.0,-0.015042446330948643
soli,student1,combined_all,/Users/tylerchen/Cosmos-Gesture-Recognition-/processed/session_kaiwei_periodic/sessions/student1_soli_002_seg000,30.0,310558.06666666665,13295.235840789823,283547.0,342420.0,307186.0,334501.0,27315.0,1.1666666666666667,1.2133516482134197,0.0,0.0,0.0,300.0,300.0,-0.19459500000000002,0.03621413107910799,-0.277,-0.075,-0.9710283333333333,0.04639044873957632,-1.112,-0.825,0.17804833333333334,0.03794330782013257,0.052,0.288,1.2056499999999999,13.534669993982806,-32.9,34.67,-0.4233333333333333,6.196380265032875,-20.51,14.62,0.8429,6.392859355417429,-16.36,20.63,1.0076449168639754,0.04493773819952564,150.0,70.93,1.7027711326544568,64.0,75.0,71.0,11.0,70.0,72.0,2.0,72.0,71.0,-1.0,1.0,1.4697986577181208,7.0,0.0010409351526732256
soli,student1,combined_all,/Users/tylerchen/Cosmos-Gesture-Recognition-/processed/session_kaiwei_periodic/sessions/student1_soli_002_seg001,30.0,315425.8,13424.331353953567,294744.0,352573.0,322454.0,304033.0,-18421.0,1.3666666666666667,1.580787426850583,0.0,0.0,0.0,300.0,300.0,-0.21728666666666668,0.02831139752166307,-0.309,-0.07,-0.9668033333333333,0.04210872916892911,-1.12,-0.82,0.17375166666666667,0.03399067269936792,0.088,0.391,-0.48426666666666657,12.624423898084162,-30.49,31.89,-0.2346666666666667,5.961243059531696,-17.61,16.21,0.002533333333333303,4.977025977651937,-10.59,21.15,1.0071220557268938,0.03933234706755722,150.0,69.54666666666667,1.4987093627234698,64.0,74.0,69.0,10.0,69.0,70.0,1.0,71.0,72.0,1.0,1.0,1.3221476510067114,6.0,0.007573669940886034
soli,student1,combined_all,/Users/tylerchen/Cosmos-Gesture-Recognition-/processed/session_kaiwei_periodic/sessions/student1_soli_002_seg002,30.0,307711.11666666664,13447.2498177653,284130.0,334897.0,304720.0,301460.0,-3260.0,2.2666666666666666,1.768866554856213,0.0,0.0,0.0,299.0,299.0,-0.2192123745819398,0.02897541133882895,-0.311,-0.091,-0.9671354515050167,0.050550556309409606,-1.186,-0.781,0.16386287625418058,0.03170423401697975,0.048,0.264,0.46892976588628776,13.792989749409765,-34.15,39.49,-0.8123076923076923,5.464124744462849,-16.88,14.31,0.2814214046822742,4.907713783928307,-13.0,14.68,1.006123974704807,0.048690123497564256,150.0,70.02,1.9359544062521845,65.0,74.0,70.0,9.0,69.0,71.0,2.0,73.0,73.0,0.0,0.0,1.6644295302013423,6.0,0.005943375261122675
soli,student1,combined_all,/Users/tylerchen/Cosmos-Gesture-Recognition-/processed/session_kaiwei_periodic/sessions/student1_soli_003_seg000,30.0,366975.93333333335,35534.32999878036,299759.0,434435.0,389472.0,378008.0,-11464.0,2.966666666666667,2.258071940591993,0.0,0.0,0.0,300.0,300.0,-0.18602500000000002,0.032688431312417957,-0.264,-0.038,-0.9808516666666668,0.06108786277734476,-1.244,-0.693,0.07137166666666667,0.04466100205581632,-0.09,0.217,-1.9306166666666664,19.331845526548022,-55.67,67.75,-0.10825000000000003,10.411764324751433,-24.93,38.82,-0.4422000000000002,6.894580177695134,-26.34,26.09,1.0023687260892797,0.06181431884046,150.0,81.90666666666667,5.5618507212249195,62.0,91.0,84.0,29.0,79.0,86.0,7.0,72.0,87.0,15.0,15.0,2.38255033557047,16.0,-0.026568291924085653
soli,student1,combined_all,/Users/tylerchen/Cosmos-Gesture-Recognition-/processed/session_kaiwei_periodic/sessions/student1_soli_003_seg001,30.0,352487.45,34311.08315893229,297101.0,456193.0,456193.0,301786.0,-154407.0,2.3833333333333333,1.6370422741662498,0.0,0.0,0.0,300.0,300.0,-0.20713166666666671,0.03465780638641919,-0.332,-0.043,-0.9829749999999999,0.0595060783154249,-1.251,-0.69,0.040085,0.04453255672351784,-0.094,0.391,0.7452500000000003,21.234342622151207,-49.41,103.09,1.1432833333333334,10.711258732585488,-28.5,37.32,0.5709666666666666,5.867452424557394,-17.82,20.54,1.0069817711082156,0.0588488177468828,150.0,75.56,3.0745327576482815,69.0,84.0,75.5,15.0,73.0,77.0,4.0,77.0,73.0,-4.0,4.0,2.5906040268456376,9.0,-0.03219343081914762
soli,student1,combined_all,/Users/tylerchen/Cosmos-Gesture-Recognition-/processed/session_kaiwei_periodic/sessions/student1_soli_003_seg002,30.0,324271.4166666667,20279.69729724918,301180.0,364084.0,354016.0,352649.0,-1367.0,2.0,1.9321835661585918,0.0,0.0,0.0,300.0,300.0,-0.21209333333333333,0.03681197208638637,-0.37,-0.078,-0.9792333333333333,0.07626097128112612,-1.359,-0.512,0.11427666666666667,0.08558828954598524,-0.184,0.467,1.9751166666666669,21.08807741301064,-41.69,70.68,0.5383166666666667,9.295038761783383,-26.09,24.75,-0.4085333333333333,6.877865647670607,-19.53,16.85,1.0131935701762667,0.06982593637401353,150.0,74.23666666666666,2.5761533330773863,68.0,79.0,75.0,11.0,72.0,76.0,4.0,74.0,77.0,3.0,3.0,2.315436241610738,8.0,0.024992221876527897
palm_up_down,student1,combined_all,/Users/tylerchen/Cosmos-Gesture-Recognition-/processed/session_kaiwei_periodic/sessions/student1_palm_up_down_001_seg000,30.0,546708.0833333334,124141.84345363997,320187.0,789619.0,467856.0,532349.0,64493.0,5.716666666666667,2.5089285008190694,0.0,0.0,0.0,300.0,300.0,0.16839333333333334,0.8527557948824246,-2.037,1.941,-0.12890333333333334,0.2741612000603268,-0.761,0.846,-0.569935,0.4292581821919108,-1.608,1.161,1.0206499999999998,82.53640482837962,-288.86,243.93,-3.6065833333333317,291.1243568449911,-911.83,586.17,-4.04,27.498734598159242,-91.01,88.11,1.1239919917009003,0.30505685892236,150.0,79.95333333333333,4.608624344044436,63.0,99.0,79.0,36.0,77.0,83.0,6.0,78.0,75.0,-3.0,3.0,2.959731543624161,29.0,0.018306591404062288
palm_up_down,student1,combined_all,/Users/tylerchen/Cosmos-Gesture-Recognition-/processed/session_kaiwei_periodic/sessions/student1_palm_up_down_001_seg001,30.0,544699.6,129304.50617788486,380327.0,920462.0,581897.0,493715.0,-88182.0,7.033333333333333,2.15225979431439,0.0,0.0,0.0,300.0,300.0,0.08770166666666666,0.8108639307787484,-1.963,1.851,-0.10346333333333334,0.27188317573573423,-0.867,0.974,-0.6448216666666667,0.4773963228079533,-2.174,0.584,8.798449999999999,73.27565268228025,-267.1,187.81,22.14003333333334,299.5880118534989,-861.63,515.79,-5.823799999999999,29.746132366161238,-96.68,81.55,1.1350374126374534,0.32435986483113954,150.0,80.15333333333334,3.833334306001238,73.0,91.0,80.0,18.0,77.0,83.0,6.0,78.0,75.0,-3.0,3.0,2.4496644295302015,10.0,0.012439663985065692
palm_up_down,student1,combined_all,/Users/tylerchen/Cosmos-Gesture-Recognition-/processed/session_kaiwei_periodic/sessions/student1_palm_up_down_001_seg002,30.0,450179.98333333334,79530.98917513048,317663.0,645667.0,342352.0,317663.0,-24689.0,6.716666666666667,2.1744092428877217,0.0,0.0,0.0,300.0,300.0,0.18897833333333333,0.7991682787569188,-1.605,2.082,-0.12582500000000002,0.2613363212431941,-0.97,1.081,-0.633425,0.4317482334187196,-1.76,0.795,-0.6913833333333332,75.7223368157401,-298.53,206.49,-0.6590333333333365,267.14884160095517,-750.36,523.39,-5.366833333333334,25.556818997451902,-77.24,75.29,1.1218714289604808,0.2958878440119169,150.0,81.47666666666667,5.333928588146375,69.0,102.0,81.0,33.0,77.0,84.0,7.0,75.0,80.0,5.0,5.0,3.3221476510067114,25.0,0.03830659140406253
palm_up_down,student1,combined_all,/Users/tylerchen/Cosmos-Gesture-Recognition-/processed/session_kaiwei_periodic/sessions/student1_palm_up_down_002_seg000,30.0,540159.5666666667,134807.00721888393,348045.0,837912.0,549107.0,623772.0,74665.0,6.883333333333334,2.080397932020592,0.0,0.0,0.0,300.0,300.0,0.087165,0.8503998531720239,-1.567,1.944,-0.063585,0.29257951387899095,-1.035,0.841,-0.5909216666666667,0.4203585306935638,-1.467,0.566,-6.622516666666668,97.17347556517873,-263.95,283.88,-29.620200000000004,307.63018287649646,-762.23,638.84,-5.618716666666666,28.50851472986721,-123.63,61.92,1.1193322360653386,0.3056280867894815,150.0,81.61,4.546053594177425,64.0,101.0,82.0,37.0,79.0,84.0,5.0,84.0,79.0,-5.0,5.0,3.1879194630872485,31.0,-0.01962605745440539
palm_up_down,student1,combined_all,/Users/tylerchen/Cosmos-Gesture-Recognition-/processed/session_kaiwei_periodic/sessions/student1_palm_up_down_002_seg001,30.0,462644.8333333333,76943.27425234919,328082.0,607072.0,420351.0,514758.0,94407.0,6.4,1.836663641860788,0.0,0.0,0.0,300.0,300.0,0.007184999999999964,0.8149852482969656,-1.478,1.6,-0.11175833333333332,0.2545783460595331,-0.879,0.795,-0.55383,0.4151965331020961,-1.458,0.756,3.7371000000000003,87.95627348815623,-279.0,186.8,11.941066666666662,289.0332506365468,-876.22,560.75,-10.331916666666668,32.060659565003576,-101.08,65.77,1.0743918997915731,0.25758593552593795,150.0,82.38333333333334,5.337866851140732,68.0,109.0,82.0,41.0,79.0,85.0,6.0,82.0,84.0,2.0,2.0,3.4093959731543624,26.0,-0.00243062654636531
palm_up_down,student1,combined_all,/Users/tylerchen/Cosmos-Gesture-Recognition-/processed/session_kaiwei_periodic/sessions/student1_palm_up_down_002_seg002,30.0,530018.2,128375.31907299522,326072.0,935156.0,498670.0,606042.0,107372.0,6.35,1.9796885276898148,0.0,0.0,0.0,300.0,300.0,0.030316666666666662,0.8854104940961315,-2.553,1.767,-0.08645666666666665,0.3147186782756237,-0.964,1.017,-0.6183483333333334,0.4807086430440191,-1.543,1.298,0.36033333333333456,96.31133144766623,-289.07,258.16,-5.864300000000001,302.0044547913877,-981.02,577.75,-8.286116666666667,32.643019835840185,-95.22,90.09,1.1727358502971714,0.3598882205089574,150.0,83.89666666666666,7.925311305186462,50.0,118.0,84.0,68.0,80.0,87.0,7.0,91.0,86.0,-5.0,5.0,4.422818791946309,44.0,-0.0008009244855328712
palm_up_down,student1,combined_all,/Users/tylerchen/Cosmos-Gesture-Recognition-/processed/session_kaiwei_periodic/sessions/student1_palm_up_down_003_seg000,30.0,536931.0,104061.7839734325,363028.0,786863.0,563974.0,435977.0,-127997.0,6.483333333333333,1.562494444434568,0.0,0.0,0.0,300.0,300.0,0.07276666666666666,0.81159990565047,-2.011,1.525,-0.06633833333333333,0.2483348439048017,-0.7,0.92,-0.6001666666666667,0.3771388115112898,-1.437,0.783,-1.1930333333333314,82.2622201406305,-268.87,185.43,-10.845100000000002,273.61150194084195,-889.68,482.28,-6.440516666666666,28.4895182154722,-92.07,65.71,1.0808439733498787,0.2535160349868806,150.0,88.48,7.355846062152336,60.0,118.0,88.0,58.0,85.0,91.75,6.75,84.0,88.0,4.0,4.0,3.6778523489932886,41.0,0.028788242440404715
palm_up_down,student1,combined_all,/Users/tylerchen/Cosmos-Gesture-Recognition-/processed/session_kaiwei_periodic/sessions/student1_palm_up_down_003_seg001,30.0,553567.8333333334,107647.15724349416,374142.0,803836.0,442930.0,390004.0,-52926.0,6.633333333333334,1.5595583420386114,0.0,0.0,0.0,300.0,300.0,0.05346833333333334,0.8186621799195047,-1.374,1.557,-0.08886166666666666,0.2633877592015662,-0.735,0.719,-0.5884233333333333,0.3451201278406415,-1.337,0.351,4.195450000000002,87.94492746058467,-274.48,216.22,-5.85833333333334,284.34455226694405,-731.99,496.35,-8.106499999999999,28.88851138572795,-76.97,56.06,1.0693451372049463,0.268676449261907,150.0,86.57333333333334,6.3505265272850355,73.0,117.0,85.0,44.0,83.0,89.0,6.0,92.0,85.0,-7.0,7.0,3.4832214765100673,35.0,-0.014362712416848573
palm_up_down,student1,combined_all,/Users/tylerchen/Cosmos-Gesture-Recognition-/processed/session_kaiwei_periodic/sessions/student1_palm_up_down_003_seg002,30.0,540947.2666666667,101266.55328222751,362836.0,790637.0,450527.0,686650.0,236123.0,7.683333333333334,2.4781825777954474,0.0,0.0,0.0,300.0,300.0,0.03126333333333335,0.8499027362423434,-1.319,1.487,-0.1251233333333333,0.2688162317561117,-0.949,0.572,-0.5430366666666667,0.3787676820808355,-1.336,0.646,5.637800000000002,86.34271433359814,-240.27,221.56,-1.6210666666666658,295.7815087000237,-770.81,520.86,-13.031350000000002,33.35510728844679,-94.24,92.04,1.084973227526557,0.2691039686947642,150.0,91.61666666666666,9.296462606940189,71.0,126.0,89.0,55.0,85.0,96.0,11.0,89.0,99.0,10.0,10.0,5.208053691275167,42.0,0.05699719987554991
pull,leudies,combined_all,/Users/tylerchen/Cosmos-Gesture-Recognition-/processed/session_leudies_discrete/sessions/leudies_pull_001,30.0,311247.63333333336,84542.04713808915,242581.0,496243.0,270585.0,242581.0,-28004.0,2.7,3.5133080327994777,0.0,0.0,0.0,301.0,301.0,0.7584833887043189,0.1462207522852095,0.344,1.022,-0.3139136212624585,0.13660550759601509,-0.713,0.025,-0.5320863787375416,0.14513727325152026,-0.838,-0.257,1.224019933554817,7.266105455558501,-23.71,26.31,6.281810631229236,10.305247322896545,-7.75,51.55,-3.556544850498339,19.946280280594713,-81.12,37.97,1.0083354195020875,0.03634294926641087,150.0,62.11,8.600544309292719,49.0,77.0,60.0,28.0,54.0,71.0,17.0,71.0,51.0,-20.0,20.0,1.74496644295302,8.0,-0.17685497133205955
pull,leudies,combined_all,/Users/tylerchen/Cosmos-Gesture-Recognition-/processed/session_leudies_discrete/sessions/leudies_pull_002,30.0,340906.73333333334,116492.0155850272,248539.0,631687.0,282745.0,303132.0,20387.0,3.066666666666667,2.7438820836342237,0.0,0.0,0.0,302.0,302.0,0.7726043046357617,0.17457779320173863,0.313,1.104,-0.32824503311258274,0.13533074357827654,-0.656,0.186,-0.4855993377483444,0.20090896708031075,-0.921,-0.12,4.191655629139073,9.834188059153984,-19.01,43.95,7.269486754966888,13.851165579070635,-6.71,62.44,-5.748145695364238,18.927578967426786,-74.53,33.72,1.0137432304305412,0.0441567885221098,151.0,61.937086092715234,9.147003996894574,50.0,78.0,57.0,28.0,54.0,73.0,19.0,77.0,56.0,-21.0,21.0,1.6333333333333333,8.0,-0.18990589055420054
pull,leudies,combined_all,/Users/tylerchen/Cosmos-Gesture-Recognition-/processed/session_leudies_discrete/sessions/leudies_pull_003,30.0,309733.8333333333,84352.45985391033,239185.0,556381.0,253062.0,239943.0,-13119.0,2.7666666666666666,3.018645759644914,0.0,0.0,0.0,301.0,301.0,0.6918920265780731,0.11071032552829171,0.509,0.842,-0.4045016611295681,0.04736650235570922,-0.507,-0.285,-0.5759734219269103,0.11801610041878971,-0.769,-0.374,3.8963621262458474,7.450979633485604,-21.06,23.96,4.714634551495017,5.66027518313725,-5.22,18.22,-4.7504983388704325,10.062054699129282,-30.7,19.84,1.000942886577274,0.02496102076224928,150.0,61.28666666666667,10.183772238332764,45.0,77.0,61.0,32.0,51.0,72.0,21.0,71.0,45.0,-26.0,26.0,1.9463087248322148,8.0,-0.22098226587848374
pull,leudies,combined_all,/Users/tylerchen/Cosmos-Gesture-Recognition-/processed/session_leudies_discrete/sessions/leudies_pull_004,30.0,312556.55,91652.53071304596,233382.0,542171.0,256442.0,242013.0,-14429.0,2.6,3.3226495451672293,0.0,0.0,0.0,301.0,301.0,0.7184468438538206,0.14931209537605086,0.445,0.908,-0.3396196013289036,0.09292542914484284,-0.508,-0.045,-0.5670099667774086,0.14668021208830906,-0.784,-0.303,4.47141196013289,7.747803530757545,-11.96,31.95,6.1239700996677735,9.322088303307053,-7.75,32.04,-7.519269102990034,9.094233732065103,-29.85,7.29,1.002288117668654,0.029504143456047446,151.0,61.056291390728475,8.320765799363585,46.0,76.0,59.0,30.0,54.0,69.0,15.0,70.0,54.0,-16.0,16.0,2.44,8.0,-0.17152666434297678
pull,leudies,combined_all,/Users/tylerchen/Cosmos-Gesture-Recognition-/processed/session_leudies_discrete/sessions/leudies_pull_005,30.0,323704.13333333336,75638.2050142798,251356.0,534775.0,257007.0,306958.0,49951.0,3.6333333333333333,2.86918494040071,0.0,0.0,0.0,303.0,303.0,0.6956716171617162,0.13584921844276543,0.441,0.88,-0.3308844884488449,0.06164347708321781,-0.478,-0.153,-0.6080742574257426,0.138442116905801,-0.835,-0.412,5.522062706270627,8.114213688206606,-16.36,24.84,5.390841584158417,7.655139876968971,-9.28,26.12,-4.715346534653466,10.551341974088944,-37.45,13.4,1.0020122118446924,0.02430065081855935,151.0,61.29801324503311,10.862313532841394,47.0,81.0,57.5,34.0,52.0,73.5,21.5,77.0,52.0,-25.0,25.0,2.3666666666666667,8.0,-0.2264180318345536
pull,leudies,combined_all,/Users/tylerchen/Cosmos-Gesture-Recognition-/processed/session_leudies_discrete/sessions/leudies_pull_006,30.0,332622.6666666667,92929.14579697564,252606.0,630063.0,278321.0,263268.0,-15053.0,4.033333333333333,2.994253756039317,0.0,0.0,0.0,300.0,300.0,0.7161783333333334,0.13243805174146164,0.419,0.872,-0.23475166666666666,0.065589042508808,-0.4,-0.091,-0.6278933333333333,0.13324627960896182,-0.903,-0.439,3.7981333333333334,8.686129317224996,-16.69,30.95,6.192166666666665,9.333436325324605,-10.22,26.43,-3.843433333333333,9.459833325463803,-30.55,14.53,1.0005232673407891,0.028623605100879652,150.0,64.02333333333333,8.19771139012555,52.0,80.0,60.0,28.0,57.0,72.75,15.75,75.0,56.0,-19.0,19.0,1.8590604026845639,7.0,-0.1733010356015821
pull,leudies,combined_all,/Users/tylerchen/Cosmos-Gesture-Recognition-/processed/session_leudies_discrete/sessions/leudies_pull_007,30.0,326643.51666666666,82169.59770686514,238836.0,489684.0,275358.0,246637.0,-28721.0,3.533333333333333,3.242769735204082,0.0,0.0,0.0,300.0,300.0,0.7311383333333333,0.15269143610623742,0.327,0.918,-0.21010500000000001,0.06313127558097874,-0.353,-0.073,-0.6053333333333334,0.1699376296261748,-0.888,-0.289,3.9982,7.953359803718639,-24.38,29.08,8.167583333333333,11.62760777530739,-8.06,33.97,-5.4053,9.15781845801717,-32.65,12.45,1.0001988925933423,0.030282400393138936,150.0,61.416666666666664,6.256651941118688,51.0,74.0,60.0,23.0,56.0,67.0,11.0,70.0,55.0,-15.0,15.0,1.9932885906040267,7.0,-0.11476154495755377
pull,leudies,combined_all,/Users/tylerchen/Cosmos-Gesture-Recognition-/processed/session_leudies_discrete/sessions/leudies_pull_008,30.0,319713.61666666664,79082.94668128346,237996.0,500120.0,299036.0,237996.0,-61040.0,3.5,2.7348911549876402,0.0,0.0,0.0,303.0,303.0,0.722963696369637,0.11996933954037807,0.479,0.883,-0.3061072607260726,0.060120228144419155,-0.485,-0.114,-0.5962887788778878,0.12406169777138201,-0.815,-0.405,2.176254125412542,8.0115050833388,-23.5,31.04,5.3638613861386135,8.176405599163994,-16.36,22.8,-2.079108910891089,11.72113896815965,-34.09,25.85,1.002198563644286,0.030576090307463735,151.0,63.129139072847686,9.241836681843234,50.0,78.0,61.0,28.0,54.0,73.0,19.0,71.0,57.0,-14.0,14.0,1.72,7.0,-0.19393691181596395
push,leudies,combined_all,/Users/tylerchen/Cosmos-Gesture-Recognition-/processed/session_leudies_discrete/sessions/leudies_push_001,30.0,338891.63333333336,76050.80866477064,240638.0,513961.0,339839.0,285665.0,-54174.0,3.1,3.003886371574886,0.0,0.0,0.0,300.0,300.0,0.7121783333333334,0.13721252626451014,0.477,0.937,-0.35952,0.07635436857181127,-0.535,-0.186,-0.55503,0.19099402023798198,-0.803,-0.238,-7.0228,8.129905267590761,-29.51,8.27,-8.958366666666667,9.325016979370899,-35.71,3.36,1.1391999999999995,10.631012433442075,-26.15,27.83,1.0020889399734965,0.03827073141179905,150.0,64.63666666666667,12.971690480233825,41.0,81.0,65.0,40.0,51.25,78.0,26.75,49.0,79.0,30.0,30.0,2.0671140939597317,7.0,0.2850446686519399
push,leudies,combined_all,/Users/tylerchen/Cosmos-Gesture-Recognition-/processed/session_leudies_discrete/sessions/leudies_push_002,30.0,305547.3333333333,84097.51572007872,233463.0,530483.0,240956.0,241704.0,748.0,3.2666666666666666,3.577087580079016,0.0,0.0,0.0,300.0,300.0,0.750465,0.12180376817515404,0.585,0.98,-0.35467000000000004,0.0653907697360007,-0.613,-0.13,-0.5211366666666667,0.1587359248003495,-0.741,-0.187,-3.1996833333333345,10.912867590928135,-34.88,36.77,-7.289633333333333,9.437714792002627,-42.76,6.47,3.6273333333333335,8.602190160392617,-22.61,32.04,1.0015233628081208,0.04280313948197002,150.0,63.20333333333333,10.993521751790201,46.0,78.0,64.0,32.0,52.0,75.0,23.0,51.0,77.0,26.0,26.0,1.8657718120805369,7.0,0.23972769160110796
push,leudies,combined_all,/Users/tylerchen/Cosmos-Gesture-Recognition-/processed/session_leudies_discrete/sessions/leudies_push_003,30.0,351261.36666666664,70339.27100583444,269607.0,506787.0,315872.0,293192.0,-22680.0,5.266666666666667,1.860704764927048,0.0,0.0,0.0,302.0,302.0,0.7016390728476821,0.16449116463057978,0.475,1.028,-0.21894867549668875,0.05206406695391856,-0.389,-0.091,-0.6250480132450331,0.20775188217927879,-0.864,-0.136,-3.8208774834437085,11.610012433170859,-49.01,19.32,-10.647566225165564,14.73455597752731,-73.76,6.41,2.254271523178808,8.809185037539677,-30.67,29.79,1.0013751356637475,0.03313038548859951,151.0,67.66887417218543,10.654246010741218,46.0,83.0,73.0,37.0,55.0,77.0,22.0,52.0,78.0,26.0,26.0,2.2266666666666666,8.0,0.21466190310212618
push,leudies,combined_all,/Users/tylerchen/Cosmos-Gesture-Recognition-/processed/session_leudies_discrete/sessions/leudies_push_004,30.0,359784.0333333333,102195.99037747137,252625.0,573410.0,261473.0,325714.0,64241.0,4.066666666666666,3.108411527166605,0.0,0.0,0.0,300.0,300.0,0.7088266666666666,0.12258102139975588,0.527,0.984,-0.3316633333333333,0.052078306317399466,-0.462,-0.178,-0.59832,0.1258152402665644,-0.825,-0.378,-0.24991666666666673,7.863414424391113,-22.61,16.97,-5.938933333333333,10.093228201566083,-33.57,10.53,1.9950999999999999,10.021610432294136,-22.03,33.54,1.001452847270258,0.032902258729131745,150.0,62.97,8.474730389971086,48.0,76.0,65.0,28.0,54.0,71.0,17.0,54.0,74.0,20.0,20.0,2.0671140939597317,8.0,0.17056550661510883
push,leudies,combined_all,/Users/tylerchen/Cosmos-Gesture-Recognition-/processed/session_leudies_discrete/sessions/leudies_push_005,31.0,349221.8387096774,86097.59045075302,244824.0,529341.0,256695.0,351637.0,94942.0,4.580645161290323,2.970545660186152,0.0,0.0,0.0,302.0,302.0,0.7408658940397351,0.12156630301844458,0.564,0.98,-0.32837251655629135,0.07137718906508232,-0.44,-0.042,-0.5579619205298013,0.13745815378857493,-0.723,-0.281,-1.8008774834437087,7.592949824854156,-24.96,23.68,-4.840513245033111,11.341314184663743,-36.26,16.05,1.3432450331125831,13.2377045813216,-31.28,38.51,1.0027143466178396,0.03693290701040861,151.0,63.397350993377486,10.774246745642236,44.0,78.0,69.0,34.0,52.0,72.0,20.0,48.0,68.0,20.0,20.0,2.2266666666666666,8.0,0.21762112234227926
push,leudies,combined_all,/Users/tylerchen/Cosmos-Gesture-Recognition-/processed/session_leudies_discrete/sessions/leudies_push_006,30.0,320433.56666666665,85132.40671318347,241989.0,528474.0,261196.0,257880.0,-3316.0,3.6333333333333333,3.4879156462786707,0.0,0.0,0.0,301.0,301.0,0.763234219269103,0.08922008110828676,0.623,0.991,-0.3556611295681063,0.05118505001945492,-0.534,-0.161,-0.5213039867109635,0.11856476213844609,-0.7,-0.256,-1.2143023255813954,8.770314274304031,-25.21,40.13,-5.7454817275747505,6.905626321857961,-20.29,14.71,0.5615614617940202,8.986640687758335,-28.6,23.62,1.0021716644727192,0.03269325736465904,151.0,63.62582781456954,9.450611716188245,45.0,77.0,67.0,32.0,54.0,72.0,18.0,48.0,70.0,22.0,22.0,2.64,9.0,0.19653363541303603
push,leudies,combined_all,/Users/tylerchen/Cosmos-Gesture-Recognition-/processed/session_leudies_discrete/sessions/leudies_push_007,30.0,349885.38333333336,96339.17856110283,248790.0,582837.0,320292.0,270260.0,-50032.0,3.5,3.3141112433551974,0.0,0.0,0.0,301.0,301.0,0.7334186046511628,0.1164807739120499,0.556,0.966,-0.3891212624584718,0.06886976173144409,-0.564,-0.227,-0.5037275747508306,0.21364086270448257,-0.736,-0.137,-7.300598006644519,10.98797105525501,-41.51,7.75,-8.831893687707643,10.627665773943551,-41.44,3.48,0.3153488372093022,7.972716367315561,-21.58,24.35,1.0029509926241948,0.03319963092326151,151.0,64.20198675496688,11.258504756841532,41.0,79.0,70.0,38.0,52.0,73.0,21.0,44.0,71.0,27.0,27.0,2.7933333333333334,9.0,0.22950331125827816
push,leudies,combined_all,/Users/tylerchen/Cosmos-Gesture-Recognition-/processed/session_leudies_discrete/sessions/leudies_push_008,30.0,336922.9,94297.49717935255,242489.0,592308.0,242489.0,291875.0,49386.0,4.133333333333334,3.2221455929585523,0.0,0.0,0.0,302.0,302.0,0.6229139072847683,0.18435517392367906,0.401,1.029,-0.30580298013245033,0.08619203402594353,-0.461,0.032,-0.661587748344371,0.22147263605627324,-0.89,-0.129,-3.2308609271523174,9.929839033555094,-36.56,13.98,-12.136754966887416,16.46363345546337,-54.96,6.13,4.073476821192053,10.209010863564435,-29.24,32.62,1.0040639848278892,0.03945994274265047,151.0,64.55629139072848,8.192586699034198,46.0,76.0,67.0,30.0,55.5,71.0,15.5,52.0,74.0,22.0,22.0,2.933333333333333,10.0,0.15643604043220602
clockwise,leudies,combined_all,/Users/tylerchen/Cosmos-Gesture-Recognition-/processed/session_leudies_discrete/sessions/leudies_clockwise_001,30.0,457779.26666666666,134970.3641843728,236257.0,771032.0,243221.0,309340.0,66119.0,5.566666666666666,2.7650597743187317,0.0,0.0,0.0,301.0,301.0,0.14671926910299007,0.8724397427587655,-2.54,1.055,-0.28288372093023256,0.5914963900697279,-1.541,0.847,-0.48571594684385383,0.2679937580684266,-1.004,0.068,-63.083438538205975,50.18537888046468,-208.66,6.87,-28.988637873754147,103.31699836571308,-290.84,257.06,-14.300564784053156,132.3039765262723,-567.22,217.23,1.1243945427241988,0.5060102522459891,151.0,97.89403973509934,30.240679515707708,23.0,215.0,111.0,192.0,84.0,115.0,31.0,114.0,119.0,5.0,5.0,6.153333333333333,152.0,0.0005995120250951005
clockwise,leudies,combined_all,/Users/tylerchen/Cosmos-Gesture-Recognition-/processed/session_leudies_discrete/sessions/leudies_clockwise_002,30.0,421512.5333333333,101610.11792327682,265478.0,670719.0,300053.0,324698.0,24645.0,5.466666666666667,3.0630413353760377,0.0,0.0,0.0,301.0,301.0,0.15610299003322253,0.8537641039362643,-2.326,1.023,-0.2187242524916944,0.6750843920055465,-1.638,0.865,-0.4560431893687707,0.2622396981088991,-1.215,0.246,-60.56538205980067,52.94009581985211,-214.03,13.52,-38.93445182724252,109.76780289982807,-326.49,125.71,-5.070764119601327,115.37451171684832,-267.8,244.24,1.1328556420281246,0.5002436084388152,150.0,98.21333333333334,30.34446239778011,24.0,147.0,114.0,123.0,76.5,120.0,43.5,117.0,116.0,-1.0,1.0,5.067114093959732,34.0,-0.05539090626250129
clockwise,leudies,combined_all,/Users/tylerchen/Cosmos-Gesture-Recognition-/processed/session_leudies_discrete/sessions/leudies_clockwise_003,30.0,460166.8,105858.04322878194,270241.0,708279.0,329329.0,317944.0,-11385.0,6.033333333333333,2.7505554994501664,0.0,0.0,0.0,302.0,302.0,0.19655629139072847,0.851855943095935,-2.031,1.134,-0.24060430463576157,0.5927698301095398,-1.598,0.704,-0.47727152317880794,0.35620880723900356,-1.271,0.118,-67.6853476821192,56.50474037397315,-279.49,8.36,-30.72897350993378,109.91927587046193,-321.73,111.76,-13.346026490066231,125.46148325641603,-467.88,247.96,1.1283544769292233,0.5050231895233379,150.0,95.22333333333333,30.819105067092156,26.0,145.0,112.0,119.0,74.5,117.0,42.5,111.0,120.0,9.0,9.0,4.597315436241611,26.0,-0.06729276856749265
clockwise,leudies,combined_all,/Users/tylerchen/Cosmos-Gesture-Recognition-/processed/session_leudies_discrete/sessions/leudies_clockwise_004,30.0,448065.56666666665,107107.32664472067,260743.0,664204.0,260743.0,328651.0,67908.0,6.033333333333333,2.857543622686372,0.0,0.0,0.0,302.0,302.0,0.18012582781456957,0.831514271776114,-1.956,1.06,-0.3285728476821192,0.5397020468082151,-1.496,0.442,-0.4002880794701987,0.2566579134955471,-0.965,0.174,-73.69827814569535,68.34894568201594,-419.11,13.25,-23.439668874172185,102.2858537759343,-271.68,126.01,-3.4089403973509875,115.4003929610553,-331.4,236.52,1.0897942790369202,0.40193528593591565,148.0,93.5945945945946,28.48947347843885,25.0,146.0,108.0,121.0,78.5,112.0,33.5,107.0,105.0,-2.0,2.0,6.0,84.0,-0.08885738224185001
clockwise,leudies,combined_all,/Users/tylerchen/Cosmos-Gesture-Recognition-/processed/session_leudies_discrete/sessions/leudies_clockwise_005,30.0,467575.0333333333,115115.14485432497,265568.0,654858.0,315737.0,362069.0,46332.0,5.783333333333333,2.7618934728833326,0.0,0.0,0.0,301.0,301.0,0.21991362126245853,0.8622277196679629,-2.629,1.064,-0.25502657807308965,0.6287891168320504,-1.788,0.748,-0.37792192691029897,0.3093147039784622,-1.363,0.121,-68.10284053156145,56.37514460490314,-321.79,21.91,-36.706744186046514,104.54351472145531,-310.22,111.36,-7.884352159468434,120.8668699919128,-335.37,264.17,1.1121048512034457,0.503920945404457,149.0,96.2751677852349,30.709649214380594,24.0,135.0,112.0,111.0,76.0,118.0,42.0,114.0,122.0,8.0,8.0,3.945945945945946,18.0,-0.00822419735171452
clockwise,leudies,combined_all,/Users/tylerchen/Cosmos-Gesture-Recognition-/processed/session_leudies_discrete/sessions/leudies_clockwise_006,30.0,444146.9,99408.86813671773,263696.0,654686.0,291312.0,321477.0,30165.0,5.9,2.4097026095903757,0.0,0.0,0.0,300.0,300.0,0.39089666666666667,0.5889877313285529,-1.603,1.052,-0.1228,0.570489418702794,-1.502,0.788,-0.5084233333333333,0.4876284625158334,-1.712,0.145,-45.187599999999996,55.704596431294014,-208.87,90.91,-35.25253333333333,106.4823355917883,-279.27,153.08,-22.955983333333332,98.50053613809109,-347.12,117.19,1.0791754213772493,0.41460943277630347,148.0,103.84797297297297,43.03432039743167,25.0,211.0,110.5,186.0,73.0,124.0,51.0,162.0,128.0,-34.0,34.0,9.551020408163266,60.0,-0.34538061551484395
clockwise,leudies,combined_all,/Users/tylerchen/Cosmos-Gesture-Recognition-/processed/session_leudies_discrete/sessions/leudies_clockwise_007,30.0,443707.13333333336,115297.84847941535,256360.0,710584.0,261398.0,267863.0,6465.0,6.433333333333334,2.4722908854384875,0.0,0.0,0.0,301.0,301.0,0.25438538205980066,0.7295896842024437,-1.27,1.095,-0.23868272425249162,0.5391900192982534,-1.238,0.605,-0.45016611295681064,0.4392112595847475,-1.274,0.36,-58.60906976744185,49.07045212304363,-178.14,22.03,-28.96006644518273,101.45014012586206,-282.42,116.46,-18.64707641196013,110.88768470855572,-372.36,211.65,1.0856539259864586,0.40201985331402185,150.0,98.07333333333334,32.637802158753196,29.0,166.0,113.5,137.0,74.25,122.0,47.75,115.0,122.0,7.0,7.0,6.395973154362416,59.0,-0.05449131072492182
clockwise,leudies,combined_all,/Users/tylerchen/Cosmos-Gesture-Recognition-/processed/session_leudies_discrete/sessions/leudies_clockwise_008,30.0,473360.43333333335,113002.24225907594,259422.0,654926.0,262905.0,399481.0,136576.0,6.7,3.751888413408195,0.0,0.0,0.0,301.0,301.0,0.2524136212624584,0.7062638626614732,-1.437,1.045,-0.2361544850498339,0.543562623625046,-1.579,0.589,-0.47649833887043197,0.4269762543257388,-1.314,0.279,-53.059667774086385,56.09137742396952,-307.11,73.61,-32.15588039867109,104.49745232433104,-245.12,168.16,-18.983787375415282,96.23858301156763,-390.67,178.78,1.0808288295936532,0.3935974800924935,149.0,98.21140939597315,31.117865578077758,31.0,143.0,112.0,112.0,77.0,122.0,45.0,121.0,118.0,-3.0,3.0,4.695945945945946,28.0,-0.035403591510973956
anti_clockwise,leudies,combined_all,/Users/tylerchen/Cosmos-Gesture-Recognition-/processed/session_leudies_discrete/sessions/leudies_anti_clockwise_001,30.0,481331.8,206378.95929469168,249813.0,1061604.0,249813.0,294076.0,44263.0,6.166666666666667,2.8992336152086047,0.0,0.0,0.0,300.0,300.0,0.11884833333333338,1.0236727689210823,-2.4,1.092,-0.40207333333333334,0.6165357583213555,-2.278,0.488,-0.2739166666666667,0.24746380487300002,-0.798,0.223,61.551733333333324,92.85397328240127,-79.17,314.71,6.769383333333335,105.49833199207684,-199.01,367.78,-17.5756,119.74958529631742,-304.88,269.54,1.157096681819472,0.6334083317700372,150.0,100.75333333333333,29.3067407933467,19.0,128.0,116.0,109.0,86.25,118.75,32.5,125.0,116.0,-9.0,9.0,3.5369127516778525,18.0,0.12263122805457917
anti_clockwise,leudies,combined_all,/Users/tylerchen/Cosmos-Gesture-Recognition-/processed/session_leudies_discrete/sessions/leudies_anti_clockwise_002,30.0,464431.5333333333,132018.03167010515,241367.0,734333.0,251310.0,328442.0,77132.0,5.933333333333334,2.619584360585133,0.0,0.0,0.0,302.0,302.0,0.07753311258278144,1.10848696756222,-2.988,1.14,-0.33066556291390725,0.6165902385359305,-2.18,0.453,-0.10242715231788078,0.332918361496767,-0.582,0.749,70.35880794701987,121.54379414271014,-130.59,425.0,12.44682119205298,95.94680841070127,-188.42,290.54,-26.787947019867545,131.87675263362095,-297.49,384.08,1.1776843213313728,0.6772470552176169,150.0,101.81,29.20068664725439,14.0,130.0,115.0,116.0,92.0,120.75,28.75,112.0,124.0,12.0,12.0,4.375838926174497,21.0,0.24006489177296708
anti_clockwise,leudies,combined_all,/Users/tylerchen/Cosmos-Gesture-Recognition-/processed/session_leudies_discrete/sessions/leudies_anti_clockwise_003,30.0,434631.4,117912.59451831259,242177.0,640737.0,255856.0,337902.0,82046.0,5.333333333333333,2.6373387259803316,0.0,0.0,0.0,301.0,301.0,0.11920265780730897,0.9188187213214276,-1.909,1.117,-0.3813355481727575,0.6189409589478125,-1.664,0.266,-0.26685548172757473,0.2315344967995708,-0.983,0.247,58.731328903654486,102.76175459222117,-70.31,320.87,12.902707641196013,93.63515835301891,-206.24,268.11,-15.892591362126247,112.34181493690613,-206.09,259.83,1.1105554025908204,0.5276633361862016,148.0,99.26351351351352,30.57634839951945,21.0,129.0,114.0,108.0,88.75,120.0,31.25,115.0,119.0,4.0,4.0,3.7142857142857144,16.0,0.2532437244805411
anti_clockwise,leudies,combined_all,/Users/tylerchen/Cosmos-Gesture-Recognition-/processed/session_leudies_discrete/sessions/leudies_anti_clockwise_004,30.0,459618.43333333335,137754.36813804568,241956.0,755502.0,241956.0,357168.0,115212.0,6.333333333333333,2.736583433569839,0.0,0.0,0.0,302.0,302.0,0.18475993377483452,0.7901906527537094,-1.696,1.064,-0.40050331125827815,0.5727341893128722,-1.792,0.317,-0.40786423841059605,0.229360177102116,-1.229,0.098,55.21771523178808,87.11532873386275,-86.79,311.38,20.629354304635765,92.61080286311436,-190.1,284.01,-7.129933774834442,107.207263953365,-262.4,227.21,1.0737952731813065,0.4613977610181755,148.0,95.81756756756756,33.73285145836934,19.0,138.0,110.0,119.0,75.25,121.0,45.75,112.0,138.0,26.0,26.0,4.639455782312925,23.0,0.31470883292551577
anti_clockwise,leudies,combined_all,/Users/tylerchen/Cosmos-Gesture-Recognition-/processed/session_leudies_discrete/sessions/leudies_anti_clockwise_005,30.0,445818.63333333336,131441.8183870677,281175.0,844598.0,287417.0,308585.0,21168.0,6.283333333333333,2.060721736206535,0.0,0.0,0.0,300.0,300.0,0.11659666666666664,0.850898848445093,-1.535,1.128,-0.43997,0.6112495909473751,-1.946,0.339,-0.21550500000000003,0.2852790548597402,-0.682,0.385,66.95309999999999,104.59528085939952,-77.76,328.17,17.87813333333333,94.99645709103518,-218.97,284.98,-23.455199999999998,106.39779189262654,-209.17,209.02,1.099847430655935,0.47221337310849326,150.0,96.79333333333334,31.513190306774117,20.0,127.0,113.0,107.0,77.25,119.0,41.75,127.0,109.0,-18.0,18.0,3.2751677852348995,18.0,0.12399128850171055
anti_clockwise,leudies,combined_all,/Users/tylerchen/Cosmos-Gesture-Recognition-/processed/session_leudies_discrete/sessions/leudies_anti_clockwise_006,30.0,476012.86666666664,150271.1066552124,254468.0,853051.0,320025.0,439237.0,119212.0,6.6,2.690724809414742,0.0,0.0,0.0,301.0,301.0,0.029212624584717583,1.068870706718615,-2.656,1.137,-0.24459966777408632,0.626013721443153,-1.783,0.596,-0.18000498338870433,0.49583330599503883,-0.661,1.015,71.21425249169435,135.06323500871474,-114.11,481.52,3.224634551495017,103.18661614293416,-258.55,305.52,-34.583388704318935,129.8027432988944,-307.38,284.98,1.2118359098741462,0.6362124888312202,148.0,99.6554054054054,28.058632745831414,17.0,124.0,114.0,107.0,87.0,116.25,29.25,114.0,111.0,-3.0,3.0,3.3945578231292517,20.0,0.15331788438212202
anti_clockwise,leudies,combined_all,/Users/tylerchen/Cosmos-Gesture-Recognition-/processed/session_leudies_discrete/sessions/leudies_anti_clockwise_007,30.0,465912.1,130542.92000445678,254202.0,770863.0,296865.0,324099.0,27234.0,6.666666666666667,2.560381915956203,0.0,0.0,0.0,300.0,300.0,0.050383333333333294,1.0762596850770834,-2.646,1.134,-0.34387833333333334,0.645570394584424,-2.502,0.572,-0.18729500000000002,0.3351829850066423,-0.624,0.742,73.39726666666667,128.10120781057802,-106.14,442.24,15.588666666666668,96.14650949924749,-220.56,280.47,-24.645599999999995,128.39113966822893,-226.91,323.22,1.2000216740686087,0.6350290266818805,150.0,98.14666666666666,28.312407853779362,14.0,131.0,110.0,117.0,87.25,117.0,29.75,101.0,114.0,13.0,13.0,4.449664429530201,31.0,0.27105915818480836
anti_clockwise,leudies,combined_all,/Users/tylerchen/Cosmos-Gesture-Recognition-/processed/session_leudies_discrete/sessions/leudies_anti_clockwise_008,30.0,434706.5333333333,103377.30908883676,267002.0,696589.0,279966.0,356803.0,76837.0,5.4,2.119398936456242,0.0,0.0,0.0,300.0,300.0,0.026450000000000008,0.9958664774121747,-1.982,1.121,-0.3287166666666667,0.5932468497364501,-1.736,0.494,-0.16367666666666664,0.32457682006302024,-0.593,0.525,69.58023333333334,115.57861255849006,-118.14,384.26,9.847866666666665,105.37817154475377,-250.04,241.89,-32.95993333333333,108.51443963821384,-231.15,230.29,1.1541329483869398,0.5025568781551029,150.0,98.28,32.23552586071427,21.0,170.0,110.0,149.0,80.0,122.0,42.0,114.0,121.0,7.0,7.0,5.76510067114094,75.0,0.29907106982532444
right,leudies,combined_all,/Users/tylerchen/Cosmos-Gesture-Recognition-/processed/session_leudies_discrete/sessions/leudies_right_001,30.0,402215.63333333336,160683.64156928222,248688.0,793102.0,324233.0,373093.0,48860.0,4.033333333333333,2.9380643665893746,0.0,0.0,0.0,301.0,301.0,0.5850431893687708,0.16644560971026326,0.176,0.804,-0.38105315614617935,0.28861370353345966,-0.769,0.412,-0.702297342192691,0.2319554254483594,-1.211,-0.256,-34.30303986710963,55.419253608647324,-140.11,29.45,7.151760797342192,13.001842696744506,-11.32,58.14,42.1924584717608,63.48705705279636,-87.19,172.12,1.067468993065552,0.07754919202888375,150.0,94.5,18.206936669260124,56.0,131.0,98.0,75.0,84.25,107.75,23.5,64.0,109.0,45.0,45.0,5.1879194630872485,33.0,0.2605478762019047
right,leudies,combined_all,/Users/tylerchen/Cosmos-Gesture-Recognition-/processed/session_leudies_discrete/sessions/leudies_right_002,30.0,406742.93333333335,131345.02166962993,258464.0,738908.0,263306.0,279150.0,15844.0,4.016666666666667,2.68822879868401,0.0,0.0,0.0,301.0,301.0,0.5407508305647841,0.18543984040050152,0.111,0.786,-0.4308122923588041,0.24059464354597304,-0.669,0.372,-0.6796677740863787,0.24401666859103835,-1.363,-0.323,-32.23564784053156,34.56734280172967,-118.84,23.07,16.606312292358805,22.804555994547528,-16.57,68.64,47.83207641196013,51.30258437491874,-11.69,139.9,1.0419828617615847,0.07777237550485636,150.0,95.21666666666667,28.962508550987007,46.0,211.0,100.0,165.0,82.0,109.75,27.75,49.0,127.0,78.0,78.0,8.577181208053691,93.0,0.557709231521401
right,leudies,combined_all,/Users/tylerchen/Cosmos-Gesture-Recognition-/processed/session_leudies_discrete/sessions/leudies_right_003,31.0,429757.48387096776,139105.85396111026,269069.0,729577.0,321453.0,318065.0,-3388.0,5.161290322580645,2.3154010896679176,0.0,0.0,0.0,301.0,301.0,0.4071146179401993,0.19381167307994782,-0.024,0.637,-0.39679900332225915,0.2354383914709082,-0.775,0.403,-0.8036760797342193,0.19314626743438293,-1.306,-0.482,-27.291877076411957,33.50469718467423,-90.0,15.75,12.400897009966778,20.930328410422295,-30.85,62.32,52.442641196013284,58.12132175837906,-15.9,154.91,1.045617280396186,0.07791782001744121,151.0,82.31788079470199,25.828955550164277,36.0,128.0,92.0,92.0,59.5,101.5,42.0,40.0,111.0,71.0,71.0,3.38,23.0,0.48714186127570536
right,leudies,combined_all,/Users/tylerchen/Cosmos-Gesture-Recognition-/processed/session_leudies_discrete/sessions/leudies_right_004,30.0,422002.2833333333,147362.84060303235,245690.0,752258.0,247679.0,328728.0,81049.0,4.7,2.8301943396169813,0.0,0.0,0.0,301.0,301.0,0.46884883720930237,0.2727907387266751,-0.092,0.75,-0.41644684385382064,0.24339075146344064,-0.797,0.302,-0.7340514950166113,0.2469783506147211,-1.227,-0.383,-26.861794019933555,35.06160911156896,-107.3,22.71,18.2621926910299,24.45846646670779,-15.02,74.71,51.19968438538206,63.288249002302656,-15.11,190.22,1.0588468966273734,0.07466058834738389,151.0,91.11258278145695,27.81861586718954,27.0,134.0,103.0,107.0,68.5,112.5,44.0,38.0,99.0,61.0,61.0,4.74,38.0,0.5367433484373182
right,leudies,combined_all,/Users/tylerchen/Cosmos-Gesture-Recognition-/processed/session_leudies_discrete/sessions/leudies_right_005,30.0,436832.63333333336,157256.50714792553,252548.0,753943.0,284783.0,300998.0,16215.0,4.55,2.690569952011407,0.0,0.0,0.0,302.0,302.0,0.3737930463576159,0.18104137059123845,-0.114,0.664,-0.4920993377483443,0.33718929539164455,-1.04,0.448,-0.7573576158940397,0.23209556348128138,-1.309,-0.367,-27.630347682119204,38.27449053599163,-111.82,28.05,12.950264900662251,19.782012949992442,-18.25,64.7,54.42094370860927,65.39005177937047,-19.35,172.46,1.0689881134275065,0.11436310944107435,151.0,86.80132450331126,18.71256970329469,43.0,117.0,93.0,74.0,82.5,99.0,16.5,44.0,102.0,58.0,58.0,3.546666666666667,15.0,0.2992331822934823
right,leudies,combined_all,/Users/tylerchen/Cosmos-Gesture-Recognition-/processed/session_leudies_discrete/sessions/leudies_right_006,30.0,436685.8333333333,143050.52805030893,262003.0,742894.0,288048.0,325009.0,36961.0,5.566666666666666,2.5778975067980414,0.0,0.0,0.0,303.0,303.0,0.4385693069306931,0.2367881135278976,-0.015,0.722,-0.440940594059406,0.34344957225501876,-1.162,0.323,-0.7409851485148515,0.2616223072056704,-1.358,-0.025,-31.33674917491749,46.76541746528906,-182.56,36.65,11.808300330033003,29.79041474576988,-38.33,97.99,47.790231023102315,69.44277358787588,-33.17,179.08,1.0805974307910118,0.1030159132194895,150.0,89.29,28.60736954170116,32.0,163.0,97.0,131.0,69.5,108.75,39.25,43.0,104.0,61.0,61.0,7.120805369127517,62.0,0.4928453116434804
right,leudies,combined_all,/Users/tylerchen/Cosmos-Gesture-Recognition-/processed/session_leudies_discrete/sessions/leudies_right_007,30.0,437905.5333333333,125858.18326797648,277024.0,727484.0,282531.0,399416.0,116885.0,5.483333333333333,2.026833874681286,0.0,0.0,0.0,300.0,300.0,0.37870166666666666,0.23589255710433557,-0.207,0.707,-0.4850900000000001,0.27051333993942916,-0.999,0.267,-0.7945200000000001,0.23886592389874284,-1.425,-0.429,-35.09498333333334,51.633114213272414,-184.82,24.02,10.724233333333332,24.697587326408133,-28.11,73.7,57.611233333333345,70.0004585376331,-16.27,209.48,1.0875800073857773,0.1141871864670943,149.0,87.13758389261746,26.385836384138926,30.0,127.0,96.0,97.0,73.0,108.0,35.0,39.0,98.0,59.0,59.0,5.6824324324324325,33.0,0.4551768547070562
right,leudies,combined_all,/Users/tylerchen/Cosmos-Gesture-Recognition-/processed/session_leudies_discrete/sessions/leudies_right_008,30.0,462027.3333333333,104633.03814230421,292663.0,705151.0,292663.0,341726.0,49063.0,6.066666666666666,1.7307673314329557,0.0,0.0,0.0,303.0,303.0,0.29830693069306924,0.20029874103832118,-0.252,0.587,-0.562049504950495,0.3374781774942889,-1.433,0.2,-0.757026402640264,0.2752739516878015,-1.26,-0.15,-31.32765676567657,42.57909144759494,-122.53,27.56,14.59019801980198,32.29162559842987,-30.88,110.11,60.71217821782179,72.99845805058911,-17.67,219.21,1.0928801524825795,0.11565237543150753,151.0,92.08940397350993,21.954960418450256,40.0,130.0,101.0,90.0,74.5,107.75,33.25,68.0,103.0,35.0,35.0,5.38,40.0,0.38287905193447136
left,leudies,combined_all,/Users/tylerchen/Cosmos-Gesture-Recognition-/processed/session_leudies_discrete/sessions/leudies_left_001,30.0,438747.6666666667,136515.56404145117,257821.0,667656.0,268785.0,366883.0,98098.0,5.933333333333334,2.9657301892713632,0.0,0.0,0.0,301.0,301.0,0.3481196013289036,0.2068984422194314,-0.17,0.874,-0.6221162790697674,0.2394234017186863,-1.382,-0.189,-0.7278986710963457,0.20399210263741424,-1.122,-0.142,34.509651162790696,49.23563059979405,-83.8,148.2,-26.492093023255812,51.25943475206278,-118.81,157.2,-34.62169435215947,56.63068037956187,-147.1,83.04,1.0783627386585077,0.13011344815799844,149.0,49.42617449664429,30.25155657369563,2.0,111.0,34.0,109.0,27.0,75.0,48.0,105.0,15.0,-90.0,90.0,4.662162162162162,52.0,-0.599348811899148
left,leudies,combined_all,/Users/tylerchen/Cosmos-Gesture-Recognition-/processed/session_leudies_discrete/sessions/leudies_left_002,30.0,423675.7,122360.66807602026,247448.0,675585.0,276763.0,283720.0,6957.0,6.133333333333334,2.679966832298904,0.0,0.0,0.0,301.0,301.0,0.41916777408637873,0.19181173093500092,-0.058,0.664,-0.6954634551495016,0.22067094606803198,-1.257,-0.308,-0.5947541528239203,0.22022041063480624,-1.123,-0.037,35.14953488372094,40.421371435424405,-19.32,123.26,-38.16538205980066,48.62827119149209,-145.85,9.58,-33.506445182724256,47.80216792983186,-119.17,29.51,1.0656200474947422,0.10743320149106277,150.0,49.163333333333334,30.488445201875095,7.0,117.0,33.5,110.0,26.0,74.75,48.75,91.0,24.0,-67.0,67.0,4.543624161073826,58.0,-0.6038766167385219
left,leudies,combined_all,/Users/tylerchen/Cosmos-Gesture-Recognition-/processed/session_leudies_discrete/sessions/leudies_left_003,30.0,422296.76666666666,107675.9516879801,262645.0,693010.0,423452.0,445697.0,22245.0,5.033333333333333,2.5623340054636814,0.0,0.0,0.0,300.0,300.0,0.37881333333333334,0.20434377163840206,-0.198,0.72,-0.7963766666666667,0.14666780546275063,-1.145,-0.431,-0.51351,0.2305185673649739,-1.046,-0.084,29.32588333333333,52.8006588671302,-93.69,159.31,-45.298233333333336,55.56829597182392,-176.67,9.77,-26.82013333333333,41.59786900770546,-131.38,32.2,1.0700309351371304,0.1133502833628882,150.0,58.76,36.52771862829541,11.0,115.0,41.0,104.0,24.0,100.0,76.0,100.0,22.0,-78.0,78.0,3.3557046979865772,20.0,-0.7688732832570343
left,leudies,combined_all,/Users/tylerchen/Cosmos-Gesture-Recognition-/processed/session_leudies_discrete/sessions/leudies_left_004,30.0,444168.9666666667,138872.94563340582,285029.0,857763.0,324031.0,364744.0,40713.0,6.066666666666666,2.1592179654268864,0.0,0.0,0.0,300.0,300.0,0.48524833333333334,0.2811320032261766,-0.302,0.753,-0.6645433333333334,0.3206214899049795,-1.475,-0.04,-0.5849283333333333,0.2728603226876752,-1.417,0.015,39.728033333333336,57.62311806730775,-22.89,191.17,-34.39491666666666,50.63740302296043,-168.16,16.08,-32.97153333333333,52.73626763732484,-140.2,34.49,1.1174445681854608,0.16379462071005166,148.0,71.97635135135135,19.53625484230454,38.0,117.0,63.0,79.0,57.0,92.0,35.0,98.0,59.0,-39.0,39.0,4.129251700680272,30.0,-0.3863012101267137
left,leudies,combined_all,/Users/tylerchen/Cosmos-Gesture-Recognition-/processed/session_leudies_discrete/sessions/leudies_left_005,30.0,488707.2,130009.23174718529,326118.0,881134.0,364435.0,411474.0,47039.0,6.833333333333333,2.066935466390333,0.0,0.0,0.0,302.0,302.0,0.3688791390728477,0.3257882310700425,-0.402,0.749,-0.637612582781457,0.32428595871619476,-1.485,-0.054,-0.6448096026490067,0.25068483882700787,-1.208,0.039,26.306788079470202,40.293668760555995,-32.11,151.52,-31.931125827814565,51.17060198338283,-173.25,18.74,-38.449999999999996,66.68352853700601,-190.65,33.78,1.0993602401617224,0.15475901888499785,150.0,55.43666666666667,28.309489045589846,16.0,111.0,51.0,95.0,27.25,77.75,50.5,98.0,22.0,-76.0,76.0,4.053691275167785,27.0,-0.6262953909062628
left,leudies,combined_all,/Users/tylerchen/Cosmos-Gesture-Recognition-/processed/session_leudies_discrete/sessions/leudies_left_006,30.0,457350.9666666667,142913.8424472319,256657.0,806499.0,396541.0,256657.0,-139884.0,5.066666666666666,2.1084486134491294,0.0,0.0,0.0,302.0,302.0,0.2036970198675497,0.31624448663906063,-0.602,1.181,-0.7766705298013244,0.21665207399868397,-1.253,0.027,-0.6197400662251656,0.2659729695519805,-1.195,0.002,25.585612582781458,39.297589011273814,-68.33,128.57,-40.903211920529806,60.997594024433944,-190.07,21.85,-34.54576158940397,64.91898963437785,-160.28,83.68,1.1062665351016265,0.15050583973267784,151.0,49.33112582781457,34.02820718144465,15.0,112.0,28.0,97.0,24.0,91.0,67.0,102.0,24.0,-78.0,78.0,3.493333333333333,22.0,-0.6665516440106896
left,leudies,combined_all,/Users/tylerchen/Cosmos-Gesture-Recognition-/processed/session_leudies_discrete/sessions/leudies_left_007,30.0,407685.6666666667,128552.4495071521,246562.0,655313.0,274850.0,275001.0,151.0,4.7,3.1638584039112754,0.0,0.0,0.0,300.0,300.0,0.3512316666666666,0.2611810907471842,-0.442,0.698,-0.6754833333333334,0.2699259639577462,-1.404,-0.026,-0.67778,0.24030037786071,-1.323,-0.005,32.97565,50.641073977970834,-30.3,157.32,-33.36658333333333,44.857568730479834,-141.03,18.34,-35.5644,68.11156521453118,-216.25,44.95,1.1000594801813584,0.1664816672372135,149.0,58.12751677852349,29.44510205463996,27.0,120.0,42.0,93.0,38.0,82.0,44.0,120.0,39.0,-81.0,81.0,3.277027027027027,24.0,-0.5625775439869407
left,leudies,combined_all,/Users/tylerchen/Cosmos-Gesture-Recognition-/processed/session_leudies_discrete/sessions/leudies_left_008,30.0,470983.3,134215.85374665444,317038.0,861759.0,331353.0,507994.0,176641.0,6.766666666666667,1.5375545759660285,0.0,0.0,0.0,300.0,300.0,0.26432833333333333,0.3183656718201862,-0.73,0.67,-0.6921966666666667,0.31805656413425726,-1.424,0.177,-0.6800066666666666,0.34437789314775835,-1.645,0.165,27.893566666666665,46.553108936055196,-43.58,148.29,-38.37709999999999,65.987782025084,-209.11,22.37,-36.134233333333334,63.8267753460794,-171.82,49.1,1.1377384684910838,0.1951377704218032,150.0,97.57,102.88400045845599,27.0,334.0,39.0,307.0,35.0,108.75,73.75,319.0,31.0,-288.0,288.0,9.48993288590604,184.0,-1.8333694830881373
bye_bye,leudies,combined_all,/Users/tylerchen/Cosmos-Gesture-Recognition-/processed/session_leudies_discrete/sessions/leudies_bye_bye_001,31.0,383074.1612903226,26552.612716468404,335247.0,445460.0,395774.0,404142.0,8368.0,5.161290322580645,1.9360214307256336,0.0,0.0,0.0,302.0,302.0,0.34790562913907286,0.11421317440086931,-0.131,0.606,-0.528317880794702,0.7151609546657061,-1.779,0.913,-0.20370860927152318,0.5425647041024702,-1.175,0.547,-1.3281456953642412,264.4911213457528,-428.51,478.65,4.163874172185431,155.37294572352474,-303.42,265.63,-3.354900662251655,218.17700132486314,-461.04,357.55,1.0807489998446655,0.30415983496024046,150.0,70.37333333333333,4.081052415041698,60.0,78.0,70.0,18.0,67.0,74.0,7.0,74.0,70.0,-4.0,4.0,2.3087248322147653,10.0,-0.029992444108626972
bye_bye,leudies,combined_all,/Users/tylerchen/Cosmos-Gesture-Recognition-/processed/session_leudies_discrete/sessions/leudies_bye_bye_002,30.0,398797.51666666666,56599.2891342997,309042.0,570179.0,447979.0,358289.0,-89690.0,6.6,2.3748684174075834,0.0,0.0,0.0,302.0,302.0,0.26924668874172186,0.2690688559532716,-0.465,1.134,-0.3446192052980132,1.1002251533699716,-2.343,1.619,-0.2570728476821192,0.6838205256129027,-1.519,0.922,9.125430463576159,272.5785358332532,-448.38,525.53,13.367549668874169,220.54677000932375,-335.98,374.46,6.071092715231789,291.63608205448577,-519.46,550.4,1.2980666291663328,0.5682161559831354,151.0,74.98675496688742,4.881580010566097,63.0,90.0,75.0,27.0,71.0,78.0,7.0,72.0,65.0,-7.0,7.0,2.7533333333333334,10.0,0.016901359358661508
bye_bye,leudies,combined_all,/Users/tylerchen/Cosmos-Gesture-Recognition-/processed/session_leudies_discrete/sessions/leudies_bye_bye_003,30.0,365058.38333333336,29280.780400484357,291985.0,425119.0,354415.0,360086.0,5671.0,4.966666666666667,2.0733762053445313,0.0,0.0,0.0,301.0,301.0,0.324563122923588,0.16492771799086992,-0.04,1.003,-0.5778903654485049,0.9089712073296665,-2.547,1.382,-0.18435880398671098,0.4556721924884241,-1.043,0.612,-10.848172757475083,303.4341823891569,-448.53,594.81,-2.4573089700996658,159.91996523095332,-235.57,314.28,-0.6410631229235892,256.46168604589064,-397.9,450.18,1.1371239502248522,0.4912257531886859,150.0,65.57666666666667,4.387572698365827,54.0,77.0,65.5,23.0,62.0,69.0,7.0,69.0,69.0,0.0,0.0,2.6711409395973154,10.0,-0.03456775856704765
bye_bye,leudies,combined_all,/Users/tylerchen/Cosmos-Gesture-Recognition-/processed/session_leudies_discrete/sessions/leudies_bye_bye_004,30.0,344647.5833333333,26339.029383560355,286725.0,407878.0,335974.0,353670.0,17696.0,4.3,2.672701504720146,0.0,0.0,0.0,302.0,302.0,0.26722847682119205,0.17743736949737482,-0.256,0.9,-0.5964105960264902,0.9721476380089599,-2.291,1.207,-0.2897350993377483,0.46261687554200653,-1.284,0.452,1.4367549668874182,280.27938537282125,-485.12,487.41,9.385099337748345,167.63070030849744,-250.22,272.01,8.512880794701989,283.5611133167057,-515.67,441.21,1.203098130024547,0.5041700099305164,150.0,68.03666666666666,4.719336443328064,58.0,77.0,68.0,19.0,64.0,72.0,8.0,61.0,66.0,5.0,5.0,2.436241610738255,11.0,0.0037610560469350284
bye_bye,leudies,combined_all,/Users/tylerchen/Cosmos-Gesture-Recognition-/processed/session_leudies_discrete/sessions/leudies_bye_bye_005,30.0,353887.06666666665,27697.66868039418,297377.0,417004.0,401339.0,356593.0,-44746.0,4.133333333333334,1.7838784213679537,0.0,0.0,0.0,300.0,300.0,0.22011,0.22125194816468094,-0.323,1.137,-0.6292783333333334,1.126522051876433,-2.973,1.305,-0.10607333333333333,0.5303690048342653,-1.278,1.074,-5.086233333333333,384.48229508194373,-704.61,735.47,3.8361333333333336,163.70346987276176,-213.84,305.7,4.1376,333.47316272363906,-596.76,553.85,1.255231375465872,0.6923734672940041,150.0,66.94666666666667,5.34675046099685,54.0,80.0,66.5,26.0,62.0,71.0,9.0,73.0,77.0,4.0,4.0,2.738255033557047,9.0,-0.01900528912396115
bye_bye,leudies,combined_all,/Users/tylerchen/Cosmos-Gesture-Recognition-/processed/session_leudies_discrete/sessions/leudies_bye_bye_006,30.0,376603.8,46973.83671463652,291118.0,479935.0,454636.0,401721.0,-52915.0,5.45,1.9593791533714617,0.0,0.0,0.0,301.0,301.0,0.37090033222591356,0.2611958733801863,-0.233,1.108,-0.23051162790697674,1.0328657794231204,-1.954,1.491,-0.4435813953488371,0.5987718195437896,-1.631,0.861,1.5756146179401995,200.1316581371919,-412.7,467.64,3.190830564784054,202.5033146678583,-319.22,308.08,11.846910299003323,262.68530031089267,-420.61,438.06,1.2942106397865931,0.4539258041380391,150.0,70.64666666666666,3.7275262442491264,61.0,78.0,70.0,17.0,68.0,74.0,6.0,73.0,67.0,-6.0,6.0,2.6308724832214767,8.0,-0.023455264678430267
bye_bye,leudies,combined_all,/Users/tylerchen/Cosmos-Gesture-Recognition-/processed/session_leudies_discrete/sessions/leudies_bye_bye_007,30.0,401408.9,63698.16962066754,282543.0,535998.0,373013.0,459686.0,86673.0,5.9,1.903505538035898,0.0,0.0,0.0,301.0,301.0,0.26961295681063124,0.3254576188374818,-0.331,1.373,-0.28087375415282395,1.087707090608035,-2.579,1.551,-0.41426578073089704,0.653721497635069,-1.472,1.076,-14.790963455149502,238.56288479991002,-356.7,599.72,-9.278006644518271,229.03608465719174,-382.85,407.42,-0.13481727574751146,282.15658388846987,-461.23,608.36,1.32969469744121,0.5210475352805906,150.0,72.6,3.6778860283570363,63.0,79.0,73.0,16.0,70.0,76.0,6.0,78.0,73.0,-5.0,5.0,2.315436241610738,10.0,-0.023393039690653133
bye_bye,leudies,combined_all,/Users/tylerchen/Cosmos-Gesture-Recognition-/processed/session_leudies_discrete/sessions/leudies_bye_bye_008,30.0,397167.9666666667,44337.62568404953,336923.0,490621.0,341156.0,454534.0,113378.0,6.733333333333333,2.031966753883756,0.0,0.0,0.0,301.0,301.0,0.3083106312292359,0.34611849221198304,-0.475,1.113,-0.21687375415282395,1.0532206408351743,-1.991,1.751,-0.45296677740863794,0.5955434651054566,-1.414,0.829,-17.772524916943524,226.10699457473257,-344.16,392.68,-11.22468438538206,223.5411302183985,-422.62,332.68,-12.847940199335547,271.7129951791883,-462.48,414.62,1.3006859968672544,0.48910965776692494,150.0,76.03333333333333,3.575488264712415,69.0,89.0,76.0,20.0,73.25,78.0,4.75,75.0,76.0,1.0,1.0,2.6778523489932886,11.0,-0.012969465309569455
t_arm,leudies,combined_all,/Users/tylerchen/Cosmos-Gesture-Recognition-/processed/session_leudies_discrete/sessions/leudies_t_arm_001,30.0,326284.5333333333,79472.28785588652,252451.0,597096.0,274890.0,323416.0,48526.0,3.25,2.04430102153931,0.0,0.0,0.0,301.0,301.0,0.41964285714285715,0.22493936857023125,-0.165,0.615,0.2015847176079734,0.766326750156649,-2.031,2.211,-0.47365116279069774,0.30684617582410917,-0.944,0.561,-6.157774086378737,27.391448783769725,-132.36,106.33,-12.012591362126246,36.661058276450426,-119.17,55.97,-41.39848837209303,90.76653003105149,-266.58,51.85,1.0460002374806907,0.2810239069611896,146.0,78.09246575342466,27.67969524851282,49.0,146.0,65.0,97.0,62.0,70.5,8.5,140.0,59.0,-81.0,81.0,3.537931034482759,33.0,-0.49238622232076623
t_arm,leudies,combined_all,/Users/tylerchen/Cosmos-Gesture-Recognition-/processed/session_leudies_discrete/sessions/leudies_t_arm_002,30.0,337600.86666666664,73580.34914012179,245389.0,487759.0,256285.0,305516.0,49231.0,4.166666666666667,2.2223611067711047,0.0,0.0,0.0,300.0,300.0,0.5563866666666667,0.1911489571570356,0.103,0.776,-0.0031050000000000465,0.6433013614630277,-1.301,0.7,-0.4111466666666666,0.30624285806940627,-0.773,0.254,1.1745499999999998,15.331428484679218,-47.88,51.21,-17.35073333333333,29.661463744431465,-93.26,11.81,-41.733066666666666,50.12568854983994,-136.78,6.78,1.00658649875124,0.09777637502587778,150.0,73.56666666666666,36.65322104502402,39.0,150.0,50.0,111.0,45.0,108.75,63.75,126.0,46.0,-80.0,80.0,3.3422818791946307,16.0,-0.7499444419751997
t_arm,leudies,combined_all,/Users/tylerchen/Cosmos-Gesture-Recognition-/processed/session_leudies_discrete/sessions/leudies_t_arm_003,30.0,364001.98333333334,103899.9383514802,244080.0,651572.0,298842.0,353771.0,54929.0,4.433333333333334,2.0765890836230025,0.0,0.0,0.0,303.0,303.0,0.4879554455445545,0.1582319718823967,0.105,0.644,-0.11876402640264026,0.5630476835488786,-1.471,0.339,-0.5333762376237624,0.38939581206348967,-0.864,0.344,0.18828382838283814,17.58502255264028,-39.09,80.75,-20.867359735973597,35.87351608580726,-102.73,15.53,-40.26257425742575,53.14839110021597,-162.88,9.49,1.0065782487789787,0.13109157134923186,151.0,69.94701986754967,38.73612234585357,36.0,155.0,44.0,119.0,40.0,108.0,68.0,155.0,44.0,-111.0,111.0,3.66,37.0,-0.7759271523178819
t_arm,leudies,combined_all,/Users/tylerchen/Cosmos-Gesture-Recognition-/processed/session_leudies_discrete/sessions/leudies_t_arm_004,30.0,337847.5,78356.97575062054,240299.0,495370.0,257170.0,338756.0,81586.0,3.25,2.21641602593015,0.0,0.0,0.0,302.0,302.0,0.5209519867549668,0.19334745512886703,0.084,0.849,-0.15424834437086093,0.5888769038275294,-1.484,0.504,-0.4677218543046358,0.35963075773144787,-0.871,0.355,3.561357615894039,20.79033087977808,-30.21,146.49,-23.216821192052983,29.311478005643327,-86.55,10.07,-42.92099337748344,41.75568745422341,-123.23,7.93,1.007096223102915,0.11488247396322743,150.0,69.07,43.54154191669401,25.0,148.0,45.5,123.0,32.0,113.0,81.0,142.0,31.0,-111.0,111.0,2.9328859060402683,39.0,-0.9243104137961695
t_arm,leudies,combined_all,/Users/tylerchen/Cosmos-Gesture-Recognition-/processed/session_leudies_discrete/sessions/leudies_t_arm_005,30.0,347196.3333333333,105841.80129241104,243512.0,637248.0,331921.0,250544.0,-81377.0,3.6333333333333333,2.536182608216968,0.0,0.0,0.0,302.0,302.0,0.451,0.11190378435800277,0.215,0.613,-0.07923509933774835,0.5967805300273226,-1.203,0.643,-0.4432384105960265,0.5323064049241768,-1.016,0.641,-0.6264900662251656,17.727598145962578,-51.33,53.35,-24.587798013245035,49.618691103488814,-151.83,15.23,-36.15370860927153,61.520945764049905,-160.07,21.91,1.0217752088387202,0.11888851455872701,151.0,75.99668874172185,42.99656950225765,33.0,171.0,48.0,138.0,44.0,118.5,74.5,170.0,41.0,-129.0,129.0,3.966666666666667,26.0,-0.8746880446148486
t_arm,leudies,combined_all,/Users/tylerchen/Cosmos-Gesture-Recognition-/processed/session_leudies_discrete/sessions/leudies_t_arm_006,31.0,355412.72580645164,83996.22325091023,272576.0,586976.0,408024.0,302539.0,-105485.0,4.483870967741935,1.9653608015132664,0.0,0.0,0.0,303.0,303.0,0.42316006600660067,0.22498420543608216,0.027,0.671,-0.15675577557755777,0.6539408447812718,-1.419,0.96,-0.39634983498349835,0.4895475344709372,-0.958,0.613,-1.7813861386138614,19.014276486099618,-57.41,62.35,-21.61729372937294,47.65703046846434,-148.59,18.65,-38.906369636963696,67.95198174052048,-188.63,10.01,1.0254476503406673,0.1646220897006401,151.0,82.20198675496688,52.88415574971225,38.0,238.0,46.5,200.0,42.5,131.0,88.5,152.0,42.0,-110.0,110.0,4.053333333333334,55.0,-1.042635064482398
t_arm,leudies,combined_all,/Users/tylerchen/Cosmos-Gesture-Recognition-/processed/session_leudies_discrete/sessions/leudies_t_arm_007,30.0,347490.7,74016.57115139825,256058.0,490101.0,340487.0,256058.0,-84429.0,3.8,2.023198787399136,0.0,0.0,0.0,300.0,300.0,0.459415,0.256766473554603,-0.087,0.792,-0.1660283333333333,0.593093494622803,-1.368,0.501,-0.4188516666666667,0.44757338642725725,-0.957,0.533,-1.034433333333333,18.79692599014235,-71.2,48.46,-20.46306666666667,35.163201455435704,-95.83,21.91,-44.353966666666665,50.06009286779462,-132.15,15.44,1.0084540356923648,0.12286406229321253,150.0,80.93,46.663259982718365,39.0,186.0,57.0,147.0,42.0,116.0,74.0,167.0,42.0,-125.0,125.0,4.006711409395973,38.0,-0.9813173918840837
t_arm,leudies,combined_all,/Users/tylerchen/Cosmos-Gesture-Recognition-/processed/session_leudies_discrete/sessions/leudies_t_arm_008,31.0,345375.70967741933,93919.85982129231,243987.0,593284.0,266396.0,317925.0,51529.0,4.032258064516129,1.908958016195289,0.0,0.0,0.0,302.0,302.0,0.44508443708609274,0.2558285985653059,0.005,0.744,-0.3225562913907285,0.5494200303190203,-1.329,0.442,-0.3926059602649007,0.4532667449567424,-0.975,0.452,-2.398344370860927,28.300450361016793,-63.45,72.08,-24.416953642384104,34.698449294384,-100.19,24.6,-41.77019867549669,47.80604600947317,-148.87,7.35,1.0084222045446625,0.11012809955735314,150.0,75.38666666666667,45.52892533879526,31.0,156.0,48.5,125.0,34.0,128.75,94.75,133.0,38.0,-95.0,95.0,3.6040268456375837,17.0,-0.9619200853371265
raise_arms,leudies,combined_all,/Users/tylerchen/Cosmos-Gesture-Recognition-/processed/session_leudies_discrete/sessions/leudies_raise_arms_001,30.0,394544.1,90176.58264847181,287438.0,607939.0,292899.0,306120.0,13221.0,5.183333333333334,2.3610849671755187,0.0,0.0,0.0,301.0,301.0,-0.09623588039867109,0.6442459910049576,-1.124,0.565,-0.30520598006644517,0.15297672319014077,-0.621,0.075,-0.6507940199335549,0.2269073693161002,-0.898,0.005,-5.438671096345515,19.143401235376114,-47.18,66.84,31.55794019933555,29.52295125672098,-4.09,102.42,-25.510415282392024,32.569074256374584,-96.53,70.1,1.0017280820929455,0.11147856245035624,151.0,51.519867549668874,9.643303705302987,26.0,81.0,51.0,55.0,44.0,56.5,12.5,62.0,42.0,-20.0,20.0,3.36,20.0,-0.17556872313233435
raise_arms,leudies,combined_all,/Users/tylerchen/Cosmos-Gesture-Recognition-/processed/session_leudies_discrete/sessions/leudies_raise_arms_002,30.0,403546.7,122596.15754640652,255720.0,737597.0,261707.0,354539.0,92832.0,5.05,2.4301920363076936,0.0,0.0,0.0,302.0,302.0,-0.15144205298013247,0.6694437896763122,-1.193,0.568,-0.28830794701986756,0.12731501860292552,-0.531,0.011,-0.6517632450331126,0.20864781376915287,-0.875,-0.146,-0.5618874172185434,14.25975441441273,-37.78,47.73,29.391026490066224,39.12036338951589,-11.35,116.21,-22.136986754966888,32.850333097686594,-103.95,18.22,1.0086785483453224,0.14600374343970593,150.0,47.876666666666665,16.112364463063887,17.0,107.0,46.0,90.0,37.75,57.0,19.25,99.0,49.0,-50.0,50.0,5.597315436241611,41.0,-0.26305198749574116
raise_arms,leudies,combined_all,/Users/tylerchen/Cosmos-Gesture-Recognition-/processed/session_leudies_discrete/sessions/leudies_raise_arms_003,30.0,426082.86666666664,104466.16946288827,266500.0,602467.0,266500.0,398891.0,132391.0,4.833333333333333,2.6967058093574505,0.0,0.0,0.0,300.0,300.0,-0.11629833333333328,0.6591312958461985,-1.114,0.529,-0.38553000000000004,0.1230236390563483,-0.708,-0.038,-0.619755,0.1867745632440349,-0.79,-0.096,-1.0504333333333333,13.929082506715542,-45.11,46.75,29.484133333333332,35.722263994819194,-6.62,101.44,-23.50313333333333,34.54706882185842,-101.2,13.7,1.0044396900840873,0.14774799711146444,148.0,43.060810810810814,14.426350065379044,9.0,72.0,43.0,63.0,33.0,53.0,20.0,57.0,39.0,-18.0,18.0,5.292517006802721,34.0,-0.27501601039472556
raise_arms,leudies,combined_all,/Users/tylerchen/Cosmos-Gesture-Recognition-/processed/session_leudies_discrete/sessions/leudies_raise_arms_004,31.0,437188.3548387097,137601.12132831468,267932.0,892365.0,320473.0,309659.0,-10814.0,6.193548387096774,3.0312283769892923,0.0,0.0,0.0,300.0,300.0,-0.11269833333333333,0.7160561452594963,-1.294,0.572,-0.30839500000000003,0.14215157335862777,-0.862,0.022,-0.6038816666666665,0.23422371740180056,-0.837,0.068,-0.9590999999999997,19.934414974025866,-61.92,133.03,30.00176666666667,44.299118642988326,-11.17,132.63,-24.838583333333332,42.887025770152476,-126.9,46.27,1.0113708835698525,0.19342858198854376,148.0,43.11824324324324,13.865039660382067,8.0,75.0,44.0,67.0,32.0,54.0,22.0,55.0,33.0,-22.0,22.0,7.224489795918367,32.0,-0.14583063408566796
raise_arms,leudies,combined_all,/Users/tylerchen/Cosmos-Gesture-Recognition-/processed/session_leudies_discrete/sessions/leudies_raise_arms_005,30.0,398682.13333333336,118447.28324976006,248064.0,724355.0,270990.0,262094.0,-8896.0,4.216666666666667,2.8626425243509224,0.0,0.0,0.0,301.0,301.0,-0.1861112956810631,0.6587655276504534,-1.065,0.553,-0.24439036544850495,0.14632220376898816,-0.547,0.034,-0.6250315614617941,0.2689978939398475,-0.894,-0.01,-8.088853820598004,28.31558495679709,-79.47,94.24,32.38724252491695,29.020879687646204,-5.37,83.83,-25.33265780730897,29.247539276551155,-95.98,7.75,1.0007688672339496,0.10598238996763153,149.0,50.73154362416108,9.394600859207769,34.0,118.0,48.0,84.0,46.0,54.0,8.0,36.0,50.0,14.0,14.0,4.9324324324324325,58.0,-0.04341556321422109
raise_arms,leudies,combined_all,/Users/tylerchen/Cosmos-Gesture-Recognition-/processed/session_leudies_discrete/sessions/leudies_raise_arms_006,30.0,407846.9,110535.29485473556,248560.0,767703.0,262729.0,347157.0,84428.0,5.766666666666667,3.0075830089218742,0.0,0.0,0.0,302.0,302.0,-0.27554635761589397,0.6136352794039119,-1.14,0.485,-0.3472880794701987,0.17709101690514117,-0.838,0.025,-0.5858923841059603,0.25084828765375167,-0.862,-0.032,-1.3048509933774828,18.1001418201349,-58.72,43.15,27.8923178807947,26.297196837587954,-6.26,74.28,-26.491258278145697,26.945880069527735,-82.71,17.49,1.0009335549140892,0.09365392439363289,151.0,51.70860927152318,11.288985430630165,6.0,83.0,53.0,77.0,48.0,56.25,8.25,50.0,55.0,5.0,5.0,7.993333333333333,67.0,-0.06765597769257597
raise_arms,leudies,combined_all,/Users/tylerchen/Cosmos-Gesture-Recognition-/processed/session_leudies_discrete/sessions/leudies_raise_arms_007,30.0,429794.5,109172.50544398377,254378.0,624580.0,274787.0,337395.0,62608.0,5.4,3.210399767422535,0.0,0.0,0.0,301.0,301.0,-0.2281578073089701,0.618593276899244,-1.066,0.47,-0.3568156146179402,0.16362539840708282,-0.615,0.141,-0.6086843853820599,0.2466902469570023,-0.871,-0.033,-5.803820598006644,22.10400356892669,-71.5,110.54,25.74714285714285,28.602161253681256,-13.46,77.73,-26.499767441860467,35.837896407054835,-113.44,35.13,1.0034202695012033,0.11534644687120724,150.0,47.74333333333333,14.360798175437361,19.0,120.0,46.0,101.0,40.0,55.0,15.0,58.0,37.0,-21.0,21.0,5.604026845637584,50.0,-0.23958842615227346
raise_arms,leudies,combined_all,/Users/tylerchen/Cosmos-Gesture-Recognition-/processed/session_leudies_discrete/sessions/leudies_raise_arms_008,30.0,439126.9166666667,113761.88334382795,257715.0,724308.0,275840.0,330474.0,54634.0,6.033333333333333,3.0711923128033236,0.0,0.0,0.0,302.0,302.0,-0.3305844370860927,0.5956409400467554,-1.152,0.351,-0.3312301324503311,0.19445565264862402,-0.734,0.021,-0.5656026490066225,0.2942971215533243,-0.956,0.048,-10.068791390728478,22.35863575135523,-68.97,47.7,23.776125827814568,28.581260681486878,-14.13,80.2,-28.688526490066224,34.80577496224499,-96.96,10.62,1.0018698303215083,0.11989410495437422,150.0,50.67,26.859367156112327,2.0,247.0,48.0,245.0,39.0,56.0,17.0,51.0,37.0,-14.0,14.0,9.100671140939598,118.0,-0.2741304057958131
fist_open,leudies,combined_all,/Users/tylerchen/Cosmos-Gesture-Recognition-/processed/session_leudies_discrete/sessions/leudies_fist_open_001,30.0,317031.05,31959.143063279505,261028.0,379642.0,333944.0,343955.0,10011.0,2.4,2.0264912204760885,0.0,0.0,0.0,302.0,302.0,0.7215943708609271,0.03913318066858284,0.634,0.837,-0.13490231788079468,0.07290698343877476,-0.283,0.093,-0.673544701986755,0.05336282924263609,-0.835,-0.478,0.2909105960264905,17.12984546394306,-55.3,44.89,1.6857781456953644,13.771730057557305,-35.58,59.08,-0.5756788079470198,6.816594036449789,-21.18,15.75,1.0007642091449986,0.026925086903493017,150.0,94.04,1.9743583709354597,89.0,99.0,94.0,10.0,93.0,95.0,2.0,94.0,90.0,-4.0,4.0,1.516778523489933,6.0,-0.008364223595123156
fist_open,leudies,combined_all,/Users/tylerchen/Cosmos-Gesture-Recognition-/processed/session_leudies_discrete/sessions/leudies_fist_open_002,30.0,303156.05,24698.908013091725,256250.0,356784.0,336322.0,289556.0,-46766.0,2.566666666666667,2.417758374105145,0.0,0.0,0.0,302.0,302.0,0.6751142384105959,0.060919637830120256,0.488,0.832,-0.2019470198675497,0.060781030755722484,-0.368,0.041,-0.7028774834437086,0.056351691504237904,-0.857,-0.511,-2.434254966887417,11.63341081266551,-39.43,27.62,3.1746357615894034,13.46181116962603,-19.65,46.72,0.4542549668874171,5.194873318881827,-16.17,17.4,1.0003138417855715,0.023491647684332935,150.0,86.9,2.624100996583107,80.0,92.0,87.0,12.0,85.0,89.0,4.0,82.0,88.0,6.0,6.0,2.348993288590604,8.0,-0.0008658162585004949
fist_open,leudies,combined_all,/Users/tylerchen/Cosmos-Gesture-Recognition-/processed/session_leudies_discrete/sessions/leudies_fist_open_003,30.0,287281.9166666667,33674.30525343305,244453.0,382605.0,382605.0,244453.0,-138152.0,1.6666666666666667,1.9677962857527254,0.0,0.0,0.0,302.0,302.0,0.6572466887417218,0.05613164138462599,0.5,0.813,-0.22884768211920528,0.05756088033515953,-0.347,-0.019,-0.7101208609271523,0.0428893091920051,-0.866,-0.593,-3.0532947019867547,11.00571450704141,-34.91,30.67,2.1606125827814564,11.305009147573879,-18.8,48.59,1.3223841059602652,4.95212778986615,-11.99,12.09,0.998250635904149,0.020378554085880202,151.0,83.29139072847683,2.1919227601157543,77.0,90.0,83.0,13.0,82.0,84.0,2.0,81.0,86.0,5.0,5.0,1.7133333333333334,9.0,0.023813175322411756
fist_open,leudies,combined_all,/Users/tylerchen/Cosmos-Gesture-Recognition-/processed/session_leudies_discrete/sessions/leudies_fist_open_004,30.0,298652.3333333333,19868.090126856405,262650.0,336380.0,274898.0,318802.0,43904.0,1.9666666666666666,1.5380362660079103,0.0,0.0,0.0,301.0,301.0,0.666249169435216,0.05922130448887508,0.509,0.796,-0.14733056478405315,0.0761551323422988,-0.329,0.015,-0.7213621262458472,0.06324338706488776,-0.931,-0.535,-1.3320764119601323,14.530494329691049,-84.05,26.46,2.1283554817275747,15.933149151906179,-30.64,72.85,0.1313122923588043,7.191652623975609,-35.46,17.4,0.9991474751120938,0.031118874443610625,150.0,84.47,2.68117348845012,77.0,90.0,85.0,13.0,83.0,86.0,3.0,82.0,87.0,5.0,5.0,2.771812080536913,10.0,0.006726521178718598
fist_open,leudies,combined_all,/Users/tylerchen/Cosmos-Gesture-Recognition-/processed/session_leudies_discrete/sessions/leudies_fist_open_005,30.0,354429.81666666665,88965.12872004807,277607.0,688681.0,688681.0,347097.0,-341584.0,4.166666666666667,1.9507833184532708,0.0,0.0,0.0,302.0,302.0,0.5953294701986754,0.04805207122201844,0.479,0.781,-0.3094950331125828,0.060382150627506445,-0.442,-0.077,-0.7346605960264901,0.04612456799327251,-0.849,-0.591,-0.0013576158940396296,10.248781730763227,-32.07,37.97,1.5847847682119205,10.886356521564156,-28.41,35.98,0.8622185430463576,6.801881657651012,-22.98,21.91,0.9984459465780546,0.033447244429686426,151.0,79.8112582781457,3.9411257790358603,69.0,88.0,80.0,19.0,77.0,83.0,6.0,79.0,77.0,-2.0,2.0,2.6533333333333333,11.0,-0.05861798536075283
fist_open,leudies,combined_all,/Users/tylerchen/Cosmos-Gesture-Recognition-/processed/session_leudies_discrete/sessions/leudies_fist_open_006,30.0,270886.9666666667,20583.6287527788,234629.0,309635.0,302452.0,270997.0,-31455.0,1.1833333333333333,1.3069259946743566,0.0,0.0,0.0,301.0,301.0,0.7250199335548173,0.0489479289685412,0.617,0.825,-0.1602674418604651,0.0608699228949883,-0.258,0.089,-0.6627990033222592,0.0519972732883539,-0.78,-0.512,-0.729435215946844,8.371876509619254,-31.22,26.15,2.3748006644518274,8.800001224712966,-16.14,30.46,2.3583887043189367,4.909684694466139,-12.67,16.42,0.9995217073602699,0.020079740682968125,151.0,79.59602649006622,2.4108886548242467,73.0,86.0,80.0,13.0,78.0,81.0,3.0,77.0,80.0,3.0,3.0,2.046666666666667,8.0,0.00610491460439117
fist_open,leudies,combined_all,/Users/tylerchen/Cosmos-Gesture-Recognition-/processed/session_leudies_discrete/sessions/leudies_fist_open_007,30.0,279211.76666666666,21230.879730058816,250024.0,326331.0,281590.0,288326.0,6736.0,1.2333333333333334,1.4761059883656353,0.0,0.0,0.0,302.0,302.0,0.6371225165562914,0.05345019000547446,0.49,0.758,-0.22804304635761588,0.06442799188381611,-0.372,-0.064,-0.7293675496688741,0.039668272723718326,-0.924,-0.639,-1.3903476821192056,13.43745647625705,-54.35,29.18,2.970447019867549,10.046190913461164,-15.44,42.85,0.8547847682119205,6.298433136124537,-25.48,23.65,0.9989065922228937,0.02593907148284624,150.0,80.42333333333333,2.4988162745686644,73.0,87.0,81.0,14.0,79.0,82.0,3.0,84.0,81.0,-3.0,3.0,2.38255033557047,11.0,-0.006927418996400018
fist_open,leudies,combined_all,/Users/tylerchen/Cosmos-Gesture-Recognition-/processed/session_leudies_discrete/sessions/leudies_fist_open_008,30.0,302378.1666666667,23373.33524208492,266835.0,363292.0,282594.0,272418.0,-10176.0,2.2666666666666666,1.6918103387266026,0.0,0.0,0.0,302.0,302.0,0.6185264900662252,0.0539767091758039,0.463,0.771,-0.3366970198675497,0.07945781885001695,-0.518,-0.131,-0.7019122516556291,0.04657361355716177,-0.913,-0.581,1.3287748344370864,12.63836106278318,-52.4,34.24,1.8916556291390727,11.393708479571726,-35.55,41.51,1.7464238410596025,6.43083747693843,-26.43,30.18,0.9994977612665572,0.031954153695130307,151.0,78.3476821192053,2.2181023251745655,71.0,83.0,78.0,12.0,77.0,80.0,3.0,80.0,78.0,-2.0,2.0,1.7066666666666668,9.0,-0.013788776577204802
clapping,leudies,combined_all,/Users/tylerchen/Cosmos-Gesture-Recognition-/processed/session_leudies_periodic/sessions/leudies_clapping_001_seg000,30.0,417409.06666666665,73478.50685832482,304835.0,625777.0,412861.0,375667.0,-37194.0,5.716666666666667,1.2562068124140848,0.0,0.0,0.0,300.0,300.0,0.66373,0.19009156679523334,-0.735,1.885,-0.6706333333333333,0.18222451506010076,-1.473,0.33,-0.14377333333333334,0.38741166318319636,-1.319,0.673,2.603216666666668,67.08998682915647,-160.68,191.17,9.53913333333333,85.1684202193295,-194.71,135.17,1.1697666666666668,26.690601522113027,-70.83,51.33,1.0536455484150289,0.1421857404477487,148.0,32.861486486486484,19.16832181075413,3.0,66.0,35.5,63.0,13.0,48.25,35.25,12.0,56.0,44.0,44.0,6.598639455782313,53.0,-0.02012774999352184
clapping,leudies,combined_all,/Users/tylerchen/Cosmos-Gesture-Recognition-/processed/session_leudies_periodic/sessions/leudies_clapping_001_seg001,30.0,440681.88333333336,64729.933320641714,328393.0,606377.0,438363.0,491791.0,53428.0,6.516666666666667,1.9342670159233157,0.0,0.0,0.0,300.0,300.0,0.5952833333333334,0.16785548154643382,0.137,1.294,-0.7092933333333333,0.2247203869008971,-1.656,0.741,0.19707999999999998,0.4400148872565648,-1.842,1.311,14.934283333333333,55.23766404428886,-279.64,179.63,0.787249999999996,74.56968139166324,-165.9,129.09,1.2799333333333318,25.960289945792777,-67.84,61.83,1.0643987496501182,0.1887933361649775,143.0,28.10839160839161,18.284444618322222,1.0,64.0,28.0,63.0,9.0,46.0,37.0,54.0,5.0,-49.0,49.0,4.415492957746479,38.0,-0.16774393446928657
clapping,leudies,combined_all,/Users/tylerchen/Cosmos-Gesture-Recognition-/processed/session_leudies_periodic/sessions/leudies_clapping_001_seg002,30.0,414692.6,56019.22736263565,343270.0,555369.0,374899.0,427154.0,52255.0,5.216666666666667,1.1809835825371249,0.0,0.0,0.0,300.0,300.0,0.5816433333333333,0.1297658100408407,-0.067,1.184,-0.7170650000000001,0.19405458838945291,-1.695,0.139,0.38920333333333335,0.26260628147898946,-0.803,0.883,-5.429283333333332,48.57662589218937,-263.25,241.34,7.028516666666665,61.6321789074754,-148.47,86.15,-1.6995666666666673,26.3776720520651,-91.95,49.35,1.0513436990167646,0.14867834561365426,149.0,20.100671140939596,12.04145147399517,1.0,54.0,16.0,53.0,10.0,30.0,20.0,5.0,42.0,37.0,37.0,3.2364864864864864,20.0,0.03898784690730992
clapping,leudies,combined_all,/Users/tylerchen/Cosmos-Gesture-Recognition-/processed/session_leudies_periodic/sessions/leudies_clapping_002_seg000,30.0,411393.75,45218.269656329176,338621.0,540872.0,382099.0,409217.0,27118.0,4.766666666666667,1.7259457954666155,0.0,0.0,0.0,300.0,300.0,0.5783850000000001,0.42856054178925956,-2.556,3.472,-0.7269766666666666,0.4303817166750327,-3.041,1.734,0.24234666666666665,0.5099583145709069,-1.87,2.555,8.766566666666668,100.2959913697544,-373.46,522.51,-3.88666666666667,144.06695093678573,-476.88,372.57,-7.852650000000001,34.529077236354965,-128.64,102.45,1.1772988066244212,0.40580013737650245,146.0,15.13013698630137,9.286056228971411,1.0,43.0,13.0,42.0,8.0,20.375,12.375,36.0,17.0,-19.0,19.0,4.117241379310345,24.0,-0.07791220408805943
clapping,leudies,combined_all,/Users/tylerchen/Cosmos-Gesture-Recognition-/processed/session_leudies_periodic/sessions/leudies_clapping_002_seg001,30.0,398975.36666666664,56769.692450275696,296724.0,544097.0,386838.0,450243.0,63405.0,5.766666666666667,1.7451520150277902,0.0,0.0,0.0,300.0,300.0,0.49981833333333336,0.45071117595068777,-3.323,4.0,-0.7708383333333334,0.5325420872543524,-3.248,2.362,0.26777833333333334,0.5778712156949017,-4.0,1.61,6.478300000000001,114.27560933995237,-622.61,799.19,-6.315866666666668,175.7256094756317,-453.26,432.94,11.554266666666667,44.22103463150473,-120.94,118.41,1.2119580247001764,0.5172522260876449,145.0,17.43448275862069,15.668246282557638,1.0,59.0,10.0,58.0,6.0,27.0,21.0,8.0,51.0,43.0,43.0,4.215277777777778,32.0,0.2002617698000315
clapping,leudies,combined_all,/Users/tylerchen/Cosmos-Gesture-Recognition-/processed/session_leudies_periodic/sessions/leudies_clapping_002_seg002,30.0,411593.13333333336,41357.55795960664,308483.0,503951.0,411481.0,415511.0,4030.0,6.4,1.8184242262647807,0.0,0.0,0.0,300.0,300.0,0.3095983333333333,0.3381570929275656,-1.66,2.384,-0.8590883333333333,0.4975623307994241,-3.845,2.724,0.30408666666666667,0.4986977967555992,-2.492,1.806,7.478699999999999,111.37053546896205,-490.28,700.86,10.798833333333334,152.07693670617905,-333.35,361.92,9.181766666666668,44.51480659982282,-162.76,73.76,1.166746796004149,0.4191330246441886,149.0,35.73154362416108,20.894115938689126,1.0,75.0,38.0,74.0,14.0,54.0,40.0,47.0,18.0,-29.0,29.0,4.304054054054054,43.0,0.06371364653243837
clapping,leudies,combined_all,/Users/tylerchen/Cosmos-Gesture-Recognition-/processed/session_leudies_periodic/sessions/leudies_clapping_003_seg000,30.0,453726.8,74762.11718127482,332878.0,580410.0,580410.0,537197.0,-43213.0,7.3,2.4378952670968728,0.0,0.0,0.0,300.0,300.0,-0.14334166666666667,0.42416232242372603,-2.41,2.88,-0.9320916666666667,0.1980690345070515,-2.212,-0.249,0.425615,0.28348285403928625,-0.313,1.226,9.502083333333333,45.94882766813958,-264.72,283.67,-16.072233333333322,108.39668263398973,-293.71,170.9,-5.238116666666668,42.279324539736784,-99.12,77.91,1.1306435927645777,0.30272503954303753,148.0,42.195945945945944,18.412011305764207,1.0,80.0,43.0,79.0,29.0,57.0,28.0,69.0,46.0,-23.0,23.0,6.64625850340136,33.0,0.022227610434705412
clapping,leudies,combined_all,/Users/tylerchen/Cosmos-Gesture-Recognition-/processed/session_leudies_periodic/sessions/leudies_clapping_003_seg001,30.0,412483.35,43257.4689090701,323206.0,504502.0,424187.0,442963.0,18776.0,7.1,1.885912687975418,0.0,0.0,0.0,300.0,300.0,0.399705,0.45846239810370487,-1.512,3.734,-0.7861133333333333,0.2630921844637843,-1.334,0.809,0.27534000000000003,0.3620034099900779,-0.86,1.045,13.888699999999998,53.38482458730578,-277.26,277.69,-18.17993333333333,102.89087564158375,-251.75,208.59,-5.272183333333333,46.634914863844834,-164.77,103.31,1.0681841802158916,0.35069170142921663,146.0,25.839041095890412,12.571167741483142,1.0,52.0,25.0,51.0,14.25,35.0,20.75,37.0,16.0,-21.0,21.0,4.751724137931035,30.0,-0.05024726943209982
clapping,leudies,combined_all,/Users/tylerchen/Cosmos-Gesture-Recognition-/processed/session_leudies_periodic/sessions/leudies_clapping_003_seg002,30.0,414763.4666666667,59385.36367923964,311892.0,569782.0,569782.0,404917.0,-164865.0,7.133333333333334,2.124983660067897,0.0,0.0,0.0,300.0,300.0,0.5836883333333334,0.3529438335247524,-2.153,3.131,-0.758,0.2999133952154015,-2.732,0.959,0.19394666666666666,0.360447174916874,-0.598,0.881,4.177316666666667,71.53062444773606,-414.08,474.07,4.223966666666668,107.52769756640483,-283.97,333.11,-7.992816666666666,33.728014391294245,-116.58,68.09,1.094187362013959,0.3163304552960751,143.0,19.664335664335663,10.724425232272,1.0,42.0,19.0,41.0,12.0,28.5,16.5,19.0,12.0,-7.0,7.0,3.5704225352112675,29.0,-0.11753504711251206
two_arm_boxing,leudies,combined_all,/Users/tylerchen/Cosmos-Gesture-Recognition-/processed/session_leudies_periodic/sessions/leudies_two_arm_boxing_001_seg000,30.0,517976.98333333334,133231.13871542213,256874.0,729776.0,290602.0,530640.0,240038.0,8.483333333333333,3.3278705236565655,0.0,0.0,0.0,300.0,300.0,0.48958666666666667,0.6468352723624634,-0.905,1.669,-0.5838466666666667,0.20381662466268274,-1.08,0.123,-0.333935,0.38487760384525704,-1.051,0.397,-16.876266666666666,126.07494218940663,-268.2,299.17,0.0752166666666714,52.24464545325568,-91.98,103.55,-1.4725999999999992,70.69799406329244,-171.97,146.64,1.117332948882496,0.22741933938185566,148.0,48.28716216216216,14.370237006388692,14.0,93.0,46.0,79.0,38.0,56.25,18.25,40.0,42.0,2.0,2.0,5.836734693877551,35.0,0.08398053580220406
two_arm_boxing,leudies,combined_all,/Users/tylerchen/Cosmos-Gesture-Recognition-/processed/session_leudies_periodic/sessions/leudies_two_arm_boxing_001_seg001,30.0,603141.8,84181.97060986396,378761.0,774185.0,498155.0,669321.0,171166.0,10.116666666666667,1.5474890055254746,0.0,0.0,0.0,299.0,299.0,0.45968060200668887,0.6163955771391407,-0.808,1.324,-0.5174698996655518,0.2707168653178971,-1.379,0.219,-0.4349364548494983,0.3400790474342985,-1.082,0.245,-0.7489966555183948,80.47262944606197,-201.21,192.66,8.978260869565217,60.595223552494325,-111.33,136.85,-8.058327759197326,76.69535589546938,-165.84,126.32,1.0960769809204716,0.18907990840511085,150.0,50.91,15.067578692873019,19.0,78.0,51.0,59.0,39.0,61.0,22.0,42.0,58.0,16.0,16.0,4.429530201342282,21.0,-0.021506437323140254
two_arm_boxing,leudies,combined_all,/Users/tylerchen/Cosmos-Gesture-Recognition-/processed/session_leudies_periodic/sessions/leudies_two_arm_boxing_001_seg002,30.0,557010.8166666667,69353.01611123141,409813.0,747506.0,589471.0,523511.0,-65960.0,9.4,2.0912516188477497,0.0,0.0,0.0,301.0,301.0,0.3809169435215947,0.4916393724943836,-0.493,1.081,-0.5947674418604653,0.18101673542626512,-1.024,-0.016,-0.4485996677740864,0.3590864169672643,-1.027,0.155,-5.775647840531562,90.03536450634053,-162.91,183.17,-12.658504983388704,44.36337729787072,-109.68,81.55,-6.606461794019933,64.40975166714503,-159.06,85.54,1.0402605843053412,0.14616768578672837,148.0,52.0945945945946,12.013789037827024,28.0,81.0,52.0,53.0,43.0,61.0,18.0,61.0,46.0,-15.0,15.0,4.08843537414966,24.0,0.043566782780589196
two_arm_boxing,leudies,combined_all,/Users/tylerchen/Cosmos-Gesture-Recognition-/processed/session_leudies_periodic/sessions/leudies_two_arm_boxing_002_seg000,30.0,514649.06666666665,66882.92985019089,328392.0,649087.0,512104.0,575403.0,63299.0,8.2,2.0558858593479035,0.0,0.0,0.0,300.0,300.0,0.33233333333333337,0.5038473534271621,-0.685,1.05,-0.6666033333333333,0.31705312802255853,-1.148,0.217,-0.29198666666666667,0.41388019178930946,-1.105,0.387,-2.0497000000000054,143.08040861083438,-280.8,273.51,-11.107033333333332,46.211836725369636,-96.77,108.74,-11.998466666666666,51.15804065490477,-113.53,115.27,1.0620835452527582,0.19422116148864704,150.0,44.93333333333333,10.262930404722134,24.0,62.0,46.5,38.0,36.25,54.0,17.75,53.0,28.0,-25.0,25.0,4.140939597315437,22.0,-0.010564025067781157
two_arm_boxing,leudies,combined_all,/Users/tylerchen/Cosmos-Gesture-Recognition-/processed/session_leudies_periodic/sessions/leudies_two_arm_boxing_002_seg001,30.0,583586.4333333333,89026.41166368675,371541.0,724068.0,637022.0,626577.0,-10445.0,9.283333333333333,1.5366811279146007,0.0,0.0,0.0,299.0,299.0,0.42227759197324416,0.42546300555576216,-0.78,1.043,-0.8175284280936453,0.22774998399980267,-1.26,0.122,0.06529431438127087,0.3966364522480942,-0.896,0.566,-16.103478260869565,112.73110902088632,-238.23,256.63,-3.0010702341137123,61.85701607998467,-138.98,183.23,-13.231438127090298,43.893887798404016,-154.0,88.81,1.092454201952758,0.21837481336152112,150.0,44.89333333333333,14.031089375132122,5.0,70.0,40.0,65.0,34.0,59.0,25.0,35.0,34.0,-1.0,1.0,4.543624161073826,55.0,-0.010175267048906228
two_arm_boxing,leudies,combined_all,/Users/tylerchen/Cosmos-Gesture-Recognition-/processed/session_leudies_periodic/sessions/leudies_two_arm_boxing_002_seg002,30.0,556920.1333333333,97203.3153946693,343525.0,775190.0,615654.0,550511.0,-65143.0,9.1,2.2113344387495983,0.0,0.0,0.0,300.0,300.0,0.16908833333333334,0.5622796899206144,-1.012,0.999,-0.73833,0.2998623508100564,-1.242,0.163,-0.14264166666666667,0.44888674417632585,-0.887,0.517,19.73413333333333,140.26335282454295,-248.73,314.86,-10.431066666666664,58.87079055747614,-148.84,150.55,-14.389066666666668,78.94971903557071,-185.58,153.45,1.0775236075404246,0.20146156422438413,150.0,46.873333333333335,14.34336676036597,23.0,84.0,46.0,61.0,34.0,57.0,23.0,40.0,56.0,16.0,16.0,4.295302013422819,33.0,-0.06631583625938933
two_arm_boxing,leudies,combined_all,/Users/tylerchen/Cosmos-Gesture-Recognition-/processed/session_leudies_periodic/sessions/leudies_two_arm_boxing_003_seg000,30.0,550913.4666666667,77397.81708107507,364547.0,686290.0,438048.0,535350.0,97302.0,9.266666666666667,1.412641340027806,0.0,0.0,0.0,300.0,300.0,0.388625,0.5097461870463901,-0.851,0.975,-0.7526383333333333,0.2339259712613278,-1.472,-0.019,-0.035879999999999995,0.39489809520938435,-0.832,0.461,17.201233333333334,123.57134219070464,-180.36,316.93,-3.788233333333335,51.69936563126461,-136.63,137.09,-28.463566666666665,69.10542168566054,-203.5,125.43,1.0777789859195184,0.16637525109511228,148.0,47.9222972972973,12.58193727956595,14.0,68.0,50.0,54.0,36.0,59.0,23.0,62.0,34.0,-28.0,28.0,3.931972789115646,54.0,0.048287535583796136
two_arm_boxing,leudies,combined_all,/Users/tylerchen/Cosmos-Gesture-Recognition-/processed/session_leudies_periodic/sessions/leudies_two_arm_boxing_003_seg001,30.0,523029.31666666665,64661.52381185444,378666.0,703462.0,527456.0,703462.0,176006.0,9.066666666666666,1.4817407180595248,0.0,0.0,0.0,300.0,300.0,0.18678,0.5082234202920339,-0.805,0.905,-0.7180016666666665,0.29343548552260834,-1.283,0.105,-0.19950666666666667,0.4251324616581937,-0.94,0.459,1.5677333333333323,142.1924209613938,-244.76,301.43,-12.238933333333334,36.89775193256409,-100.31,98.27,-5.576099999999999,63.31848508761087,-131.81,116.0,1.0393372113884944,0.18742270902033614,150.0,46.43333333333333,11.22581915318233,24.0,82.0,45.5,58.0,38.0,55.75,17.75,39.0,40.0,1.0,1.0,4.02013422818792,43.0,0.011739188408373801
two_arm_boxing,leudies,combined_all,/Users/tylerchen/Cosmos-Gesture-Recognition-/processed/session_leudies_periodic/sessions/leudies_two_arm_boxing_003_seg002,30.0,535000.05,84472.4857617704,385293.0,707761.0,561935.0,468423.0,-93512.0,8.683333333333334,1.6955005816048023,0.0,0.0,0.0,299.0,299.0,0.3744799331103678,0.38200998463372887,-0.65,0.856,-0.8240869565217391,0.2489882251257524,-1.194,0.033,-0.05303010033444817,0.39909173943502535,-0.851,0.472,-23.609364548494987,116.89003748312729,-235.3,241.71,-3.735451505016721,37.04609353495758,-87.25,107.79,-5.196053511705686,42.05370632553941,-130.5,84.72,1.0758426753934673,0.1786903541093484,150.0,48.24,13.832497481553402,17.0,99.0,45.0,82.0,39.0,57.0,18.0,36.0,44.0,8.0,8.0,5.8120805369127515,82.0,-0.016594515311791604
soli,leudies,combined_all,/Users/tylerchen/Cosmos-Gesture-Recognition-/processed/session_leudies_periodic/sessions/leudies_soli_001_seg000,30.0,292399.68333333335,23251.042287921682,256906.0,352970.0,309052.0,301136.0,-7916.0,1.55,1.4963845316851772,0.0,0.0,0.0,300.0,300.0,0.09151833333333334,0.030921614413917053,0.003,0.186,-0.9811483333333333,0.036488269766536685,-1.118,-0.871,0.20747333333333334,0.0597255965351664,0.058,0.326,1.134016666666667,22.325215578273568,-58.08,51.15,-0.14203333333333376,10.160484512670752,-26.8,19.96,-0.24781666666666619,6.844166785157676,-17.06,17.76,1.00938968233783,0.03255760315606586,150.0,75.08,2.1150467651548386,66.0,79.0,75.0,13.0,74.0,76.375,2.375,76.0,76.0,0.0,0.0,1.4228187919463087,9.0,-0.013006800302235841
soli,leudies,combined_all,/Users/tylerchen/Cosmos-Gesture-Recognition-/processed/session_leudies_periodic/sessions/leudies_soli_001_seg001,30.0,306110.86666666664,35566.064224888425,267596.0,419705.0,278179.0,275650.0,-2529.0,2.45,2.13834047803431,0.0,0.0,0.0,300.0,300.0,0.07652166666666665,0.03741426734450276,-0.056,0.188,-0.9828816666666668,0.05881769210560398,-1.155,-0.84,0.20496833333333334,0.08036564251732342,-0.045,0.359,-1.5770333333333326,23.315608452970345,-76.69,49.68,2.6492666666666667,11.294761593863866,-32.99,29.82,-0.6033666666666669,6.845912916883734,-22.16,19.78,1.0111024004916824,0.05398031429205118,150.0,71.51666666666667,2.1977846279136437,62.0,77.0,72.0,15.0,70.0,73.0,3.0,70.0,62.0,-8.0,8.0,1.4630872483221478,7.0,-0.019399084403751547
soli,leudies,combined_all,/Users/tylerchen/Cosmos-Gesture-Recognition-/processed/session_leudies_periodic/sessions/leudies_soli_001_seg002,30.0,308511.6,43898.5395357674,255671.0,408569.0,273240.0,276685.0,3445.0,3.3,2.297099620536007,0.0,0.0,0.0,300.0,300.0,0.05488166666666667,0.030689146003227388,-0.038,0.128,-0.9800916666666668,0.04538291635871611,-1.116,-0.815,0.23024666666666666,0.058228533542572736,0.055,0.356,0.9306000000000004,23.95112926300832,-76.45,69.0,1.3611,9.895736796871821,-21.21,34.42,0.17181666666666662,7.193309909194947,-13.55,21.79,1.010498664194229,0.043470041137468655,150.0,70.08,1.674001756030928,64.0,75.0,70.0,11.0,69.0,71.0,2.0,66.0,69.0,3.0,3.0,1.0939597315436242,5.0,-0.018610604915774424
soli,leudies,combined_all,/Users/tylerchen/Cosmos-Gesture-Recognition-/processed/session_leudies_periodic/sessions/leudies_soli_002_seg000,30.0,338276.3333333333,45582.66486237455,266418.0,451332.0,310674.0,376285.0,65611.0,4.066666666666666,2.0154955277107964,0.0,0.0,0.0,300.0,300.0,0.05632833333333333,0.06320080192441302,-0.056,0.244,-0.9913916666666668,0.0653743367999786,-1.17,-0.874,0.158275,0.0735030373837002,-0.056,0.301,-0.0029333333333331287,22.284724036782585,-58.53,61.31,-1.2618999999999998,9.905232473443668,-26.46,35.28,-1.3466500000000001,11.346313139554775,-22.16,23.47,1.01009712682452,0.06675275019523463,150.0,69.03,1.9960877096631195,62.0,74.0,69.0,12.0,68.0,70.0,2.0,70.0,69.0,-1.0,1.0,1.6442953020134228,7.0,-0.0046458361112349045
soli,leudies,combined_all,/Users/tylerchen/Cosmos-Gesture-Recognition-/processed/session_leudies_periodic/sessions/leudies_soli_002_seg001,30.0,344364.55,42250.47971647778,276830.0,436976.0,375768.0,345250.0,-30518.0,3.933333333333333,2.42120263964465,0.0,0.0,0.0,300.0,300.0,0.11267,0.03992101910856819,-0.008,0.208,-0.9911283333333332,0.04805685977356714,-1.152,-0.854,0.14574833333333334,0.054213686404067,0.017,0.289,0.7134666666666669,20.497584637762134,-56.43,47.91,0.8456333333333332,7.291078104932235,-29.57,18.65,1.5286666666666664,6.943595482329181,-14.68,21.24,1.0104612178499663,0.04563857204382888,150.0,68.75666666666666,1.8058887434215607,63.0,75.0,69.0,12.0,67.0,70.0,3.0,69.0,74.0,5.0,5.0,1.2684563758389262,6.0,0.016808154436493424
soli,leudies,combined_all,/Users/tylerchen/Cosmos-Gesture-Recognition-/processed/session_leudies_periodic/sessions/leudies_soli_002_seg002,30.0,333265.9,50954.80368087652,260730.0,443642.0,370829.0,367690.0,-3139.0,3.6333333333333333,2.456058269305153,0.0,0.0,0.0,300.0,300.0,0.10440333333333332,0.029394086517907342,0.028,0.197,-0.9928983333333334,0.04263259204680886,-1.11,-0.884,0.130665,0.047757676782551585,0.026,0.226,-1.2692333333333334,18.62105812636746,-41.57,43.06,-0.5463666666666668,6.100777201763359,-16.85,15.14,-0.6289000000000006,6.403341611221441,-14.92,13.43,1.0084126667182625,0.043436598542053215,150.0,68.19666666666667,1.8894769229883683,61.0,71.0,69.0,10.0,68.0,69.0,1.0,68.0,69.0,1.0,1.0,1.3355704697986577,7.0,-0.01113205031334758
soli,leudies,combined_all,/Users/tylerchen/Cosmos-Gesture-Recognition-/processed/session_leudies_periodic/sessions/leudies_soli_003_seg000,30.0,286127.8,25421.15999372701,251778.0,330732.0,316107.0,251778.0,-64329.0,2.2666666666666666,2.0319667538837556,0.0,0.0,0.0,299.0,299.0,0.3128612040133779,0.06104333466225932,0.207,0.419,-0.9142742474916385,0.06682678682341955,-1.116,-0.742,0.27634280936454847,0.07335292002632483,0.109,0.45,-1.095217391304348,24.673669042448594,-60.15,105.84,0.1888628762541805,9.646160172048209,-23.71,23.87,1.968127090301003,8.063375549653573,-17.12,28.11,1.0107513005225457,0.045819738135397525,150.0,68.29,2.3646374071121548,63.0,74.0,68.0,11.0,66.0,70.0,4.0,67.0,68.0,1.0,1.0,2.208053691275168,8.0,-0.022570780923596816
soli,leudies,combined_all,/Users/tylerchen/Cosmos-Gesture-Recognition-/processed/session_leudies_periodic/sessions/leudies_soli_003_seg001,30.0,332352.73333333334,48325.15575828207,252827.0,427952.0,309113.0,271829.0,-37284.0,4.1,2.4406283343980637,0.0,0.0,0.0,301.0,301.0,0.25022425249169433,0.04126843141858195,0.131,0.341,-0.9730498338870431,0.0446109728336756,-1.102,-0.835,0.08988704318936877,0.052688605251728214,-0.062,0.192,-1.5634551495016609,20.534550643287584,-75.81,39.64,2.116910299003322,7.580818035123567,-19.99,26.03,-1.6829235880398674,8.180160390284074,-26.76,29.51,1.0109493750100538,0.04436788157020976,150.0,71.19666666666667,2.5049592869112214,64.0,77.0,72.0,13.0,69.0,73.0,4.0,65.0,73.0,8.0,8.0,1.74496644295302,8.0,0.02914885106004668
soli,leudies,combined_all,/Users/tylerchen/Cosmos-Gesture-Recognition-/processed/session_leudies_periodic/sessions/leudies_soli_003_seg002,30.0,328603.95,55667.11940220337,246021.0,465031.0,269634.0,343478.0,73844.0,3.8666666666666667,2.539466260632121,0.0,0.0,0.0,300.0,300.0,0.31788500000000003,0.0342403408520807,0.22,0.42,-0.9542233333333333,0.03822555781634022,-1.049,-0.836,0.08084166666666666,0.039239891656606574,-0.048,0.169,-3.6850666666666667,10.69355462395716,-33.6,30.0,4.7077333333333335,9.095757483330102,-21.85,28.23,-0.12564999999999998,5.899000578699751,-13.7,21.91,1.0105497376964347,0.033030427232299236,150.0,73.94666666666667,2.465974266446033,67.0,80.0,74.0,13.0,72.125,75.0,2.875,77.0,71.0,-6.0,6.0,2.228187919463087,7.0,-0.02168096359838212
palm_up_down,leudies,combined_all,/Users/tylerchen/Cosmos-Gesture-Recognition-/processed/session_leudies_periodic/sessions/leudies_palm_up_down_001_seg000,30.0,367618.26666666666,42447.136511142366,297982.0,462217.0,330828.0,367556.0,36728.0,4.366666666666666,1.7792008193443356,0.0,0.0,0.0,300.0,300.0,0.22065,0.6045660109318701,-0.819,0.955,-0.359605,0.24304892815028004,-0.957,0.104,-0.6410066666666666,0.22148679408839606,-1.172,-0.141,7.674216666666666,43.146394456969276,-77.09,149.66,-29.923966666666676,177.53224961660408,-485.7,282.54,10.235466666666667,71.03103985429344,-133.3,168.03,1.0102807758279815,0.20458182283172852,150.0,92.98,3.396049817422605,86.0,101.0,92.0,15.0,91.0,96.0,5.0,95.0,92.0,-3.0,3.0,2.1946308724832213,11.0,-0.04132805902484587
palm_up_down,leudies,combined_all,/Users/tylerchen/Cosmos-Gesture-Recognition-/processed/session_leudies_periodic/sessions/leudies_palm_up_down_001_seg001,30.0,358766.63333333336,46165.80951706095,276723.0,452733.0,324555.0,451712.0,127157.0,4.283333333333333,2.048102102489576,0.0,0.0,0.0,299.0,299.0,0.16709364548494987,0.605465351802948,-1.035,1.0,-0.36926923076923074,0.2583271536588217,-0.98,0.203,-0.6287290969899665,0.28006176490802637,-1.506,-0.005,1.3294314381270906,50.67197627330736,-147.25,131.05,15.279698996655519,195.7916753969864,-306.1,384.23,-3.2359866220735767,84.28486298087876,-131.53,169.68,1.0088450419842656,0.23144721327911452,150.0,90.54333333333334,2.8087451320834074,84.0,97.0,91.0,13.0,88.0,92.875,4.875,89.0,88.0,-1.0,1.0,2.208053691275168,10.0,-0.00562424996666559
palm_up_down,leudies,combined_all,/Users/tylerchen/Cosmos-Gesture-Recognition-/processed/session_leudies_periodic/sessions/leudies_palm_up_down_001_seg002,30.0,380078.9166666667,42456.44161413816,286961.0,481517.0,326892.0,325720.0,-1172.0,5.033333333333333,1.6629959577688562,0.0,0.0,0.0,300.0,300.0,0.15370333333333333,0.5949649138021128,-0.806,1.075,-0.3914249999999999,0.22484582171271644,-0.89,0.067,-0.65607,0.29364240174062056,-1.162,-0.118,0.8540999999999996,40.77795592625179,-83.71,143.77,11.921933333333333,186.23637265832068,-331.37,316.45,-4.053266666666668,75.81202633704555,-115.76,169.9,1.022388671559219,0.22967857272147843,150.0,89.06333333333333,3.226224917530342,79.0,96.0,89.0,17.0,87.0,92.0,5.0,84.0,93.0,9.0,9.0,2.302013422818792,10.0,0.02222469146776877
palm_up_down,leudies,combined_all,/Users/tylerchen/Cosmos-Gesture-Recognition-/processed/session_leudies_periodic/sessions/leudies_palm_up_down_002_seg000,30.0,352166.9,32585.364614705995,271441.0,400626.0,347706.0,271441.0,-76265.0,3.466666666666667,1.284090685617215,0.0,0.0,0.0,301.0,301.0,0.09695016611295681,0.5805495227344076,-0.969,1.016,-0.3643421926910299,0.24068110547375585,-0.823,0.156,-0.670468438538206,0.2730445119065378,-1.211,-0.129,-0.9407973421926908,38.5781404204651,-90.43,96.62,-8.118205980066445,202.02277297399854,-319.86,333.81,2.8590365448504955,85.66525256531028,-144.9,161.93,1.0038877773605308,0.2310849929954951,150.0,87.29,3.512809732217944,80.0,97.0,87.0,17.0,84.0,90.0,6.0,81.0,89.0,8.0,8.0,1.9597315436241611,8.0,0.04714965109560386
palm_up_down,leudies,combined_all,/Users/tylerchen/Cosmos-Gesture-Recognition-/processed/session_leudies_periodic/sessions/leudies_palm_up_down_002_seg001,30.0,360954.93333333335,44381.02821922398,265638.0,462850.0,369586.0,372202.0,2616.0,5.383333333333334,2.271869029871416,0.0,0.0,0.0,299.0,299.0,0.029362876254180596,0.5946326256252241,-0.83,0.918,-0.39157859531772576,0.22490316684792933,-0.867,0.16,-0.6880434782608695,0.2627300102963301,-1.21,-0.065,1.257943143812709,47.14660439756874,-110.69,160.83,5.514581939799333,192.22529059036685,-370.04,345.35,-7.223913043478259,70.07647268868077,-114.99,177.01,1.0236480094050404,0.23008913024699876,150.0,85.63,5.949134064912035,70.0,98.0,86.0,28.0,83.0,90.0,7.0,84.0,86.0,2.0,2.0,2.2684563758389262,9.0,-0.06834288931359973
palm_up_down,leudies,combined_all,/Users/tylerchen/Cosmos-Gesture-Recognition-/processed/session_leudies_periodic/sessions/leudies_palm_up_down_002_seg002,30.0,345322.5,41074.66622201573,287608.0,445972.0,357672.0,343587.0,-14085.0,4.4,1.9765289440498122,0.0,0.0,0.0,301.0,301.0,-0.05164784053156147,0.6181175491402403,-0.994,0.92,-0.4031245847176079,0.21510515529417204,-0.888,0.178,-0.6774451827242525,0.24628145005847843,-1.153,-0.139,6.688803986710964,48.712128909425516,-75.78,167.03,-16.665249169435214,217.85577949678972,-455.7,334.48,10.291578073089703,88.50430416500814,-136.17,184.33,1.021408259436073,0.26425018149390067,150.0,85.63333333333334,2.8079863731926826,79.0,94.0,85.5,15.0,84.0,87.0,3.0,87.0,84.0,-3.0,3.0,1.8590604026845639,6.0,-0.008967509667096935
palm_up_down,leudies,combined_all,/Users/tylerchen/Cosmos-Gesture-Recognition-/processed/session_leudies_periodic/sessions/leudies_palm_up_down_003_seg000,30.0,395707.6666666667,45870.87422779538,304980.0,490490.0,394859.0,332480.0,-62379.0,6.233333333333333,1.8015425489162211,0.0,0.0,0.0,300.0,300.0,0.001896666666666665,0.6436819499221301,-1.046,0.975,-0.34657,0.2423471994886675,-1.012,0.169,-0.6492833333333333,0.2979383768313322,-1.268,-0.121,-9.402633333333334,41.81149114058107,-84.84,114.41,19.291566666666668,228.6905371177658,-455.21,382.18,-11.763966666666667,85.53255071569083,-141.64,176.73,1.0039803441686115,0.3090834383405383,150.0,88.52666666666667,3.0360179383034325,82.0,95.0,88.0,13.0,87.0,91.0,4.0,84.0,94.0,10.0,10.0,2.4563758389261743,8.0,0.010800480021334423
palm_up_down,leudies,combined_all,/Users/tylerchen/Cosmos-Gesture-Recognition-/processed/session_leudies_periodic/sessions/leudies_palm_up_down_003_seg001,30.0,388304.06666666665,59745.53524905066,299797.0,553305.0,341518.0,300521.0,-40997.0,5.533333333333333,2.3199616855073755,0.0,0.0,0.0,300.0,300.0,0.07144666666666666,0.6844185197074364,-1.144,0.958,-0.355575,0.2880946549457892,-0.93,0.216,-0.6129116666666667,0.30654735310751297,-1.28,-0.106,6.072800000000001,57.11743784659812,-129.64,161.69,-0.014000000000002425,234.86263668365814,-422.25,406.96,3.4002166666666667,90.58245518699002,-145.94,164.74,1.0298961337536836,0.3031689160223682,150.0,88.06,2.970729691393826,81.0,94.0,88.5,13.0,86.0,90.0,4.0,84.0,86.0,2.0,2.0,2.2416107382550337,9.0,-0.002241877416774503
palm_up_down,leudies,combined_all,/Users/tylerchen/Cosmos-Gesture-Recognition-/processed/session_leudies_periodic/sessions/leudies_palm_up_down_003_seg002,30.0,423073.8333333333,68565.13140612282,303425.0,568240.0,482494.0,336778.0,-145716.0,6.3,2.3115651263447745,0.0,0.0,0.0,300.0,300.0,-0.10340666666666666,0.7053509395723206,-1.279,0.907,-0.3757333333333333,0.3259660548107562,-0.858,0.291,-0.63533,0.34045082038379637,-1.323,-0.047,3.927050000000001,56.66877984729187,-111.42,155.77,-17.879866666666672,270.39914904818437,-536.85,469.77,7.193266666666665,114.44968877194711,-183.23,244.03,1.0665221734491717,0.3711114615241468,150.0,85.6,3.844284522499978,76.0,94.0,86.0,18.0,83.0,89.0,6.0,90.0,84.0,-6.0,6.0,2.953020134228188,10.0,-0.010571136494955117
pull,peter,combined_all,/Users/tylerchen/Cosmos-Gesture-Recognition-/processed/session_peter_discrete/sessions/peter_pull_001,30.0,328703.36666666664,60493.96439605146,262380.0,469743.0,404282.0,287572.0,-116710.0,3.8333333333333335,2.1615323782497966,0.0,0.0,0.0,301.0,301.0,0.768265780730897,0.1269415042136215,0.425,0.883,0.29374916943521595,0.069651274509792,0.106,0.473,-0.517327242524917,0.17381908164780996,-0.917,-0.268,1.5693355481727573,4.38186942336327,-11.63,21.58,11.63513289036545,13.731254609047431,-12.88,39.06,-4.5949169435215955,7.991434518129611,-26.67,11.41,0.9974716293832816,0.01942234531596782,151.0,69.49668874172185,7.191776945174195,61.0,85.0,67.0,24.0,64.0,76.0,12.0,84.0,67.0,-17.0,17.0,2.2866666666666666,8.0,-0.13540083652840734
pull,peter,combined_all,/Users/tylerchen/Cosmos-Gesture-Recognition-/processed/session_peter_discrete/sessions/peter_pull_002,30.0,412781.76666666666,119124.11305236326,291434.0,715166.0,428969.0,305322.0,-123647.0,3.816666666666667,1.772396369012555,0.0,0.0,0.0,301.0,301.0,0.7528936877076412,0.11459888136866177,0.496,0.878,0.33166279069767446,0.08132218282519556,0.156,0.524,-0.5175963455149502,0.18174223473638965,-0.926,-0.242,0.6492026578073089,6.910485318533523,-24.11,24.17,10.105664451827243,15.721339093116809,-13.92,47.36,-3.415033222591362,9.910762363719831,-27.16,15.17,0.9984441046150221,0.025315992785170768,151.0,74.6523178807947,7.5529229170971615,65.0,94.0,71.0,29.0,69.0,81.0,12.0,83.0,70.0,-13.0,13.0,2.006666666666667,8.0,-0.15396479609620145
pull,peter,combined_all,/Users/tylerchen/Cosmos-Gesture-Recognition-/processed/session_peter_discrete/sessions/peter_pull_003,30.0,346553.36666666664,81052.33525835158,270745.0,595743.0,431770.0,280416.0,-151354.0,4.266666666666667,2.1592179654268864,0.0,0.0,0.0,302.0,302.0,0.759751655629139,0.1182531361914482,0.366,0.91,0.34133609271523174,0.07063604450568153,0.143,0.567,-0.5121870860927152,0.1486123700785658,-0.899,-0.284,1.8970529801324503,5.871922781359341,-17.49,26.43,8.936622516556293,16.699738939444106,-9.06,50.75,-3.1328476821192055,10.850527125931444,-40.83,13.18,0.997953032410074,0.03488773750035812,151.0,74.62582781456953,7.622383385583619,66.0,92.0,71.0,26.0,69.0,81.25,12.25,89.0,68.0,-21.0,21.0,1.6733333333333333,7.0,-0.15360752875566452
pull,peter,combined_all,/Users/tylerchen/Cosmos-Gesture-Recognition-/processed/session_peter_discrete/sessions/peter_pull_004,30.0,328530.3,76319.94260748629,261309.0,517723.0,321568.0,283487.0,-38081.0,4.633333333333334,3.049407957110509,0.0,0.0,0.0,301.0,301.0,0.7548953488372093,0.1394870402473697,0.233,0.898,0.31595681063122927,0.07801691103755617,-0.001,0.517,-0.5328787375415283,0.15046175747802104,-0.895,-0.268,2.168820598006645,7.586329440060624,-28.14,41.29,8.85139534883721,18.53819619916626,-17.73,74.56,-2.9219933554817277,11.353585498322984,-49.47,14.89,1.000335680147329,0.03414649464487006,150.0,74.67666666666666,6.7386834460545595,63.0,92.0,72.0,29.0,70.0,79.0,9.0,92.0,67.0,-25.0,25.0,2.208053691275168,12.0,-0.1262411662740568
pull,peter,combined_all,/Users/tylerchen/Cosmos-Gesture-Recognition-/processed/session_peter_discrete/sessions/peter_pull_005,30.0,350621.06666666665,90832.76443697079,263241.0,515820.0,488862.0,273295.0,-215567.0,4.833333333333333,3.045032384429141,0.0,0.0,0.0,301.0,301.0,0.7331760797342193,0.14848531105997775,0.358,0.9,0.30357641196013285,0.06975078556293175,0.038,0.489,-0.5624867109634551,0.16692550058930344,-0.912,-0.261,2.8675415282392027,5.99766696601951,-10.86,27.5,10.22109634551495,19.22989316550746,-10.38,60.4,-3.8703322259136215,9.893241924163414,-42.3,13.61,1.0001148452290916,0.025388591731652286,151.0,73.46688741721854,8.403504997751867,64.0,91.0,69.0,27.0,67.0,81.0,14.0,89.0,66.0,-23.0,23.0,1.38,8.0,-0.16818577901707932
pull,peter,combined_all,/Users/tylerchen/Cosmos-Gesture-Recognition-/processed/session_peter_discrete/sessions/peter_pull_006,30.0,445950.26666666666,144099.84169640465,296529.0,852433.0,362304.0,314313.0,-47991.0,2.2666666666666666,2.4073960113690385,0.0,0.0,0.0,302.0,302.0,0.7672748344370861,0.14032162900055695,0.381,0.905,0.31279470198675496,0.07362387119010484,0.045,0.548,-0.5124867549668874,0.16819862052560877,-0.951,-0.203,3.2346192052980136,6.9990100721999955,-14.86,39.49,10.876423841059601,19.47342347015987,-12.27,67.96,-3.5310264900662256,10.73309874707813,-38.94,10.83,1.0010441645483688,0.02249136973806419,151.0,74.4635761589404,6.732532791787536,67.0,91.0,72.0,24.0,70.0,79.25,9.25,87.0,70.0,-17.0,17.0,1.42,6.0,-0.11670791216451798
pull,peter,combined_all,/Users/tylerchen/Cosmos-Gesture-Recognition-/processed/session_peter_discrete/sessions/peter_pull_007,30.0,356860.1666666667,74930.31735156041,259797.0,553547.0,276863.0,318154.0,41291.0,3.9166666666666665,3.1624972551591073,0.0,0.0,0.0,302.0,302.0,0.7541059602649006,0.1698633475390608,0.257,0.929,0.31342384105960264,0.09799785227651255,-0.079,0.54,-0.5103029801324505,0.20747566303715773,-1.007,-0.264,1.9926324503311261,9.518545827812435,-26.58,57.34,10.849105960264902,23.6374026527362,-16.54,85.57,-2.9174503311258273,13.197674305548974,-57.16,18.65,1.0039632641063794,0.029672983490384348,151.0,74.84105960264901,7.753573554804079,62.0,89.0,71.0,27.0,69.0,82.5,13.5,86.0,67.0,-19.0,19.0,1.3933333333333333,13.0,-0.15803938654583483
pull,peter,combined_all,/Users/tylerchen/Cosmos-Gesture-Recognition-/processed/session_peter_discrete/sessions/peter_pull_008,30.0,334977.75,79709.68278349772,266264.0,517146.0,284255.0,312553.0,28298.0,4.25,3.2320014438940667,0.0,0.0,0.0,302.0,302.0,0.8155331125827815,0.15106072223694497,0.183,0.904,0.32997019867549665,0.08099478218391683,-0.132,0.51,-0.41402980132450334,0.17538733607341045,-1.051,-0.138,1.1349834437086093,6.533784905336527,-15.9,38.88,12.07023178807947,24.42408512211327,-6.81,99.28,-3.657483443708609,13.503555465996198,-69.15,8.12,1.002284209950491,0.031013590574603758,151.0,72.37086092715232,6.1599414434876305,63.0,87.0,70.0,24.0,69.0,74.5,5.5,86.0,69.0,-17.0,17.0,1.4333333333333333,8.0,-0.09041129313349619
push,peter,combined_all,/Users/tylerchen/Cosmos-Gesture-Recognition-/processed/session_peter_discrete/sessions/peter_push_001,30.0,391941.0,84649.03427761792,276287.0,588971.0,407837.0,276287.0,-131550.0,4.466666666666667,2.5130769099961014,0.0,0.0,0.0,302.0,302.0,0.656385761589404,0.18769198831965864,0.272,1.172,0.295317880794702,0.07262500540096253,0.107,0.624,-0.6385231788079471,0.22215318485723554,-0.96,-0.048,-1.5576490066225164,9.8595699687927,-44.59,18.34,-11.566324503311257,25.360734303993326,-99.98,8.24,1.7656788079470198,11.131964623415227,-36.59,41.9,1.0052268993090117,0.0716963105470628,150.0,81.99333333333334,8.350136973249947,61.0,91.0,86.0,30.0,77.0,88.0,11.0,72.0,86.0,14.0,14.0,1.7718120805369129,7.0,0.15132583670385355
push,peter,combined_all,/Users/tylerchen/Cosmos-Gesture-Recognition-/processed/session_peter_discrete/sessions/peter_push_002,30.0,362784.1666666667,99843.80689040518,269840.0,617218.0,363167.0,284011.0,-79156.0,4.533333333333333,2.012185103038209,0.0,0.0,0.0,301.0,301.0,0.6485747508305648,0.13925470304190835,0.416,1.06,0.31274916943521597,0.07779440635819712,0.1,0.62,-0.6510764119601329,0.19459681575599186,-0.952,-0.085,-2.0183887043189372,7.3757152124672345,-26.61,13.46,-10.834152823920265,20.26284959592406,-74.95,7.32,2.907076411960133,12.164596447684772,-20.51,51.55,1.0016963592043413,0.04772746847759692,151.0,88.28145695364239,11.010234051242266,66.0,103.0,92.0,37.0,82.5,96.0,13.5,71.0,94.0,23.0,23.0,2.2466666666666666,8.0,0.17438654583478502
push,peter,combined_all,/Users/tylerchen/Cosmos-Gesture-Recognition-/processed/session_peter_discrete/sessions/peter_push_003,30.0,363752.1666666667,101730.57931290321,267599.0,611963.0,385753.0,275613.0,-110140.0,4.8,2.982169232846006,0.0,0.0,0.0,300.0,300.0,0.6389816666666667,0.16308507702752595,0.354,1.107,0.287125,0.09255450258671413,0.142,0.661,-0.6668833333333333,0.21930431946734893,-0.883,0.035,-1.9769833333333333,9.383061878928237,-38.51,20.42,-11.892016666666665,24.746167016659147,-86.09,11.44,4.153250000000001,15.014277473103787,-29.79,48.83,1.007763880136697,0.05604588268466551,150.0,86.49333333333334,10.09069387645257,64.0,99.0,90.0,35.0,86.0,93.0,7.0,72.0,96.0,24.0,24.0,1.6778523489932886,7.0,0.16236810524912174
push,peter,combined_all,/Users/tylerchen/Cosmos-Gesture-Recognition-/processed/session_peter_discrete/sessions/peter_push_004,30.0,366183.56666666665,105345.53440992275,270700.0,627341.0,563715.0,270700.0,-293015.0,4.9,2.724579478255926,0.0,0.0,0.0,300.0,300.0,0.626545,0.15006169877074882,0.401,1.042,0.33191000000000004,0.1327847703365613,0.088,0.747,-0.6488683333333334,0.24259913814883094,-0.919,0.014,-0.5643666666666667,5.924168371610076,-24.05,14.92,-10.053099999999999,25.967770114573437,-95.92,40.28,5.315200000000001,14.516999263851558,-21.12,61.86,1.0097646561127716,0.055973108678060435,151.0,90.43377483443709,8.605749143583944,71.0,102.0,94.0,31.0,84.0,96.0,12.0,84.0,99.0,15.0,15.0,2.22,12.0,0.14599686301847306
push,peter,combined_all,/Users/tylerchen/Cosmos-Gesture-Recognition-/processed/session_peter_discrete/sessions/peter_push_005,30.0,363953.5333333333,110202.69905640041,261604.0,648335.0,426716.0,281511.0,-145205.0,4.466666666666667,3.0081371127142607,0.0,0.0,0.0,301.0,301.0,0.6534418604651162,0.1489047359016741,0.451,1.115,0.28728571428571426,0.09638442941915759,0.089,0.689,-0.6541146179401993,0.21127507848688185,-0.948,0.08,-1.0264950166112954,6.635029104689355,-23.44,21.79,-11.27142857142857,21.76350482981673,-74.47,10.1,4.124900332225913,12.907546891933997,-20.48,52.13,1.0048878295225354,0.06070805151994161,150.0,91.43333333333334,9.407384409694723,72.0,103.0,96.0,31.0,85.25,98.75,13.5,79.0,98.0,19.0,19.0,1.9798657718120805,8.0,0.16814080625805589
push,peter,combined_all,/Users/tylerchen/Cosmos-Gesture-Recognition-/processed/session_peter_discrete/sessions/peter_push_006,30.0,345403.4,89639.07178814382,262072.0,602558.0,406573.0,272591.0,-133982.0,4.9,2.8442925306655784,0.0,0.0,0.0,302.0,302.0,0.6398062913907284,0.157666630803352,0.377,1.177,0.2884652317880795,0.12277095840734295,0.103,0.777,-0.6648857615894039,0.22182892649155,-0.892,0.167,-0.9107450331125825,7.492590803801033,-27.44,31.8,-10.231192052980132,22.343605584138373,-79.47,17.79,5.030099337748343,13.222107427508261,-17.3,47.3,1.0091332709350809,0.07366780324827463,150.0,90.55,9.870257335336897,59.0,104.0,93.5,45.0,83.0,98.0,15.0,86.0,94.0,8.0,8.0,2.0134228187919465,15.0,0.17790212898351024
push,peter,combined_all,/Users/tylerchen/Cosmos-Gesture-Recognition-/processed/session_peter_discrete/sessions/peter_push_007,30.0,451545.4,104840.24899614335,305477.0,738613.0,471215.0,352751.0,-118464.0,3.966666666666667,2.2874051285730346,0.0,0.0,0.0,302.0,302.0,0.613044701986755,0.15529261683284232,0.284,1.008,0.31757284768211924,0.13874633098604583,0.054,0.894,-0.6663692052980132,0.25304561167235934,-0.916,0.19,-1.6281953642384106,8.086610331704449,-42.24,23.44,-11.947980132450331,28.25384658028685,-98.91,37.9,6.147483443708609,14.484207532313594,-22.74,50.42,1.0122037840630935,0.059717336748547435,150.0,89.13666666666667,8.090697422810473,73.0,103.0,91.0,30.0,82.0,95.875,13.875,76.0,95.0,19.0,19.0,2.5838926174496644,16.0,0.10452464553980133
push,peter,combined_all,/Users/tylerchen/Cosmos-Gesture-Recognition-/processed/session_peter_discrete/sessions/peter_push_008,31.0,358135.51612903224,125403.2723328946,253668.0,686280.0,636965.0,283111.0,-353854.0,3.774193548387097,3.4892431698038604,0.0,0.0,0.0,301.0,301.0,0.5765863787375416,0.17275397552678312,0.156,1.088,0.3863870431893688,0.1321504875524879,-0.05,0.898,-0.6823421926910299,0.20296020653434,-0.968,-0.017,-2.529817275747508,10.993297189931088,-47.49,20.57,-10.281827242524917,23.994087276575776,-94.12,20.17,2.9281063122923587,17.841751308922245,-44.83,71.44,1.0153231534524365,0.07040663418477139,151.0,91.1456953642384,8.173246887248158,66.0,103.0,94.0,37.0,89.5,97.0,7.5,88.0,101.0,13.0,13.0,2.3666666666666667,21.0,0.13942837225514046
clockwise,peter,combined_all,/Users/tylerchen/Cosmos-Gesture-Recognition-/processed/session_peter_discrete/sessions/peter_clockwise_001,30.0,418514.23333333334,100372.39290883501,297850.0,686081.0,334598.0,328217.0,-6381.0,6.933333333333334,2.5024432505497947,0.0,0.0,0.0,301.0,301.0,0.5409551495016611,0.30731404044384014,-0.258,1.001,0.25490199335548175,0.4288259884821007,-0.896,1.108,-0.5953156146179401,0.5316879877656225,-2.117,-0.057,-13.052923588039866,64.65314432959659,-146.49,141.73,-17.311362126245847,60.999784246493626,-163.64,101.84,-15.21951827242525,85.06129486183433,-283.09,114.9,1.0560980217361455,0.3971031524273309,151.0,86.01986754966887,18.676355889618115,35.0,115.0,92.0,80.0,81.0,95.0,14.0,81.0,89.0,8.0,8.0,3.7733333333333334,29.0,0.02631578947368334
clockwise,peter,combined_all,/Users/tylerchen/Cosmos-Gesture-Recognition-/processed/session_peter_discrete/sessions/peter_clockwise_002,30.0,499580.0,108873.3820808986,337457.0,834939.0,391489.0,483908.0,92419.0,5.966666666666667,2.7746871695542343,0.0,0.0,0.0,301.0,301.0,0.5326644518272425,0.2967595372613937,-0.476,0.854,0.2546827242524917,0.4089950430038647,-1.001,0.819,-0.6028023255813952,0.5218773340437497,-2.0,-0.023,-15.70076411960133,69.65920516009153,-154.27,157.51,-18.80704318936877,62.808543853191395,-176.61,94.09,-17.71853820598007,73.57778315006807,-268.04,96.84,1.0513071269326781,0.3666303271770154,148.0,85.54729729729729,21.055267235539723,31.0,115.0,92.0,84.0,80.0,98.25,18.25,92.0,99.0,7.0,7.0,3.748299319727891,22.0,0.03450286336192305
clockwise,peter,combined_all,/Users/tylerchen/Cosmos-Gesture-Recognition-/processed/session_peter_discrete/sessions/peter_clockwise_003,30.0,415808.86666666664,100883.47940858414,268471.0,608720.0,312297.0,285282.0,-27015.0,6.75,3.0461724617405803,0.0,0.0,0.0,301.0,301.0,0.5808538205980066,0.2891965324975767,-0.279,1.012,0.26243189368770764,0.3645839124801654,-0.736,0.956,-0.5886578073089701,0.4964533812266815,-1.964,-0.064,-12.467408637873756,71.11553150830424,-148.17,176.24,-16.840166112956812,55.21906215415708,-166.57,86.06,-15.713803986710962,69.37880702120664,-233.74,93.72,1.0485982495042097,0.34094487582261884,151.0,84.0,19.38831263072335,35.0,112.0,92.0,77.0,77.0,96.5,19.5,102.0,90.0,-12.0,12.0,3.7066666666666666,22.0,0.03637852910421706
clockwise,peter,combined_all,/Users/tylerchen/Cosmos-Gesture-Recognition-/processed/session_peter_discrete/sessions/peter_clockwise_004,30.0,417242.2166666667,84621.03413254525,276693.0,564515.0,284015.0,313747.0,29732.0,6.433333333333334,2.691756964429656,0.0,0.0,0.0,303.0,303.0,0.5226501650165016,0.3089821089029023,-0.372,1.035,0.25387788778877884,0.35681777760654526,-0.754,0.725,-0.6147953795379537,0.4761631564948585,-1.832,-0.001,-16.512524752475247,65.91286018875671,-133.52,138.43,-19.341155115511555,57.53234928435705,-164.01,78.01,-15.103465346534655,71.46452488496848,-239.39,60.21,1.0314226958971116,0.3182420142450172,149.0,81.7751677852349,19.668183310875115,35.0,114.0,90.0,79.0,72.0,93.0,21.0,90.0,92.0,2.0,2.0,3.5,23.0,-0.0013229336719269493
clockwise,peter,combined_all,/Users/tylerchen/Cosmos-Gesture-Recognition-/processed/session_peter_discrete/sessions/peter_clockwise_005,30.0,423515.5,65792.00130195665,303509.0,553785.0,417392.0,331985.0,-85407.0,7.166666666666667,2.6718699236469,0.0,0.0,0.0,301.0,301.0,0.5802026578073091,0.2531835613550856,-0.086,0.988,0.23357308970099666,0.32841179028338063,-0.738,0.84,-0.5984966777408638,0.4555823260431819,-1.571,-0.02,-12.88099667774086,60.35187603161042,-140.57,150.06,-16.376212624584713,56.72970552229071,-190.4,67.96,-13.682358803986714,66.56246364777442,-198.52,68.97,1.022551052128125,0.2886011208539342,151.0,82.78476821192054,21.67596885274509,35.0,167.0,86.0,132.0,77.0,92.0,15.0,93.0,86.0,-7.0,7.0,4.713333333333333,82.0,-0.05921285000580963
clockwise,peter,combined_all,/Users/tylerchen/Cosmos-Gesture-Recognition-/processed/session_peter_discrete/sessions/peter_clockwise_006,30.0,420484.4666666667,80647.89076172766,298292.0,579891.0,310588.0,386458.0,75870.0,6.766666666666667,2.261022384281549,0.0,0.0,0.0,302.0,302.0,0.5497748344370862,0.28337669983577407,-0.198,0.983,0.18809602649006624,0.3706985249607183,-0.717,0.887,-0.6558857615894039,0.4382918805380862,-1.749,-0.073,-15.781225165562917,61.52808728262166,-120.46,146.09,-17.001655629139076,59.4501956165688,-173.28,74.1,-12.841622516556296,70.44476419860158,-213.2,93.81,1.0449408873969783,0.2928082663226626,151.0,77.8841059602649,20.186748434605086,31.0,126.0,85.0,95.0,69.5,88.0,18.5,90.0,83.0,-7.0,7.0,3.3533333333333335,30.0,-0.06406064830951555
clockwise,peter,combined_all,/Users/tylerchen/Cosmos-Gesture-Recognition-/processed/session_peter_discrete/sessions/peter_clockwise_007,30.0,429264.0833333333,73720.39066139066,311445.0,566710.0,316034.0,311445.0,-4589.0,7.2,2.2420228961066986,0.0,0.0,0.0,302.0,302.0,0.5518278145695363,0.29709288213802465,-0.186,1.005,0.17915728476821194,0.34356219895591067,-0.694,0.799,-0.6470728476821191,0.46035370937961695,-1.707,0.071,-16.970910596026492,63.78579761831,-142.4,147.74,-19.784437086092716,62.97555039745136,-179.82,81.09,-16.35476821192052,73.18291965740391,-228.71,84.69,1.0348028043525428,0.32050335230343574,152.0,78.34539473684211,19.467866601463886,31.0,107.0,85.0,76.0,70.25,90.0,19.75,90.0,83.0,-7.0,7.0,3.423841059602649,21.0,-0.028550917288025876
clockwise,peter,combined_all,/Users/tylerchen/Cosmos-Gesture-Recognition-/processed/session_peter_discrete/sessions/peter_clockwise_008,30.0,408464.26666666666,92417.97308999058,270598.0,613401.0,275465.0,348736.0,73271.0,5.533333333333333,2.5655841873191814,0.0,0.0,0.0,302.0,302.0,0.5460513245033114,0.28416208271550336,-0.146,0.975,0.1616092715231788,0.3756126567817467,-0.795,0.768,-0.659384105960265,0.4338879118070474,-1.576,-0.045,-17.959834437086094,68.10541098500298,-166.3,122.96,-19.185993377483438,59.71054721765323,-153.11,109.41,-13.761291390728479,74.08220375524053,-226.54,82.31,1.0383594249553874,0.3016262366465213,151.0,77.89735099337749,18.331291410804482,31.0,109.0,83.0,78.0,73.5,88.0,14.5,85.0,86.0,1.0,1.0,2.8733333333333335,19.0,-0.03659637504356956
anti_clockwise,peter,combined_all,/Users/tylerchen/Cosmos-Gesture-Recognition-/processed/session_peter_discrete/sessions/peter_anti_clockwise_001,30.0,470027.4666666667,79674.30438509576,330174.0,663216.0,430982.0,330174.0,-100808.0,5.933333333333334,1.7113996870657915,0.0,0.0,0.0,301.0,301.0,0.5173787375415282,0.3435099984226753,-0.235,1.227,0.3246810631229236,0.3565236610249459,-0.537,0.973,-0.6074916943521596,0.45306603051222666,-1.661,-0.004,11.981760797342195,56.30843658329017,-126.5,128.61,14.953687707641194,55.58861907608602,-63.84,165.2,5.748438538205982,71.72972910698306,-107.94,203.22,1.0448975170299106,0.31734989571979566,150.0,76.91333333333333,18.721981003807667,28.0,104.0,85.0,76.0,68.5,87.75,19.25,84.0,87.0,3.0,3.0,2.3691275167785233,12.0,0.16518067469665304
anti_clockwise,peter,combined_all,/Users/tylerchen/Cosmos-Gesture-Recognition-/processed/session_peter_discrete/sessions/peter_anti_clockwise_002,30.0,440979.1,88689.22092390935,295865.0,640705.0,334861.0,306000.0,-28861.0,6.1,2.7367864366808012,0.0,0.0,0.0,300.0,300.0,0.407545,0.3771047119943389,-0.398,1.185,0.32553,0.4100295384887939,-0.658,0.936,-0.6380066666666666,0.48579107001421457,-1.829,-0.168,18.784366666666667,63.06781034204081,-119.42,180.27,18.933066666666665,64.94542482163176,-103.49,185.28,8.692933333333336,79.73142543185563,-122.93,264.32,1.0509566444103882,0.3477506235120081,150.0,77.57666666666667,19.559815046498876,25.0,100.0,85.0,75.0,73.25,89.0,15.75,84.0,89.0,5.0,5.0,2.651006711409396,14.0,0.1941659629316853
anti_clockwise,peter,combined_all,/Users/tylerchen/Cosmos-Gesture-Recognition-/processed/session_peter_discrete/sessions/peter_anti_clockwise_003,30.0,419840.9666666667,100488.52128227825,271579.0,632329.0,398823.0,271579.0,-127244.0,5.866666666666666,2.167692065051881,0.0,0.0,0.0,303.0,303.0,0.35494389438943896,0.27719585983009554,-0.322,0.832,0.4001716171617162,0.3827881087809775,-0.455,0.997,-0.6705907590759076,0.4324605983850199,-1.61,-0.192,13.55914191419142,57.600451094243944,-115.51,152.32,14.519834983498354,56.471205469402626,-88.6,153.48,7.905544554455448,66.30338236087385,-75.32,191.66,1.0293996342777019,0.2941722293821984,151.0,82.86754966887418,22.313584285353027,32.0,107.0,95.5,75.0,68.5,99.0,30.5,84.0,95.0,11.0,11.0,3.1,21.0,0.3611978622051812
anti_clockwise,peter,combined_all,/Users/tylerchen/Cosmos-Gesture-Recognition-/processed/session_peter_discrete/sessions/peter_anti_clockwise_004,30.0,412186.7,95764.10338818682,277524.0,623938.0,277524.0,309682.0,32158.0,6.533333333333333,2.8370563774604283,0.0,0.0,0.0,300.0,300.0,0.39812833333333336,0.3687864374502162,-0.497,1.045,0.34275833333333333,0.3846929283171478,-0.452,1.013,-0.6506200000000001,0.4965757417219116,-1.927,-0.084,16.351283333333335,65.20712550355512,-113.83,209.39,17.538433333333334,63.09778095843695,-95.46,165.11,7.364800000000002,69.22334356963697,-89.33,201.61,1.047790559234291,0.36333225299004857,149.0,79.27181208053692,18.587391479023562,31.0,107.0,87.0,76.0,74.0,89.0,15.0,75.0,86.0,11.0,11.0,3.831081081081081,29.0,0.17686196263377432
anti_clockwise,peter,combined_all,/Users/tylerchen/Cosmos-Gesture-Recognition-/processed/session_peter_discrete/sessions/peter_anti_clockwise_005,30.0,402456.35,70733.46270697602,297942.0,550651.0,301347.0,342838.0,41491.0,6.833333333333333,2.00138840697041,0.0,0.0,0.0,303.0,303.0,0.40680033003300325,0.3010530482401342,-0.366,0.971,0.36746534653465346,0.3916977154443026,-0.53,0.982,-0.6655363036303631,0.4613148095037975,-1.761,-0.145,14.086815181518153,60.277192027485135,-113.71,176.06,16.258877887788778,57.22261010292775,-114.51,151.8,8.65877887788779,69.86530479444295,-89.3,211.16,1.041506349948016,0.3399879049219381,151.0,80.19205298013244,18.85937971118106,27.0,108.0,88.0,81.0,77.0,91.0,14.0,87.0,89.0,2.0,2.0,3.066666666666667,25.0,0.18500871383757375
anti_clockwise,peter,combined_all,/Users/tylerchen/Cosmos-Gesture-Recognition-/processed/session_peter_discrete/sessions/peter_anti_clockwise_006,30.0,422071.2,88655.17150300182,289788.0,636353.0,335285.0,326756.0,-8529.0,5.8,2.4953289696283867,0.0,0.0,0.0,301.0,301.0,0.41039867109634554,0.3535121465227154,-0.467,1.005,0.3057906976744186,0.4045895086111982,-0.683,0.959,-0.677470099667774,0.45727150079014744,-1.828,0.016,16.724285714285713,60.46610976245628,-123.23,176.37,16.800232558139534,64.1510495866501,-136.2,193.46,6.981794019933555,75.85301298021616,-102.76,242.35,1.0458141492592516,0.3534604006491925,150.0,75.79,17.671999427297106,24.0,99.0,83.0,75.0,74.25,85.0,10.75,79.0,84.0,5.0,5.0,3.523489932885906,30.0,0.16982176985643793
anti_clockwise,peter,combined_all,/Users/tylerchen/Cosmos-Gesture-Recognition-/processed/session_peter_discrete/sessions/peter_anti_clockwise_007,30.0,501959.1,112979.50976832036,275519.0,776198.0,286139.0,538312.0,252173.0,6.2,3.0155154341063044,0.0,0.0,0.0,301.0,301.0,0.4472774086378737,0.24864542050371832,-0.181,0.968,0.3396611295681063,0.38163011712441997,-0.688,0.855,-0.6878039867109634,0.39671455312585524,-1.787,-0.233,10.86420265780731,55.10749045289042,-108.65,149.54,14.78046511627907,44.66512200108387,-76.78,135.41,4.8225249169435225,68.61097327268764,-87.37,220.59,1.030764990918988,0.30145173567966665,150.0,75.78666666666666,17.019269247740024,33.0,96.0,83.5,63.0,69.25,86.0,16.75,86.0,84.0,-2.0,2.0,2.8187919463087248,25.0,0.14888483932619218
anti_clockwise,peter,combined_all,/Users/tylerchen/Cosmos-Gesture-Recognition-/processed/session_peter_discrete/sessions/peter_anti_clockwise_008,30.0,376144.9166666667,69108.0986050216,272453.0,501985.0,272453.0,299003.0,26550.0,5.433333333333334,2.092579482095935,0.0,0.0,0.0,301.0,301.0,0.46650498338870433,0.21768439499041248,0.005,0.855,0.3524883720930233,0.3353333131794613,-0.387,0.897,-0.6903421926910299,0.3839852474764851,-1.597,-0.063,8.205182724252492,52.371276824823475,-93.94,140.23,14.16172757475083,41.49670577733812,-63.75,116.67,6.970498338870433,58.166408803025604,-81.18,158.6,1.0259209827036964,0.2705790628907943,150.0,75.75666666666666,17.329295584605074,31.0,97.0,84.0,66.0,70.0,86.0,16.0,87.0,82.0,-5.0,5.0,2.476510067114094,10.0,0.2037859460420459
right,peter,combined_all,/Users/tylerchen/Cosmos-Gesture-Recognition-/processed/session_peter_discrete/sessions/peter_right_001,30.0,399501.86666666664,102410.57705065861,277420.0,623232.0,329191.0,305379.0,-23812.0,4.1,2.055075018906447,0.0,0.0,0.0,301.0,301.0,0.5129950166112958,0.25333274405620415,-0.228,0.867,0.07348172757475083,0.2778430512167895,-0.593,0.796,-0.8274053156146178,0.12679594289461685,-1.193,-0.599,-16.474269102990036,30.68863957775847,-97.26,10.41,-5.004617940199336,10.98801689202737,-50.23,7.48,32.34348837209302,64.39582044270473,-17.21,193.52,1.0502043188502248,0.08766611538154861,151.0,112.30463576158941,52.149399916967205,46.0,331.0,109.0,285.0,92.0,119.5,27.5,46.0,106.0,60.0,60.0,10.973333333333333,176.0,0.22862321366329674
right,peter,combined_all,/Users/tylerchen/Cosmos-Gesture-Recognition-/processed/session_peter_discrete/sessions/peter_right_002,30.0,419790.98333333334,82782.61366439245,306906.0,589556.0,345353.0,574950.0,229597.0,6.383333333333334,1.8151369706504858,0.0,0.0,0.0,301.0,301.0,0.5111029900332227,0.3795221064182727,-0.615,0.906,0.0543687707641196,0.33263087033799377,-0.842,0.899,-0.8066943521594684,0.18916887532051566,-1.407,-0.589,-12.005514950166116,34.50818442734997,-99.7,28.96,0.18694352159468433,16.231724462608177,-62.69,25.03,32.73976744186046,82.85282118923702,-27.86,254.55,1.0874148447918084,0.15143365326008773,149.0,101.45973154362416,48.535008150237914,33.0,338.0,98.5,305.0,90.0,107.0,17.0,33.0,101.0,68.0,68.0,9.0,171.0,0.1839307092327225
right,peter,combined_all,/Users/tylerchen/Cosmos-Gesture-Recognition-/processed/session_peter_discrete/sessions/peter_right_003,30.0,388604.73333333334,81356.80236630265,276602.0,520361.0,329298.0,297667.0,-31631.0,5.366666666666666,2.536182608216968,0.0,0.0,0.0,302.0,302.0,0.5640645695364238,0.22525154806043543,0.061,0.804,0.1599271523178808,0.18798411583375335,-0.134,0.93,-0.7764536423841059,0.11794694816904593,-1.044,-0.64,-23.67879139072848,30.12338783973126,-81.09,12.82,-6.237930463576159,13.364572054396334,-37.87,16.27,32.5494701986755,49.96148969655972,-28.02,135.69,1.0203987768964615,0.07348399707678191,151.0,90.03973509933775,28.026878359817857,39.0,203.0,99.0,164.0,74.0,107.0,33.0,44.0,203.0,159.0,159.0,6.7,80.0,0.5119466713140464
right,peter,combined_all,/Users/tylerchen/Cosmos-Gesture-Recognition-/processed/session_peter_discrete/sessions/peter_right_004,30.0,410043.26666666666,76039.8910401347,300028.0,599071.0,359468.0,300028.0,-59440.0,5.233333333333333,2.4857370916669543,0.0,0.0,0.0,302.0,302.0,0.5654933774834437,0.21652125820379745,0.117,0.825,0.10452649006622515,0.2024391559976919,-0.245,0.782,-0.7854701986754966,0.12254762343513631,-1.09,-0.574,-22.08291390728477,28.907316429664885,-80.57,9.77,-4.7108940397350985,8.656171564515997,-35.43,5.77,37.91771523178809,52.767659638458774,-11.84,138.68,1.0237539982065018,0.04980681089506444,151.0,95.4271523178808,30.476065752694698,37.0,165.0,101.0,128.0,78.0,108.33333333333334,30.333333333333343,40.0,164.0,124.0,124.0,5.1066666666666665,57.0,0.5354891367491571
right,peter,combined_all,/Users/tylerchen/Cosmos-Gesture-Recognition-/processed/session_peter_discrete/sessions/peter_right_005,30.0,390048.48333333334,105065.63402896332,279727.0,641061.0,335575.0,296846.0,-38729.0,5.633333333333334,2.3307128141884452,0.0,0.0,0.0,301.0,301.0,0.5892641196013289,0.2005623758823517,0.017,0.859,0.15442192691029902,0.21671412269926763,-0.153,1.09,-0.7642475083056478,0.1138822366424857,-1.221,-0.554,-25.7865780730897,32.37122971473703,-90.85,9.37,-9.308504983388705,18.253973947460317,-76.82,38.97,35.02606312292359,52.99815150735931,-38.97,174.96,1.0244591895185926,0.07612751501330427,146.0,97.08904109589041,34.79614505217188,46.0,294.0,103.0,248.0,81.0,107.75,26.75,49.0,166.0,117.0,117.0,9.579310344827586,190.0,0.6209859286180222
right,peter,combined_all,/Users/tylerchen/Cosmos-Gesture-Recognition-/processed/session_peter_discrete/sessions/peter_right_006,30.0,373174.8,82427.74917764851,265726.0,602034.0,477317.0,302551.0,-174766.0,5.3,2.841947688939166,0.0,0.0,0.0,299.0,299.0,0.5918461538461538,0.20741854840062265,0.13,0.835,0.12622240802675586,0.1773889670977606,-0.115,0.649,-0.7600083612040134,0.11932195261880509,-1.026,-0.593,-19.204515050167227,27.571417378823174,-71.81,15.78,-2.343929765886288,6.503877003655528,-23.56,8.06,32.5295652173913,45.74481537753406,-33.63,132.6,1.0150549332486747,0.047087003976604036,149.0,100.55369127516778,40.233068494356885,47.0,242.0,94.0,195.0,78.0,108.0,30.0,53.0,110.0,57.0,57.0,12.641891891891891,103.0,0.39636495555958645
right,peter,combined_all,/Users/tylerchen/Cosmos-Gesture-Recognition-/processed/session_peter_discrete/sessions/peter_right_007,30.0,356992.56666666665,81725.1844752413,283847.0,582564.0,297416.0,294956.0,-2460.0,4.633333333333334,2.1406125810669767,0.0,0.0,0.0,302.0,302.0,0.639296357615894,0.20751371714010275,0.086,0.851,0.06930794701986755,0.1617315489023549,-0.148,0.631,-0.727998344370861,0.1478586698693622,-1.095,-0.516,-21.29976821192053,31.643452566741598,-94.39,24.51,0.17460264900662276,10.46187023507853,-29.97,26.0,32.419834437086095,49.50202618408872,-28.72,142.34,1.0157409658513783,0.053259056002492575,151.0,133.4437086092715,60.56031547271303,46.0,342.0,122.0,296.0,92.0,176.0,84.0,49.0,94.0,45.0,45.0,15.686666666666667,176.0,0.7450679679330771
right,peter,combined_all,/Users/tylerchen/Cosmos-Gesture-Recognition-/processed/session_peter_discrete/sessions/peter_right_008,31.0,399578.6129032258,70068.28132737905,295407.0,540253.0,540253.0,319261.0,-220992.0,6.838709677419355,1.985378393990854,0.0,0.0,0.0,300.0,300.0,0.5602266666666667,0.21599324130372435,0.079,0.793,0.210425,0.13886218129324673,0.012,0.702,-0.7688466666666667,0.12050012220679218,-1.037,-0.604,-21.040549999999996,22.34668937704569,-72.54,28.23,-3.8236,8.341225991423563,-24.23,17.12,29.164300000000004,42.857942684835756,-83.74,121.92,1.0136186551157487,0.047865255138663104,150.0,84.43333333333334,21.979678432181462,41.0,116.0,93.5,75.0,66.75,101.0,34.25,47.0,95.0,48.0,48.0,2.9932885906040267,12.0,0.4577092315214009
left,peter,combined_all,/Users/tylerchen/Cosmos-Gesture-Recognition-/processed/session_peter_discrete/sessions/peter_left_001,31.0,424147.87096774194,68608.4235727993,310121.0,539837.0,419643.0,338353.0,-81290.0,7.387096774193548,1.697767402185905,0.0,0.0,0.0,303.0,303.0,0.6330990099009901,0.12186516692603672,0.316,1.037,0.12627392739273927,0.1803374402719991,-0.473,0.565,-0.7460528052805281,0.08377411347639992,-0.944,-0.44,24.867887788778877,27.749344936774968,-17.37,73.7,2.2339273927392735,7.961810213093228,-17.09,23.35,-30.64151815181518,35.480521133058815,-99.49,24.45,1.0124479129458623,0.0519065147918675,150.0,69.24666666666667,22.793701787189175,46.0,144.0,56.0,98.0,53.0,81.0,28.0,143.0,54.0,-89.0,89.0,2.8926174496644297,20.0,-0.4408124805546919
left,peter,combined_all,/Users/tylerchen/Cosmos-Gesture-Recognition-/processed/session_peter_discrete/sessions/peter_left_002,31.0,471162.87096774194,40166.98115146395,398888.0,603311.0,505677.0,412574.0,-93103.0,4.580645161290323,2.044255421645788,0.0,0.0,0.0,301.0,301.0,0.6654584717607973,0.10649460284387086,0.411,0.869,0.13708305647840532,0.13277607637335545,-0.123,0.494,-0.7209019933554818,0.0689382597538869,-0.899,-0.591,28.96619601328904,22.558383291120116,-16.88,61.46,3.652890365448505,6.832228926997678,-23.32,18.49,-30.769102990033222,28.208348205765233,-68.91,23.96,1.0070746028271833,0.029158891027045202,151.0,74.18543046357615,19.580314595194814,44.0,123.0,75.0,79.0,54.0,90.0,36.0,99.0,48.0,-51.0,51.0,4.326666666666667,34.0,-0.40279714186127635
left,peter,combined_all,/Users/tylerchen/Cosmos-Gesture-Recognition-/processed/session_peter_discrete/sessions/peter_left_003,30.0,463387.13333333336,115760.99249826006,301708.0,715186.0,392233.0,315616.0,-76617.0,5.666666666666667,2.547329756605707,0.0,0.0,0.0,301.0,301.0,0.6281544850498338,0.12146450018612731,0.37,1.14,0.06484883720930232,0.1858770167497606,-0.703,0.511,-0.7608837209302326,0.11216829754358139,-1.126,-0.328,28.45076411960133,32.30358110036433,-16.02,97.29,1.3377574750830565,6.945151685256046,-12.33,35.55,-32.29355481727575,39.00311579240944,-117.92,19.26,1.016372035790358,0.08124633869105478,150.0,73.24,27.61812458095458,47.0,220.0,64.0,173.0,52.0,87.75,35.75,113.0,52.0,-61.0,61.0,4.973154362416107,134.0,-0.5156762522778792
left,peter,combined_all,/Users/tylerchen/Cosmos-Gesture-Recognition-/processed/session_peter_discrete/sessions/peter_left_004,30.0,424143.1666666667,99603.87708855626,266113.0,650097.0,297828.0,303799.0,5971.0,4.5,1.9621416870348585,0.0,0.0,0.0,302.0,302.0,0.650067880794702,0.10050950358675464,0.519,1.005,0.12255960264900662,0.13257589957469387,-0.334,0.304,-0.7371208609271523,0.08892436399458578,-0.917,-0.437,30.303178807947017,29.395775509132825,-24.78,92.07,3.7180629139072847,8.84829341344866,-17.3,22.83,-32.921158940397355,29.75666247921447,-94.33,13.98,1.0071736296060896,0.046299257592488215,151.0,79.40066225165563,26.739561333336034,51.0,190.0,69.0,139.0,58.16666666666667,94.5,36.33333333333333,103.0,57.0,-46.0,46.0,5.546666666666667,84.0,-0.5150348553502965
left,peter,combined_all,/Users/tylerchen/Cosmos-Gesture-Recognition-/processed/session_peter_discrete/sessions/peter_left_005,30.0,468032.5,115955.57749723239,289474.0,674661.0,413702.0,289474.0,-124228.0,5.216666666666667,1.7496825108827283,0.0,0.0,0.0,301.0,301.0,0.6236760797342193,0.13811994243261297,0.282,1.063,0.15227906976744185,0.19129390302885177,-0.38,0.604,-0.7409734219269104,0.09927935999080628,-0.914,-0.444,32.31837209302326,32.33637769755741,-9.95,101.9,3.2221926910299,9.01785820584231,-18.13,28.02,-33.77837209302326,37.81862930619099,-98.61,25.91,1.0124090780944124,0.04191783951687276,150.0,71.44,21.200933878379892,48.0,134.0,64.0,86.0,52.0,87.0,35.0,98.0,52.0,-46.0,46.0,3.087248322147651,24.0,-0.45127338992844146
left,peter,combined_all,/Users/tylerchen/Cosmos-Gesture-Recognition-/processed/session_peter_discrete/sessions/peter_left_006,30.0,444397.06666666665,89968.88209521235,298777.0,660223.0,499065.0,466663.0,-32402.0,4.466666666666667,1.6679994670929073,0.0,0.0,0.0,302.0,302.0,0.6265099337748345,0.11337173617604951,0.241,0.982,0.08615562913907285,0.13699264839160497,-0.284,0.412,-0.739226821192053,0.07543519899563515,-0.927,-0.509,39.53819536423841,29.56839916661709,-17.58,90.52,3.44384105960265,13.987777676211072,-39.67,31.13,-27.744205298013245,37.43167773261549,-78.07,52.61,0.9886737267390372,0.07892179864255906,151.0,71.09602649006622,20.76725910592505,39.0,127.0,60.0,88.0,54.0,88.0,34.0,117.0,44.0,-73.0,73.0,3.7133333333333334,26.0,-0.4437852910421752
left,peter,combined_all,/Users/tylerchen/Cosmos-Gesture-Recognition-/processed/session_peter_discrete/sessions/peter_left_007,30.0,434923.13333333336,112129.9262221385,271064.0,668803.0,309446.0,312411.0,2965.0,4.3,1.676305461424021,0.0,0.0,0.0,300.0,300.0,0.6064983333333334,0.12895690816659994,0.329,0.923,0.14979499999999998,0.1698990449502292,-0.323,0.515,-0.7603150000000002,0.07431730355935509,-0.967,-0.58,28.431283333333333,20.889471058479568,-12.85,71.9,5.280183333333333,6.641952427541334,-12.05,21.15,-35.841,30.634634283220464,-84.51,21.64,1.008485216480586,0.04831013323764513,151.0,80.3112582781457,25.064765556577242,44.0,134.0,77.0,90.0,58.0,92.5,34.5,130.0,54.0,-76.0,76.0,3.7333333333333334,25.0,-0.5429139072847685
left,peter,combined_all,/Users/tylerchen/Cosmos-Gesture-Recognition-/processed/session_peter_discrete/sessions/peter_left_008,30.0,421977.4666666667,92428.94248799393,260271.0,659561.0,399305.0,260271.0,-139034.0,4.283333333333333,2.2864941625894337,0.0,0.0,0.0,300.0,300.0,0.6596466666666667,0.09096560790882575,0.473,0.86,0.05516833333333333,0.11640480730575042,-0.16,0.379,-0.74173,0.0784536196318139,-0.952,-0.568,32.847366666666666,27.455622524944182,-20.63,112.31,2.1779999999999995,8.204655792089433,-31.07,15.02,-33.95896666666666,31.799451073861146,-95.0,29.91,1.0071451118911445,0.04448795073320988,149.0,78.23154362416108,22.601985344655976,30.0,126.0,78.0,96.0,59.0,95.0,36.0,93.0,56.0,-37.0,37.0,4.668918918918919,32.0,-0.47938146199891185
bye_bye,peter,combined_all,/Users/tylerchen/Cosmos-Gesture-Recognition-/processed/session_peter_discrete/sessions/peter_bye_bye_001,30.0,327842.9166666667,44623.969319578944,265863.0,483689.0,483689.0,302233.0,-181456.0,4.533333333333333,2.8487814158961995,0.0,0.0,0.0,301.0,301.0,0.6979634551495016,0.2879896673465229,-0.05,1.462,-0.18015946843853822,0.825266123081134,-1.83,1.662,-0.42504651162790696,0.1583810467707653,-1.072,0.155,0.94279069767442,220.6111792260786,-386.12,418.99,7.731827242524916,86.00776764146265,-147.83,205.21,0.637973421926908,190.48018818390895,-357.1,332.16,1.1583656819118944,0.3841232630133992,151.0,61.04304635761589,2.31296375339159,53.0,66.0,61.0,13.0,60.0,62.25,2.25,56.0,61.0,5.0,5.0,1.8066666666666666,6.0,0.01245555942837223
bye_bye,peter,combined_all,/Users/tylerchen/Cosmos-Gesture-Recognition-/processed/session_peter_discrete/sessions/peter_bye_bye_002,30.0,303453.38333333336,25238.253023166813,257410.0,360521.0,335053.0,308064.0,-26989.0,3.1666666666666665,1.8988300491501484,0.0,0.0,0.0,300.0,300.0,0.73095,0.2499192019433481,0.336,1.341,-0.07951333333333334,0.7130693349800487,-1.331,1.103,-0.47173000000000004,0.1304357457396808,-0.777,-0.2,-1.7108,150.73367767697658,-280.13,263.89,-0.6269333333333332,83.35035005682673,-142.7,114.6,3.6535333333333333,174.6142823239713,-274.61,266.67,1.1245151359830594,0.2941872571651162,150.0,59.07,2.335910210189406,54.0,65.0,59.0,11.0,58.0,61.0,3.0,58.0,58.0,0.0,0.0,2.0671140939597317,8.0,-0.012757011422730174
bye_bye,peter,combined_all,/Users/tylerchen/Cosmos-Gesture-Recognition-/processed/session_peter_discrete/sessions/peter_bye_bye_003,30.0,309466.9,33823.86035931834,272434.0,401747.0,309671.0,296984.0,-12687.0,2.6,1.4047538337136984,0.0,0.0,0.0,301.0,301.0,0.7942657807308969,0.19857432675863784,0.467,1.258,-0.06200332225913621,0.5416567454479773,-1.096,0.851,-0.4690631229235881,0.11571355687529616,-0.746,-0.225,0.2978737541528234,95.44611404962191,-168.34,192.36,0.36684385382059825,67.20206187267675,-114.02,100.38,5.773056478405315,138.06736797530414,-216.04,228.34,1.0758807137226816,0.20836714212972243,151.0,60.271523178807946,2.091837389583416,54.0,65.0,60.0,11.0,59.0,62.0,3.0,63.0,57.0,-6.0,6.0,1.9866666666666666,9.0,-7.842453816674742e-05
bye_bye,peter,combined_all,/Users/tylerchen/Cosmos-Gesture-Recognition-/processed/session_peter_discrete/sessions/peter_bye_bye_004,31.0,291713.22580645164,24457.05366385643,259206.0,339987.0,259206.0,275179.0,15973.0,1.3225806451612903,1.423015806458889,0.0,0.0,0.0,302.0,302.0,0.7786357615894041,0.1956370298865493,0.418,1.181,-0.14537086092715232,0.5556322824702502,-1.126,0.84,-0.4667019867549668,0.15226461781094255,-0.805,-0.194,3.165993377483445,122.18818642634359,-225.99,197.42,2.957317880794701,83.60145919714756,-142.52,126.53,7.921423841059604,134.70523615893677,-223.0,201.91,1.0807729166603324,0.21756051597246914,151.0,59.29139072847682,2.091536608886745,54.0,65.0,59.0,11.0,58.0,61.0,3.0,62.0,59.0,-3.0,3.0,2.046666666666667,9.0,0.0014255838271173202
bye_bye,peter,combined_all,/Users/tylerchen/Cosmos-Gesture-Recognition-/processed/session_peter_discrete/sessions/peter_bye_bye_005,31.0,269487.1612903226,12256.71348123477,244355.0,306171.0,270436.0,266701.0,-3735.0,2.0806451612903225,1.3446235484300861,0.0,0.0,0.0,302.0,302.0,0.7822417218543046,0.18332343359659312,0.455,1.152,-0.03984105960264901,0.46096970340054005,-0.892,0.797,-0.5177913907284768,0.18286340809083612,-0.869,-0.22,-3.6220198675496684,58.184620139299454,-117.95,154.39,-2.3189403973509934,70.46338415206873,-118.75,115.76,-1.8505629139072843,116.1832779399081,-192.05,209.42,1.0686565737597344,0.1382390968210754,151.0,59.817880794701985,2.2193051125819547,54.0,65.0,60.0,11.0,58.0,61.0,3.0,60.0,62.0,2.0,2.0,2.3466666666666667,7.0,-0.0005344487045429781
bye_bye,peter,combined_all,/Users/tylerchen/Cosmos-Gesture-Recognition-/processed/session_peter_discrete/sessions/peter_bye_bye_006,31.0,277824.5967741936,14231.173321267426,249845.0,318908.0,274076.0,294361.0,20285.0,1.5161290322580645,1.4999132822661507,0.0,0.0,0.0,302.0,302.0,0.7878377483443709,0.17775020654293452,0.494,1.135,-0.06818874172185431,0.46849428474650423,-0.873,0.823,-0.4987086092715231,0.23565328638241836,-0.975,-0.076,-1.8395033112582777,63.6430787772195,-136.17,111.48,0.7012582781456942,79.54296238286516,-144.23,132.76,0.9268211920529801,108.60590383054146,-191.66,166.14,1.076688741239877,0.1463015919660237,152.0,59.80921052631579,2.298174716006051,54.0,66.0,60.0,12.0,58.0,61.0,3.0,65.0,59.0,-6.0,6.0,2.251655629139073,11.0,0.0008036094651640125
bye_bye,peter,combined_all,/Users/tylerchen/Cosmos-Gesture-Recognition-/processed/session_peter_discrete/sessions/peter_bye_bye_007,30.0,274232.2166666667,18365.880398029447,250104.0,329430.0,289148.0,329430.0,40282.0,1.0,1.3662601021279464,0.0,0.0,0.0,301.0,301.0,0.7898172757475084,0.16835898355224338,0.421,1.169,-0.060737541528239215,0.4343297898273815,-0.804,0.891,-0.5025913621262459,0.29997315902929,-1.045,0.097,0.8314285714285714,47.091414968547234,-78.77,148.63,0.9559800664451823,83.85203109282224,-158.3,139.5,4.163554817275748,96.12711744331712,-171.91,189.18,1.0824829404860519,0.12369376974184991,150.0,58.78333333333333,2.498676010334956,53.0,64.0,59.0,11.0,57.0,60.916666666666664,3.9166666666666643,59.0,54.0,-5.0,5.0,2.436241610738255,9.0,-0.02247714713246509
bye_bye,peter,combined_all,/Users/tylerchen/Cosmos-Gesture-Recognition-/processed/session_peter_discrete/sessions/peter_bye_bye_008,30.0,276392.1,13256.583967598892,257542.0,315720.0,269082.0,280486.0,11404.0,1.2,1.3012814197295424,0.0,0.0,0.0,301.0,301.0,0.7915016611295682,0.18556870698976144,0.44,1.194,-0.040358803986710955,0.46759704253051815,-0.829,0.873,-0.49482392026578076,0.2927760228582786,-1.007,-0.029,-1.2690697674418607,51.33198641232384,-82.8,99.06,-1.2636544850498341,83.50516954534949,-147.43,112.67,1.5653156146179406,102.5142407236489,-167.09,162.27,1.0928480639604516,0.13205329436648572,150.0,57.99333333333333,2.3502804186382003,52.0,63.0,58.0,11.0,56.0,60.0,4.0,59.0,57.0,-2.0,2.0,2.134228187919463,8.0,0.016664444345673886
t_arm,peter,combined_all,/Users/tylerchen/Cosmos-Gesture-Recognition-/processed/session_peter_discrete/sessions/peter_t_arm_001,31.0,298037.7419354839,62396.59187548098,240437.0,489930.0,301057.0,251046.0,-50011.0,1.6774193548387097,2.022248776600965,0.0,0.0,0.0,302.0,302.0,0.6922003311258279,0.1599370440087223,0.338,0.856,0.08748178807947024,0.6599146547012864,-1.167,1.177,-0.2124337748344371,0.16231016146076016,-0.442,0.136,1.4852980132450329,11.962673307090439,-54.84,47.67,-8.290397350993379,17.921609893271736,-59.11,13.09,-34.53281456953642,56.342067993784546,-158.45,45.93,1.0046110487593936,0.10045351714315869,150.0,97.74,52.70491234443806,52.0,304.0,74.0,252.0,65.25,108.75,43.5,132.0,65.0,-67.0,67.0,11.456375838926174,120.0,-0.8903702386772752
t_arm,peter,combined_all,/Users/tylerchen/Cosmos-Gesture-Recognition-/processed/session_peter_discrete/sessions/peter_t_arm_002,30.0,334504.05,79612.57541414232,262745.0,541165.0,276215.0,262745.0,-13470.0,2.3666666666666667,1.8345450541089348,0.0,0.0,0.0,301.0,301.0,0.7030365448504983,0.15104602593189617,0.332,0.89,0.1641594684385382,0.6329526516947576,-1.374,1.211,-0.21297342192691032,0.18719381899966442,-0.401,0.305,1.6949999999999998,9.653843363881151,-21.85,48.4,-10.218704318936878,18.52612337899464,-58.75,6.47,-35.50337209302325,55.60644106618938,-140.78,51.3,1.0057942826823723,0.11588675917887908,149.0,99.70469798657719,42.55675913471401,71.0,265.0,79.0,194.0,77.0,99.0,22.0,229.0,77.0,-152.0,152.0,8.256756756756756,116.0,-0.706250680210412
t_arm,peter,combined_all,/Users/tylerchen/Cosmos-Gesture-Recognition-/processed/session_peter_discrete/sessions/peter_t_arm_003,30.0,336154.8,67437.84862790331,264585.0,494071.0,272570.0,277771.0,5201.0,3.066666666666667,2.7438820836342237,0.0,0.0,0.0,301.0,301.0,0.6621229235880399,0.14152029839061572,0.373,0.904,0.06711960132890367,0.7053842092827772,-1.177,0.985,-0.09533222591362125,0.2149756207873792,-0.413,0.338,3.8370598006644516,11.69317416917769,-21.82,35.4,-11.71840531561462,18.95045242971441,-53.56,11.84,-35.32003322259136,49.59428852349552,-129.25,14.47,1.0042359761157251,0.08555430726061428,148.0,119.92905405405405,74.44038979688852,51.0,322.0,79.0,271.0,71.0,166.5,95.5,151.0,72.0,-79.0,79.0,14.83673469387755,128.0,-1.3510838944683612
t_arm,peter,combined_all,/Users/tylerchen/Cosmos-Gesture-Recognition-/processed/session_peter_discrete/sessions/peter_t_arm_004,30.0,312562.7,45082.13212360303,240504.0,388143.0,287254.0,240504.0,-46750.0,2.1333333333333333,1.978776277287444,0.0,0.0,0.0,300.0,300.0,0.647645,0.17204648056557276,0.291,0.904,0.10918333333333337,0.703013937549526,-1.373,1.029,-0.14389833333333332,0.21723010955487324,-0.399,0.323,3.4566333333333334,8.002620466586068,-18.46,29.88,-10.845533333333332,18.87105480311639,-53.93,11.99,-37.4064,52.64863729518552,-135.75,27.99,1.0056842758830191,0.10811300681068733,148.0,107.2804054054054,51.727781998867485,59.0,293.0,81.0,234.0,77.0,121.25,44.25,293.0,78.0,-215.0,215.0,11.068027210884354,125.0,-0.875159949704532
t_arm,peter,combined_all,/Users/tylerchen/Cosmos-Gesture-Recognition-/processed/session_peter_discrete/sessions/peter_t_arm_005,30.0,308452.13333333336,51937.75063717035,250671.0,440553.0,275722.0,272093.0,-3629.0,2.4,1.9595917942265426,0.0,0.0,0.0,300.0,300.0,0.6871616666666666,0.16668978582151403,0.299,0.902,0.057566666666666606,0.6577991833041111,-1.236,0.838,-0.17074,0.21058283975670952,-0.382,0.265,2.331366666666667,7.423485230372292,-20.05,21.73,-10.086066666666667,15.225523522325558,-45.23,5.34,-36.04073333333333,46.559438457333464,-129.31,13.67,1.0021478685056282,0.07202261554280402,150.0,112.43666666666667,59.21764250158216,71.0,289.0,79.0,218.0,74.0,122.25,48.25,208.0,73.0,-135.0,135.0,10.167785234899329,154.0,-1.0659860438241702
t_arm,peter,combined_all,/Users/tylerchen/Cosmos-Gesture-Recognition-/processed/session_peter_discrete/sessions/peter_t_arm_006,30.0,345095.06666666665,56375.970558937806,250887.0,496745.0,303966.0,284244.0,-19722.0,2.3,2.1158134763411134,0.0,0.0,0.0,301.0,301.0,0.6825747508305648,0.15365450272065984,0.362,0.921,0.061760797342192655,0.6649129205779684,-1.099,0.877,-0.15604152823920264,0.22387230676704825,-0.392,0.252,3.034235880398671,5.050308639709119,-8.58,17.91,-12.530498338870432,16.145496129466213,-56.76,4.33,-35.95504983388704,40.887952563861965,-111.58,13.43,1.002628550703624,0.06815674804436728,151.0,97.47682119205298,33.111847715902954,59.0,220.0,83.0,161.0,71.0,124.0,53.0,134.0,76.0,-58.0,58.0,6.586666666666667,96.0,-0.6304670616939707
t_arm,peter,combined_all,/Users/tylerchen/Cosmos-Gesture-Recognition-/processed/session_peter_discrete/sessions/peter_t_arm_007,30.0,315734.5333333333,68249.1940756975,247583.0,509109.0,257618.0,263243.0,5625.0,3.4,2.0264912204760885,0.0,0.0,0.0,300.0,300.0,0.7223533333333334,0.16238072650638297,0.367,0.926,0.012996666666666575,0.6161870305804525,-1.201,1.204,-0.19140333333333334,0.23653527007380712,-0.486,0.296,0.5381999999999998,11.771504127623906,-45.38,45.32,-12.48645,18.290341097990307,-50.2,11.75,-32.63883333333333,41.804009907011974,-104.37,45.87,1.0066473325092233,0.0852204580519481,149.0,102.34228187919463,41.02220881521577,64.0,251.0,79.0,187.0,75.0,115.0,40.0,128.0,76.0,-52.0,52.0,10.14864864864865,91.0,-0.7604964024427109
t_arm,peter,combined_all,/Users/tylerchen/Cosmos-Gesture-Recognition-/processed/session_peter_discrete/sessions/peter_t_arm_008,30.0,280569.9,39874.51188278046,237548.0,389340.0,257732.0,261087.0,3355.0,1.5666666666666667,1.3085190950927015,0.0,0.0,0.0,300.0,300.0,0.6803100000000001,0.15744587492096968,0.344,0.948,0.03203500000000001,0.660905625846081,-1.19,0.961,-0.17084333333333335,0.2308682462406258,-0.415,0.297,2.185033333333333,7.119303594141463,-23.16,26.09,-12.779466666666668,16.80798898487132,-49.44,6.13,-36.20516666666666,39.59665572964745,-96.65,16.39,1.0017874594248029,0.06590041680820498,149.0,119.53020134228188,73.60397260792311,46.0,282.0,82.0,236.0,71.0,133.0,62.0,270.0,72.0,-198.0,198.0,10.5,129.0,-1.4106100731604092
raise_arms,peter,combined_all,/Users/tylerchen/Cosmos-Gesture-Recognition-/processed/session_peter_discrete/sessions/peter_raise_arms_001,31.0,353775.70967741933,107017.15264964908,234867.0,616517.0,247690.0,266260.0,18570.0,3.903225806451613,2.3466494812223497,0.0,0.0,0.0,301.0,301.0,-0.05740863787375416,0.4411398431952058,-0.935,0.301,-0.3890897009966777,0.13928294219134382,-0.889,-0.221,-0.7808305647840531,0.1954882796731471,-0.971,-0.165,-12.682591362126246,17.963001730184086,-90.03,64.73,21.59194352159469,39.48701386212486,-18.43,152.84,-14.037142857142856,22.692800704119083,-116.61,8.39,1.0005401043949866,0.12458805822305312,151.0,53.69205298013245,5.782692834989687,46.0,77.0,53.0,31.0,51.0,54.0,3.0,68.0,51.0,-17.0,17.0,2.58,17.0,-0.05453468107354476
raise_arms,peter,combined_all,/Users/tylerchen/Cosmos-Gesture-Recognition-/processed/session_peter_discrete/sessions/peter_raise_arms_002,30.0,337674.81666666665,96292.2698625114,248683.0,531265.0,276483.0,271211.0,-5272.0,2.933333333333333,3.151013946159059,0.0,0.0,0.0,302.0,302.0,-0.13628476821192048,0.4719658235798946,-0.978,0.274,-0.3903592715231788,0.14967231920150542,-0.858,-0.188,-0.7324486754966888,0.24561938165369007,-0.961,-0.117,-12.850397350993378,23.090730290685844,-106.14,60.64,21.299536423841058,36.01256018635478,-12.15,154.36,-15.694701986754968,26.897459019996298,-141.82,12.36,0.9993722378946719,0.11904836697527266,151.0,53.9635761589404,7.501577464717747,44.0,81.0,52.0,37.0,49.0,56.0,7.0,75.0,54.0,-21.0,21.0,3.3266666666666667,17.0,-0.11021610317183689
raise_arms,peter,combined_all,/Users/tylerchen/Cosmos-Gesture-Recognition-/processed/session_peter_discrete/sessions/peter_raise_arms_003,30.0,374238.76666666666,102462.64098999965,249727.0,576346.0,264607.0,286409.0,21802.0,4.866666666666666,2.94089933334837,0.0,0.0,0.0,301.0,301.0,-0.11373089700996684,0.45663522085552427,-0.954,0.284,-0.40124584717607975,0.11507400922464257,-0.659,-0.244,-0.7474784053156146,0.21316171805940157,-0.947,-0.119,-10.071229235880397,19.412527048931242,-131.47,28.47,23.94338870431894,31.729817261794135,-27.19,114.84,-14.470099667774086,20.05984141342086,-80.75,18.89,0.9955137504056613,0.09383472996717784,147.0,54.7312925170068,4.533128897636202,47.0,72.0,54.0,25.0,52.0,56.5,4.5,63.0,54.0,-9.0,9.0,2.787671232876712,14.0,-0.03302316854175949
raise_arms,peter,combined_all,/Users/tylerchen/Cosmos-Gesture-Recognition-/processed/session_peter_discrete/sessions/peter_raise_arms_004,30.0,376274.1,96217.35152511041,274376.0,651929.0,335146.0,274376.0,-60770.0,4.566666666666666,2.431506163311585,0.0,0.0,0.0,301.0,301.0,-0.17806976744186045,0.49634701461767605,-0.923,0.456,-0.3869568106312293,0.11646490693182457,-0.685,-0.115,-0.7085830564784054,0.2339190270721702,-0.96,-0.146,-8.426345514950166,20.22588156258237,-173.62,46.85,24.940863787375413,31.065549804179085,-62.99,100.68,-15.989617940199336,17.91956573101627,-57.04,16.82,0.9956049129808371,0.08335325572705045,151.0,63.21854304635762,23.247249422565815,47.0,242.0,57.0,195.0,55.0,60.0,5.0,67.0,52.0,-15.0,15.0,6.74,179.0,-0.23930056930405527
raise_arms,peter,combined_all,/Users/tylerchen/Cosmos-Gesture-Recognition-/processed/session_peter_discrete/sessions/peter_raise_arms_005,31.0,344899.6129032258,114248.20682002886,244285.0,653318.0,288890.0,255764.0,-33126.0,3.338709677419355,3.088446463980571,0.0,0.0,0.0,302.0,302.0,-0.10875993377483449,0.4940052411618321,-0.939,0.338,-0.3776059602649006,0.10306318115399862,-0.699,-0.25,-0.7368096026490066,0.22891416731348277,-0.928,-0.113,-8.527930463576158,15.929704928562197,-65.16,27.1,25.966953642384105,34.34795823865153,-11.17,116.82,-13.733543046357617,17.69946072053654,-64.12,7.2,0.9979380965231417,0.09212938775226209,150.0,62.593333333333334,11.417693008945916,44.0,144.0,59.0,100.0,57.0,62.75,5.75,84.0,58.0,-26.0,26.0,3.7315436241610738,76.0,-0.13765056224721117
raise_arms,peter,combined_all,/Users/tylerchen/Cosmos-Gesture-Recognition-/processed/session_peter_discrete/sessions/peter_raise_arms_006,30.0,349292.1666666667,109096.80382488552,245664.0,671252.0,286301.0,256825.0,-29476.0,3.1333333333333333,2.5130769099961023,0.0,0.0,0.0,301.0,301.0,-0.17783222591362133,0.5067559904056279,-0.947,0.341,-0.34638870431893687,0.13151738413943362,-0.646,-0.161,-0.7145232558139535,0.2621400480178138,-0.967,-0.09,-11.02923588039867,15.064389344623972,-54.9,9.64,24.61980066445183,34.4294987283364,-11.9,115.18,-14.509634551495019,19.422229831395605,-67.45,12.91,0.9981584809647904,0.09299691364679696,149.0,93.17785234899328,78.22477302156491,48.0,337.0,61.0,289.0,59.0,65.0,6.0,337.0,61.0,-276.0,276.0,10.54054054054054,168.0,-1.1152312715399981
raise_arms,peter,combined_all,/Users/tylerchen/Cosmos-Gesture-Recognition-/processed/session_peter_discrete/sessions/peter_raise_arms_007,30.0,346782.0333333333,114713.52299343595,234361.0,697395.0,287596.0,267029.0,-20567.0,3.3666666666666667,3.1143039172323705,0.0,0.0,0.0,302.0,302.0,-0.22354635761589403,0.502377225787599,-0.958,0.313,-0.37393543046357614,0.10095986335956936,-0.616,-0.237,-0.6947450331125827,0.25042224849552647,-0.929,-0.078,-8.55639072847682,12.050359227133455,-48.16,41.14,25.19836092715232,28.966842114704328,-5.65,91.95,-14.71890728476821,16.399706642042297,-52.31,6.1,0.9963946841302028,0.07039920576379241,149.0,63.68120805369127,20.165698108729764,31.0,202.0,59.0,171.0,56.0,64.0,8.0,138.0,56.0,-82.0,82.0,4.27027027027027,89.0,-0.21932281274563195
raise_arms,peter,combined_all,/Users/tylerchen/Cosmos-Gesture-Recognition-/processed/session_peter_discrete/sessions/peter_raise_arms_008,30.0,350249.75,109364.44733235979,245842.0,691146.0,269905.0,258593.0,-11312.0,2.9,2.3853720883753122,0.0,0.0,0.0,301.0,301.0,-0.1632541528239203,0.49338162691466186,-0.948,0.349,-0.3730415282392027,0.11862540511957524,-0.628,-0.205,-0.7213936877076412,0.24326989371763794,-0.94,-0.088,-9.737408637873754,12.435031266030974,-41.87,27.89,25.64511627906977,31.018329567733428,-3.72,102.48,-16.418388704318936,18.094122221002507,-63.75,7.08,0.998326100325487,0.07901523894011829,150.0,60.93333333333333,10.06990851099631,49.0,138.0,58.5,89.0,57.0,62.0,5.0,71.0,58.0,-13.0,13.0,3.3221476510067114,74.0,-0.11077766419248279
fist_open,peter,combined_all,/Users/tylerchen/Cosmos-Gesture-Recognition-/processed/session_peter_discrete/sessions/peter_fist_open_001,30.0,266680.4,23226.31083003354,242745.0,331842.0,274858.0,245805.0,-29053.0,1.4333333333333333,2.1860669909426123,0.0,0.0,0.0,301.0,301.0,0.6599003322259137,0.030422113938727575,0.529,0.707,0.21616112956810635,0.032458775950300035,0.098,0.308,-0.7112524916943521,0.04353678195136095,-0.847,-0.523,-1.6154817275747513,7.514898234619492,-41.2,6.71,2.157126245847176,6.901040568463829,-6.9,31.95,-0.2525083056478405,3.114415486842089,-16.27,10.44,0.9957447187858799,0.02100411614082562,150.0,77.85,1.7992821088930302,72.0,83.0,78.0,11.0,77.0,79.0,2.0,80.0,76.0,-4.0,4.0,1.610738255033557,9.0,0.010479576870083177
fist_open,peter,combined_all,/Users/tylerchen/Cosmos-Gesture-Recognition-/processed/session_peter_discrete/sessions/peter_fist_open_002,31.0,251989.67741935485,9743.368111387676,238396.0,279470.0,255670.0,242805.0,-12865.0,0.5483870967741935,0.8739494957512302,0.0,0.0,0.0,301.0,301.0,0.6608920265780731,0.03818425278164371,0.569,0.728,0.2056827242524917,0.03792813214986518,0.1,0.312,-0.7127159468438538,0.04345168339231312,-0.846,-0.623,-1.547109634551495,6.050915511132508,-23.83,12.48,2.1934385382059802,6.265001111249966,-6.9,31.65,-0.005531561461793994,3.672533757842431,-18.92,6.96,0.9958390530296123,0.011699758780032139,151.0,75.87417218543047,2.428455299874358,69.0,81.0,77.0,12.0,74.0,77.0,3.0,77.0,77.0,0.0,0.0,2.6666666666666665,9.0,0.012363192750086844
fist_open,peter,combined_all,/Users/tylerchen/Cosmos-Gesture-Recognition-/processed/session_peter_discrete/sessions/peter_fist_open_003,30.0,253795.81666666668,10617.804742101302,238214.0,278260.0,238214.0,247874.0,9660.0,0.4666666666666667,0.9213516640723501,0.0,0.0,0.0,301.0,301.0,0.6586910299003322,0.04146886779198671,0.561,0.728,0.1958372093023256,0.043570961071456894,0.083,0.329,-0.7179950166112958,0.048261198635483296,-0.827,-0.596,-2.081511627906977,5.814510956662407,-26.64,15.14,2.8094019933554826,6.471882987958753,-6.84,32.81,-0.06275747508305643,3.156196457818716,-12.67,6.38,0.9967412445381713,0.014037794413953765,151.0,76.69536423841059,1.303806619011903,72.0,81.0,77.0,9.0,76.0,77.0,1.0,76.0,77.0,1.0,1.0,1.0466666666666666,7.0,-0.008658069013594304
fist_open,peter,combined_all,/Users/tylerchen/Cosmos-Gesture-Recognition-/processed/session_peter_discrete/sessions/peter_fist_open_004,30.0,247848.08333333334,4813.048587058819,239354.0,258321.0,251122.0,246255.0,-4867.0,0.2,0.6531972647421808,0.0,0.0,0.0,302.0,302.0,0.6567218543046357,0.03179008262252994,0.572,0.698,0.1696390728476821,0.034870745409014,0.062,0.25,-0.7289420529801324,0.03790650228044971,-0.846,-0.619,-2.1166390728476823,5.570716071302492,-35.65,6.16,1.9260927152317884,5.146367583321479,-3.75,28.05,-0.10620860927152315,2.38253641060801,-9.31,6.01,0.9974575399834835,0.012627851938995158,151.0,75.8112582781457,1.6700715771629915,70.0,81.0,76.0,11.0,75.0,77.0,2.0,76.0,75.0,-1.0,1.0,1.58,8.0,-0.0026036946671318018
fist_open,peter,combined_all,/Users/tylerchen/Cosmos-Gesture-Recognition-/processed/session_peter_discrete/sessions/peter_fist_open_005,31.0,254258.1935483871,8884.873580596643,238079.0,277781.0,259768.0,257633.0,-2135.0,0.5806451612903226,1.0708511401740537,0.0,0.0,0.0,300.0,300.0,0.6406283333333334,0.03737043435510069,0.542,0.69,0.14443666666666669,0.0348205780474069,0.046,0.233,-0.7473216666666667,0.03818203903184886,-0.855,-0.64,-2.204366666666667,6.244854369710225,-26.12,10.19,2.8052833333333336,5.7835234217319655,-7.29,21.91,-0.17466666666666666,2.8832179167651475,-8.97,7.23,0.9968268160258431,0.012628325008511809,150.0,75.11,1.3926715082542105,72.0,80.0,75.0,8.0,74.0,76.0,2.0,77.0,74.0,-3.0,3.0,1.0268456375838926,6.0,-0.015168970472761941
fist_open,peter,combined_all,/Users/tylerchen/Cosmos-Gesture-Recognition-/processed/session_peter_discrete/sessions/peter_fist_open_006,30.0,257897.08333333334,18062.616331382404,238396.0,301977.0,272784.0,238848.0,-33936.0,0.7666666666666667,1.4067298564006132,0.0,0.0,0.0,301.0,301.0,0.6560215946843855,0.034620947398733705,0.542,0.714,0.1354734219269103,0.038634349854714395,0.031,0.277,-0.7346395348837209,0.03884918571403735,-0.901,-0.623,-1.7748172757475085,7.0932202638530955,-49.26,10.38,2.4453820598006644,6.325244217211777,-7.26,41.81,0.1879734219269103,5.208887072192587,-32.41,19.9,0.9961885245904571,0.014883972837084635,151.0,75.20198675496688,1.7167593579639322,69.0,80.0,75.0,11.0,75.0,76.0,1.0,74.0,76.0,2.0,2.0,1.3866666666666667,8.0,-0.0027570582084352367
fist_open,peter,combined_all,/Users/tylerchen/Cosmos-Gesture-Recognition-/processed/session_peter_discrete/sessions/peter_fist_open_007,30.0,241576.66666666666,5168.015198206067,234157.0,261335.0,243018.0,242191.0,-827.0,0.23333333333333334,0.7156970184527962,0.0,0.0,0.0,300.0,300.0,0.656,0.043698036336083,0.549,0.737,0.13709333333333334,0.032902881670489326,0.046,0.245,-0.7340683333333333,0.04326076249092586,-0.861,-0.633,-1.5915,5.9708271551491645,-29.6,13.52,2.8429499999999996,6.056954078921737,-7.78,25.85,0.09161666666666662,3.257119504980163,-12.36,9.49,0.9963546012087602,0.011314604301653096,150.0,74.41666666666667,1.8156817517708455,68.0,79.0,75.0,11.0,74.0,75.0,1.0,75.0,73.0,-2.0,2.0,1.651006711409396,8.0,0.00893106360282666
fist_open,peter,combined_all,/Users/tylerchen/Cosmos-Gesture-Recognition-/processed/session_peter_discrete/sessions/peter_fist_open_008,30.0,256901.01666666666,15512.324909827526,237074.0,294746.0,274114.0,252432.0,-21682.0,0.8666666666666667,1.175679472569893,0.0,0.0,0.0,301.0,301.0,0.6687026578073089,0.025444213261690392,0.595,0.726,0.14380232558139538,0.036785039446939526,0.062,0.235,-0.7242840531561462,0.031803615804752626,-0.809,-0.616,-0.9852990033222593,5.676421081695521,-20.69,13.82,1.1900664451827243,5.531189907208482,-13.4,18.62,0.9649335548172757,3.5175793920874328,-6.9,14.31,0.9976497964544693,0.011689473285961757,151.0,74.31456953642385,1.2201309957537827,72.0,79.0,74.0,7.0,74.0,75.0,1.0,75.0,75.0,0.0,0.0,0.9733333333333334,4.0,-0.015489717671662667
one_arm_boxing,peter,combined_all,/Users/tylerchen/Cosmos-Gesture-Recognition-/processed/session_peter_periodic/sessions/peter_one_arm_boxing_001_seg000,30.0,376599.76666666666,90496.97344503971,256852.0,541956.0,258362.0,476737.0,218375.0,5.133333333333334,3.127654428197307,0.0,0.0,0.0,300.0,300.0,0.23692333333333332,0.2785379375251076,-0.335,0.706,-0.21556333333333336,0.1109050614514755,-0.456,0.188,-0.9077866666666667,0.07823335492117299,-1.062,-0.674,-4.3423,12.964987172252298,-41.35,29.73,-4.5962000000000005,18.26966232747612,-35.98,42.15,-1.945116666666667,29.12627421938919,-61.71,65.86,1.007734522014825,0.08456804947143957,150.0,66.06333333333333,3.8726786364258374,54.0,75.0,66.0,21.0,63.25,69.0,5.75,61.0,72.0,11.0,11.0,2.221476510067114,7.0,0.06305791368505272
one_arm_boxing,peter,combined_all,/Users/tylerchen/Cosmos-Gesture-Recognition-/processed/session_peter_periodic/sessions/peter_one_arm_boxing_001_seg001,30.0,410201.0333333333,42729.89257396071,316332.0,498742.0,438364.0,439475.0,1111.0,6.983333333333333,1.3993053832368243,0.0,0.0,0.0,300.0,300.0,0.20865666666666668,0.33979020800422655,-0.406,0.705,-0.15164166666666667,0.10048654518834295,-0.426,0.152,-0.9331266666666667,0.08075091716025411,-1.188,-0.782,-0.1956000000000001,10.757197961055347,-32.47,31.56,3.142233333333334,21.913200010014258,-43.92,60.46,-2.5843333333333334,34.16720530794925,-85.48,63.17,1.030456401073665,0.08656455964371156,150.0,71.47666666666667,2.747382321353692,65.0,78.0,71.0,13.0,69.0,73.875,4.875,69.0,71.0,2.0,2.0,1.9731543624161074,8.0,0.018487043868616215
one_arm_boxing,peter,combined_all,/Users/tylerchen/Cosmos-Gesture-Recognition-/processed/session_peter_periodic/sessions/peter_one_arm_boxing_001_seg002,30.0,401051.3,60136.11185643781,282457.0,503604.0,497077.0,382497.0,-114580.0,6.55,2.54411084664171,0.0,0.0,0.0,300.0,300.0,0.15703833333333334,0.24759256875889799,-0.238,0.592,-0.08731333333333334,0.1234756250049797,-0.432,0.17,-0.9545466666666668,0.07182400589094305,-1.116,-0.738,-3.0365333333333324,18.14305014733986,-57.25,34.64,-1.7516,19.283417786120648,-33.11,40.62,0.13936666666666667,29.87211949737674,-59.63,52.1,1.0105773286845392,0.062325402560887644,150.0,73.07,2.886575035616017,66.0,80.0,73.0,14.0,71.0,75.0,4.0,69.0,74.0,5.0,5.0,1.8053691275167785,8.0,0.03426374505533546
one_arm_boxing,peter,combined_all,/Users/tylerchen/Cosmos-Gesture-Recognition-/processed/session_peter_periodic/sessions/peter_one_arm_boxing_002_seg000,30.0,380643.4,67382.66113504274,257139.0,470944.0,329235.0,448247.0,119012.0,6.566666666666666,2.951647374301717,0.0,0.0,0.0,300.0,300.0,0.19064000000000003,0.22521102045267086,-0.291,0.495,-0.02635833333333333,0.09919498860269549,-0.267,0.165,-0.9636366666666667,0.05356469286967135,-1.081,-0.829,1.0027333333333335,12.32987725792741,-34.09,42.02,-2.4787000000000003,13.01286812034178,-27.95,33.94,2.2613333333333334,26.312335159684242,-65.22,63.14,1.0129610831358045,0.0545221656974272,150.0,73.70333333333333,2.8165955142383754,67.0,80.0,74.0,13.0,72.0,76.0,4.0,71.0,77.0,6.0,6.0,1.7315436241610738,7.0,0.01484777101204448
one_arm_boxing,peter,combined_all,/Users/tylerchen/Cosmos-Gesture-Recognition-/processed/session_peter_periodic/sessions/peter_one_arm_boxing_002_seg001,30.0,407995.26666666666,67692.33831214865,250926.0,506008.0,299881.0,466435.0,166554.0,6.75,2.8010414729763164,0.0,0.0,0.0,301.0,301.0,0.15878903654485052,0.2234519260709461,-0.205,0.515,-0.023377076411960133,0.08468597360644739,-0.233,0.156,-0.9655880398671098,0.059193616068583754,-1.122,-0.829,-1.7387707641196013,11.270304710007668,-31.53,26.92,2.2616943521594686,13.408979070776898,-32.35,29.79,-1.4931727574750824,26.467023969285872,-55.57,47.36,1.0080636014486946,0.05034724988387288,150.0,77.08,3.2039614740999585,67.0,83.0,77.0,16.0,75.0,80.0,5.0,81.0,74.0,-7.0,7.0,1.912751677852349,8.0,-0.004528201253388869
one_arm_boxing,peter,combined_all,/Users/tylerchen/Cosmos-Gesture-Recognition-/processed/session_peter_periodic/sessions/peter_one_arm_boxing_002_seg002,30.0,393389.76666666666,81438.53205073682,247812.0,546656.0,419530.0,474166.0,54636.0,6.416666666666667,2.588704094501511,0.0,0.0,0.0,299.0,299.0,0.27954347826086956,0.21234289439160436,-0.149,0.542,-0.02820903010033445,0.08999465211942365,-0.313,0.148,-0.9423745819397993,0.055549009570739494,-1.1,-0.828,1.761839464882943,13.724486927838958,-35.95,35.19,0.226220735785952,15.862273497193607,-42.91,31.74,-2.075384615384615,26.382818014581623,-67.66,55.82,1.0104615504854053,0.04745364018933723,149.0,76.06375838926175,3.7458484184043344,68.0,83.0,75.0,15.0,74.0,80.0,6.0,73.0,70.0,-3.0,3.0,2.47972972972973,10.0,-0.01676582622891395
one_arm_boxing,peter,combined_all,/Users/tylerchen/Cosmos-Gesture-Recognition-/processed/session_peter_periodic/sessions/peter_one_arm_boxing_003_seg000,30.0,407188.3,78805.96120943729,271221.0,526997.0,324608.0,446041.0,121433.0,6.516666666666667,2.864970428391113,0.0,0.0,0.0,300.0,300.0,0.2901183333333333,0.22715413193386913,-0.162,0.58,-0.06890666666666667,0.11430828763577128,-0.334,0.201,-0.9308716666666667,0.06506208084505818,-1.122,-0.783,1.3151666666666668,14.804823593643015,-35.43,41.99,-6.042466666666667,19.50500207422587,-53.71,45.38,0.5541166666666667,25.96488536728766,-56.95,63.3,1.0106939138987374,0.05324572188253615,150.0,74.45,3.4464990504420547,67.0,84.0,74.0,17.0,72.0,77.0,5.0,74.0,84.0,10.0,10.0,1.9865771812080537,7.0,0.024686430508022463
one_arm_boxing,peter,combined_all,/Users/tylerchen/Cosmos-Gesture-Recognition-/processed/session_peter_periodic/sessions/peter_one_arm_boxing_003_seg001,30.0,373558.81666666665,74050.66444159289,249919.0,508083.0,394970.0,402732.0,7762.0,5.666666666666667,2.8790430508918914,0.0,0.0,0.0,300.0,300.0,0.16875333333333334,0.22141282894679393,-0.2,0.546,-0.10658166666666669,0.11017252000335151,-0.379,0.114,-0.9533233333333332,0.056249774419300756,-1.152,-0.786,2.057766666666666,12.489813529921983,-31.68,32.11,4.799600000000001,16.59434547790301,-38.85,38.45,-1.8961999999999992,27.29548479559699,-62.41,60.79,1.0054269145171573,0.04588135494049109,150.0,77.21666666666667,4.337450719858795,67.0,86.0,77.0,19.0,73.0,81.0,8.0,79.0,75.0,-4.0,4.0,2.4966442953020134,12.0,0.030937374994443875
one_arm_boxing,peter,combined_all,/Users/tylerchen/Cosmos-Gesture-Recognition-/processed/session_peter_periodic/sessions/peter_one_arm_boxing_003_seg002,30.0,405509.13333333336,78353.18285376513,272986.0,539470.0,451360.0,334564.0,-116796.0,6.866666666666666,2.8487814158961995,0.0,0.0,0.0,300.0,300.0,0.2953066666666666,0.22587671996516645,-0.154,0.698,-0.07998666666666666,0.1071474710992423,-0.391,0.111,-0.928045,0.06179984540164049,-1.08,-0.79,-2.938633333333333,13.929305202648067,-40.35,28.78,0.018216666666666395,16.049799839968586,-41.23,29.42,0.05703333333333357,24.805636540893058,-61.62,53.68,1.0087583854559632,0.05998358188998073,150.0,77.61666666666666,4.205567844519285,70.0,88.0,77.0,18.0,74.0,81.1875,7.1875,77.0,76.0,-1.0,1.0,1.832214765100671,10.0,0.01471798746610934
clapping,peter,combined_all,/Users/tylerchen/Cosmos-Gesture-Recognition-/processed/session_peter_periodic/sessions/peter_clapping_001_seg000,30.0,357773.2,36081.86541777831,286454.0,436442.0,392714.0,357206.0,-35508.0,5.433333333333334,1.7065234314893605,0.0,0.0,0.0,300.0,300.0,0.7287,0.530856366323949,-1.25,3.31,-0.26855500000000004,0.34774585844779315,-1.474,1.734,-0.28264833333333333,0.8090036443727143,-4.0,1.7,14.915433333333334,94.55113474374986,-233.77,407.12,-5.831633333333334,121.94501248862431,-303.38,311.04,6.464766666666667,35.07582846954845,-108.37,130.22,1.171064907584795,0.607326189890671,150.0,16.793333333333333,3.9328195167373785,7.0,28.0,16.5,21.0,14.0,19.75,5.75,15.0,22.0,7.0,7.0,2.557046979865772,13.0,-0.0020249788879505826
clapping,peter,combined_all,/Users/tylerchen/Cosmos-Gesture-Recognition-/processed/session_peter_periodic/sessions/peter_clapping_001_seg001,30.0,332983.61666666664,28203.88065488014,294420.0,389940.0,331068.0,383315.0,52247.0,4.2,2.343786110832926,0.0,0.0,0.0,300.0,300.0,0.692215,0.2783490677139448,-0.298,2.462,-0.614355,0.4551592435956404,-2.537,0.616,0.30077333333333334,0.6690088509850197,-2.839,2.078,5.475099999999996,131.42199112594707,-457.81,378.92,5.268333333333333,76.73702651202618,-208.81,192.27,3.101416666666666,52.17327582154861,-217.75,121.07,1.2247418490209627,0.423422551094332,135.0,9.4,6.749184583141391,1.0,43.0,8.0,42.0,5.0,11.75,6.75,27.0,43.0,16.0,16.0,2.746268656716418,17.0,-0.02100526777875333
clapping,peter,combined_all,/Users/tylerchen/Cosmos-Gesture-Recognition-/processed/session_peter_periodic/sessions/peter_clapping_001_seg002,30.0,351085.15,30235.85349028258,292424.0,443197.0,303780.0,326345.0,22565.0,5.316666666666666,1.7534885862822784,0.0,0.0,0.0,300.0,300.0,0.8470583333333332,0.45521767770729443,-0.818,3.001,-0.3434683333333334,0.2959054682273578,-1.473,0.536,-0.04572166666666667,0.7482755596561361,-2.781,1.112,11.055066666666667,111.37278310765024,-427.44,472.98,-0.548949999999999,90.73282462986683,-194.71,204.41,-0.3664833333333339,24.970534525321597,-78.8,57.44,1.2232694634488686,0.44258343854158705,149.0,20.97986577181208,8.82423279193412,1.0,54.0,20.0,53.0,15.0,26.0,11.0,44.0,16.0,-28.0,28.0,6.324324324324325,39.0,-0.028073039482435485
clapping,peter,combined_all,/Users/tylerchen/Cosmos-Gesture-Recognition-/processed/session_peter_periodic/sessions/peter_clapping_002_seg000,30.0,319419.76666666666,22970.219864980732,289088.0,365819.0,297615.0,324883.0,27268.0,4.533333333333333,1.4772346537440226,0.0,0.0,0.0,300.0,300.0,0.8939133333333332,0.22313974712755266,-0.673,2.084,-0.16129,0.30622433947219996,-1.198,1.159,-0.09987166666666666,0.5673965741232951,-3.049,1.2,-7.754166666666666,63.304281521502986,-232.76,148.23,-2.353233333333333,75.05816557762978,-244.82,286.63,1.9119833333333343,26.12946490583883,-84.75,74.22,1.098493171062118,0.30640851767528643,144.0,9.20486111111111,3.2416720597266995,1.0,17.0,9.0,16.0,8.0,11.0,3.0,10.0,10.0,0.0,0.0,2.3776223776223775,10.0,-0.008852785145888572
clapping,peter,combined_all,/Users/tylerchen/Cosmos-Gesture-Recognition-/processed/session_peter_periodic/sessions/peter_clapping_002_seg001,30.0,302936.2166666667,20018.02710045928,261331.0,342469.0,296951.0,282533.0,-14418.0,3.7333333333333334,2.264705033528404,0.0,0.0,0.0,300.0,300.0,0.8026466666666667,0.2744323264891041,-0.678,1.784,-0.3248483333333333,0.477676445640189,-2.717,1.328,-0.1490133333333333,0.5453095077721153,-2.524,1.135,7.615233333333332,71.87545547721187,-413.92,321.05,-0.6723333333333347,70.88104715099955,-215.43,172.03,15.535233333333336,32.11656755017284,-85.3,130.68,1.1125996126232027,0.36734933577005363,119.0,7.668067226890757,4.378915831555686,1.0,25.0,7.0,24.0,4.0,10.0,6.0,9.0,3.0,-6.0,6.0,2.5084745762711864,20.0,-0.049857570146702786
clapping,peter,combined_all,/Users/tylerchen/Cosmos-Gesture-Recognition-/processed/session_peter_periodic/sessions/peter_clapping_002_seg002,30.0,313098.85,31119.31575703157,266451.0,375824.0,336687.0,347195.0,10508.0,4.266666666666667,2.3654926665613565,0.0,0.0,0.0,300.0,300.0,0.7557083333333333,0.23007973139963006,-0.472,2.328,-0.4584116666666667,0.5185802252955589,-2.232,1.016,-0.15582166666666666,0.43094916710954134,-1.809,0.759,-8.482683333333336,96.98146952875652,-406.75,215.89,1.12955,51.23765236016218,-144.41,125.86,-6.790733333333334,49.1721297561509,-239.23,87.44,1.1036531685037747,0.3082948818271844,128.0,10.23046875,8.061745562272899,1.0,24.0,6.0,23.0,3.0,18.0,15.0,2.0,18.0,16.0,16.0,1.905511811023622,9.0,0.17947291018128547
clapping,peter,combined_all,/Users/tylerchen/Cosmos-Gesture-Recognition-/processed/session_peter_periodic/sessions/peter_clapping_003_seg000,30.0,299291.8,22201.04210543747,258544.0,366416.0,299140.0,299909.0,769.0,3.6333333333333333,2.1830152440043924,0.0,0.0,0.0,301.0,301.0,0.8514568106312292,0.38649067860209296,-0.794,2.912,-0.20595514950166113,0.1460271594714803,-1.298,0.236,-0.2626112956810631,0.37508737037774137,-1.067,0.357,3.639983388704319,40.835709991965324,-108.77,127.48,-3.8845681063122925,58.19802455326813,-153.05,157.44,4.034136212624585,21.471391058567594,-138.31,74.13,1.008545011997049,0.36136876834920323,150.0,14.933333333333334,2.6168444203578365,5.0,21.0,15.0,16.0,13.125,16.0,2.875,18.0,16.0,-2.0,2.0,2.2818791946308723,9.0,0.008318591937419378
clapping,peter,combined_all,/Users/tylerchen/Cosmos-Gesture-Recognition-/processed/session_peter_periodic/sessions/peter_clapping_003_seg001,30.0,304886.6666666667,29384.07519993705,259572.0,359380.0,348083.0,284411.0,-63672.0,3.683333333333333,2.169805418823438,0.0,0.0,0.0,299.0,299.0,0.8180535117056856,0.30040647818354266,-1.064,2.37,-0.08544816053511706,0.2811114074189198,-0.897,1.288,-0.31995819397993314,0.5150835783966152,-2.688,1.299,-1.489063545150502,57.99008407846145,-200.75,291.12,-6.4196989966555185,81.98507531257286,-257.82,354.08,1.7647157190635454,31.994702876482737,-88.08,113.71,1.0501402564864626,0.33267159783160644,149.0,15.573825503355705,5.129530245247878,2.0,27.0,16.0,25.0,12.0,19.0,7.0,14.0,26.0,12.0,12.0,2.77027027027027,11.0,0.0668782876836568
clapping,peter,combined_all,/Users/tylerchen/Cosmos-Gesture-Recognition-/processed/session_peter_periodic/sessions/peter_clapping_003_seg002,30.0,305945.15,32764.01570649518,244965.0,410909.0,248357.0,294021.0,45664.0,4.333333333333333,2.195955878933414,0.0,0.0,0.0,301.0,301.0,0.6087225913621263,0.1367873360227512,-0.143,1.097,0.0653405315614618,0.24395127934153485,-0.892,0.79,-0.6183538205980067,0.42547940980752236,-2.728,0.666,-2.9937209302325583,42.77681033712446,-219.34,206.61,-2.1934883720930234,47.098268797394866,-138.0,137.0,2.8605980066445174,23.939473025640687,-104.01,91.28,0.9676746455461813,0.28290552534956054,150.0,22.51,7.995902893810575,9.0,54.0,21.0,45.0,18.0,25.0,7.0,24.0,16.0,-8.0,8.0,4.134228187919463,21.0,-0.010840481799191113
two_arm_boxing,peter,combined_all,/Users/tylerchen/Cosmos-Gesture-Recognition-/processed/session_peter_periodic/sessions/peter_two_arm_boxing_001_seg000,30.0,534538.2,103639.1574056833,276245.0,764688.0,276245.0,546637.0,270392.0,9.083333333333334,1.6077071319808913,0.0,0.0,0.0,300.0,300.0,0.3240883333333333,0.5145265951383171,-0.931,0.996,-0.5377816666666666,0.1841132527292795,-0.955,-0.125,-0.6941916666666667,0.18822596552341608,-1.012,-0.266,-6.673266666666668,78.3410594303027,-197.09,186.71,-0.6998666666666664,45.569176680246876,-84.54,87.95,-3.733000000000002,41.96492021915447,-112.46,72.73,1.0896643079842772,0.15113059191491848,150.0,52.33,9.891157667330958,31.0,84.0,52.0,53.0,46.0,56.0,10.0,74.0,54.0,-20.0,20.0,4.885906040268456,34.0,-0.033189919551980286
two_arm_boxing,peter,combined_all,/Users/tylerchen/Cosmos-Gesture-Recognition-/processed/session_peter_periodic/sessions/peter_two_arm_boxing_001_seg001,30.0,558129.0333333333,92897.30827091935,288966.0,677460.0,597625.0,594791.0,-2834.0,8.833333333333334,2.5103489502162546,0.0,0.0,0.0,300.0,300.0,0.32211666666666666,0.4766852592527788,-0.601,0.966,-0.6060333333333333,0.25621542765877775,-1.115,-0.066,-0.5701533333333333,0.24068645541912453,-0.97,0.023,-0.5414999999999963,106.3402633910756,-236.52,196.72,3.826333333333334,42.256276991971525,-72.36,83.9,-0.8518999999999998,41.79882444188273,-116.86,71.81,1.0623237280484474,0.13558694617623115,150.0,55.94,9.387095081234197,37.0,90.0,54.5,53.0,49.0,62.0,13.0,42.0,64.0,22.0,22.0,3.610738255033557,27.0,-0.059850363719869334
two_arm_boxing,peter,combined_all,/Users/tylerchen/Cosmos-Gesture-Recognition-/processed/session_peter_periodic/sessions/peter_two_arm_boxing_001_seg002,30.0,528426.9,93855.19145767413,362355.0,780252.0,567992.0,480046.0,-87946.0,9.183333333333334,2.6283180088329408,0.0,0.0,0.0,300.0,300.0,0.3260133333333333,0.4673796599006945,-0.59,0.918,-0.56877,0.29961960956074507,-0.959,0.049,-0.5307,0.2545851982110275,-1.023,-0.153,16.367666666666672,95.96462095596597,-211.89,198.49,8.073999999999996,45.26534846141509,-80.17,88.05,-4.746716666666667,41.57365751654593,-115.51,78.1,1.033344328179403,0.12905532108727702,150.0,55.04,11.766109904377027,29.0,86.0,52.5,57.0,47.0,62.0,15.0,62.0,45.0,-17.0,17.0,4.704697986577181,32.0,-0.06067825236677198
two_arm_boxing,peter,combined_all,/Users/tylerchen/Cosmos-Gesture-Recognition-/processed/session_peter_periodic/sessions/peter_two_arm_boxing_002_seg000,30.0,478452.86666666664,90900.02222615546,298626.0,680205.0,452963.0,389682.0,-63281.0,7.683333333333334,2.115353923631273,0.0,0.0,0.0,299.0,299.0,0.3843645484949832,0.4346872295176529,-0.521,0.976,-0.6074983277591973,0.2921993681255823,-0.983,0.174,-0.43882608695652175,0.33678114801842435,-1.014,0.101,-31.24145484949832,111.90096834599083,-201.24,273.69,-8.017190635451502,41.25354888717334,-81.27,97.72,9.505869565217392,51.996909669038445,-152.04,111.09,1.040316137671137,0.12188516137694513,149.0,53.124161073825505,11.317841066754665,5.0,76.0,54.0,71.0,47.0,60.0,13.0,54.0,73.0,19.0,19.0,5.331081081081081,42.0,0.0495507588125039
two_arm_boxing,peter,combined_all,/Users/tylerchen/Cosmos-Gesture-Recognition-/processed/session_peter_periodic/sessions/peter_two_arm_boxing_002_seg001,30.0,481447.9166666667,104072.5546933551,307802.0,706235.0,319036.0,360767.0,41731.0,7.633333333333334,2.601068156653254,0.0,0.0,0.0,300.0,300.0,0.41507499999999997,0.41846863109238347,-0.606,0.951,-0.6131850000000001,0.31015919558886745,-1.018,0.154,-0.39414,0.345082599387451,-1.015,0.167,30.611766666666664,115.5177675361914,-184.15,278.6,13.440166666666665,39.46949732353102,-92.01,108.34,-15.908066666666667,46.275906188810126,-140.51,81.45,1.0393330483141912,0.11752861927461869,149.0,51.855704697986575,12.083366848635109,28.0,89.0,53.0,61.0,43.0,61.0,18.0,66.0,54.0,-12.0,12.0,4.283783783783784,31.0,0.009999999999999759
two_arm_boxing,peter,combined_all,/Users/tylerchen/Cosmos-Gesture-Recognition-/processed/session_peter_periodic/sessions/peter_two_arm_boxing_002_seg002,30.0,500266.8,82287.6315981124,326015.0,612626.0,450617.0,527640.0,77023.0,8.466666666666667,2.8015868519267593,0.0,0.0,0.0,301.0,301.0,0.4833687707641196,0.3564341116788016,-0.443,0.922,-0.660001661129568,0.2519844676247942,-1.18,-0.02,-0.33824252491694357,0.3565772078437011,-1.124,0.126,-28.711744186046502,117.19859843068639,-283.0,260.81,-4.338372093023256,34.63102309093952,-87.47,84.02,1.3312624584717614,46.12873378706839,-145.85,84.75,1.0407627365933756,0.13474882586011694,149.0,47.741610738255034,12.377923961319048,12.0,98.0,48.0,86.0,39.0,54.0,15.0,54.0,54.0,0.0,0.0,5.324324324324325,60.0,-0.012664006288167589
two_arm_boxing,peter,combined_all,/Users/tylerchen/Cosmos-Gesture-Recognition-/processed/session_peter_periodic/sessions/peter_two_arm_boxing_003_seg000,30.0,471705.15,86992.0372169344,295420.0,609717.0,454058.0,446874.0,-7184.0,8.0,2.267320167232837,0.0,0.0,0.0,301.0,301.0,0.4461960132890366,0.3431952914747206,-0.39,0.888,-0.6090132890365448,0.25841565545878253,-1.075,0.069,-0.45437375415282394,0.28990749585860887,-1.136,-0.006,20.760930232558138,112.58864384145613,-269.81,244.27,5.859833887043188,38.19096745290721,-73.21,84.23,-15.074302325581394,52.424795075573805,-133.73,65.37,1.0159649611765573,0.11343187318477875,148.0,47.0777027027027,13.625295707686398,16.0,80.0,47.0,64.0,35.0,57.0,22.0,57.0,24.0,-33.0,33.0,4.292517006802721,34.0,0.09533588512495501
two_arm_boxing,peter,combined_all,/Users/tylerchen/Cosmos-Gesture-Recognition-/processed/session_peter_periodic/sessions/peter_two_arm_boxing_003_seg001,30.0,479458.0333333333,90191.8644462952,264949.0,701901.0,472426.0,701901.0,229475.0,8.333333333333334,1.9720265943665385,0.0,0.0,0.0,299.0,299.0,0.4639364548494983,0.3106690121213389,-0.224,0.862,-0.6450317725752509,0.2786525986414516,-1.041,0.021,-0.40356688963210696,0.31853643235347423,-0.997,0.019,-3.4761872909699014,90.37426952856167,-183.02,353.22,5.068026755852845,31.878639189503286,-59.05,76.78,0.30157190635451375,33.0751014054472,-87.8,61.77,1.0262782884158737,0.12864717432563855,150.0,50.71,15.146518194714547,22.0,87.0,48.0,65.0,39.0,64.75,25.75,27.0,32.0,5.0,5.0,4.543624161073826,62.0,0.033168585270456304
two_arm_boxing,peter,combined_all,/Users/tylerchen/Cosmos-Gesture-Recognition-/processed/session_peter_periodic/sessions/peter_two_arm_boxing_003_seg002,30.0,436198.3333333333,79937.42617086331,272142.0,635126.0,507606.0,451034.0,-56572.0,7.516666666666667,2.8591471144770115,0.0,0.0,0.0,301.0,301.0,0.4350681063122925,0.31068211768928006,-0.256,0.811,-0.6332475083056479,0.2840580681512696,-1.053,0.144,-0.4064950166112957,0.3194445825762147,-0.988,0.015,1.2431229235880374,92.00490811038784,-227.82,208.44,1.0573421926910311,29.045306599534754,-83.19,82.28,-2.562109634551495,39.057843401558564,-121.16,55.09,1.01295329665666,0.09331498753532085,149.0,45.29194630872483,9.883136706342624,16.0,69.0,44.0,53.0,38.0,53.0,15.0,29.0,27.0,-2.0,2.0,4.364864864864865,30.0,-0.008920128181873316
soli,peter,combined_all,/Users/tylerchen/Cosmos-Gesture-Recognition-/processed/session_peter_periodic/sessions/peter_soli_001_seg000,30.0,272983.48333333334,15092.520640195335,247022.0,315652.0,296032.0,269400.0,-26632.0,0.4666666666666667,0.9213516640723501,0.0,0.0,0.0,300.0,300.0,0.26848000000000005,0.0327391509878831,0.199,0.369,-0.9690583333333332,0.038563248612098505,-1.069,-0.765,0.11039666666666667,0.03256198175104758,0.037,0.212,-0.48310000000000003,11.160151281713915,-29.91,26.7,0.23423333333333327,7.115088187241407,-21.3,13.82,0.40140000000000003,6.565713064092886,-18.65,16.88,1.0127569926631004,0.03585415502230028,150.0,52.28,1.9364743442416272,47.0,57.0,52.0,10.0,51.0,54.0,3.0,53.0,51.0,-2.0,2.0,1.5838926174496644,6.0,-0.020251566736299423
soli,peter,combined_all,/Users/tylerchen/Cosmos-Gesture-Recognition-/processed/session_peter_periodic/sessions/peter_soli_001_seg001,30.0,296663.11666666664,39037.60660390682,252256.0,393833.0,260193.0,283899.0,23706.0,2.3666666666666667,2.344970978261541,0.0,0.0,0.0,300.0,300.0,0.2496616666666667,0.022363132544932572,0.203,0.327,-0.9715683333333331,0.027225642477879803,-1.072,-0.86,0.12114,0.023460897965195904,0.067,0.198,-0.7395166666666666,8.117582250304764,-29.91,24.9,0.4538666666666666,7.048524275073208,-13.0,23.99,-0.018933333333333358,4.829919903024234,-15.87,11.93,1.0110071535143512,0.024640785713666725,150.0,50.92333333333333,1.857089324891616,46.0,55.0,51.0,9.0,50.0,52.0,2.0,50.0,51.0,1.0,1.0,1.5771812080536913,7.0,-0.0027654562424997706
soli,peter,combined_all,/Users/tylerchen/Cosmos-Gesture-Recognition-/processed/session_peter_periodic/sessions/peter_soli_001_seg002,30.0,261453.76666666666,9542.288861285966,242635.0,287114.0,260984.0,262126.0,1142.0,0.5,0.7637626158259734,0.0,0.0,0.0,300.0,300.0,0.2505433333333334,0.0203977888235193,0.203,0.315,-0.9669466666666665,0.018542551864013476,-1.011,-0.89,0.13785333333333333,0.02678662891983403,0.058,0.194,1.4826333333333332,4.631175685743549,-10.71,14.44,-2.8980333333333337,4.130302125842702,-13.64,8.82,0.21113333333333345,3.9716869693144523,-12.85,9.0,1.008960106974826,0.015436372871295923,150.0,52.01,1.718894212985849,47.0,56.0,52.0,9.0,51.0,53.0,2.0,51.0,52.0,1.0,1.0,1.4429530201342282,6.0,0.011368505266900685
soli,peter,combined_all,/Users/tylerchen/Cosmos-Gesture-Recognition-/processed/session_peter_periodic/sessions/peter_soli_002_seg000,30.0,261039.83333333334,8409.284389226523,245406.0,279701.0,272937.0,262248.0,-10689.0,0.5333333333333333,0.8055363982396381,0.0,0.0,0.0,300.0,300.0,0.27172166666666664,0.016438066509037962,0.23,0.344,-0.9619249999999999,0.022089595024203882,-1.021,-0.882,0.1345,0.020633167294252054,0.082,0.187,0.10209999999999998,5.885427459946839,-16.27,17.61,-0.10511666666666689,5.2940198560629605,-10.59,15.59,-0.032299999999999995,4.6168188910723975,-16.33,10.38,1.0089736466200485,0.019459907986271265,150.0,52.22,2.0427314257758775,46.0,57.0,52.0,11.0,51.0,54.0,3.0,51.0,53.0,2.0,2.0,1.7315436241610738,6.0,-0.008677719009733905
soli,peter,combined_all,/Users/tylerchen/Cosmos-Gesture-Recognition-/processed/session_peter_periodic/sessions/peter_soli_002_seg001,30.0,256431.98333333334,10216.962805781483,240386.0,283067.0,252146.0,267464.0,15318.0,0.43333333333333335,0.9551032521262935,0.0,0.0,0.0,300.0,300.0,0.24538333333333337,0.01794188922295779,0.193,0.292,-0.966335,0.023171496239193585,-1.031,-0.879,0.15451833333333334,0.023757235486541,0.091,0.214,-0.6787333333333333,6.045542343651965,-19.38,18.95,-0.3542166666666666,5.782371137320937,-15.53,15.44,0.4717333333333334,3.466434502802876,-7.6,9.43,1.0094025136351792,0.020543348575287043,150.0,52.696666666666665,1.6021133972998312,49.0,59.0,53.0,10.0,52.0,54.0,2.0,53.0,54.0,1.0,1.0,1.4161073825503356,7.0,-0.00025512244988686435
soli,peter,combined_all,/Users/tylerchen/Cosmos-Gesture-Recognition-/processed/session_peter_periodic/sessions/peter_soli_002_seg002,30.0,265077.23333333334,17188.03691851464,244722.0,299660.0,295507.0,251278.0,-44229.0,1.0333333333333334,1.3780017739062924,0.0,0.0,0.0,300.0,300.0,0.19529000000000002,0.025220603937316073,0.132,0.251,-0.97751,0.018125577691943135,-1.042,-0.921,0.16022333333333333,0.0252246266352723,0.102,0.218,-0.48975,5.419515985845353,-15.29,26.28,1.580683333333333,6.393743461363008,-16.24,11.81,0.8998666666666668,3.334613887471609,-7.02,9.13,1.010297777504227,0.015323143704294879,150.0,50.97,1.9689110539216936,45.0,55.0,51.0,10.0,50.0,52.0,2.0,53.0,53.0,0.0,0.0,1.9731543624161074,8.0,-0.0030001333392594668
soli,peter,combined_all,/Users/tylerchen/Cosmos-Gesture-Recognition-/processed/session_peter_periodic/sessions/peter_soli_003_seg000,30.0,263105.38333333336,13810.165568451943,240992.0,285856.0,245789.0,283199.0,37410.0,0.7,1.0376254944182253,0.0,0.0,0.0,300.0,300.0,0.20633,0.013116380344185406,0.171,0.245,-0.9704599999999999,0.020396302133983517,-1.022,-0.886,0.18531666666666666,0.024963768189562693,0.137,0.271,-0.5773166666666668,5.411073925867554,-27.19,11.08,-0.7071166666666667,7.095749838440066,-14.95,18.8,-0.06590000000000001,3.2583180768611277,-8.21,8.42,1.0097517066226684,0.017879505400013117,150.0,51.02,1.6384547384359014,43.0,55.0,51.0,12.0,50.0,52.0,2.0,51.0,52.0,1.0,1.0,1.5100671140939597,8.0,-0.010277197505074508
soli,peter,combined_all,/Users/tylerchen/Cosmos-Gesture-Recognition-/processed/session_peter_periodic/sessions/peter_soli_003_seg001,30.0,277528.4166666667,10196.20860751954,258039.0,293065.0,278407.0,266265.0,-12142.0,1.0333333333333334,1.1967548714010827,0.0,0.0,0.0,300.0,300.0,0.2204533333333333,0.03797623584412875,0.152,0.3,-0.9739883333333332,0.023407092803646466,-1.049,-0.921,0.14354833333333333,0.030773686706641417,0.077,0.219,-0.7898333333333334,5.7196097323804125,-19.9,20.36,-0.8644000000000002,6.268525927733463,-12.79,15.72,-1.3570666666666666,4.420468846342148,-15.78,6.68,1.0101456218022766,0.020049904728399074,150.0,50.53333333333333,1.9598885965691948,46.0,55.0,50.0,9.0,49.0,51.5,2.5,51.0,47.0,-4.0,4.0,1.3557046979865772,8.0,-0.00918796390950731
soli,peter,combined_all,/Users/tylerchen/Cosmos-Gesture-Recognition-/processed/session_peter_periodic/sessions/peter_soli_003_seg002,30.0,286472.8333333333,23478.790112685863,247302.0,325389.0,248139.0,323515.0,75376.0,2.3,2.177919496522618,0.0,0.0,0.0,300.0,300.0,0.24000833333333332,0.014729424600916158,0.198,0.282,-0.96787,0.01983745867460513,-1.02,-0.919,0.14882333333333336,0.019281873372178876,0.101,0.201,1.2781833333333332,4.948718070603216,-18.86,21.85,-0.631666666666667,7.188925688554275,-15.75,20.2,0.6281666666666667,3.023385928428956,-5.83,12.73,1.0085328694643536,0.01919489724816563,150.0,50.69,1.9838112521773517,45.0,55.0,51.0,10.0,49.0,52.0,3.0,50.0,55.0,5.0,5.0,1.8053691275167785,7.0,0.009966961494584634
palm_up_down,peter,combined_all,/Users/tylerchen/Cosmos-Gesture-Recognition-/processed/session_peter_periodic/sessions/peter_palm_up_down_001_seg000,30.0,362140.06666666665,57425.06811253155,271965.0,491007.0,351578.0,329003.0,-22575.0,4.433333333333334,1.6669999666733317,0.0,0.0,0.0,300.0,300.0,-0.10829666666666668,0.635065996969927,-0.945,0.844,-0.31134500000000004,0.28097744596616053,-0.72,0.268,-0.7152866666666667,0.17651395456324567,-1.111,-0.334,-1.5127999999999997,76.70988799470379,-172.15,170.08,2.4081999999999972,241.10594426121753,-424.76,500.14,0.1474000000000001,81.47274052859643,-154.55,152.26,1.0427469575637147,0.21538801462353557,150.0,78.8,3.021424863013096,72.0,85.0,79.0,13.0,77.0,81.0,4.0,76.0,81.0,5.0,5.0,2.2751677852348995,8.0,0.0018821577255285972
palm_up_down,peter,combined_all,/Users/tylerchen/Cosmos-Gesture-Recognition-/processed/session_peter_periodic/sessions/peter_palm_up_down_001_seg001,30.0,353289.85,48899.447690669265,280309.0,488111.0,328464.0,300177.0,-28287.0,4.316666666666666,1.4052480998820893,0.0,0.0,0.0,300.0,300.0,0.012200000000000018,0.6437097793260562,-1.029,0.908,-0.26675,0.2859921837510016,-0.721,0.321,-0.68484,0.13382122801210078,-1.027,-0.374,-5.141799999999999,70.16625598362792,-175.82,180.43,9.796533333333333,230.0058377939907,-431.47,456.22,-2.8053666666666657,90.00003703072696,-157.11,203.19,1.009313138707085,0.18883629515160888,150.0,78.54333333333334,2.7363947225416996,69.0,84.0,79.0,15.0,77.0,80.0,3.0,73.0,73.0,0.0,0.0,2.295302013422819,13.0,-0.023396299094774437
palm_up_down,peter,combined_all,/Users/tylerchen/Cosmos-Gesture-Recognition-/processed/session_peter_periodic/sessions/peter_palm_up_down_001_seg002,30.0,330675.6,53175.85774741517,252682.0,473068.0,366801.0,320577.0,-46224.0,3.2,1.7397317800933185,0.0,0.0,0.0,300.0,300.0,0.016243333333333335,0.5215712263173863,-0.768,0.834,-0.313785,0.2320398556462517,-0.726,0.116,-0.7612166666666667,0.1213580572337723,-1.056,-0.487,2.186150000000002,59.86738865688203,-122.23,148.96,-19.19216666666667,191.29817860164155,-403.52,395.89,5.176833333333334,71.05116629799652,-128.15,140.81,0.9953728973072674,0.16737771000385882,150.0,77.89333333333333,2.4451690336827707,70.0,83.0,78.0,13.0,77.0,79.0,2.0,83.0,71.0,-12.0,12.0,2.228187919463087,12.0,-0.005661288649866087
palm_up_down,peter,combined_all,/Users/tylerchen/Cosmos-Gesture-Recognition-/processed/session_peter_periodic/sessions/peter_palm_up_down_002_seg000,30.0,320778.56666666665,39398.98551712834,253799.0,414550.0,324998.0,331828.0,6830.0,3.4166666666666665,1.4496168076043023,0.0,0.0,0.0,299.0,299.0,-0.04077759197324417,0.560615561287841,-0.765,0.969,-0.334752508361204,0.2556073375094921,-0.708,0.187,-0.7324448160535116,0.11039839438669452,-0.954,-0.398,-6.150936454849497,73.75492094546334,-162.05,150.09,15.145886287625418,201.27239182387166,-394.45,364.51,-4.630802675585284,71.51480759284283,-137.94,152.68,1.006270013153327,0.17155421033379642,150.0,77.11666666666666,2.290494412401796,70.0,82.0,77.0,12.0,76.0,79.0,3.0,75.0,79.0,4.0,4.0,1.9060402684563758,10.0,-0.004870438686163773
palm_up_down,peter,combined_all,/Users/tylerchen/Cosmos-Gesture-Recognition-/processed/session_peter_periodic/sessions/peter_palm_up_down_002_seg001,30.0,298011.25,27160.837367660446,255034.0,380155.0,298466.0,274185.0,-24281.0,3.1666666666666665,1.5933891203622828,0.0,0.0,0.0,300.0,300.0,0.044451666666666674,0.4984171882040408,-0.764,0.774,-0.20328166666666664,0.2605134766134417,-0.671,0.295,-0.7972633333333333,0.11573386419809123,-1.27,-0.554,7.211433333333335,70.88172302401348,-143.07,165.04,-20.427466666666668,151.0061940371395,-263.68,352.76,1.8159166666666677,42.8754132078404,-102.6,77.46,0.9949178892161573,0.13692295419078895,150.0,77.45666666666666,2.706527448177922,69.0,83.0,77.0,14.0,76.0,79.0,3.0,77.0,76.0,-1.0,1.0,1.6174496644295302,14.0,0.005688252811235972
palm_up_down,peter,combined_all,/Users/tylerchen/Cosmos-Gesture-Recognition-/processed/session_peter_periodic/sessions/peter_palm_up_down_002_seg002,30.0,303604.8333333333,33258.98628449494,256429.0,383798.0,263474.0,314722.0,51248.0,3.183333333333333,1.5836841716565697,0.0,0.0,0.0,301.0,301.0,-0.12175083056478403,0.5362299607490782,-0.836,0.766,-0.32917109634551495,0.2814347816824681,-0.751,0.299,-0.7360631229235881,0.11491426532115367,-1.091,-0.486,-5.077890365448503,73.8518445389951,-131.66,165.75,21.71083056478405,159.89733719743975,-221.32,336.77,-6.01235880398671,43.380714258676385,-95.58,94.15,1.014246315877039,0.12737190659764516,150.0,76.40333333333334,2.339976959293055,69.0,82.0,76.0,13.0,75.0,78.0,3.0,77.0,76.0,-1.0,1.0,1.483221476510067,7.0,-0.01609760433797065
palm_up_down,peter,combined_all,/Users/tylerchen/Cosmos-Gesture-Recognition-/processed/session_peter_periodic/sessions/peter_palm_up_down_003_seg000,30.0,299908.4666666667,19748.85927420169,268385.0,354084.0,289757.0,292920.0,3163.0,3.0,1.1547005383792515,0.0,0.0,0.0,300.0,300.0,-0.08045666666666666,0.5204169496236221,-0.772,0.72,-0.35069666666666666,0.3018492195156751,-0.78,0.262,-0.74996,0.10022723751925292,-1.173,-0.444,-1.6601000000000006,77.50620165502886,-139.38,197.97,-0.876866666666665,166.737942649083,-265.57,345.84,-4.304599999999999,61.00961112950429,-110.51,102.3,1.0209416753327472,0.14687333423567442,150.0,74.7,2.5270350294897885,70.0,82.0,75.0,12.0,73.0,77.0,4.0,76.0,73.0,-3.0,3.0,2.302013422818792,7.0,0.0030668029690208228
palm_up_down,peter,combined_all,/Users/tylerchen/Cosmos-Gesture-Recognition-/processed/session_peter_periodic/sessions/peter_palm_up_down_003_seg001,30.0,313950.73333333334,31975.18848412868,262028.0,387649.0,283682.0,308002.0,24320.0,3.7333333333333334,1.6316317667360554,0.0,0.0,0.0,300.0,300.0,0.10092666666666666,0.48395478572096196,-0.792,0.859,-0.24356000000000003,0.2812673627759946,-0.693,0.317,-0.7756066666666667,0.1198564848289635,-1.174,-0.459,3.2385000000000006,74.42489317046538,-145.27,130.53,-11.018066666666664,141.44917237508162,-224.49,310.01,-0.04406666666666524,53.24756020196815,-99.09,125.74,0.9914447865789741,0.12569702911499345,150.0,75.22333333333333,2.3704958467131125,69.0,81.0,75.0,12.0,73.0,77.0,4.0,75.0,74.0,-1.0,1.0,1.8724832214765101,9.0,0.003286368283034278
palm_up_down,peter,combined_all,/Users/tylerchen/Cosmos-Gesture-Recognition-/processed/session_peter_periodic/sessions/peter_palm_up_down_003_seg002,30.0,303327.48333333334,35550.25758906391,254107.0,386922.0,329189.0,272970.0,-56219.0,3.15,1.7566540163997386,0.0,0.0,0.0,300.0,300.0,-0.15274666666666667,0.5556153188032965,-0.811,0.829,-0.36744166666666667,0.2585558207245692,-0.731,0.186,-0.7076683333333333,0.11170143611680002,-1.012,-0.508,-1.1086333333333322,63.38147212289689,-158.3,132.27,-3.873266666666668,161.059096984085,-266.34,357.65,0.8961166666666683,53.66414130810619,-96.9,150.24,1.0163662435799337,0.11906198908362191,150.0,74.39,2.3351566861123056,67.0,80.0,74.0,13.0,73.0,76.0,3.0,74.0,71.0,-3.0,3.0,1.8724832214765101,8.0,0.0010403425337423046
pull,tyler,combined_all,/Users/tylerchen/Cosmos-Gesture-Recognition-/processed/session_tyler_discrete/sessions/tyler_pull_001,30.0,391826.45,109409.2049697183,259848.0,647314.0,273286.0,264670.0,-8616.0,5.066666666666666,2.2350739485653612,0.0,0.0,0.0,300.0,300.0,0.764705,0.09430110812455236,0.586,0.898,0.13139,0.08560773660520797,-0.032,0.357,-0.5991599999999999,0.13418272627141556,-0.814,-0.39,0.6669499999999999,9.883931730212426,-23.93,32.62,6.770433333333333,9.13084412537263,-8.79,25.54,-5.154766666666666,7.366584347277613,-19.1,13.12,0.9973282091904072,0.02434348922956931,148.0,79.46283783783784,7.9237632817338195,61.0,98.0,82.0,37.0,74.0,84.0,10.0,84.0,66.0,-18.0,18.0,3.3197278911564627,16.0,-0.12837837837837815
pull,tyler,combined_all,/Users/tylerchen/Cosmos-Gesture-Recognition-/processed/session_tyler_discrete/sessions/tyler_pull_002,30.0,347955.1666666667,51100.37332696852,244004.0,447918.0,244004.0,363542.0,119538.0,5.033333333333333,1.8705317128797598,0.0,0.0,0.0,303.0,303.0,0.698546204620462,0.1452385853461373,0.442,0.905,0.06917326732673267,0.0995484715917591,-0.1,0.303,-0.6639653465346536,0.1657095144781261,-0.965,-0.28,0.08105610561056088,8.993369883138243,-27.07,19.14,12.384356435643564,6.936296138702464,-6.16,23.38,-7.7976567656765665,5.637071267101593,-22.64,9.31,0.9957890901748773,0.02167021569019874,150.0,77.42333333333333,8.474544723901392,48.0,93.0,77.0,45.0,72.0,84.0,12.0,83.0,66.0,-17.0,17.0,3.9261744966442955,19.0,-0.15034712653895804
pull,tyler,combined_all,/Users/tylerchen/Cosmos-Gesture-Recognition-/processed/session_tyler_discrete/sessions/tyler_pull_003,30.0,373293.85,91368.0635350914,225265.0,509466.0,235416.0,250270.0,14854.0,5.433333333333334,2.6543465402157937,0.0,0.0,0.0,301.0,301.0,0.7427026578073089,0.14510134661772872,0.444,0.945,0.10684385382059804,0.09537438217882932,-0.083,0.293,-0.6035548172757474,0.19213545406653088,-0.913,-0.249,-0.5858803986710959,10.462119502790957,-33.81,28.47,13.84187707641196,7.7120510314141235,-2.93,32.75,-6.859800664451828,7.608810985392404,-25.45,7.54,0.997055336882077,0.01576787685869089,141.0,77.48936170212765,8.224032310661753,58.0,93.0,76.0,35.0,71.0,86.0,15.0,90.0,70.0,-20.0,20.0,3.7,21.0,-0.1383428228948157
pull,tyler,combined_all,/Users/tylerchen/Cosmos-Gesture-Recognition-/processed/session_tyler_discrete/sessions/tyler_pull_004,30.0,319186.95,32717.01146278238,260439.0,389208.0,295548.0,377234.0,81686.0,4.5,1.1761519176251567,0.0,0.0,0.0,302.0,302.0,0.7063112582781458,0.11866847137473685,0.405,0.858,0.03744536423841059,0.06415940051342336,-0.133,0.165,-0.6757450331125828,0.11617760677682094,-0.936,-0.454,1.3608940397350993,5.994091035877609,-11.84,20.42,11.78201986754967,6.308871412773963,-6.78,32.99,-7.513377483443708,3.899487890883704,-17.18,0.18,0.9941086561304585,0.018786951462983807,149.0,82.79194630872483,9.127679294015268,68.0,112.0,80.0,44.0,77.0,88.0,11.0,109.0,91.0,-18.0,18.0,3.2162162162162162,16.0,-0.13115907854162903
pull,tyler,combined_all,/Users/tylerchen/Cosmos-Gesture-Recognition-/processed/session_tyler_discrete/sessions/tyler_pull_005,30.0,323807.26666666666,42105.40390411769,252062.0,409653.0,252062.0,301831.0,49769.0,4.133333333333334,1.5648926125740672,0.0,0.0,0.0,300.0,300.0,0.6659216666666666,0.13456510703208152,0.348,0.84,0.018378333333333344,0.07456125690032026,-0.128,0.15,-0.715525,0.12151848367635272,-0.998,-0.499,2.3199000000000005,8.517316981542606,-18.83,25.88,11.241999999999997,6.226523642183226,-0.34,28.2,-7.877233333333334,4.755175497520804,-21.61,2.53,0.9968598070269274,0.02167650727332288,150.0,79.62,6.986514121325953,61.0,95.0,80.0,34.0,74.25,85.0,10.75,90.0,91.0,1.0,1.0,2.7315436241610738,16.0,-0.1003019393454527
pull,tyler,combined_all,/Users/tylerchen/Cosmos-Gesture-Recognition-/processed/session_tyler_discrete/sessions/tyler_pull_006,30.0,345279.3,50809.03786345496,275615.0,490490.0,335575.0,317008.0,-18567.0,5.733333333333333,1.3888444437333105,0.0,0.0,0.0,300.0,300.0,0.68968,0.1554605982234727,0.337,0.919,0.06843333333333333,0.09483121263006652,-0.078,0.342,-0.6666116666666666,0.17928421578754655,-0.938,-0.273,-0.44991666666666663,7.758815082459195,-19.04,22.37,14.98338333333333,6.5003496549331015,0.0,30.64,-6.936916666666668,7.458040800129004,-26.67,15.56,0.9948459786092121,0.01726276373427945,149.0,78.19127516778524,10.585813638544149,50.0,105.0,78.0,55.0,71.0,85.0,14.0,86.0,75.0,-11.0,11.0,4.8175675675675675,37.0,-0.09637583892617498
pull,tyler,combined_all,/Users/tylerchen/Cosmos-Gesture-Recognition-/processed/session_tyler_discrete/sessions/tyler_pull_007,30.0,351897.6,74225.81608425289,272252.0,520218.0,272252.0,347844.0,75592.0,5.233333333333333,1.6058919293927874,0.0,0.0,0.0,300.0,300.0,0.682155,0.16028029659006746,0.335,0.945,0.094975,0.05935342063998222,-0.038,0.264,-0.681365,0.16230452121963004,-0.98,-0.281,1.2300833333333336,10.382907526604411,-30.43,31.53,14.850166666666665,7.7389104512342195,-4.76,31.07,-6.667133333333333,6.1534507215238365,-25.82,9.19,0.9968316412126421,0.022270980609543082,147.0,82.36054421768708,6.875248461438826,68.0,102.0,82.0,34.0,78.5,85.0,6.5,100.0,84.0,-16.0,16.0,2.2739726027397262,14.0,-0.0662516024551253
pull,tyler,combined_all,/Users/tylerchen/Cosmos-Gesture-Recognition-/processed/session_tyler_discrete/sessions/tyler_pull_008,30.0,348372.98333333334,33653.040915714024,288333.0,420992.0,288333.0,391137.0,102804.0,6.033333333333333,2.0572365498945966,0.0,0.0,0.0,300.0,300.0,0.7085283333333333,0.1546149465518202,0.346,0.892,0.08524333333333332,0.06838555492369879,-0.06,0.243,-0.654695,0.1643996486462182,-0.937,-0.396,1.8569999999999998,9.718894990343982,-22.83,34.76,13.2976,7.806197254318733,0.24,38.88,-6.514833333333333,7.279057469129427,-28.66,9.98,0.9965036994884554,0.02223410081734066,150.0,81.43,5.465274758685007,62.0,94.0,81.0,32.0,78.0,84.375,6.375,92.0,81.0,-11.0,11.0,2.3959731543624163,14.0,-0.07583537046090931
push,tyler,combined_all,/Users/tylerchen/Cosmos-Gesture-Recognition-/processed/session_tyler_discrete/sessions/tyler_push_001,30.0,393786.3,88269.09835540787,252629.0,571912.0,351946.0,277466.0,-74480.0,4.4,2.48461935381123,0.0,0.0,0.0,302.0,302.0,0.684408940397351,0.19586134477487624,0.326,0.993,0.0643112582781457,0.08969607885517013,-0.301,0.281,-0.6545976821192053,0.2321837047317744,-1.169,-0.119,-1.953576158940397,10.952693269698273,-34.73,33.66,-16.005463576158938,13.928112108405161,-47.64,26.95,7.278178807947021,12.5805747321235,-45.35,48.55,0.9996592677608557,0.04524748760756353,150.0,84.89666666666666,5.314693026758939,73.0,94.0,85.0,21.0,80.25,89.75,9.5,80.0,92.0,12.0,12.0,2.7248322147651005,13.0,0.0976034490421797
push,tyler,combined_all,/Users/tylerchen/Cosmos-Gesture-Recognition-/processed/session_tyler_discrete/sessions/tyler_push_002,31.0,380220.1451612903,87906.90724551094,246358.0,589716.0,246358.0,256995.0,10637.0,4.064516129032258,1.6836114000903082,0.0,0.0,0.0,302.0,302.0,0.7831059602649006,0.13969570299287634,0.489,0.96,0.11624503311258276,0.08056193813909963,-0.039,0.253,-0.5458692052980133,0.20088593995817225,-0.88,-0.205,-2.153112582781457,6.881140334173065,-17.09,13.0,-15.537913907284768,6.055061039433339,-28.41,4.15,6.9597019867549665,6.275631593548419,-7.29,20.17,0.9953722017226562,0.018316611054293382,151.0,81.64238410596026,6.3912381386404595,67.0,99.0,81.0,32.0,77.0,85.5,8.5,78.0,89.0,11.0,11.0,3.0733333333333333,13.0,0.10442314395259672
push,tyler,combined_all,/Users/tylerchen/Cosmos-Gesture-Recognition-/processed/session_tyler_discrete/sessions/tyler_push_003,31.0,329663.70967741933,47372.572825180214,257625.0,424160.0,370841.0,316904.0,-53937.0,4.290322580645161,1.6498983035541188,0.0,0.0,0.0,301.0,301.0,0.7900564784053157,0.12269116867756603,0.467,0.973,0.10703820598006647,0.05227288513531209,0.005,0.246,-0.5555614617940199,0.1681006692449343,-0.889,-0.233,-0.06498338870431913,6.943242400560898,-11.51,26.58,-15.435348837209302,4.082017728052293,-27.13,-5.95,4.886976744186048,3.472825761091539,-5.83,14.31,0.9950338517028466,0.015684412586287774,149.0,86.90604026845638,7.138262698284425,70.0,106.0,87.0,36.0,82.0,92.0,10.0,77.0,91.0,14.0,14.0,3.1216216216216215,16.0,0.10326138218755641
push,tyler,combined_all,/Users/tylerchen/Cosmos-Gesture-Recognition-/processed/session_tyler_discrete/sessions/tyler_push_004,30.0,356333.26666666666,68118.95750911703,246440.0,486929.0,333209.0,260091.0,-73118.0,4.166666666666667,2.530919903030429,0.0,0.0,0.0,301.0,301.0,0.7560514950166114,0.13697770572810633,0.484,0.985,0.12688704318936878,0.06853328505933969,-0.026,0.282,-0.5896843853820597,0.18700586286589232,-0.895,-0.169,2.642757475083056,8.934422664233823,-15.53,31.16,-15.326046511627908,4.265411453572629,-24.96,-3.57,5.013604651162791,6.90326806759918,-9.43,21.12,0.9967550369048338,0.018765697115541435,151.0,90.69205298013244,9.227189057634105,68.0,118.0,90.0,50.0,84.0,95.5,11.5,72.0,91.0,19.0,19.0,4.793333333333333,23.0,0.05645462995236423
push,tyler,combined_all,/Users/tylerchen/Cosmos-Gesture-Recognition-/processed/session_tyler_discrete/sessions/tyler_push_005,30.0,345477.1,49516.24689676967,277335.0,486709.0,315580.0,304166.0,-11414.0,5.3,1.4866068747318506,0.0,0.0,0.0,300.0,300.0,0.789555,0.12692612474060125,0.546,0.979,0.14353666666666667,0.05625870589418929,0.003,0.25,-0.5399,0.1998765368921525,-0.872,-0.151,0.8793666666666669,6.424191565135301,-23.99,19.56,-14.985566666666667,5.250638946409814,-26.98,0.64,4.177433333333333,6.381925917168126,-14.01,18.92,0.9972598698179141,0.013803908290417081,149.0,86.55369127516778,10.315813913008938,65.0,112.0,86.0,47.0,79.0,93.0,14.0,77.0,93.0,16.0,16.0,4.013513513513513,15.0,0.13803736622528526
push,tyler,combined_all,/Users/tylerchen/Cosmos-Gesture-Recognition-/processed/session_tyler_discrete/sessions/tyler_push_006,30.0,335356.18333333335,39973.86710850047,274054.0,415282.0,298257.0,274054.0,-24203.0,4.733333333333333,1.590248058916875,0.0,0.0,0.0,300.0,300.0,0.8295383333333334,0.10947865643923815,0.603,0.993,0.13603333333333334,0.05819470829958746,0.006,0.243,-0.482645,0.18821337574235614,-0.782,-0.144,2.0907666666666667,6.529299182885528,-9.22,21.97,-13.872816666666665,5.462991742566691,-23.32,1.68,3.8819666666666666,5.302148413510214,-10.56,15.53,0.9950940016095525,0.013019728532421922,149.0,84.56711409395973,8.064490424351819,66.0,112.0,84.0,46.0,78.0,90.0,12.0,83.0,88.0,5.0,5.0,4.533783783783784,24.0,0.10453110828949727
push,tyler,combined_all,/Users/tylerchen/Cosmos-Gesture-Recognition-/processed/session_tyler_discrete/sessions/tyler_push_007,30.0,332886.56666666665,43543.02846433118,261280.0,430541.0,337476.0,261389.0,-76087.0,4.466666666666667,2.1406125810669763,0.0,0.0,0.0,301.0,301.0,0.7861760797342193,0.15446634816961727,0.437,0.978,0.12311627906976744,0.06302856194265039,-0.033,0.23,-0.5332524916943522,0.20921407125255828,-0.935,-0.169,-0.9113289036544853,6.317040464281557,-15.66,15.32,-18.326976744186048,6.960171587995721,-36.53,-2.66,6.466943521594685,6.779323996336841,-4.76,24.11,0.9944683891838113,0.014975622795978933,150.0,85.01333333333334,9.69379284319615,57.0,112.0,86.0,55.0,77.25,91.0,13.75,75.0,91.0,16.0,16.0,4.026845637583893,32.0,0.12418151917863
push,tyler,combined_all,/Users/tylerchen/Cosmos-Gesture-Recognition-/processed/session_tyler_discrete/sessions/tyler_push_008,30.0,351427.8,73339.1151202867,246920.0,509635.0,254030.0,276423.0,22393.0,4.166666666666667,2.082999973329066,0.0,0.0,0.0,301.0,301.0,0.842920265780731,0.11728704582151149,0.58,0.987,0.11921760797342193,0.09647611717402334,-0.028,0.31,-0.4289269102990033,0.2469932855439933,-0.799,0.036,1.8124418604651165,8.223032137758521,-15.26,18.86,-15.668388704318938,7.950896854712444,-27.99,5.13,5.5465614617940195,5.032565367000487,-3.02,20.33,0.9960957022188357,0.02384605461928541,151.0,83.45033112582782,4.98222004294184,72.0,98.0,83.0,26.0,80.75,86.0,5.25,73.0,94.0,21.0,21.0,2.993333333333333,12.0,0.061829905890553975
clockwise,tyler,combined_all,/Users/tylerchen/Cosmos-Gesture-Recognition-/processed/session_tyler_discrete/sessions/tyler_clockwise_001,30.0,428060.1666666667,113990.64506004674,265807.0,711583.0,265807.0,437766.0,171959.0,7.3,2.297099620536007,0.0,0.0,0.0,301.0,301.0,0.3854352159468439,0.43964221328639347,-0.416,0.91,0.15885548172757474,0.24290505072139598,-0.508,0.59,-0.7261561461794019,0.34427021210181663,-1.313,-0.197,-24.391461794019932,34.73558263298877,-75.69,83.38,-14.185149501661135,61.21318855891333,-146.24,86.4,-21.598504983388708,60.11368694037648,-163.98,60.79,1.027323125021657,0.12851238658861025,148.0,79.30067567567568,25.833597824582558,34.0,144.0,81.5,110.0,54.5,101.0,46.5,100.0,77.0,-23.0,23.0,5.666666666666667,42.0,-0.4842231287581235
clockwise,tyler,combined_all,/Users/tylerchen/Cosmos-Gesture-Recognition-/processed/session_tyler_discrete/sessions/tyler_clockwise_002,30.0,439720.7,99844.40806605044,238393.0,653455.0,238393.0,538563.0,300170.0,7.233333333333333,2.6917569644296555,0.0,0.0,0.0,301.0,301.0,0.366797342192691,0.3911297765693401,-0.46,0.871,0.05912624584717606,0.2844480532987372,-0.551,0.541,-0.7512508305647841,0.3431584841200384,-1.361,-0.179,-28.899418604651164,39.1630927523273,-124.12,68.15,-19.131893687707645,65.13080279325352,-134.68,92.07,-16.574285714285715,65.07787262110269,-169.23,63.17,1.014334318364715,0.1587162454434175,148.0,84.86824324324324,36.931972832506176,34.0,197.0,86.0,163.0,51.75,107.0,55.25,114.0,102.0,-12.0,12.0,9.170068027210885,88.0,-0.4197749660357523
clockwise,tyler,combined_all,/Users/tylerchen/Cosmos-Gesture-Recognition-/processed/session_tyler_discrete/sessions/tyler_clockwise_003,30.0,424498.73333333334,86060.31084378494,309838.0,638027.0,326177.0,369864.0,43687.0,7.966666666666667,1.834545054108935,0.0,0.0,0.0,300.0,300.0,0.32608,0.38346667860454314,-0.474,0.81,-0.016743333333333357,0.35606554282728464,-0.778,0.56,-0.752985,0.3091449346315306,-1.278,-0.173,-29.08126666666667,36.38793097671158,-84.35,57.59,-24.86133333333334,62.05413667292634,-135.69,70.04,-11.865533333333333,72.26356133429597,-199.22,64.09,1.0094091808413865,0.15520301693734606,149.0,80.60738255033557,33.73243105068404,33.0,234.0,80.0,201.0,57.0,100.0,43.0,92.0,98.0,6.0,6.0,7.918918918918919,110.0,-0.31153999637221175
clockwise,tyler,combined_all,/Users/tylerchen/Cosmos-Gesture-Recognition-/processed/session_tyler_discrete/sessions/tyler_clockwise_004,30.0,398108.76666666666,101403.69763300328,242930.0,589924.0,247652.0,475786.0,228134.0,6.1,3.003886371574886,0.0,0.0,0.0,301.0,301.0,0.2686511627906977,0.5068419530344649,-0.647,0.852,0.03985049833887042,0.3059479917609239,-0.419,0.619,-0.7386245847176081,0.3435419504048239,-1.402,-0.22,-29.52956810631229,28.608085180368537,-97.66,16.66,-20.924053156146183,70.95838465144686,-161.72,109.87,-20.81996677740864,65.45511597759256,-148.08,70.19,1.0290303166024677,0.17011291795515562,150.0,87.91666666666667,44.81578729868077,31.0,293.0,88.5,262.0,61.0,99.0,38.0,99.0,77.0,-22.0,22.0,10.120805369127517,152.0,-0.5110268604530575
clockwise,tyler,combined_all,/Users/tylerchen/Cosmos-Gesture-Recognition-/processed/session_tyler_discrete/sessions/tyler_clockwise_005,30.0,397474.93333333335,98643.07711814497,247831.0,549855.0,255657.0,549855.0,294198.0,5.8,3.6276714294434105,0.0,0.0,0.0,300.0,300.0,0.24718833333333337,0.5237984806458033,-0.713,0.872,-0.05267333333333331,0.31361225285492395,-0.592,0.419,-0.7550666666666667,0.3023104621999635,-1.268,-0.326,-27.49383333333333,28.191850992434492,-81.82,36.87,-25.775466666666663,64.79984516931663,-138.25,83.68,-18.3389,67.15388381265326,-155.64,76.08,1.0371833753404063,0.14953921971274572,150.0,88.88666666666667,44.841186824103836,30.0,300.0,92.5,270.0,50.5,107.0,56.5,105.0,61.0,-44.0,44.0,9.060402684563758,134.0,-0.6882243655273569
clockwise,tyler,combined_all,/Users/tylerchen/Cosmos-Gesture-Recognition-/processed/session_tyler_discrete/sessions/tyler_clockwise_006,30.0,443829.36666666664,109459.21108841816,237789.0,717633.0,243291.0,458626.0,215335.0,7.366666666666666,2.926697038566779,0.0,0.0,0.0,301.0,301.0,0.22745016611295682,0.4709395721035366,-0.769,0.801,-0.05372093023255813,0.311676831087921,-0.614,0.459,-0.788031561461794,0.24858519900296272,-1.32,-0.431,-33.23431893687708,34.91657411780533,-121.16,38.54,-19.147192691029893,67.14871153373392,-149.97,80.57,-14.535764119601334,67.57999427832652,-173.56,68.45,1.0157847306239474,0.15657511958936557,149.0,85.45973154362416,43.24882894753163,30.0,236.0,76.0,206.0,49.0,107.0,58.0,104.0,86.0,-18.0,18.0,9.324324324324325,91.0,-0.6281715944132057
clockwise,tyler,combined_all,/Users/tylerchen/Cosmos-Gesture-Recognition-/processed/session_tyler_discrete/sessions/tyler_clockwise_007,30.0,442240.9166666667,116698.63077546391,237733.0,723070.0,237733.0,524402.0,286669.0,6.9,2.9927690633703543,0.0,0.0,0.0,301.0,301.0,0.17954983388704318,0.4704550114329365,-0.618,0.876,0.05040863787375414,0.2831985247907544,-0.452,0.528,-0.7961229235880398,0.2959775904679723,-1.324,-0.279,-39.436677740863786,29.88084872496188,-121.04,27.5,-19.54485049833887,61.733623734527804,-150.43,70.71,-18.633421926910298,73.0319355161421,-160.8,81.85,1.01741193720999,0.15031929148112114,149.0,81.48993288590604,42.649437981415424,32.0,263.0,76.0,231.0,51.0,95.0,44.0,108.0,92.0,-16.0,16.0,7.418918918918919,105.0,-0.5652348993288596
clockwise,tyler,combined_all,/Users/tylerchen/Cosmos-Gesture-Recognition-/processed/session_tyler_discrete/sessions/tyler_clockwise_008,30.0,426831.56666666665,97964.90836474161,280710.0,682125.0,280710.0,436713.0,156003.0,6.483333333333333,1.772396369012555,0.0,0.0,0.0,302.0,302.0,0.17961589403973507,0.4489128274340094,-0.63,0.757,-0.057278145695364234,0.32351726023210065,-0.607,0.546,-0.8025132450331126,0.2457736737000621,-1.194,-0.334,-31.926208609271523,33.49846247256758,-114.63,46.97,-20.601291390728477,65.92829045339447,-144.9,58.78,-8.527384105960268,63.46813611124281,-165.29,73.95,1.0133660784621807,0.13874508217827763,149.0,78.93959731543625,44.70431809784718,29.0,251.0,70.0,222.0,46.0,98.0,52.0,102.0,90.0,-12.0,12.0,10.527027027027026,110.0,-0.5404752403410125
anti_clockwise,tyler,combined_all,/Users/tylerchen/Cosmos-Gesture-Recognition-/processed/session_tyler_discrete/sessions/tyler_anti_clockwise_001,30.0,404896.43333333335,104707.56541679414,263769.0,690819.0,263769.0,362790.0,99021.0,5.816666666666666,2.58354837814627,0.0,0.0,0.0,302.0,302.0,0.2561953642384106,0.41444604763750703,-0.37,0.922,0.08736423841059604,0.2730220751087336,-0.33,0.742,-0.8196721854304636,0.2847136039008626,-1.262,-0.35,32.921903973509934,23.095085672481403,-12.05,91.74,6.405215231788082,53.474852392943106,-89.6,106.23,16.956721854304636,68.27250866868752,-130.25,136.94,1.0287838816617627,0.11875692551119335,149.0,73.11409395973155,23.292202223115858,32.0,110.0,77.0,78.0,50.0,92.0,42.0,110.0,91.0,-19.0,19.0,4.344594594594595,25.0,-0.11843158594836499
anti_clockwise,tyler,combined_all,/Users/tylerchen/Cosmos-Gesture-Recognition-/processed/session_tyler_discrete/sessions/tyler_anti_clockwise_002,30.0,419617.7,115296.12750049327,244496.0,661745.0,244496.0,338933.0,94437.0,5.133333333333334,2.0773915267843845,0.0,0.0,0.0,302.0,302.0,0.11708278145695362,0.5108093270917429,-0.668,0.864,0.09774503311258277,0.18774060383847355,-0.316,0.452,-0.8295165562913908,0.24968851732940006,-1.184,-0.268,36.89791390728477,17.391580495696285,-7.35,81.0,-2.955132450331124,58.75611043733391,-87.19,114.11,19.59940397350993,55.24544104209996,-57.37,127.78,1.0282723098765407,0.11195222987629895,150.0,70.8,24.576070098299077,29.0,129.0,75.5,100.0,46.0,90.75,44.75,106.0,93.0,-13.0,13.0,6.409395973154362,44.0,-0.06933997066536343
anti_clockwise,tyler,combined_all,/Users/tylerchen/Cosmos-Gesture-Recognition-/processed/session_tyler_discrete/sessions/tyler_anti_clockwise_003,30.0,384971.2,83364.53026013721,263647.0,605965.0,271869.0,401912.0,130043.0,6.716666666666667,2.015288785481845,0.0,0.0,0.0,300.0,300.0,0.01552000000000002,0.5192258867312489,-0.732,0.887,0.24031666666666665,0.20309095595050236,-0.138,0.736,-0.7999233333333333,0.2318225559680411,-1.169,-0.395,36.378083333333336,24.818646056471106,-41.05,86.12,-9.697233333333333,45.36437373107031,-99.28,109.99,12.35483333333333,60.00994085126415,-96.71,110.05,1.0267210759172865,0.09108950242720033,150.0,67.98666666666666,22.949605329666827,29.0,123.0,67.0,94.0,46.25,90.75,44.5,98.0,123.0,25.0,25.0,4.879194630872483,35.0,-0.14827325658918195
anti_clockwise,tyler,combined_all,/Users/tylerchen/Cosmos-Gesture-Recognition-/processed/session_tyler_discrete/sessions/tyler_anti_clockwise_004,30.0,434461.5833333333,74649.64880739932,335570.0,621408.0,335570.0,369922.0,34352.0,7.3,2.1158134763411134,0.0,0.0,0.0,301.0,301.0,0.299187707641196,0.4017051390666448,-0.413,0.862,-0.014833887043189367,0.2050379933543487,-0.356,0.496,-0.8039734219269102,0.31749996095626104,-1.33,-0.285,28.1543853820598,34.27581523417628,-21.79,162.08,11.466146179402001,56.76051140463332,-86.03,117.22,9.764352159468434,65.15197383309076,-80.36,150.49,1.0075172254680491,0.1588378255863245,149.0,71.67114093959732,25.12743755307643,29.0,109.0,79.0,80.0,49.0,93.0,44.0,104.0,95.0,-9.0,9.0,3.5878378378378377,19.0,0.10087852953624749
anti_clockwise,tyler,combined_all,/Users/tylerchen/Cosmos-Gesture-Recognition-/processed/session_tyler_discrete/sessions/tyler_anti_clockwise_005,30.0,433829.9666666667,105719.33213765694,284067.0,816673.0,284067.0,349207.0,65140.0,7.733333333333333,2.096558025802185,0.0,0.0,0.0,302.0,302.0,0.21225496688741716,0.4377951430860867,-0.592,0.782,0.0854685430463576,0.2789775202268402,-0.408,0.706,-0.8016225165562914,0.28423139630470556,-1.265,-0.335,39.12486754966887,32.04792839461594,-14.95,125.37,12.660099337748346,67.2730352064196,-122.53,121.65,4.709337748344375,74.42345939845141,-125.95,144.9,1.0098972500963004,0.15919728912209583,150.0,73.53666666666666,22.306144507154286,37.0,107.0,76.0,70.0,52.0,94.0,42.0,100.0,93.0,-7.0,7.0,4.046979865771812,21.0,0.23828703497933218
anti_clockwise,tyler,combined_all,/Users/tylerchen/Cosmos-Gesture-Recognition-/processed/session_tyler_discrete/sessions/tyler_anti_clockwise_006,30.0,386648.15,81278.05813308925,246924.0,532452.0,246924.0,338695.0,91771.0,6.8,2.9709706606876254,0.0,0.0,0.0,302.0,302.0,0.3139370860927152,0.4418961693867254,-0.546,0.899,0.03300165562913906,0.2402324222895677,-0.43,0.462,-0.7724900662251657,0.30936150345571156,-1.255,-0.318,27.384023178807947,34.01982169269519,-41.96,116.52,9.339238410596023,62.48853804103657,-109.2,119.21,8.794172185430462,66.26605261331389,-71.35,153.57,1.0086180505947606,0.16662687294607648,151.0,74.39735099337749,22.716096927127445,29.0,110.0,83.0,81.0,56.5,92.0,35.5,99.0,93.0,-6.0,6.0,6.173333333333333,61.0,0.051444754269779826
anti_clockwise,tyler,combined_all,/Users/tylerchen/Cosmos-Gesture-Recognition-/processed/session_tyler_discrete/sessions/tyler_anti_clockwise_007,30.0,410098.26666666666,97593.55131801599,233523.0,592608.0,238691.0,434486.0,195795.0,6.483333333333333,2.7217743395725438,0.0,0.0,0.0,301.0,301.0,0.22839534883720936,0.4585873511660161,-0.617,0.887,0.003820598006644537,0.2682561149912657,-0.425,0.475,-0.8024252491694351,0.27628813723676565,-1.279,-0.36,36.19330564784054,29.25258444645438,-31.74,107.15,8.255514950166116,62.57314637016215,-142.55,110.87,11.231196013289034,68.33706489480406,-84.44,160.44,1.016119013153844,0.1488835135564699,150.0,73.57666666666667,25.143863693389832,28.0,114.0,79.25,86.0,52.0,96.0,44.0,104.0,91.0,-13.0,13.0,4.006711409395973,39.0,-0.009882216987421354
anti_clockwise,tyler,combined_all,/Users/tylerchen/Cosmos-Gesture-Recognition-/processed/session_tyler_discrete/sessions/tyler_anti_clockwise_008,31.0,409126.9032258064,102593.57939740321,242157.0,669960.0,242157.0,328018.0,85861.0,6.096774193548387,2.5571511203363113,0.0,0.0,0.0,302.0,302.0,0.2152483443708609,0.44464245951314035,-0.515,0.893,0.029112582781456984,0.23559379800037852,-0.318,0.503,-0.8198327814569536,0.26052005303111764,-1.17,-0.367,30.948675496688743,30.73831422117352,-23.07,107.3,9.33241721854305,55.254973008502134,-100.86,101.63,7.9098344370860945,66.9479992700602,-72.85,148.23,1.0121270201523649,0.12643626595648055,151.0,69.36423841059603,23.70688604427234,28.0,103.0,74.0,75.0,51.0,91.0,40.0,102.0,94.0,-8.0,8.0,3.453333333333333,21.0,0.08005751132798873
right,tyler,combined_all,/Users/tylerchen/Cosmos-Gesture-Recognition-/processed/session_tyler_discrete/sessions/tyler_right_001,30.0,382956.3,72469.20271082975,257090.0,584602.0,271839.0,500801.0,228962.0,5.5,2.473189573539939,0.0,0.0,0.0,302.0,302.0,0.384158940397351,0.05541382824893513,0.234,0.498,0.09794039735099336,0.06451399886980529,-0.055,0.317,-0.9099039735099338,0.04389942656898141,-1.008,-0.828,-20.436473509933773,11.019111493683392,-53.87,1.74,-6.405298013245034,5.554914452992258,-19.5,7.72,45.16581125827814,19.18925148627349,-2.08,69.52,0.9966163476248607,0.03180279297477063,151.0,78.71523178807946,37.27114656736383,43.0,266.0,69.0,223.0,51.0,92.5,41.5,47.0,109.0,62.0,62.0,8.306666666666667,118.0,0.6433670268386199
right,tyler,combined_all,/Users/tylerchen/Cosmos-Gesture-Recognition-/processed/session_tyler_discrete/sessions/tyler_right_002,30.0,403005.13333333336,61487.590318553084,326056.0,551905.0,456151.0,326056.0,-130095.0,6.133333333333334,2.432191512927293,0.0,0.0,0.0,301.0,301.0,0.44076079734219265,0.06311452116659445,0.308,0.576,0.08057641196013289,0.10368725725641761,-0.138,0.303,-0.8811196013289037,0.03779599437160949,-0.955,-0.774,-19.921461794019937,8.320867886310339,-36.16,-1.34,-4.827009966777409,6.889040916369199,-17.79,11.02,46.531362126245845,16.199099165053283,-0.18,71.02,0.9964497374723104,0.019630039873871682,151.0,86.50993377483444,35.31653810363092,53.0,257.0,82.0,204.0,61.0,99.0,38.0,54.0,103.0,49.0,49.0,9.286666666666667,186.0,0.47740443824793755
right,tyler,combined_all,/Users/tylerchen/Cosmos-Gesture-Recognition-/processed/session_tyler_discrete/sessions/tyler_right_003,30.0,382930.3,90057.80786182098,253401.0,669811.0,282664.0,262944.0,-19720.0,4.966666666666667,2.258071940591993,0.0,0.0,0.0,302.0,302.0,0.3853046357615893,0.07735468053729051,0.22,0.587,0.05127152317880795,0.1129270443019121,-0.176,0.299,-0.9110413907284768,0.050864113626598435,-1.044,-0.794,-18.35278145695364,8.90672669070784,-41.54,5.43,-3.1565562913907286,9.72829361965101,-23.59,12.73,50.40354304635761,18.592448149055016,10.16,86.89,1.0008188401876954,0.027747399249137966,151.0,83.49337748344371,33.82942440908343,46.0,256.0,80.0,210.0,59.5,96.0,36.5,53.0,252.0,199.0,199.0,5.633333333333334,93.0,0.5699111188567445
right,tyler,combined_all,/Users/tylerchen/Cosmos-Gesture-Recognition-/processed/session_tyler_discrete/sessions/tyler_right_004,30.0,420049.43333333335,74476.7610732517,320058.0,712891.0,378923.0,377946.0,-977.0,6.45,1.8901058171435798,0.0,0.0,0.0,301.0,301.0,0.42056644518272424,0.05198931883325011,0.317,0.551,0.1408953488372093,0.0988723455232235,-0.142,0.327,-0.8827242524916943,0.035149897943492096,-0.985,-0.811,-19.785880398671097,9.839572096497587,-59.63,1.22,-6.961428571428573,7.6792812435575915,-25.61,7.32,45.88531561461794,10.68212331211378,14.68,65.34,0.9945409347409215,0.02306977474345401,150.0,90.66666666666667,32.35671909655724,50.0,242.0,90.0,192.0,64.0,103.0,39.0,50.0,103.0,53.0,53.0,7.630872483221476,136.0,0.50298591048491
right,tyler,combined_all,/Users/tylerchen/Cosmos-Gesture-Recognition-/processed/session_tyler_discrete/sessions/tyler_right_005,30.0,386528.2,57678.30872312397,295931.0,567325.0,356585.0,431539.0,74954.0,5.333333333333333,1.9888578520235063,0.0,0.0,0.0,301.0,301.0,0.42221262458471764,0.060731388900022734,0.314,0.539,0.06158139534883721,0.08625060557953813,-0.114,0.256,-0.8911594684385381,0.038491071817815366,-1.014,-0.812,-18.748056478405317,5.947002480113096,-32.53,0.55,-2.7180398671096344,6.446627835046268,-20.91,11.47,45.38353820598007,9.554613304822258,21.42,63.17,0.9940610055901457,0.025936752588531772,150.0,84.48333333333333,28.22027548671099,53.0,222.0,86.5,169.0,64.25,94.75,30.5,55.0,99.0,44.0,44.0,5.798657718120805,110.0,0.4812756122494334
right,tyler,combined_all,/Users/tylerchen/Cosmos-Gesture-Recognition-/processed/session_tyler_discrete/sessions/tyler_right_006,30.0,407662.6666666667,68176.87023890304,322786.0,562558.0,330586.0,355094.0,24508.0,6.65,2.2551792242155244,0.0,0.0,0.0,301.0,301.0,0.47224916943521594,0.05491847816078126,0.372,0.626,0.0928405315614618,0.1013527169883149,-0.146,0.282,-0.8615132890365448,0.043782060010186585,-0.968,-0.755,-22.926179401993355,7.965137807141305,-39.03,-0.21,-4.865946843853821,6.692528649031296,-24.72,6.44,46.5697342192691,13.088900191956863,17.37,66.68,0.9940571603904539,0.029990542826762123,149.0,83.90604026845638,20.215007230339836,51.0,134.0,86.0,83.0,66.0,100.0,34.0,51.0,134.0,83.0,83.0,4.628378378378378,21.0,0.4071721385815342
right,tyler,combined_all,/Users/tylerchen/Cosmos-Gesture-Recognition-/processed/session_tyler_discrete/sessions/tyler_right_007,30.0,419103.56666666665,76047.17562482003,271302.0,621884.0,271302.0,359681.0,88379.0,6.266666666666667,2.174600857373345,0.0,0.0,0.0,300.0,300.0,0.4309199999999999,0.0951492175480177,0.309,0.653,0.09337666666666666,0.14955148986961722,-0.317,0.345,-0.8723200000000001,0.05975866129691998,-0.97,-0.69,-21.238300000000002,13.074963433090996,-72.66,10.8,-2.459066666666667,7.851665797495176,-19.78,12.33,50.15455000000001,15.580864482128806,16.69,87.47,0.9944748682487498,0.03692270875263254,149.0,77.77181208053692,19.590135381787437,46.0,127.0,78.0,81.0,60.5,93.0,32.5,52.0,113.0,61.0,61.0,4.47972972972973,42.0,0.4293004413809779
right,tyler,combined_all,/Users/tylerchen/Cosmos-Gesture-Recognition-/processed/session_tyler_discrete/sessions/tyler_right_008,30.0,396322.0,72127.40042545089,270380.0,551286.0,272416.0,292474.0,20058.0,5.9,2.071231517720798,0.0,0.0,0.0,301.0,301.0,0.5167740863787375,0.09784627813953876,0.312,0.677,0.0736827242524917,0.09421190771536869,-0.103,0.244,-0.836299003322259,0.06379559055625958,-0.958,-0.696,-26.615930232558142,16.900777443787455,-72.45,5.28,-2.190548172757475,6.542183445485945,-19.75,14.34,47.12142857142857,21.356027080043916,6.65,92.75,0.9967914821424825,0.028408086302947853,151.0,92.37417218543047,48.978559053889484,48.0,263.0,81.0,215.0,59.5,97.0,37.5,50.0,109.0,59.0,59.0,10.246666666666666,125.0,0.8013884047868012
left,tyler,combined_all,/Users/tylerchen/Cosmos-Gesture-Recognition-/processed/session_tyler_discrete/sessions/tyler_left_001,30.0,427622.2833333333,46472.30593369262,347612.0,527015.0,367589.0,390877.0,23288.0,7.05,1.6849826903166296,0.0,0.0,0.0,303.0,303.0,0.5542211221122112,0.0461347799210042,0.423,0.679,-0.13477887788778878,0.12399962984106472,-0.693,0.048,-0.8103118811881188,0.07027592429420637,-0.945,-0.533,29.22678217821782,15.768647999634657,-18.65,65.1,-7.9301320132013196,7.758949691331006,-26.58,6.81,-48.27957095709571,17.158928421332067,-93.57,-7.75,1.000951702490494,0.04970376092918613,151.0,73.56291390728477,14.225130888180678,54.0,119.0,72.0,65.0,62.0,80.5,18.5,91.0,55.0,-36.0,36.0,3.2666666666666666,21.0,-0.29786336702683897
left,tyler,combined_all,/Users/tylerchen/Cosmos-Gesture-Recognition-/processed/session_tyler_discrete/sessions/tyler_left_002,30.0,405177.76666666666,93916.10553030235,244161.0,568612.0,280948.0,256031.0,-24917.0,5.9,2.5344295873693814,0.0,0.0,0.0,302.0,302.0,0.4159519867549669,0.11932882880289247,0.217,0.668,-0.2073741721854305,0.14516604695047886,-0.592,0.097,-0.865885761589404,0.08330674803079482,-1.012,-0.649,24.716688741721853,17.12963796998023,-6.74,90.88,-10.250496688741721,12.540871647291112,-41.81,18.83,-57.14029801324503,28.090985442953425,-104.56,-6.44,1.0027894550208618,0.04943812734506492,152.0,73.65131578947368,17.517922655134434,55.0,142.0,64.0,87.0,61.0,87.25,26.25,103.0,59.0,-44.0,44.0,4.662251655629139,64.0,-0.33064912964140036
left,tyler,combined_all,/Users/tylerchen/Cosmos-Gesture-Recognition-/processed/session_tyler_discrete/sessions/tyler_left_003,30.0,400216.0,65246.92590919514,280977.0,553317.0,317363.0,406650.0,89287.0,5.016666666666667,2.318344716003688,0.0,0.0,0.0,300.0,300.0,0.47778999999999994,0.06871276211722084,0.322,0.589,-0.2228433333333333,0.10172737482550549,-0.546,0.063,-0.838855,0.07444510152902382,-1.067,-0.646,21.482699999999998,15.968460718240816,-20.33,87.22,-10.905433333333333,9.689100516158465,-37.29,13.79,-46.876733333333334,21.696212403602207,-92.96,0.09,0.9999579692151154,0.048126725918424026,150.0,85.17333333333333,15.814263566166902,59.0,111.0,89.75,52.0,69.0,98.0,29.0,103.0,62.0,-41.0,41.0,2.4630872483221475,14.0,-0.3448621420211275
left,tyler,combined_all,/Users/tylerchen/Cosmos-Gesture-Recognition-/processed/session_tyler_discrete/sessions/tyler_left_004,30.0,456323.86666666664,108252.62938322664,284351.0,719534.0,317102.0,300520.0,-16582.0,5.583333333333333,2.1137775558358918,0.0,0.0,0.0,301.0,301.0,0.4743322259136213,0.05112393830489573,0.264,0.591,-0.21601495016611294,0.14647110520581683,-0.416,0.315,-0.8327358803986711,0.05824299688390801,-0.985,-0.681,25.74327242524917,17.420028661056513,-55.91,68.15,-11.509767441860463,10.228526795733243,-49.47,8.55,-56.37112956810631,19.62637357200416,-95.25,-1.74,0.9953985336288955,0.04176138649839467,150.0,81.13333333333334,16.400776158858317,54.0,114.0,80.0,60.0,66.25,94.75,28.5,102.0,56.0,-46.0,46.0,3.785234899328859,19.0,-0.36035201564513947
left,tyler,combined_all,/Users/tylerchen/Cosmos-Gesture-Recognition-/processed/session_tyler_discrete/sessions/tyler_left_005,30.0,427238.39999999997,65961.36597924127,285217.0,546801.0,285217.0,393863.0,108646.0,6.766666666666667,2.2313423961572747,0.0,0.0,0.0,301.0,301.0,0.43769102990033226,0.11842011992587344,0.113,0.586,-0.15097508305647842,0.22993772855644506,-0.561,0.426,-0.8468438538205979,0.10559327191407679,-1.036,-0.614,25.3431561461794,18.906476566290667,-36.5,64.97,-7.064883720930233,13.225223348876765,-29.88,25.15,-68.79774086378737,27.845886546384385,-108.65,-8.97,1.0037288991476558,0.045654638528387734,151.0,85.6456953642384,17.830740254213932,49.0,115.0,90.0,66.0,70.0,100.5,30.5,115.0,50.0,-65.0,65.0,3.66,15.0,-0.3721592889508551
left,tyler,combined_all,/Users/tylerchen/Cosmos-Gesture-Recognition-/processed/session_tyler_discrete/sessions/tyler_left_006,30.0,458659.05,80424.26606818264,311701.0,644247.0,311701.0,373583.0,61882.0,6.933333333333334,1.6519348924485155,0.0,0.0,0.0,302.0,302.0,0.46585761589403973,0.0919500094077082,0.214,0.617,-0.10033278145695364,0.21842533091117025,-0.531,0.41,-0.8335894039735099,0.10634523135568931,-1.128,-0.612,24.69953642384106,18.185710544188744,-25.64,79.53,-6.228907284768212,14.956965612354406,-53.53,28.66,-62.11490066225165,16.330203393434104,-93.72,-24.08,0.9929396046542106,0.059211138253250285,150.0,83.23333333333333,16.944606422130164,50.0,115.0,83.0,65.0,69.0,99.0,30.0,104.0,54.0,-50.0,50.0,3.6912751677852347,25.0,-0.3753073469931997
left,tyler,combined_all,/Users/tylerchen/Cosmos-Gesture-Recognition-/processed/session_tyler_discrete/sessions/tyler_left_007,30.0,443426.23333333334,150340.82528590015,249641.0,942641.0,282818.0,335983.0,53165.0,6.183333333333334,2.6847822175281846,0.0,0.0,0.0,301.0,301.0,0.45259966777408644,0.07318578756528316,0.252,0.586,-0.18124584717607972,0.22904137359423316,-0.617,0.279,-0.8348239202657806,0.098365912372414,-1.047,-0.552,25.33204318936877,24.445042181811832,-34.15,115.15,-6.9607308970099675,18.087140219676925,-42.18,48.98,-60.64717607973423,27.716271897675433,-140.17,18.13,0.9992820295635614,0.05962283676063731,151.0,85.23509933774834,16.997431957702698,54.0,119.0,87.0,65.0,69.0,101.0,32.0,98.0,54.0,-44.0,44.0,3.64,13.0,-0.36711223422795464
left,tyler,combined_all,/Users/tylerchen/Cosmos-Gesture-Recognition-/processed/session_tyler_discrete/sessions/tyler_left_008,31.0,467507.5483870968,114044.84448978513,286571.0,690136.0,306053.0,318482.0,12429.0,7.064516129032258,1.9165742938726384,0.0,0.0,0.0,301.0,301.0,0.4052591362126246,0.06925814265128949,0.234,0.529,-0.1129734219269103,0.2305105541459562,-0.612,0.268,-0.8674817275747507,0.06982038297476648,-0.996,-0.681,24.31431893687708,18.643846008036242,-31.71,65.71,-8.579667774086378,10.378888770747066,-34.33,11.93,-66.62139534883721,17.987732421134424,-120.24,-26.49,0.9950039701517588,0.04791972849375959,151.0,81.62251655629139,15.889930447447655,53.0,111.0,80.0,58.0,69.0,97.0,28.0,104.0,54.0,-50.0,50.0,3.2133333333333334,21.0,-0.3490902753572679
bye_bye,tyler,combined_all,/Users/tylerchen/Cosmos-Gesture-Recognition-/processed/session_tyler_discrete/sessions/tyler_bye_bye_001,30.0,430132.8333333333,73663.63148939615,301752.0,636057.0,363726.0,390744.0,27018.0,7.85,1.9542688317288044,0.0,0.0,0.0,301.0,301.0,0.670828903654485,0.12110905602098071,0.294,0.938,0.01658471760797342,0.9836052997417561,-1.837,1.642,-0.28937209302325584,0.21358050718448407,-0.985,0.281,-12.689800664451827,236.3224724397295,-340.16,420.33,-2.1783720930232553,68.1714409690385,-173.41,125.68,-12.172026578073089,220.88148580398502,-316.66,422.68,1.200840137478354,0.34607667569136596,151.0,73.74834437086092,5.16716368755156,59.0,93.0,72.0,34.0,70.0,77.0,7.0,69.0,59.0,-10.0,10.0,3.3466666666666667,34.0,0.001486580690135155
bye_bye,tyler,combined_all,/Users/tylerchen/Cosmos-Gesture-Recognition-/processed/session_tyler_discrete/sessions/tyler_bye_bye_002,30.0,327940.05,26744.664930396244,278640.0,393721.0,332256.0,354317.0,22061.0,5.066666666666666,1.412641340027806,0.0,0.0,0.0,300.0,300.0,0.6136633333333333,0.24056621400816494,0.202,1.247,0.38961,0.9404114655652954,-1.385,1.764,-0.29236333333333336,0.1083528402437559,-0.579,-0.001,-2.4841666666666673,211.64521929313426,-409.34,339.58,-5.4856333333333325,46.7732307906872,-114.32,61.16,3.170033333333334,202.99487683108055,-300.85,292.98,1.2081621523364072,0.3289153948893137,149.0,81.76845637583892,5.7066919587126055,69.0,102.0,81.0,33.0,78.0,84.5,6.5,78.0,77.0,-1.0,1.0,4.70945945945946,29.0,0.0325981014571616
bye_bye,tyler,combined_all,/Users/tylerchen/Cosmos-Gesture-Recognition-/processed/session_tyler_discrete/sessions/tyler_bye_bye_003,30.0,372311.8,50196.04018339826,292380.0,509162.0,446678.0,409135.0,-37543.0,6.5,1.7272328544042153,0.0,0.0,0.0,302.0,302.0,0.545523178807947,0.3071999442612801,-0.025,1.304,0.5517417218543047,0.9748498438532016,-1.239,2.037,-0.20410264900662253,0.18272992246077047,-0.766,0.195,-10.458211920529802,234.52578340607505,-472.18,418.29,-8.069105960264903,67.17985677630952,-147.83,89.72,2.337218543046357,212.87603850383135,-346.51,316.17,1.2517044250438067,0.3937037443129264,149.0,81.38590604026845,5.795245256734741,70.0,108.0,81.0,38.0,78.0,84.0,6.0,73.0,83.0,10.0,10.0,4.337837837837838,30.0,0.005419916560855633
bye_bye,tyler,combined_all,/Users/tylerchen/Cosmos-Gesture-Recognition-/processed/session_tyler_discrete/sessions/tyler_bye_bye_004,30.0,365978.6666666667,37996.06037677532,304006.0,468470.0,407369.0,304006.0,-103363.0,7.45,2.161596632121728,0.0,0.0,0.0,301.0,301.0,0.5216777408637873,0.3133545630680376,0.005,1.234,0.5909634551495017,0.9171018713961359,-1.093,2.154,-0.16672425249169434,0.17057697780961092,-0.755,0.176,-15.76229235880399,221.42822434205775,-416.64,421.49,-10.121362126245847,66.51266341949162,-139.35,100.86,-0.16245847176079717,211.7114232443821,-342.05,318.0,1.2112598019435044,0.38780867611774095,150.0,81.76666666666667,4.921759202412532,71.0,98.0,82.0,27.0,78.0,84.375,6.375,79.0,79.0,0.0,0.0,3.597315436241611,15.0,-0.010532023645495913
bye_bye,tyler,combined_all,/Users/tylerchen/Cosmos-Gesture-Recognition-/processed/session_tyler_discrete/sessions/tyler_bye_bye_005,31.0,350360.62903225806,36487.57806166272,298842.0,472881.0,372757.0,339240.0,-33517.0,6.145161290322581,1.765226606978671,0.0,0.0,0.0,301.0,301.0,0.49782724252491684,0.3480178472177789,-0.078,1.371,0.5828039867109633,0.9415380987932048,-1.208,2.331,-0.13441694352159467,0.20553219892750027,-0.662,0.452,-12.679767441860465,224.56622600191523,-393.11,386.7,-11.046013289036546,84.60613108199827,-173.1,132.97,-0.25036544850498454,208.27416985814395,-321.15,313.09,1.2079273340309793,0.44308669466578143,149.0,81.4496644295302,4.846196950871023,68.0,97.0,82.0,29.0,79.0,84.0,5.0,88.0,84.0,-4.0,4.0,3.5,19.0,0.018968498700042254
bye_bye,tyler,combined_all,/Users/tylerchen/Cosmos-Gesture-Recognition-/processed/session_tyler_discrete/sessions/tyler_bye_bye_006,30.0,350375.6666666667,47918.06862644705,277513.0,440365.0,438260.0,315576.0,-122684.0,6.25,1.8200274723201295,0.0,0.0,0.0,301.0,301.0,0.5711727574750831,0.349167158212401,-0.054,1.44,0.602046511627907,0.8122943171273161,-0.707,2.177,-0.190202657807309,0.23625032220881015,-0.71,0.255,-10.455083056478404,178.44265306339196,-338.36,274.54,-10.870830564784052,92.36634298948054,-174.44,137.24,5.2341860465116286,169.93260327425907,-285.41,250.62,1.1944453653579143,0.3684150078541973,151.0,80.62251655629139,4.400292582307369,64.0,92.0,81.0,28.0,78.0,83.0,5.0,78.0,82.0,4.0,4.0,2.8266666666666667,14.0,0.004449285465318805
bye_bye,tyler,combined_all,/Users/tylerchen/Cosmos-Gesture-Recognition-/processed/session_tyler_discrete/sessions/tyler_bye_bye_007,30.0,368022.23333333334,45567.16749274879,286971.0,464692.0,286971.0,464692.0,177721.0,6.833333333333333,1.3123346456686351,0.0,0.0,0.0,300.0,300.0,0.46598666666666666,0.4311829617330547,-0.489,1.44,0.6660966666666667,0.8537846922120094,-0.65,2.313,-0.21671,0.3208907486461189,-0.996,0.481,3.058733333333331,134.91248563567257,-320.2,283.7,-4.053666666666668,107.34800590550758,-258.31,125.71,11.563333333333333,167.86383632840304,-287.45,240.33,1.220583888425673,0.48559701191660015,149.0,96.78187919463087,35.06758542865645,66.0,214.0,84.0,148.0,80.0,93.0,13.0,79.0,78.0,-1.0,1.0,13.75,126.0,0.34984400507890456
bye_bye,tyler,combined_all,/Users/tylerchen/Cosmos-Gesture-Recognition-/processed/session_tyler_discrete/sessions/tyler_bye_bye_008,30.0,328756.7833333333,45385.045415070985,262330.0,431575.0,362351.0,310587.0,-51764.0,5.9,2.4269322199023193,0.0,0.0,0.0,302.0,302.0,0.4192582781456954,0.35487535286894245,-0.171,1.145,0.7412384105960266,0.8110880698590459,-0.57,2.162,-0.2536920529801325,0.2236650638740258,-0.73,0.226,-4.51751655629139,124.09320680957053,-281.17,254.07,-5.276622516556292,75.13028627487668,-201.61,119.39,4.8195364238410585,158.70759728990114,-250.13,234.53,1.1914959691424718,0.45137050450647964,149.0,84.23489932885906,11.42720158085638,60.0,145.0,82.4,85.0,78.0,87.0,9.0,79.0,81.0,2.0,2.0,6.756756756756757,40.0,-0.059972791583529965
t_arm,tyler,combined_all,/Users/tylerchen/Cosmos-Gesture-Recognition-/processed/session_tyler_discrete/sessions/tyler_t_arm_001,30.0,274813.48333333334,35420.65779562433,232281.0,352319.0,239514.0,257174.0,17660.0,1.9,1.445683229480096,0.0,0.0,0.0,300.0,300.0,0.6025916666666666,0.2897588026736234,0.139,0.98,-0.32002,0.6568941565681137,-1.151,0.728,0.07712833333333334,0.151220085848041,-0.142,0.29,4.812533333333334,12.562160015255692,-23.53,32.01,-12.563116666666666,13.114881116619225,-38.33,5.95,-39.481,28.255019253222958,-82.03,3.97,1.0036402885530737,0.05022030621238722,148.0,100.3108108108108,26.16655219473674,46.0,153.0,111.0,107.0,73.0,120.25,47.25,117.0,61.0,-56.0,56.0,4.489795918367347,40.0,-0.5248799683123744
t_arm,tyler,combined_all,/Users/tylerchen/Cosmos-Gesture-Recognition-/processed/session_tyler_discrete/sessions/tyler_t_arm_002,31.0,334827.1612903226,66338.95334839917,248421.0,464674.0,248421.0,266614.0,18193.0,3.4193548387096775,3.1803245274493515,0.0,0.0,0.0,302.0,302.0,0.6104039735099339,0.32674730862368323,0.08,1.005,-0.3160264900662252,0.628102392283548,-1.083,0.869,0.08582781456953642,0.1587447766920599,-0.136,0.39,3.4067549668874175,14.035874120176565,-41.08,37.72,-13.282152317880794,13.54204738413962,-48.55,7.29,-42.30360927152318,21.02521226719112,-81.06,1.86,1.0022698325776658,0.041996104235547005,150.0,102.92333333333333,26.842302126404697,52.0,191.0,105.5,139.0,78.0,121.0,43.0,117.0,65.0,-52.0,52.0,6.1879194630872485,66.0,-0.5317454109071518
t_arm,tyler,combined_all,/Users/tylerchen/Cosmos-Gesture-Recognition-/processed/session_tyler_discrete/sessions/tyler_t_arm_003,31.0,278860.12903225806,45004.89230090001,227327.0,383631.0,255512.0,249513.0,-5999.0,2.838709677419355,2.6162861414182728,0.0,0.0,0.0,302.0,302.0,0.670023178807947,0.2538561857408675,0.134,1.002,-0.07945364238410593,0.6818574331260528,-1.075,0.884,0.10292549668874172,0.10674408026261183,-0.059,0.333,4.020132450331126,15.635863555350237,-37.78,58.26,-10.767682119205297,14.588562559119246,-49.01,11.23,-39.93622516556292,29.185557317777924,-85.82,21.0,1.002164535441915,0.04765148495466478,150.0,93.48666666666666,25.43100336479459,59.0,169.0,87.125,110.0,71.25,113.375,42.125,149.0,76.0,-73.0,73.0,4.315436241610739,38.0,-0.5316011081974018
t_arm,tyler,combined_all,/Users/tylerchen/Cosmos-Gesture-Recognition-/processed/session_tyler_discrete/sessions/tyler_t_arm_004,31.0,296529.67741935485,39527.80529261371,238937.0,379794.0,238937.0,275546.0,36609.0,3.7419354838709675,1.740740330739618,0.0,0.0,0.0,302.0,302.0,0.7117831125827814,0.2646351233106626,0.115,1.0,-0.12802317880794703,0.620141067154363,-1.124,0.784,-0.0029254966887417152,0.1482440664043288,-0.179,0.298,-0.07841059602648981,12.980586272982869,-57.62,30.73,-9.841490066225166,12.796713546103435,-53.38,12.39,-42.578211920529796,20.446881952292475,-88.02,3.08,0.9988367712867907,0.044065762349837015,149.0,96.21140939597315,22.6974951892284,56.0,149.0,97.0,93.0,75.0,115.0,40.0,130.0,71.0,-59.0,59.0,5.02027027027027,23.0,-0.49850716488300434
t_arm,tyler,combined_all,/Users/tylerchen/Cosmos-Gesture-Recognition-/processed/session_tyler_discrete/sessions/tyler_t_arm_005,30.0,275602.75,29940.96019411925,230094.0,325064.0,245676.0,234426.0,-11250.0,2.9,2.2561028345356955,0.0,0.0,0.0,302.0,302.0,0.6992814569536424,0.22284935837658576,0.169,0.984,-0.035223509933774794,0.6489019409870951,-1.064,0.954,0.03355794701986756,0.18322181248228936,-0.206,0.364,0.8676324503311261,18.330304381430786,-47.4,51.18,-14.56748344370861,14.181754915203246,-39.58,18.56,-41.22920529801324,21.57465381135932,-72.66,15.9,0.9970443412067747,0.03962028876688309,150.0,92.22666666666667,24.618137157523453,52.0,143.0,86.5,91.0,71.0,111.75,40.75,118.0,72.0,-46.0,46.0,4.402684563758389,24.0,-0.5270800183711866
t_arm,tyler,combined_all,/Users/tylerchen/Cosmos-Gesture-Recognition-/processed/session_tyler_discrete/sessions/tyler_t_arm_006,30.0,280233.75,51990.09362088893,224148.0,419469.0,261058.0,224699.0,-36359.0,2.933333333333333,2.3935097428021654,0.0,0.0,0.0,300.0,300.0,0.7394066666666667,0.21851737067997337,0.189,0.994,-0.07450000000000002,0.6049336244580888,-1.088,0.855,-0.06522833333333333,0.15269452739775,-0.302,0.334,-2.2184000000000004,19.012103936878386,-74.5,71.99,-13.511733333333334,13.044515181825995,-41.57,17.91,-41.757299999999994,18.785856533839492,-78.01,5.68,0.9959049982872307,0.04135926199991786,146.0,92.36986301369863,23.030418774886023,49.0,140.0,89.0,91.0,71.0,110.0,39.0,140.0,65.0,-75.0,75.0,4.586206896551724,23.0,-0.5162985742242107
t_arm,tyler,combined_all,/Users/tylerchen/Cosmos-Gesture-Recognition-/processed/session_tyler_discrete/sessions/tyler_t_arm_007,30.0,273495.43333333335,22169.18579572907,236275.0,320264.0,281179.0,271909.0,-9270.0,2.8666666666666667,1.627540748764494,0.0,0.0,0.0,303.0,303.0,0.789943894389439,0.22849087369173257,0.181,0.997,-0.1426204620462046,0.5028390859708347,-1.063,0.671,-0.0652046204620462,0.18743829183488112,-0.29,0.303,-0.8198019801980198,16.106324443817122,-72.97,40.44,-15.089174917491748,13.356913253535533,-47.4,2.9,-38.9636303630363,14.385971050231126,-82.86,-19.53,0.9938966767764715,0.031005320286773868,149.0,93.00335570469798,20.84162420431696,57.0,136.0,90.0,79.0,75.0,106.0,31.0,136.0,69.0,-67.0,67.0,3.6554054054054053,15.0,-0.46241973517141327
t_arm,tyler,combined_all,/Users/tylerchen/Cosmos-Gesture-Recognition-/processed/session_tyler_discrete/sessions/tyler_t_arm_008,30.0,271959.1666666667,27797.918231507116,233113.0,340024.0,236272.0,256040.0,19768.0,2.216666666666667,1.6004339689249567,0.0,0.0,0.0,302.0,302.0,0.7003112582781458,0.29384941598925235,0.134,1.013,-0.3626887417218543,0.5046774025075108,-1.049,0.604,0.0692185430463576,0.19158506726915409,-0.244,0.326,2.9782450331125823,14.262009667917539,-28.72,29.66,-17.205016556291387,9.731825874455383,-34.64,4.88,-36.64884105960265,13.460928829328527,-64.64,-8.18,1.0015137223195074,0.03862706861212953,151.0,104.01655629139073,24.41593859336854,58.0,159.0,102.0,101.0,82.0,126.5,44.5,129.0,71.0,-58.0,58.0,4.746666666666667,25.0,-0.5277030324154761
raise_arms,tyler,combined_all,/Users/tylerchen/Cosmos-Gesture-Recognition-/processed/session_tyler_discrete/sessions/tyler_raise_arms_001,30.0,389132.6,99907.61051711727,267860.0,657236.0,291002.0,271982.0,-19020.0,5.466666666666667,2.0612833111653743,0.0,0.0,0.0,301.0,301.0,-0.1404285714285714,0.5335693502652467,-0.864,0.523,-0.3228289036544851,0.17144490934018758,-0.604,-0.092,-0.7209036544850499,0.19763112225806845,-1.005,-0.298,-16.675880398671097,18.05456409581839,-64.64,7.69,26.37016611295681,22.920722224253243,-8.64,68.33,-12.173554817275747,12.67243497886285,-47.79,11.9,0.9955764126401894,0.07494023831523086,150.0,48.43,7.292551592195438,34.0,67.0,50.0,33.0,42.0,54.0,12.0,56.0,34.0,-22.0,22.0,2.791946308724832,9.0,-0.15062980576914545
raise_arms,tyler,combined_all,/Users/tylerchen/Cosmos-Gesture-Recognition-/processed/session_tyler_discrete/sessions/tyler_raise_arms_002,30.0,420847.56666666665,92567.76459930434,237635.0,571698.0,237635.0,280805.0,43170.0,6.083333333333333,2.8168638984200536,0.0,0.0,0.0,301.0,301.0,-0.23044518272425252,0.5177663705156281,-0.913,0.613,-0.33654318936877076,0.10293425051312298,-0.469,-0.086,-0.7117524916943522,0.18985515383395063,-0.941,-0.285,-11.675830564784052,8.137832303049391,-34.27,13.15,30.18451827242525,11.594354774703623,0.55,46.78,-17.068338870431894,8.52288148859032,-36.29,-1.16,0.9930079201399075,0.040194953996619986,150.0,44.96,15.396604698491506,27.0,96.0,40.0,69.0,34.0,47.0,13.0,83.0,31.0,-52.0,52.0,3.221476510067114,20.0,-0.29440064002844607
raise_arms,tyler,combined_all,/Users/tylerchen/Cosmos-Gesture-Recognition-/processed/session_tyler_discrete/sessions/tyler_raise_arms_003,30.0,428003.43333333335,96171.0510395179,248380.0,587300.0,249731.0,248380.0,-1351.0,6.316666666666666,2.544547547644222,0.0,0.0,0.0,300.0,300.0,0.07937333333333332,0.506988359746571,-0.758,0.726,-0.23691333333333334,0.15859503193844238,-0.482,0.032,-0.7951366666666666,0.10719704005380139,-0.963,-0.559,-10.420333333333334,9.031118639952023,-38.0,10.83,29.751466666666662,14.369842930557343,-1.83,59.42,-13.1828,8.763264088987238,-34.49,-0.73,0.9930443266115515,0.047054480002591305,150.0,42.85666666666667,11.1872915475562,28.0,81.0,39.0,53.0,36.0,44.0,8.0,81.0,36.0,-45.0,45.0,2.4093959731543624,11.0,-0.1936699408862617
raise_arms,tyler,combined_all,/Users/tylerchen/Cosmos-Gesture-Recognition-/processed/session_tyler_discrete/sessions/tyler_raise_arms_004,30.0,376690.13333333336,94243.44682884972,249285.0,625224.0,341572.0,249285.0,-92287.0,5.366666666666666,2.726210230745645,0.0,0.0,0.0,302.0,302.0,0.1959039735099338,0.4699876626365514,-0.682,0.742,-0.20648509933774836,0.17427785897515394,-0.552,0.085,-0.8155066225165564,0.10090224576874088,-1.066,-0.565,-7.812201986754967,11.030596017827065,-35.86,28.14,30.105596026490065,22.630390210259158,-15.11,97.96,-9.074503311258278,10.605246745273526,-37.17,23.29,1.000347483963952,0.08254007597258749,151.0,41.86754966887417,5.065801018185564,35.0,72.0,40.5,37.0,39.0,43.0,4.0,58.0,39.0,-19.0,19.0,2.38,30.0,-0.05329905890554203
raise_arms,tyler,combined_all,/Users/tylerchen/Cosmos-Gesture-Recognition-/processed/session_tyler_discrete/sessions/tyler_raise_arms_005,31.0,431468.5483870968,84933.02369128531,296073.0,685408.0,370602.0,452023.0,81421.0,5.290322580645161,2.3444312658847255,0.0,0.0,0.0,303.0,303.0,-0.141546204620462,0.4540942221985543,-0.828,0.638,-0.31147854785478546,0.08922370762219911,-0.437,-0.089,-0.7980495049504951,0.14110053361190206,-1.003,-0.427,-6.9718976897689755,8.327766105252799,-24.45,12.7,30.58887788778878,7.885099960122777,8.91,40.83,-10.778151815181518,4.893982890387705,-23.71,-1.65,0.9927393227746975,0.049776062583072454,151.0,42.9271523178808,7.596577595863674,32.0,76.0,41.5,44.0,39.0,44.75,5.75,64.0,39.0,-25.0,25.0,3.18,21.0,-0.10341756709654956
raise_arms,tyler,combined_all,/Users/tylerchen/Cosmos-Gesture-Recognition-/processed/session_tyler_discrete/sessions/tyler_raise_arms_006,30.0,452898.3,98829.24721192947,293026.0,715202.0,293026.0,353803.0,60777.0,6.6,2.138535324312725,0.0,0.0,0.0,301.0,301.0,-0.13918604651162791,0.5476219113087967,-0.911,0.617,-0.22976578073089704,0.10408080073449337,-0.434,-0.027,-0.7583421926910298,0.17119497689320365,-0.981,-0.338,-10.530099667774087,10.120964048898845,-45.08,14.01,32.743455149501656,15.887883618319051,0.24,57.86,-11.026777408637873,8.897191048402972,-32.93,3.39,0.9926252776202021,0.04442184061662426,151.0,46.1953642384106,17.64956994113983,30.0,101.0,38.666666666666664,71.0,36.75,46.0,9.25,78.0,36.0,-42.0,42.0,3.3866666666666667,39.0,-0.29740153363541333
raise_arms,tyler,combined_all,/Users/tylerchen/Cosmos-Gesture-Recognition-/processed/session_tyler_discrete/sessions/tyler_raise_arms_007,30.0,407305.8333333333,97864.23137560979,243994.0,606242.0,243994.0,362552.0,118558.0,5.25,2.2757782551616637,0.0,0.0,0.0,300.0,300.0,-0.23998,0.5307950762142895,-0.926,0.54,-0.27566999999999997,0.07562809949571213,-0.402,-0.126,-0.7326166666666668,0.19454335349450746,-0.974,-0.279,-6.5088,9.591120019406839,-36.84,25.82,32.0537,16.22413905193945,-5.77,62.47,-13.217216666666667,7.4302634320542245,-25.64,8.76,0.9969568734947264,0.04121481196066571,150.0,48.97666666666667,17.646542398242648,30.0,93.0,41.0,63.0,37.0,54.0,17.0,87.0,35.0,-52.0,52.0,2.859060402684564,24.0,-0.3432321436508288
raise_arms,tyler,combined_all,/Users/tylerchen/Cosmos-Gesture-Recognition-/processed/session_tyler_discrete/sessions/tyler_raise_arms_008,31.0,407185.87096774194,127075.86820548149,257681.0,662848.0,260244.0,354081.0,93837.0,4.532258064516129,2.8024628680771295,0.0,0.0,0.0,302.0,302.0,-0.48800496688741724,0.4484581578544324,-0.951,0.331,-0.25585430463576164,0.08840405412709235,-0.449,-0.103,-0.6460033112582783,0.25391163006659484,-0.967,-0.263,-7.8242880794701986,10.496941098416848,-40.01,16.02,27.15831125827815,19.24945865229538,-7.75,60.18,-13.35364238410596,11.038247322450292,-39.92,4.79,0.996220362953843,0.0433203360511392,150.0,50.86666666666667,15.128914097180957,31.0,95.0,46.0,64.0,37.0,65.5,28.5,61.0,35.0,-26.0,26.0,3.1006711409395975,22.0,-0.3028584974147006
fist_open,tyler,combined_all,/Users/tylerchen/Cosmos-Gesture-Recognition-/processed/session_tyler_discrete/sessions/tyler_fist_open_001,30.0,263166.5,23249.430179038798,235238.0,301672.0,292770.0,236956.0,-55814.0,2.466666666666667,2.8370563774604287,0.0,0.0,0.0,302.0,302.0,0.8719139072847681,0.052202626225188224,0.511,1.099,0.17012913907284768,0.06645987844034296,-0.233,0.411,-0.44529635761589403,0.08268661978350325,-0.652,-0.133,-4.115728476821192,12.368817880489319,-83.25,22.61,3.211009933774834,14.262452885385752,-20.97,71.47,-0.3370198675496689,5.389840675710095,-35.89,11.41,0.9993341547641583,0.05269711210665103,151.0,78.23178807947019,5.02054938376173,65.0,89.0,79.0,24.0,75.0,82.0,7.0,72.0,84.0,12.0,12.0,2.68,20.0,0.06512373649355145
fist_open,tyler,combined_all,/Users/tylerchen/Cosmos-Gesture-Recognition-/processed/session_tyler_discrete/sessions/tyler_fist_open_002,30.0,233711.63333333333,8766.666369391629,223743.0,253447.0,227556.0,230624.0,3068.0,0.5666666666666667,1.0225241100118645,0.0,0.0,0.0,300.0,300.0,0.8764616666666666,0.03641635154961553,0.796,0.98,0.192755,0.033991579471981,0.077,0.287,-0.42624166666666674,0.07103588832805258,-0.598,-0.307,-2.3324,7.642810483837203,-38.97,16.66,2.848466666666667,9.257676595409087,-10.56,35.07,-0.15841666666666665,3.1599855342056378,-11.6,9.28,0.9970418361224551,0.021371807391816357,150.0,84.46666666666667,6.007452493246449,65.0,102.0,84.0,37.0,80.0,88.0,8.0,76.0,83.0,7.0,7.0,2.436241610738255,17.0,0.04238410596026464
fist_open,tyler,combined_all,/Users/tylerchen/Cosmos-Gesture-Recognition-/processed/session_tyler_discrete/sessions/tyler_fist_open_003,30.0,263928.18333333335,18218.86853625628,230415.0,303998.0,232472.0,277962.0,45490.0,1.5,1.5864005379054391,0.0,0.0,0.0,300.0,300.0,0.8914350000000002,0.030300576589673472,0.788,0.934,0.1927616666666667,0.024965156329483606,0.064,0.247,-0.39566166666666663,0.06265343590383177,-0.593,-0.316,-0.5457166666666666,5.9738233383701225,-27.19,12.73,2.9066166666666673,6.893376674005434,-8.48,21.09,-0.33313333333333334,2.468256236473209,-8.61,4.82,0.9968045514761669,0.014460186365704486,150.0,86.65,5.768390491208134,73.0,108.0,87.0,35.0,83.0,91.0,8.0,79.0,89.0,10.0,10.0,2.6577181208053693,22.0,0.04769011956086931
fist_open,tyler,combined_all,/Users/tylerchen/Cosmos-Gesture-Recognition-/processed/session_tyler_discrete/sessions/tyler_fist_open_004,30.0,235563.41666666666,4261.878568744331,228861.0,248196.0,248196.0,234983.0,-13213.0,0.3333333333333333,0.8299933065325821,0.0,0.0,0.0,301.0,301.0,0.9016362126245847,0.025300448125612024,0.838,0.947,0.20196511627906977,0.020498394660138874,0.151,0.256,-0.36909966777408637,0.05461123580639415,-0.519,-0.284,-1.3709634551495016,4.354537981025733,-18.16,7.81,2.331063122923588,6.364350425994212,-5.92,30.37,-0.03468438538205982,2.1671016477198766,-9.16,5.58,0.9968683439888845,0.01638662713082885,151.0,95.16556291390728,3.464448900043909,86.0,101.0,95.0,15.0,93.0,98.0,5.0,86.0,95.0,9.0,9.0,2.7933333333333334,11.0,0.012715231788079052
fist_open,tyler,combined_all,/Users/tylerchen/Cosmos-Gesture-Recognition-/processed/session_tyler_discrete/sessions/tyler_fist_open_005,30.0,256845.3,22393.252859064494,235471.0,311281.0,268723.0,254732.0,-13991.0,1.5666666666666667,2.261022384281549,0.0,0.0,0.0,300.0,300.0,0.8903433333333334,0.026753392688972578,0.802,0.93,0.20040666666666668,0.025678031250251428,0.102,0.251,-0.3958333333333333,0.05744801031270699,-0.561,-0.312,-1.8896833333333336,4.084422224621432,-13.34,10.44,3.7153666666666654,4.757800282927208,-6.16,23.1,-0.19950000000000004,1.8914662962897328,-5.43,5.71,0.9970474289648477,0.011398009741553505,150.0,92.87,6.960924011023846,73.0,103.0,94.0,30.0,91.0,98.0,7.0,78.0,94.0,16.0,16.0,2.2550335570469797,11.0,0.05943997511000443
fist_open,tyler,combined_all,/Users/tylerchen/Cosmos-Gesture-Recognition-/processed/session_tyler_discrete/sessions/tyler_fist_open_006,30.0,248202.63333333333,11320.849421850917,234499.0,276335.0,248997.0,276335.0,27338.0,0.9666666666666667,1.27758452644912,0.0,0.0,0.0,300.0,300.0,0.889635,0.027649670432032303,0.817,0.944,0.17567333333333332,0.01673200393125568,0.137,0.243,-0.40931333333333336,0.05403220205821025,-0.561,-0.32,-0.6391333333333333,5.233101430530677,-19.75,11.38,2.5345,5.841491996913118,-7.51,19.75,0.10176666666666667,1.739936745657407,-6.38,5.46,0.9968387813607201,0.011195766118408269,143.0,90.3881118881119,4.8978523695624245,78.0,109.0,91.0,31.0,88.0,93.66666666666666,5.666666666666657,86.0,86.0,0.0,0.0,3.788732394366197,26.0,-0.015011299342285254
fist_open,tyler,combined_all,/Users/tylerchen/Cosmos-Gesture-Recognition-/processed/session_tyler_discrete/sessions/tyler_fist_open_007,30.0,243277.83333333334,2934.619799653529,238525.0,249365.0,241230.0,247483.0,6253.0,0.3333333333333333,0.6497862896539309,0.0,0.0,0.0,301.0,301.0,0.9134750830564785,0.02475366693274588,0.823,0.97,0.1646046511627907,0.01844719081048869,0.108,0.229,-0.3618720930232558,0.047002169354648154,-0.524,-0.272,-1.0536710963455151,6.1277936658114776,-28.23,10.59,3.9067940199335554,6.7342868742785615,-7.39,24.72,-0.09774086378737541,2.678746709349061,-9.95,7.69,0.9977418098126482,0.012504319643078014,136.0,85.66176470588235,6.5435527650253595,66.0,97.0,86.0,31.0,81.0,91.0,10.0,79.0,84.0,5.0,5.0,3.3703703703703702,17.0,0.06738228137970499
fist_open,tyler,combined_all,/Users/tylerchen/Cosmos-Gesture-Recognition-/processed/session_tyler_discrete/sessions/tyler_fist_open_008,30.0,252748.73333333334,21678.69524968901,228129.0,307143.0,269065.0,283619.0,14554.0,1.4333333333333333,1.9267128022157902,0.0,0.0,0.0,301.0,301.0,0.930503322259136,0.02077647363751866,0.862,0.973,0.13291528239202655,0.015556572325812267,0.089,0.171,-0.33059136212624585,0.050296603239981925,-0.499,-0.273,-1.2782724252491695,3.898807851552319,-16.27,8.45,3.289767441860465,5.975933638749609,-3.33,26.92,0.11132890365448501,2.0897863220647297,-4.39,8.61,0.9979441713048506,0.010217719736935766,151.0,84.6523178807947,6.132425669473009,66.0,99.0,84.0,33.0,81.0,88.0,7.0,85.0,85.0,0.0,0.0,2.7066666666666666,30.0,-0.012208086441269337
one_arm_boxing,tyler,combined_all,/Users/tylerchen/Cosmos-Gesture-Recognition-/processed/session_tyler_periodic/sessions/tyler_one_arm_boxing_001_seg000,30.0,498722.85,129232.49849045648,277006.0,807389.0,277006.0,386479.0,109473.0,7.766666666666667,2.538809869910615,0.0,0.0,0.0,300.0,300.0,0.5435833333333333,0.46585090932853424,-0.799,1.346,0.05678,0.37332386958243113,-1.259,0.954,-0.66165,0.3689082733779044,-1.397,0.258,-10.617683333333334,42.484188194765366,-118.26,156.65,0.5316999999999992,63.529664310803135,-156.25,108.62,-1.8548999999999993,76.22707613652338,-108.83,206.95,1.0898200432224696,0.20312779242939802,150.0,84.91,6.164977397259849,64.0,97.0,86.0,33.0,82.25,89.0,6.75,73.0,85.0,12.0,12.0,3.248322147651007,19.0,0.04054135739366167
one_arm_boxing,tyler,combined_all,/Users/tylerchen/Cosmos-Gesture-Recognition-/processed/session_tyler_periodic/sessions/tyler_one_arm_boxing_001_seg001,30.0,484986.0333333333,131810.1189672688,282633.0,717605.0,300591.0,566288.0,265697.0,8.2,2.749545416973504,0.0,0.0,0.0,300.0,300.0,0.3993,0.4181422365655017,-0.494,1.196,0.13104166666666667,0.2783709678897727,-0.578,0.685,-0.7665,0.34965871455844866,-1.427,-0.028,2.458999999999999,32.197874986816544,-73.55,88.5,-5.686033333333336,68.13043623764801,-163.27,93.08,-0.9708000000000008,65.00066162760704,-115.79,144.99,1.058355784984787,0.1364266587678817,149.0,87.65436241610739,3.3836347644387463,77.0,95.0,88.0,18.0,86.0,90.0,4.0,89.0,88.0,-1.0,1.0,2.2905405405405403,12.0,0.029054961001269204
one_arm_boxing,tyler,combined_all,/Users/tylerchen/Cosmos-Gesture-Recognition-/processed/session_tyler_periodic/sessions/tyler_one_arm_boxing_001_seg002,30.0,482588.86666666664,115378.80125185716,270734.0,710430.0,519385.0,342029.0,-177356.0,8.866666666666667,2.963481436119049,0.0,0.0,0.0,300.0,300.0,0.4841233333333333,0.4422183413830271,-0.489,1.082,0.12614666666666666,0.32404661982841637,-0.939,0.731,-0.6844833333333333,0.3655036475726185,-1.393,-0.019,2.140533333333334,36.86516834423639,-84.11,128.3,-7.592633333333334,63.50927439935228,-148.5,104.74,11.770166666666665,66.72070008354896,-104.01,180.79,1.0620353359866412,0.1582496501809993,150.0,87.88666666666667,2.5835999718063305,80.0,93.0,88.0,13.0,86.0,90.0,4.0,89.0,88.0,-1.0,1.0,2.4630872483221475,10.0,-0.006398506600293338
one_arm_boxing,tyler,combined_all,/Users/tylerchen/Cosmos-Gesture-Recognition-/processed/session_tyler_periodic/sessions/tyler_one_arm_boxing_002_seg000,30.0,499786.68333333335,80106.73338737235,317582.0,617401.0,616322.0,414159.0,-202163.0,8.566666666666666,2.654346540215794,0.0,0.0,0.0,300.0,300.0,0.5308833333333333,0.4502110946236467,-0.533,1.168,0.14281666666666668,0.3084141096894816,-1.048,0.767,-0.6438600000000001,0.37299130517122425,-1.523,0.2,-1.247633333333334,35.455610219901104,-98.18,78.04,-11.090266666666665,67.25320783374492,-154.15,131.2,9.654366666666668,62.121803176760906,-83.16,190.8,1.0598789715055346,0.17429224239870725,150.0,87.65333333333334,3.2044152984470817,78.0,95.0,88.0,17.0,86.0,90.0,4.0,81.0,91.0,10.0,10.0,2.1879194630872485,14.0,0.02119916440730676
one_arm_boxing,tyler,combined_all,/Users/tylerchen/Cosmos-Gesture-Recognition-/processed/session_tyler_periodic/sessions/tyler_one_arm_boxing_002_seg001,30.0,428456.4666666667,86270.86630364982,274692.0,642229.0,347697.0,341541.0,-6156.0,8.183333333333334,2.0286603863049537,0.0,0.0,0.0,300.0,300.0,0.3991733333333333,0.4385319714177697,-0.732,1.033,0.11333499999999998,0.2787686052535328,-0.888,1.164,-0.7556966666666667,0.3005674045127907,-1.427,-0.002,1.030883333333333,34.859784269313195,-93.51,163.98,9.552166666666665,64.82869343872528,-143.47,117.5,-11.564200000000001,57.95449476695775,-98.03,145.85,1.0415360653187324,0.1372123857639664,150.0,86.73333333333333,3.099397357891193,79.0,94.0,87.0,15.0,84.0,89.0,5.0,89.0,86.0,-3.0,3.0,2.5167785234899327,14.0,-0.007132761456065392
one_arm_boxing,tyler,combined_all,/Users/tylerchen/Cosmos-Gesture-Recognition-/processed/session_tyler_periodic/sessions/tyler_one_arm_boxing_002_seg002,30.0,466896.23333333334,138361.434970559,256551.0,803067.0,268448.0,300336.0,31888.0,7.916666666666667,3.4011844342163444,0.0,0.0,0.0,300.0,300.0,0.25973666666666667,0.4789625809902992,-0.883,0.933,0.03694666666666666,0.23691422601627132,-0.771,0.427,-0.8539566666666667,0.21632985952526806,-1.432,-0.397,4.659366666666666,31.210674358818686,-94.36,101.6,-13.905916666666666,54.93704971216045,-218.88,86.92,10.185633333333337,66.60886959906732,-115.73,170.35,1.0525229119290058,0.15032569041191732,150.0,86.75,3.645236847977419,79.0,94.0,87.0,15.0,84.0,90.0,6.0,81.0,91.0,10.0,10.0,2.2818791946308723,10.0,0.00419129739099527
one_arm_boxing,tyler,combined_all,/Users/tylerchen/Cosmos-Gesture-Recognition-/processed/session_tyler_periodic/sessions/tyler_one_arm_boxing_003_seg000,30.0,477196.18333333335,97589.17543307791,289071.0,690830.0,442549.0,449111.0,6562.0,8.633333333333333,3.092823233803632,0.0,0.0,0.0,301.0,301.0,0.407141196013289,0.43155781036258434,-0.586,1.098,0.11406312292358803,0.29056786994675937,-1.344,1.079,-0.7562757475083057,0.32210924516967343,-1.345,0.163,2.0228405315614615,41.12893671375186,-89.02,111.97,12.191860465116282,61.369039537982154,-134.65,135.26,-13.180664451827246,54.21779463766907,-88.75,147.04,1.050230217945833,0.14889607664082272,150.0,87.05333333333333,3.353980795077833,77.0,93.0,87.0,16.0,85.0,90.0,5.0,88.0,84.0,-4.0,4.0,2.161073825503356,13.0,0.01651510437500855
one_arm_boxing,tyler,combined_all,/Users/tylerchen/Cosmos-Gesture-Recognition-/processed/session_tyler_periodic/sessions/tyler_one_arm_boxing_003_seg001,30.0,502621.8,139380.99158550997,274338.0,869924.0,574444.0,616012.0,41568.0,9.633333333333333,3.1474269326381985,0.0,0.0,0.0,300.0,300.0,0.2674033333333333,0.4719630571583142,-0.952,1.021,0.10504833333333335,0.3090858108959747,-1.429,0.784,-0.8275833333333332,0.25991562038904514,-1.405,-0.263,-3.017383333333334,32.39351776569487,-84.17,110.05,-0.1743000000000014,74.28681362918097,-170.2,112.83,-1.063066666666664,73.00931781580272,-94.97,177.07,1.058353439450377,0.1821020630586701,150.0,86.97666666666667,3.22809430487452,79.0,95.0,88.0,16.0,84.0,89.875,5.875,82.0,84.0,2.0,2.0,2.214765100671141,8.0,0.02925374461087118
one_arm_boxing,tyler,combined_all,/Users/tylerchen/Cosmos-Gesture-Recognition-/processed/session_tyler_periodic/sessions/tyler_one_arm_boxing_003_seg002,30.0,469946.3,107781.46630695218,298803.0,642862.0,642862.0,309096.0,-333766.0,9.3,2.5053276565484737,0.0,0.0,0.0,300.0,300.0,0.44752,0.5322590562248174,-1.172,1.236,0.2301066666666666,0.40337194823416045,-1.665,1.291,-0.64578,0.4091208928096111,-1.62,0.443,7.612400000000003,50.846565064974314,-107.33,190.19,-9.889233333333337,85.20925084605284,-206.61,189.37,14.002933333333331,78.38243272610403,-140.78,245.58,1.105491852050365,0.24805511158528354,150.0,87.50333333333333,3.953847746937873,78.0,94.0,88.0,16.0,84.0,91.0,7.0,81.0,91.0,10.0,10.0,1.8523489932885906,9.0,0.004996073899579989
clapping,tyler,combined_all,/Users/tylerchen/Cosmos-Gesture-Recognition-/processed/session_tyler_periodic/sessions/tyler_clapping_001_seg000,30.0,344684.86666666664,55647.555461639975,267127.0,446483.0,267127.0,446483.0,179356.0,6.166666666666667,2.544056253745625,0.0,0.0,0.0,300.0,300.0,0.31468,0.3368706736243869,-1.233,1.764,-0.8152966666666667,0.6119526795340379,-3.742,0.623,0.7375900000000001,0.8208840890410416,-2.261,2.309,0.18006666666666604,167.74563166762238,-758.32,588.43,-19.246683333333333,123.04113292938268,-442.98,238.17,-1.485816666666666,32.637421536988114,-120.27,77.03,1.4669909667229502,0.5634955981272789,87.0,4.557471264367816,3.527652628310379,1.0,16.0,4.0,15.0,2.0,6.0,4.0,14.0,3.0,-11.0,11.0,1.941860465116279,8.0,-0.06354341328278776
clapping,tyler,combined_all,/Users/tylerchen/Cosmos-Gesture-Recognition-/processed/session_tyler_periodic/sessions/tyler_clapping_001_seg001,30.0,373079.6,62485.703647367736,284323.0,565776.0,435968.0,565776.0,129808.0,6.9,2.0591260281974,0.0,0.0,0.0,300.0,300.0,0.27799833333333335,0.3069214012924096,-1.095,1.622,-0.8789083333333334,0.7593414564150673,-3.971,0.606,0.7229800000000001,0.9757583039606418,-2.981,2.032,1.4047500000000022,229.46048139535378,-833.09,593.31,-9.069833333333333,139.37009587296296,-496.75,349.71,0.0371333333333331,34.22824332500217,-118.99,74.25,1.5907813125470671,0.6817494331056825,91.0,3.791208791208791,2.401464754484847,1.0,10.0,3.0,9.0,2.0,5.0,3.0,2.0,3.0,1.0,1.0,2.1,8.0,-0.003774486383182013
clapping,tyler,combined_all,/Users/tylerchen/Cosmos-Gesture-Recognition-/processed/session_tyler_periodic/sessions/tyler_clapping_001_seg002,30.0,361610.0,51206.44556563818,265755.0,447012.0,331285.0,299291.0,-31994.0,6.966666666666667,1.9058389811897074,0.0,0.0,0.0,300.0,300.0,0.3100066666666667,0.31999383465125514,-1.333,1.555,-0.8217333333333333,0.8095443691086706,-4.0,0.736,0.67962,0.9700198334398461,-2.85,2.039,1.8539833333333298,211.13644904450723,-751.82,575.43,-17.02225,123.91271175450147,-439.25,244.33,2.059483333333333,38.69423985103884,-99.0,108.07,1.5685963897499815,0.6866113398344431,76.0,2.9539473684210527,2.4660057198892127,1.0,11.0,2.0,10.0,1.0,4.0,3.0,8.0,4.0,-4.0,4.0,1.4666666666666666,7.0,-0.04356117566643875
clapping,tyler,combined_all,/Users/tylerchen/Cosmos-Gesture-Recognition-/processed/session_tyler_periodic/sessions/tyler_clapping_002_seg000,30.0,375507.8,73257.28508592166,248544.0,532554.0,325106.0,532554.0,207448.0,6.766666666666667,2.6291105382281326,0.0,0.0,0.0,300.0,300.0,0.28529166666666667,0.3743414929666246,-1.293,1.538,-0.83095,0.8968991571272411,-4.0,0.831,0.6455299999999999,1.063864134856201,-2.921,1.996,-2.218733333333336,228.42461299057845,-774.41,490.55,-15.55525,124.25841378160608,-423.47,249.64,0.12258333333333364,36.50594596879238,-100.19,83.53,1.6419948276430194,0.7541868159205556,65.0,2.9076923076923076,1.8872357176161523,1.0,7.0,2.0,6.0,1.0,4.0,3.0,2.0,1.0,-1.0,1.0,1.703125,6.0,0.001879370629370608
clapping,tyler,combined_all,/Users/tylerchen/Cosmos-Gesture-Recognition-/processed/session_tyler_periodic/sessions/tyler_clapping_002_seg001,30.0,389756.95,52260.68199681766,293449.0,494572.0,435040.0,349905.0,-85135.0,7.5,1.7654083569153813,0.0,0.0,0.0,300.0,300.0,0.28351333333333334,0.3257302889178692,-1.069,1.723,-0.8640783333333334,0.9229147024674358,-4.0,0.954,0.6724550000000001,1.0513102921949353,-2.811,2.203,11.55605,206.08647973758247,-801.26,596.36,-12.503249999999998,135.6757556938413,-469.59,361.28,1.4293666666666665,40.93490880164372,-128.91,88.99,1.648740782425315,0.7899277405753788,109.0,4.91743119266055,2.9024453870663582,1.0,12.0,5.0,11.0,2.0,7.0,5.0,4.0,1.0,-3.0,3.0,1.8240740740740742,7.0,-0.01508973527322146
clapping,tyler,combined_all,/Users/tylerchen/Cosmos-Gesture-Recognition-/processed/session_tyler_periodic/sessions/tyler_clapping_002_seg002,30.0,380941.8333333333,67042.05288030457,274259.0,531443.0,402160.0,297238.0,-104922.0,6.816666666666666,2.115353923631273,0.0,0.0,0.0,300.0,300.0,0.298185,0.35715108554312086,-1.609,1.438,-0.8648916666666666,0.887290789230215,-4.0,1.125,0.6139800000000001,1.0296036976573217,-2.953,1.912,4.304550000000003,210.58441967589312,-737.08,474.23,-5.896266666666667,118.68541214584414,-405.19,208.35,-1.1522333333333332,35.108414532348014,-101.44,84.84,1.6134623925215106,0.765237253667282,76.0,3.0197368421052633,1.697921846402604,1.0,8.0,3.0,7.0,2.0,4.0,2.0,1.0,5.0,4.0,4.0,1.3333333333333333,6.0,0.01381408065618596
clapping,tyler,combined_all,/Users/tylerchen/Cosmos-Gesture-Recognition-/processed/session_tyler_periodic/sessions/tyler_clapping_003_seg000,30.0,369532.4666666667,56264.048166796136,274888.0,513037.0,289330.0,388009.0,98679.0,6.35,2.2328979675151603,0.0,0.0,0.0,300.0,300.0,0.30242,0.33007251516396613,-1.555,1.417,-0.83794,0.747337194033045,-3.864,0.758,0.59216,0.9961928551165107,-2.521,1.886,-1.3291833333333323,197.08591765553604,-690.63,528.89,-14.7232,130.123560353586,-415.11,197.49,-0.8364666666666668,35.69683783636242,-106.45,94.55,1.5462227129413924,0.6428927119054915,100.0,3.225,1.9074217089457632,1.0,8.0,3.0,7.0,2.0,4.0,2.0,1.0,3.0,2.0,2.0,1.6161616161616161,5.0,-0.007893789378937912
clapping,tyler,combined_all,/Users/tylerchen/Cosmos-Gesture-Recognition-/processed/session_tyler_periodic/sessions/tyler_clapping_003_seg001,30.0,392413.95,71434.63129163964,290855.0,555138.0,369555.0,343778.0,-25777.0,7.533333333333333,1.5807874268505835,0.0,0.0,0.0,300.0,300.0,0.3004716666666667,0.32461568849293276,-1.249,1.695,-0.8250366666666665,0.7419813582052275,-3.966,1.059,0.5783183333333333,0.992214890599235,-2.99,1.98,-3.856950000000006,197.81384658918714,-722.13,433.7,-12.61985,123.50859392120925,-450.42,273.6,0.2438499999999999,36.55532483684833,-108.92,96.44,1.5235990138620872,0.6515128039482228,105.0,3.1666666666666665,1.8562092609705458,1.0,8.0,3.0,7.0,1.0,4.0,3.0,5.0,5.0,0.0,0.0,1.6153846153846154,6.0,-0.00968795355587811
clapping,tyler,combined_all,/Users/tylerchen/Cosmos-Gesture-Recognition-/processed/session_tyler_periodic/sessions/tyler_clapping_003_seg002,30.0,366371.05,66454.30136897964,273925.0,540762.0,419175.0,308471.0,-110704.0,6.8,1.79835315610535,0.0,0.0,0.0,300.0,300.0,0.32557500000000006,0.3558452990767196,-1.599,1.583,-0.8238166666666668,0.7890283396896041,-3.746,0.865,0.5695583333333333,1.058968523220259,-3.015,1.999,2.5900166666666684,196.84270078224827,-646.2,487.23,-13.7902,136.87865220927134,-435.41,216.41,0.8752333333333335,37.52865879492039,-114.81,84.6,1.5734315084632904,0.7099217527494043,110.0,3.1863636363636365,2.0385844634872425,1.0,10.0,3.0,9.0,1.0,4.0,3.0,7.0,5.0,-2.0,2.0,1.3394495412844036,5.0,-0.005951656410372032
two_arm_boxing,tyler,combined_all,/Users/tylerchen/Cosmos-Gesture-Recognition-/processed/session_tyler_periodic/sessions/tyler_two_arm_boxing_001_seg000,30.0,632107.1,160522.29680729716,370171.0,946475.0,370171.0,878707.0,508536.0,9.333333333333334,2.637338725980331,0.0,0.0,0.0,300.0,300.0,0.618045,0.3950464092673163,-0.488,1.335,-0.25277666666666665,0.6217608276410543,-2.258,1.469,-0.44640666666666673,0.317765061991123,-1.531,0.342,-9.362433333333334,51.43120884325867,-173.92,102.21,5.847533333333333,47.98667096790756,-130.01,79.41,-17.50383333333334,107.19569746172444,-176.46,232.58,1.0959402149443007,0.29612910940079246,146.0,45.88013698630137,13.8017260172017,12.0,91.0,42.5,79.0,36.0,56.0,20.0,31.0,41.0,10.0,10.0,5.227586206896552,25.0,0.020529950289043076
two_arm_boxing,tyler,combined_all,/Users/tylerchen/Cosmos-Gesture-Recognition-/processed/session_tyler_periodic/sessions/tyler_two_arm_boxing_001_seg001,30.0,656668.9166666666,111279.57156595,467089.0,875323.0,757209.0,637425.0,-119784.0,10.316666666666666,2.5510890920458964,0.0,0.0,0.0,300.0,300.0,0.45525833333333326,0.3593574239824416,-0.926,0.914,-0.049946666666666605,1.0288318799276952,-3.309,3.232,-0.24847666666666668,0.4894340161065863,-1.596,1.519,7.115899999999998,50.32590480912059,-143.28,195.78,-8.611733333333332,63.5595947411736,-156.9,123.08,3.0564,154.545191204299,-260.11,365.73,1.183374443250699,0.5461674211892408,150.0,49.12,15.671617571758068,22.0,78.0,46.5,56.0,36.25,63.0,26.75,41.0,26.0,-15.0,15.0,4.624161073825503,30.0,0.04071647628783489
two_arm_boxing,tyler,combined_all,/Users/tylerchen/Cosmos-Gesture-Recognition-/processed/session_tyler_periodic/sessions/tyler_two_arm_boxing_001_seg002,30.0,664383.5833333334,162263.73319599606,378774.0,1002573.0,684925.0,739350.0,54425.0,9.8,3.102687007525359,0.0,0.0,0.0,301.0,301.0,0.5126810631229236,0.36553974738343054,-0.934,1.167,0.014704318936877106,0.9855467522876842,-2.478,3.097,-0.3013787375415283,0.45975670593358164,-2.017,1.096,-0.03852159468438434,70.79142792033767,-232.89,298.96,-8.362491694352158,63.25476125977128,-185.58,138.89,3.6304651162790695,154.99032815966123,-221.23,336.56,1.174821794721372,0.5384969081460642,150.0,48.92333333333333,16.9964205338056,22.0,78.0,44.0,56.0,33.0,66.0,33.0,22.0,59.0,37.0,37.0,3.9261744966442955,18.0,0.16907329214631753
two_arm_boxing,tyler,combined_all,/Users/tylerchen/Cosmos-Gesture-Recognition-/processed/session_tyler_periodic/sessions/tyler_two_arm_boxing_002_seg000,30.0,709031.35,168610.25930387265,326150.0,991987.0,619572.0,845379.0,225807.0,9.766666666666667,2.128118626601649,0.0,0.0,0.0,300.0,300.0,0.38385,0.3673443957549817,-1.301,1.058,-0.04637,1.177495098262975,-3.937,4.0,-0.18963,0.39978209869044073,-1.482,1.397,7.570266666666666,63.187045981980276,-173.5,274.15,-7.8047666666666675,49.686943505769754,-157.78,112.52,-1.4747833333333331,188.12410685910615,-291.51,449.54,1.1899165713185154,0.6714249232496868,150.0,42.60666666666667,13.360839636571628,21.0,72.0,43.0,51.0,31.0,54.0,23.0,23.0,31.0,8.0,8.0,4.134228187919463,37.0,0.03273567714120619
two_arm_boxing,tyler,combined_all,/Users/tylerchen/Cosmos-Gesture-Recognition-/processed/session_tyler_periodic/sessions/tyler_two_arm_boxing_002_seg001,30.0,653666.9666666667,186966.09255682048,315517.0,1094538.0,575081.0,639065.0,63984.0,10.516666666666667,2.7522213250794754,0.0,0.0,0.0,300.0,300.0,0.39830333333333334,0.35389949324945663,-1.053,1.06,0.059723333333333385,1.1387002269205397,-2.781,3.814,-0.20485,0.46348644083007795,-2.142,1.341,0.2786333333333323,66.2109820029796,-239.42,244.18,-5.194400000000001,66.12946010143033,-186.41,102.91,7.123499999999997,177.55097273201105,-294.78,392.38,1.2099515282127862,0.613918547291802,150.0,44.153333333333336,15.319631072479128,21.0,86.0,40.0,65.0,31.0,59.0,28.0,32.0,36.0,4.0,4.0,4.429530201342282,21.0,0.09065114005066878
two_arm_boxing,tyler,combined_all,/Users/tylerchen/Cosmos-Gesture-Recognition-/processed/session_tyler_periodic/sessions/tyler_two_arm_boxing_002_seg002,30.0,677859.5,207069.46514696462,309789.0,1235570.0,682103.0,533126.0,-148977.0,9.933333333333334,2.2350739485653612,0.0,0.0,0.0,299.0,299.0,0.36330602006688967,0.4179036640246534,-1.603,0.828,-0.0018127090301003636,1.1941052478104741,-3.457,3.521,-0.15903344481605353,0.5109985259206848,-2.394,1.93,1.4184615384615393,76.97931368942356,-249.52,387.31,-10.123177257525086,61.632756326866,-157.48,122.07,1.0566555183946535,193.79743318876433,-293.71,486.68,1.2530896612410165,0.6698528169222425,150.0,44.35,15.684265307154334,18.0,98.0,41.0,80.0,31.0,58.0,27.0,39.0,46.0,7.0,7.0,4.395973154362416,38.0,0.09172289138776535
two_arm_boxing,tyler,combined_all,/Users/tylerchen/Cosmos-Gesture-Recognition-/processed/session_tyler_periodic/sessions/tyler_two_arm_boxing_003_seg000,30.0,675294.25,112876.36829120832,370494.0,1105268.0,671364.0,698848.0,27484.0,11.033333333333333,2.373230334843675,0.0,0.0,0.0,300.0,300.0,0.3799,0.4436133113422094,-1.109,1.179,-0.10538333333333331,1.232582969673697,-3.076,4.0,-0.12625166666666668,0.4202544239274056,-1.687,1.701,2.889833333333333,91.53071655081456,-322.79,309.27,-11.285566666666666,59.0999490243341,-183.14,169.5,-1.1429666666666678,199.16966902166325,-327.65,412.79,1.2593512195695196,0.6914267669171512,149.0,40.22147651006711,12.054406863558853,16.0,66.0,38.0,50.0,31.0,52.0,21.0,60.0,55.0,-5.0,5.0,3.8716216216216215,20.0,-0.09842916742245604
two_arm_boxing,tyler,combined_all,/Users/tylerchen/Cosmos-Gesture-Recognition-/processed/session_tyler_periodic/sessions/tyler_two_arm_boxing_003_seg001,30.0,731801.3833333333,125021.70570730946,430728.0,1042885.0,761123.0,1042885.0,281762.0,10.166666666666666,2.4910952522044507,0.0,0.0,0.0,300.0,300.0,0.41358,0.4333397707726967,-1.145,1.212,-0.0735966666666667,1.1102609125736567,-2.27,3.472,-0.08004333333333333,0.3374727467350347,-1.659,1.567,3.6129000000000002,106.30167078299694,-319.86,406.51,-6.994300000000002,56.0777003556375,-139.62,193.82,-13.002483333333334,181.18116917489814,-266.98,476.79,1.1960250929414458,0.5354869781059782,150.0,39.45,12.44784421108152,17.0,67.0,39.0,50.0,28.25,49.0,20.75,54.0,24.0,-30.0,30.0,3.8120805369127515,16.0,-0.11797591004044643
two_arm_boxing,tyler,combined_all,/Users/tylerchen/Cosmos-Gesture-Recognition-/processed/session_tyler_periodic/sessions/tyler_two_arm_boxing_003_seg002,30.0,582430.1166666667,105333.8451783727,368391.0,804550.0,710111.0,432200.0,-277911.0,10.416666666666666,2.033401638196995,0.0,0.0,0.0,300.0,300.0,0.29623499999999997,0.48680641454069085,-1.419,1.295,-0.14224666666666666,1.3299675581841168,-4.0,4.0,-0.037366666666666666,0.4302936764152629,-1.655,2.354,8.717233333333333,112.32131456382425,-388.74,614.34,-17.039166666666667,48.96106411192696,-121.31,214.45,-11.0293,211.20246023624662,-377.48,499.31,1.28979572160739,0.7979720500913398,150.0,39.766666666666666,10.269867161448374,22.0,57.0,39.0,35.0,32.0,50.0,18.0,47.0,29.0,-18.0,18.0,3.1006711409395975,14.0,-0.06733514082107375
soli,tyler,combined_all,/Users/tylerchen/Cosmos-Gesture-Recognition-/processed/session_tyler_periodic/sessions/tyler_soli_001_seg000,30.0,356033.35,43451.7074496024,300084.0,469048.0,452255.0,330151.0,-122104.0,5.9,2.005824851110718,0.0,0.0,0.0,300.0,300.0,0.3529033333333333,0.14579710695448073,-0.063,0.763,-0.870545,0.1572083793856869,-1.399,-0.316,0.33207000000000003,0.16916327995515215,-0.108,0.668,6.565066666666668,49.08824897357668,-114.72,139.62,-0.07943333333333309,27.4250193560349,-97.45,88.32,2.537333333333332,22.991916540867624,-51.73,70.35,1.0250727203109515,0.1283481550612982,150.0,61.79666666666667,2.986039478529681,56.0,70.0,61.0,14.0,60.0,63.0,3.0,66.0,60.0,-6.0,6.0,2.0,10.0,-0.026361171607627083
soli,tyler,combined_all,/Users/tylerchen/Cosmos-Gesture-Recognition-/processed/session_tyler_periodic/sessions/tyler_soli_001_seg001,30.0,310355.0,43345.91896438079,265572.0,472997.0,283347.0,297030.0,13683.0,3.7333333333333334,2.0965580258021848,0.0,0.0,0.0,300.0,300.0,0.34869166666666673,0.09322429183406523,0.087,0.621,-0.8540350000000001,0.16521864519310295,-1.403,-0.506,0.410205,0.10863132482971594,0.136,0.947,1.2133666666666665,54.25991210384889,-107.67,180.15,0.6751166666666668,28.346679989402183,-66.04,75.32,-0.9251333333333333,21.864930607337946,-45.9,66.1,1.0215257630420482,0.1533090053969609,150.0,62.416666666666664,1.9450648845017227,58.0,68.0,62.0,10.0,61.0,64.0,3.0,59.0,58.0,-1.0,1.0,1.4161073825503356,6.0,-0.0004933552602339712
soli,tyler,combined_all,/Users/tylerchen/Cosmos-Gesture-Recognition-/processed/session_tyler_periodic/sessions/tyler_soli_001_seg002,30.0,306464.98333333334,30783.565038962846,261700.0,378047.0,319209.0,268722.0,-50487.0,4.366666666666666,1.4996295838935991,0.0,0.0,0.0,300.0,300.0,0.292085,0.07621662048374334,0.098,0.531,-0.8349649999999998,0.1357774069496209,-1.299,-0.525,0.479475,0.11433155742465921,-0.132,0.765,-0.5740166666666672,45.81900034945979,-97.35,152.32,0.47988333333333344,21.943621048869506,-57.68,52.95,1.9434666666666665,16.467066480773745,-40.53,58.66,1.016282096281185,0.12985899026403372,150.0,61.64666666666667,2.047526289826749,57.0,68.0,61.0,11.0,60.0,63.0,3.0,57.0,63.0,6.0,6.0,1.5838926174496644,8.0,0.020377201949715963
soli,tyler,combined_all,/Users/tylerchen/Cosmos-Gesture-Recognition-/processed/session_tyler_periodic/sessions/tyler_soli_002_seg000,30.0,305754.5333333333,44567.5744233655,250658.0,410265.0,250658.0,284066.0,33408.0,3.533333333333333,2.9295430056959777,0.0,0.0,0.0,300.0,300.0,0.27920500000000004,0.08864364526219784,-0.029,0.567,-0.8562166666666667,0.12270368666923673,-1.259,-0.53,0.4442883333333333,0.09784979472054017,0.097,0.697,-0.47466666666666696,31.349427473063823,-68.61,111.79,1.3729833333333339,25.318271205785802,-76.39,62.9,0.2678500000000001,17.051393368114134,-37.75,49.41,1.0139094652440825,0.11371281643593215,150.0,59.623333333333335,4.3979619542727315,51.0,68.0,59.0,17.0,56.0,63.0,7.0,64.0,58.0,-6.0,6.0,1.9597315436241611,8.0,-0.04932041424063299
soli,tyler,combined_all,/Users/tylerchen/Cosmos-Gesture-Recognition-/processed/session_tyler_periodic/sessions/tyler_soli_002_seg001,30.0,284281.5333333333,27504.034767627985,247469.0,393896.0,292304.0,290325.0,-1979.0,2.2,1.3759844960366863,0.0,0.0,0.0,299.0,299.0,0.276866220735786,0.0692401272450343,0.093,0.496,-0.8452742474916388,0.10079454528263544,-1.09,-0.417,0.47519732441471574,0.09432683169848423,0.22,0.783,0.510551839464883,33.449456061584534,-67.54,99.46,-0.9345150501672241,23.159262007630293,-62.9,52.16,1.3574414715719065,19.27761488754079,-96.29,46.24,1.0155208981982824,0.0975937849888385,150.0,61.02333333333333,2.09247702601479,56.0,68.0,61.0,12.0,59.0,62.0,3.0,57.0,63.0,6.0,6.0,1.7986577181208054,6.0,0.005729736136420853
soli,tyler,combined_all,/Users/tylerchen/Cosmos-Gesture-Recognition-/processed/session_tyler_periodic/sessions/tyler_soli_002_seg002,30.0,283308.55,20245.304320734886,255850.0,354297.0,266064.0,276717.0,10653.0,2.3333333333333335,1.1855612829185826,0.0,0.0,0.0,300.0,300.0,0.2605516666666667,0.06975756574525593,0.021,0.446,-0.8681916666666668,0.1058116759336553,-1.135,-0.589,0.4510416666666667,0.10825612558581549,0.126,0.737,-0.6715000000000001,32.81582560529915,-84.51,71.29,0.06060000000000012,30.402349662046404,-67.9,94.15,0.2732333333333334,16.103355751876112,-40.31,36.23,1.0225925601470445,0.0846675825982057,150.0,60.36,1.9866331844092338,55.0,66.0,60.0,11.0,59.0,61.0,2.0,60.0,61.0,1.0,1.0,1.832214765100671,7.0,-0.002160096004267068
soli,tyler,combined_all,/Users/tylerchen/Cosmos-Gesture-Recognition-/processed/session_tyler_periodic/sessions/tyler_soli_003_seg000,30.0,273345.2,19806.974910201036,248304.0,360793.0,273653.0,267648.0,-6005.0,1.2333333333333334,1.358512258154322,0.0,0.0,0.0,299.0,299.0,0.2564682274247492,0.06389243920822338,0.101,0.512,-0.8370150501672241,0.100574022576747,-1.115,-0.562,0.5182926421404682,0.08041594256133781,0.316,0.802,-0.8074916387959864,33.37815340375466,-90.58,65.58,0.6223745819397994,24.628490518045986,-44.43,75.56,-1.7705351170568562,15.79356760800785,-41.26,28.44,1.0247085815902577,0.07505886503495886,150.0,60.11666666666667,3.2322912825305585,52.0,69.0,60.0,17.0,58.0,62.0,4.0,57.0,56.0,-1.0,1.0,2.261744966442953,8.0,0.010324903329036107
soli,tyler,combined_all,/Users/tylerchen/Cosmos-Gesture-Recognition-/processed/session_tyler_periodic/sessions/tyler_soli_003_seg001,30.0,268973.5333333333,10802.683070988533,255337.0,309232.0,255915.0,265938.0,10023.0,1.5333333333333334,1.384035966135113,0.0,0.0,0.0,301.0,301.0,0.28031893687707643,0.0508923782986766,0.01,0.447,-0.8341810631229236,0.09112820013949463,-1.067,-0.53,0.4947657807308969,0.07843960920079805,0.303,0.775,-0.3569767441860466,30.906878828359,-73.31,64.03,-2.3395016611295687,21.15343095764603,-74.01,47.88,0.7827076411960133,14.577781313839486,-33.27,58.14,1.0153305943484288,0.07335441178442867,150.0,59.473333333333336,3.0997029036630077,53.0,67.0,59.0,14.0,57.0,61.0,4.0,53.0,61.0,8.0,8.0,1.919463087248322,8.0,0.052554039438789724
soli,tyler,combined_all,/Users/tylerchen/Cosmos-Gesture-Recognition-/processed/session_tyler_periodic/sessions/tyler_soli_003_seg002,30.0,306618.3,30629.420515352496,245935.0,372511.0,293081.0,250947.0,-42134.0,4.816666666666666,2.2674630953752892,0.0,0.0,0.0,300.0,300.0,0.31909666666666664,0.06107140862835776,0.172,0.553,-0.8390366666666668,0.0871600844551118,-1.06,-0.611,0.4720483333333334,0.09965206589912205,0.201,0.741,-1.6768,30.780090360382854,-88.81,65.31,1.9903000000000002,26.10719227039425,-48.52,85.51,-0.5700999999999995,20.211532244158697,-65.89,38.7,1.0217675248139126,0.07670134574669493,150.0,61.38,3.0331944310208403,55.0,70.0,61.0,15.0,60.0,63.0,3.0,62.0,63.0,1.0,1.0,2.302013422818792,11.0,0.017684341526289723
palm_up_down,tyler,combined_all,/Users/tylerchen/Cosmos-Gesture-Recognition-/processed/session_tyler_periodic/sessions/tyler_palm_up_down_001_seg000,30.0,356968.48333333334,57556.94364460343,271250.0,460441.0,382332.0,346199.0,-36133.0,5.15,2.1492246664010413,0.0,0.0,0.0,299.0,299.0,0.10511371237458192,0.6448069157828584,-0.721,1.032,-0.1048010033444816,0.2981913394933295,-0.553,0.407,-0.6178010033444815,0.3385098636548652,-1.108,-0.003,1.7523745819397996,37.61900099906137,-79.71,92.72,-18.49468227424748,168.40385347640273,-355.48,276.59,10.854531772575251,80.13787711673812,-136.42,220.77,1.005025911363759,0.11364902742185724,150.0,74.60333333333334,9.514337663664518,62.0,99.0,70.0,37.0,69.0,79.75,10.75,92.0,70.0,-22.0,22.0,1.825503355704698,8.0,-0.07316384431900688
palm_up_down,tyler,combined_all,/Users/tylerchen/Cosmos-Gesture-Recognition-/processed/session_tyler_periodic/sessions/tyler_palm_up_down_001_seg001,30.0,343803.65,60425.39088484106,248409.0,492209.0,364600.0,316775.0,-47825.0,4.233333333333333,2.0604745947367453,0.0,0.0,0.0,301.0,301.0,0.2746495016611296,0.6461465954657485,-0.699,1.225,-0.01580730897009966,0.32708669597993983,-0.68,0.482,-0.5327558139534885,0.35854305265300124,-1.081,0.049,-0.035016611295682454,43.57731315349152,-112.25,113.47,-13.715880398671091,170.82600209861397,-408.86,306.34,6.7143853820598025,83.01801377212512,-134.62,251.96,0.9968627345929718,0.13718569745215028,149.0,75.73825503355705,8.667776588524445,60.0,94.0,72.0,34.0,69.0,83.0,14.0,71.0,74.0,3.0,3.0,2.2094594594594597,9.0,-0.04316161799383284
palm_up_down,tyler,combined_all,/Users/tylerchen/Cosmos-Gesture-Recognition-/processed/session_tyler_periodic/sessions/tyler_palm_up_down_001_seg002,30.0,362039.3333333333,69483.80746252244,276076.0,596261.0,276076.0,362758.0,86682.0,5.2,1.8330302779823362,0.0,0.0,0.0,299.0,299.0,0.48998829431438123,0.5170663139066989,-0.48,1.173,-0.0032859531772575427,0.31200518831562957,-0.742,0.437,-0.4859615384615385,0.40035253615155764,-1.167,0.062,0.49821070234113685,35.669760137414656,-81.21,111.76,24.51454849498328,143.13069410401044,-359.39,284.13,-11.20076923076923,76.46466936181898,-147.47,190.59,0.9947457735108615,0.10828551479999395,150.0,75.28333333333333,6.174861536003404,61.0,88.0,74.0,27.0,71.0,81.0,10.0,72.0,73.0,1.0,1.0,2.033557046979866,9.0,0.028590604026845514
palm_up_down,tyler,combined_all,/Users/tylerchen/Cosmos-Gesture-Recognition-/processed/session_tyler_periodic/sessions/tyler_palm_up_down_002_seg000,30.0,342158.06666666665,63618.65361494921,249165.0,485048.0,321706.0,310618.0,-11088.0,3.8666666666666667,2.291045370325278,0.0,0.0,0.0,300.0,300.0,0.3635216666666667,0.5467009425170896,-0.46,1.29,0.022101666666666655,0.3373026618371213,-0.722,0.523,-0.5499566666666668,0.45344963129571764,-1.165,0.133,4.426333333333335,48.435316156934725,-98.51,268.32,-2.9258333333333244,185.21654401530176,-504.47,401.38,2.4561333333333306,93.4451737672001,-217.6,268.35,1.0159318854126547,0.14574909801525152,150.0,79.64666666666666,6.102190900058817,69.0,90.0,78.0,21.0,74.0,86.0,12.0,76.0,71.0,-5.0,5.0,2.261744966442953,9.0,-0.0021316502955689115
palm_up_down,tyler,combined_all,/Users/tylerchen/Cosmos-Gesture-Recognition-/processed/session_tyler_periodic/sessions/tyler_palm_up_down_002_seg001,30.0,351099.86666666664,54086.70314010233,267204.0,460095.0,267275.0,300608.0,33333.0,5.066666666666666,1.6719914938645934,0.0,0.0,0.0,300.0,300.0,0.2968533333333333,0.5763517373579744,-0.504,1.422,0.029564999999999994,0.35645470354928327,-0.58,0.585,-0.5157333333333334,0.5051323148993296,-1.194,0.292,-3.811499999999999,44.36861443539416,-177.19,127.63,3.065633333333341,199.92305790461546,-543.69,365.18,3.795516666666663,93.10518408400463,-154.27,265.51,1.0189422663129366,0.17644675163288562,150.0,78.99333333333334,7.2731894046787415,70.0,97.0,76.0,27.0,73.0,85.375,12.375,70.0,75.0,5.0,5.0,1.9395973154362416,7.0,0.014708209253744565
palm_up_down,tyler,combined_all,/Users/tylerchen/Cosmos-Gesture-Recognition-/processed/session_tyler_periodic/sessions/tyler_palm_up_down_002_seg002,30.0,374666.36666666664,62915.84651857502,261809.0,510465.0,303607.0,290106.0,-13501.0,4.533333333333333,2.2764494771951833,0.0,0.0,0.0,300.0,300.0,0.2803783333333333,0.5658264377856713,-0.533,1.174,0.09821833333333332,0.317955607513178,-0.428,0.591,-0.55979,0.4926316669006706,-1.178,0.17,-3.218816666666666,32.741030602652025,-122.62,102.88,3.140700000000021,197.0422730697908,-535.17,431.41,4.895500000000002,97.12749543469485,-237.19,281.72,1.0203485586686427,0.15637710512734448,150.0,77.89666666666666,5.431790794059087,68.0,90.0,76.0,22.0,73.0,84.0,11.0,73.0,75.0,2.0,2.0,1.7181208053691275,6.0,-0.02350060002666802
palm_up_down,tyler,combined_all,/Users/tylerchen/Cosmos-Gesture-Recognition-/processed/session_tyler_periodic/sessions/tyler_palm_up_down_003_seg000,30.0,342299.81666666665,71975.78674161695,244137.0,547847.0,244137.0,289082.0,44945.0,4.366666666666666,1.9871811414385172,0.0,0.0,0.0,300.0,300.0,0.28957166666666667,0.6239189990406518,-0.832,1.415,0.06977499999999999,0.3070416560365493,-0.559,0.581,-0.5443416666666667,0.45169545134292516,-1.414,0.095,0.6583166666666664,36.53592163263462,-87.62,200.57,1.3592999999999786,202.63735406675804,-657.4,361.25,4.605266666666666,100.17280103365827,-143.99,330.18,1.0173527959496567,0.19390646217549395,148.0,76.5304054054054,5.190659570160994,67.0,89.0,76.0,22.0,73.0,81.0,8.0,89.0,82.0,-7.0,7.0,2.1020408163265305,8.0,-0.015583759351736514
palm_up_down,tyler,combined_all,/Users/tylerchen/Cosmos-Gesture-Recognition-/processed/session_tyler_periodic/sessions/tyler_palm_up_down_003_seg001,30.0,349246.06666666665,62063.137073431564,244094.0,484685.0,276467.0,274284.0,-2183.0,4.183333333333334,1.2143814154631245,0.0,0.0,0.0,300.0,300.0,0.38023333333333337,0.560233942702114,-0.572,1.076,0.07794166666666667,0.2895700718386305,-0.503,0.525,-0.5312983333333333,0.4499851721600267,-1.35,0.148,0.32991666666666597,32.01105824153671,-98.91,79.26,-0.04165000000000873,180.45709279408823,-516.92,362.35,3.777616666666672,89.02343647641177,-132.3,292.09,1.0064180477400282,0.1423111927803221,147.0,75.93877551020408,4.77647558753316,68.0,85.0,75.0,17.0,72.0,80.0,8.0,83.0,84.0,1.0,1.0,2.5,10.0,0.006921094983717468
palm_up_down,tyler,combined_all,/Users/tylerchen/Cosmos-Gesture-Recognition-/processed/session_tyler_periodic/sessions/tyler_palm_up_down_003_seg002,30.0,374295.85,88291.34662365937,248740.0,651078.0,271382.0,258276.0,-13106.0,4.466666666666667,2.2020192753218324,0.0,0.0,0.0,300.0,300.0,0.3617633333333333,0.5829505573564727,-0.67,1.255,0.05573333333333333,0.2809357973313871,-0.43,0.516,-0.55159,0.43047677664809436,-1.221,0.112,3.7231666666666676,36.76171323449419,-131.29,104.13,2.499333333333325,181.1028137519925,-450.58,308.6,2.4445833333333304,79.3009014476489,-145.63,212.68,1.0095165974655849,0.1522274978713605,150.0,76.73333333333333,4.707079726600423,66.0,89.0,77.0,23.0,73.0,80.0,7.0,82.0,82.0,0.0,0.0,2.2550335570469797,8.0,0.011179163518378742
pull,vibha,combined_all,/Users/tylerchen/Cosmos-Gesture-Recognition-/processed/session_vibha_discrete/sessions/vibha_pull_001,30.0,429873.8,139436.83973335978,259756.0,709385.0,409091.0,260031.0,-149060.0,6.133333333333334,2.729265265394496,0.0,0.0,0.0,301.0,301.0,0.785328903654485,0.12159899048748792,0.485,0.967,0.10984053156146178,0.09464555921324153,-0.091,0.323,-0.5660863787375416,0.15532864905243515,-0.964,-0.28,-2.363986710963455,15.416269851449595,-31.71,45.53,10.421495016611296,12.33416089596087,-15.02,36.26,-4.4514617940199335,14.414572932047774,-38.0,31.46,0.9975323562812242,0.04539274430886333,151.0,67.47019867549669,8.952324053577644,43.0,84.0,69.0,41.0,62.0,74.5,12.5,76.0,69.0,-7.0,7.0,3.006666666666667,20.0,-0.14271871732310928
pull,vibha,combined_all,/Users/tylerchen/Cosmos-Gesture-Recognition-/processed/session_vibha_discrete/sessions/vibha_pull_002,30.0,413146.81666666665,120615.52039479851,246162.0,636010.0,496790.0,255901.0,-240889.0,4.966666666666667,3.7459607875980527,0.0,0.0,0.0,302.0,302.0,0.8105314569536425,0.12662104087128787,0.26,0.987,0.2482086092715232,0.11119236147498511,-0.138,0.45,-0.4668443708609272,0.19012877125101935,-1.207,-0.187,-7.893162251655628,16.115167139600214,-54.38,37.66,8.425132450331127,18.14143652035836,-18.89,112.03,-3.4117880794701985,22.600087985121256,-102.82,37.2,0.9990953318420588,0.05353989001645224,151.0,77.77814569536424,21.042230217793726,32.0,135.0,77.0,103.0,68.5,83.0,14.5,84.0,110.0,26.0,26.0,5.32,93.0,-0.010451376786336808
pull,vibha,combined_all,/Users/tylerchen/Cosmos-Gesture-Recognition-/processed/session_vibha_discrete/sessions/vibha_pull_003,30.0,381259.45,104405.94715918167,246551.0,556748.0,251731.0,246551.0,-5180.0,4.3,2.2642143596988924,0.0,0.0,0.0,301.0,301.0,0.8162990033222591,0.12904282929720104,0.5,1.017,0.05710963455149502,0.08571851751266636,-0.146,0.266,-0.5252607973421927,0.17978368117815616,-0.837,-0.215,-2.959634551495017,15.604864659113135,-61.01,55.82,9.389717607973422,12.02723555185989,-22.98,38.94,-3.405249169435215,11.170713445944399,-35.98,29.24,1.000180335485933,0.03828397799192588,146.0,70.07534246575342,12.553930894998231,42.0,90.0,76.0,48.0,64.25,79.0,14.75,81.0,84.0,3.0,3.0,2.793103448275862,9.0,-0.14772155437517487
pull,vibha,combined_all,/Users/tylerchen/Cosmos-Gesture-Recognition-/processed/session_vibha_discrete/sessions/vibha_pull_004,30.0,377440.98333333334,123817.9201541847,240057.0,639546.0,317421.0,240057.0,-77364.0,4.616666666666666,2.8742631906088367,0.0,0.0,0.0,301.0,301.0,0.8041528239202658,0.13255351166785673,0.48,0.973,0.22082225913621262,0.1217525299165307,-0.036,0.439,-0.47990531561461797,0.2004513557406282,-0.866,-0.213,-4.011843853820598,13.570180555203775,-38.03,27.5,9.9943853820598,14.393024364939881,-22.1,50.42,-4.426644518272425,16.149011933092407,-58.99,22.95,0.9987448744608044,0.028581113645362068,151.0,74.34105960264901,13.77465920460795,32.0,93.0,79.0,61.0,69.0,84.0,15.0,91.0,84.0,-7.0,7.0,3.4066666666666667,23.0,-0.04994945974207075
pull,vibha,combined_all,/Users/tylerchen/Cosmos-Gesture-Recognition-/processed/session_vibha_discrete/sessions/vibha_pull_005,30.0,362334.5,133900.9066090169,242852.0,734282.0,255085.0,254774.0,-311.0,4.0,3.3166247903554,0.0,0.0,0.0,301.0,301.0,0.8153405315614618,0.12868833857965334,0.408,0.952,0.1688488372093023,0.08130506050730436,-0.045,0.306,-0.5058455149501662,0.16475352643643112,-0.909,-0.214,-5.008239202657807,15.878433138259291,-59.48,50.23,9.518986710963455,14.373923558245854,-14.8,70.25,-3.3126744186046517,13.06024799336328,-44.83,27.53,0.9993691655009643,0.027312892536187666,150.0,70.87333333333333,8.714518558485569,46.0,87.0,69.0,41.0,65.75,78.0,12.25,82.0,78.0,-4.0,4.0,2.9261744966442955,11.0,-0.0936889046920603
pull,vibha,combined_all,/Users/tylerchen/Cosmos-Gesture-Recognition-/processed/session_vibha_discrete/sessions/vibha_pull_006,31.0,398145.48387096776,176098.44700270888,231983.0,802488.0,298538.0,238465.0,-60073.0,5.129032258064516,3.055845118139365,0.0,0.0,0.0,301.0,301.0,0.8221960132890366,0.12402623803566133,0.488,0.995,0.1160332225913621,0.08833817661551793,-0.072,0.37,-0.513531561461794,0.17137139779034982,-0.888,-0.17,-1.7618106312292354,16.1041680661999,-68.33,46.42,8.134003322259137,13.158482339479514,-16.85,58.23,-4.982774086378738,11.510829251705538,-34.09,17.76,1.0021073521743022,0.03898473417340618,151.0,70.33112582781457,9.51474950050684,49.0,87.0,69.0,38.0,62.0,80.0,18.0,82.0,75.0,-7.0,7.0,2.2333333333333334,20.0,-0.1256483095155107
pull,vibha,combined_all,/Users/tylerchen/Cosmos-Gesture-Recognition-/processed/session_vibha_discrete/sessions/vibha_pull_007,31.0,374910.1935483871,144856.74856069166,245336.0,728285.0,270679.0,249272.0,-21407.0,3.903225806451613,3.411128265806732,0.0,0.0,0.0,302.0,302.0,0.8551076158940399,0.10302539170712147,0.468,1.009,0.17443708609271522,0.10272024963085116,-0.141,0.342,-0.4359172185430463,0.17068856987510586,-0.981,-0.215,-4.88591059602649,14.959933395594252,-44.1,39.58,7.658973509933776,11.855306043989302,-8.91,67.93,-3.9149668874172185,13.210499229762885,-70.56,20.29,1.0003275701454255,0.03614103623860222,148.0,64.51689189189189,16.533558487522942,36.0,92.0,68.5,56.0,47.0,77.0,30.0,92.0,56.0,-36.0,36.0,2.6666666666666665,13.0,-0.34469824570495705
pull,vibha,combined_all,/Users/tylerchen/Cosmos-Gesture-Recognition-/processed/session_vibha_discrete/sessions/vibha_pull_008,30.0,423575.8333333333,142724.88787829623,258713.0,800849.0,372541.0,263581.0,-108960.0,5.45,3.277066777877232,0.0,0.0,0.0,301.0,301.0,0.8040598006644518,0.11567274584586348,0.529,0.974,0.23391694352159464,0.16088509838041476,-0.023,0.498,-0.43404152823920267,0.26984338838569266,-0.895,-0.03,-5.0745681063122925,18.731035166358357,-74.89,28.32,9.851694352159468,15.473318717902183,-16.17,39.7,-7.40860465116279,11.706210098218502,-33.69,16.11,1.0003970186994475,0.030113219562051187,149.0,74.85234899328859,9.29063451628674,51.0,95.0,74.0,44.0,68.0,82.0,14.0,94.0,76.0,-18.0,18.0,4.148648648648648,15.0,-0.1445601306003995
push,vibha,combined_all,/Users/tylerchen/Cosmos-Gesture-Recognition-/processed/session_vibha_discrete/sessions/vibha_push_001,30.0,345502.2,142504.18272022755,238960.0,809532.0,255479.0,271038.0,15559.0,2.6166666666666667,3.1349729752512308,0.0,0.0,0.0,302.0,302.0,0.7089122516556292,0.1343005417418284,0.524,1.137,0.08811920529801325,0.15764936897571552,-0.154,0.556,-0.614019867549669,0.27920137929692784,-0.88,0.163,4.045463576158941,13.017982891225984,-16.91,54.75,-10.689503311258276,20.303869221959623,-72.08,12.05,4.694602649006622,18.69804658337777,-31.07,56.52,1.0030916712925444,0.04463676591047938,151.0,78.36423841059603,10.245150686192051,48.0,93.0,82.0,45.0,78.25,85.0,6.75,57.0,84.0,27.0,27.0,2.5,18.0,0.1479051934471938
push,vibha,combined_all,/Users/tylerchen/Cosmos-Gesture-Recognition-/processed/session_vibha_discrete/sessions/vibha_push_002,30.0,408111.63333333336,159163.47892015165,244584.0,880032.0,266196.0,244584.0,-21612.0,4.233333333333333,3.59335807041578,0.0,0.0,0.0,302.0,302.0,0.7407417218543045,0.16342381058119781,0.543,1.087,0.06532947019867551,0.12919542755983401,-0.186,0.392,-0.5923294701986755,0.24192895122900376,-0.842,-0.086,1.633526490066225,16.068867844549274,-28.75,72.45,-10.2991059602649,19.43649634734346,-70.99,19.96,4.84683774834437,16.03951328565059,-36.74,61.92,1.0020512441373903,0.04052359029854356,148.0,76.13175675675676,17.125026588835457,15.0,95.0,83.0,80.0,71.0,86.0,15.0,23.0,91.0,68.0,68.0,3.3469387755102042,69.0,0.2797423159359882
push,vibha,combined_all,/Users/tylerchen/Cosmos-Gesture-Recognition-/processed/session_vibha_discrete/sessions/vibha_push_003,30.0,410354.4666666667,134765.521727365,269510.0,759135.0,278025.0,359783.0,81758.0,4.566666666666666,1.8381754238616317,0.0,0.0,0.0,301.0,301.0,0.7053106312292359,0.17200513016744728,0.512,1.14,0.10309634551495016,0.13088165390472964,-0.15,0.423,-0.6163073089700997,0.2676599147795604,-0.883,0.047,0.8377076411960128,19.42526334974342,-64.88,54.45,-12.918671096345514,19.046699286641314,-64.49,12.88,0.33458471760797354,22.8390174885907,-61.71,41.75,1.0024055687056492,0.03830561334779044,148.0,80.14189189189189,12.74995538748238,24.0,99.0,83.25,75.0,78.0,87.0,9.0,69.0,78.0,9.0,9.0,4.442176870748299,30.0,0.15306862814053634
push,vibha,combined_all,/Users/tylerchen/Cosmos-Gesture-Recognition-/processed/session_vibha_discrete/sessions/vibha_push_004,30.0,424713.6,159119.10926464282,252586.0,789911.0,300092.0,252586.0,-47506.0,4.633333333333334,3.763715658170202,0.0,0.0,0.0,301.0,301.0,0.6571960132890365,0.1293055005913642,0.435,1.014,0.16061295681063123,0.10490071583551738,-0.091,0.471,-0.6971162790697674,0.1643618714784544,-1.041,-0.285,3.9145514950166103,20.08587473183837,-67.26,77.52,-9.411428571428571,14.736597862594842,-48.68,21.18,3.810232558139535,15.783391106781762,-37.93,35.28,0.9980441656884552,0.04817643739067245,151.0,74.63907284768212,7.548716605749423,50.0,87.0,76.0,37.0,70.0,79.0,9.0,68.0,80.0,12.0,12.0,3.3866666666666667,22.0,0.0832427094225627
push,vibha,combined_all,/Users/tylerchen/Cosmos-Gesture-Recognition-/processed/session_vibha_discrete/sessions/vibha_push_005,30.0,368740.8333333333,152116.97229568294,238420.0,723317.0,238592.0,242501.0,3909.0,3.566666666666667,3.1904370999737464,0.0,0.0,0.0,302.0,302.0,0.692001655629139,0.16062216317150835,0.469,1.075,0.11400165562913907,0.12849382505291485,-0.307,0.458,-0.6484867549668875,0.2322440123695824,-0.952,0.088,0.7901986754966889,12.106391349743333,-37.39,49.13,-9.891953642384104,20.84589960374082,-60.21,29.02,3.8667549668874166,19.773444830085143,-57.53,48.89,1.0035251785379204,0.03977913960506431,151.0,74.89735099337749,17.653263898478254,13.0,106.0,80.0,93.0,74.0,83.0,9.0,104.0,84.0,-20.0,20.0,6.493333333333333,65.0,0.14002091321017765
push,vibha,combined_all,/Users/tylerchen/Cosmos-Gesture-Recognition-/processed/session_vibha_discrete/sessions/vibha_push_006,30.0,419232.0333333333,136389.92125727457,239199.0,714059.0,257225.0,302827.0,45602.0,4.866666666666666,2.7535835237417845,0.0,0.0,0.0,300.0,300.0,0.80786,0.11564733921135699,0.533,0.998,0.08835666666666665,0.09326319096454339,-0.086,0.28,-0.5425899999999999,0.1548017072472609,-0.949,-0.26,0.6084499999999999,11.658364194038258,-24.57,41.32,-7.3139666666666665,16.860063026737343,-42.82,30.4,3.7772,13.566775206117823,-37.23,34.55,0.9996518812289544,0.0397567984384925,148.0,81.13175675675676,6.271727264414942,52.0,97.0,81.0,45.0,78.0,85.0,7.0,97.0,89.0,-8.0,8.0,3.142857142857143,35.0,-0.006584621877047489
push,vibha,combined_all,/Users/tylerchen/Cosmos-Gesture-Recognition-/processed/session_vibha_discrete/sessions/vibha_push_007,30.0,387448.48333333334,113645.93647380472,239674.0,582800.0,257116.0,247393.0,-9723.0,4.066666666666666,2.8394052585395806,0.0,0.0,0.0,302.0,302.0,0.7257549668874173,0.1589202910761473,0.404,1.014,0.10986258278145695,0.06911460160321752,-0.015,0.266,-0.630453642384106,0.17495009922304475,-0.945,-0.307,-0.22624172185430477,10.872985549796057,-40.59,31.34,-11.021556291390729,15.783228709776381,-69.0,9.28,4.215761589403973,11.520340113925084,-20.84,41.08,0.9972317303985241,0.04930268174827819,151.0,74.75496688741723,5.6914753651605645,49.0,88.0,75.0,39.0,71.0,79.0,8.0,71.0,81.0,10.0,10.0,3.066666666666667,19.0,0.06648832345765039
push,vibha,combined_all,/Users/tylerchen/Cosmos-Gesture-Recognition-/processed/session_vibha_discrete/sessions/vibha_push_008,30.0,434193.5,137353.06782491851,249741.0,750546.0,279024.0,249741.0,-29283.0,5.833333333333333,2.9221377258590824,0.0,0.0,0.0,303.0,303.0,0.7842343234323432,0.12221611435982595,0.552,1.052,0.07006435643564356,0.07592568441982481,-0.069,0.361,-0.5703597359735973,0.1742268331856792,-0.893,-0.07,-1.4085478547854782,10.718142904916792,-27.34,38.64,-8.848151815181517,13.228088547375853,-36.84,25.91,2.0631023102310233,14.197941361004514,-35.86,30.46,0.9969169234716666,0.049556450372564176,149.0,69.59395973154362,18.407306966395822,18.0,104.0,76.0,86.0,63.0,82.0,19.0,23.0,88.0,65.0,65.0,4.412162162162162,78.0,0.3193506257935787
clockwise,vibha,combined_all,/Users/tylerchen/Cosmos-Gesture-Recognition-/processed/session_vibha_discrete/sessions/vibha_clockwise_001,30.0,475095.63333333336,182574.17007789525,281188.0,992395.0,295698.0,405514.0,109816.0,6.116666666666666,2.8215933245045943,0.0,0.0,0.0,300.0,300.0,-0.043015,0.784449829295926,-1.547,0.952,0.02238666666666667,0.29513476665565663,-0.609,0.765,-0.5821633333333334,0.3488049369819226,-1.196,-0.057,-68.04113333333333,58.75712157729384,-408.34,19.9,-31.10660000000001,87.58590350597817,-154.12,186.35,-14.740466666666661,79.71622375747984,-222.39,79.07,1.0643641291201305,0.18034841175853902,150.0,87.58,29.008707582127542,35.0,153.0,99.0,118.0,61.0,109.75,48.75,108.0,74.0,-34.0,34.0,7.624161073825503,72.0,-0.5460165636991277
clockwise,vibha,combined_all,/Users/tylerchen/Cosmos-Gesture-Recognition-/processed/session_vibha_discrete/sessions/vibha_clockwise_002,30.0,477338.9,188877.989569519,241487.0,1033001.0,321075.0,571449.0,250374.0,4.966666666666667,2.1052843566184167,0.0,0.0,0.0,300.0,300.0,-0.008824999999999979,0.6835594245382036,-1.125,0.917,0.08269000000000001,0.2851157084997832,-0.361,0.865,-0.6707133333333334,0.35779132347718484,-1.151,-0.0,-50.99196666666667,31.660378587714444,-138.86,5.46,-22.809433333333338,89.00236520085045,-173.47,116.12,-21.203333333333337,74.77440414711144,-167.85,85.88,1.0476733406119911,0.1889749953589387,151.0,87.27814569536424,30.462963073300962,43.0,187.0,87.0,144.0,61.0,109.0,48.0,110.0,82.0,-28.0,28.0,5.8,86.0,-0.5143063785291052
clockwise,vibha,combined_all,/Users/tylerchen/Cosmos-Gesture-Recognition-/processed/session_vibha_discrete/sessions/vibha_clockwise_003,30.0,528465.2,189246.13826397268,261220.0,994405.0,266136.0,401200.0,135064.0,8.166666666666666,3.5598064866256736,0.0,0.0,0.0,301.0,301.0,0.10453820598006647,1.010080926350054,-2.584,1.051,0.11414784053156146,0.3992668391866199,-0.697,1.143,-0.436107973421927,0.41958090441738044,-1.679,0.365,-71.83249169435217,74.72951641770484,-328.32,40.99,-11.84,134.18741462046623,-293.04,254.07,-15.59093023255814,106.7142622017985,-332.56,177.74,1.132335402153093,0.5363676812807495,148.0,93.41216216216216,25.70942374630996,31.0,174.0,99.0,143.0,86.75,107.0,20.25,109.0,97.0,-12.0,12.0,6.285714285714286,72.0,-0.08547576476627312
clockwise,vibha,combined_all,/Users/tylerchen/Cosmos-Gesture-Recognition-/processed/session_vibha_discrete/sessions/vibha_clockwise_004,30.0,539084.8666666667,152472.14004788618,255854.0,868073.0,277409.0,454543.0,177134.0,9.233333333333333,2.9289740334951566,0.0,0.0,0.0,302.0,302.0,0.062011589403973534,0.9855119105617461,-2.338,1.082,0.049751655629139066,0.4944176783277013,-1.312,1.417,-0.43942715231788076,0.46722445184496125,-1.619,0.383,-59.57480132450331,88.10200890242315,-402.6,186.93,-18.32706953642384,148.55899984351245,-332.29,253.73,-28.547781456953643,89.62002213565125,-325.24,172.89,1.179366325190578,0.49243599844321195,149.0,89.38590604026845,21.587103459099712,33.0,137.0,97.0,104.0,79.0,104.5,25.5,107.0,82.0,-25.0,25.0,4.898648648648648,39.0,-0.020949876050547867
clockwise,vibha,combined_all,/Users/tylerchen/Cosmos-Gesture-Recognition-/processed/session_vibha_discrete/sessions/vibha_clockwise_005,30.0,519019.7833333333,184018.28442284762,240185.0,1050602.0,247203.0,409140.0,161937.0,7.666666666666667,3.3499585403736303,0.0,0.0,0.0,301.0,301.0,0.048009966777408666,0.8602793275996743,-1.702,1.027,-0.02498671096345514,0.49353549908790384,-1.001,1.21,-0.4652093023255814,0.36633356173257275,-1.319,0.253,-71.12049833887043,60.70416875637802,-321.51,45.84,-27.651063122923585,116.99939198609374,-251.99,171.42,-22.447043189368774,101.07591967312936,-270.21,184.76,1.0974416470512995,0.36445700395148284,149.0,85.65436241610739,25.71365838348098,29.0,148.0,95.0,119.0,69.0,103.0,34.0,92.0,99.0,7.0,7.0,5.763513513513513,67.0,0.10357699981861074
clockwise,vibha,combined_all,/Users/tylerchen/Cosmos-Gesture-Recognition-/processed/session_vibha_discrete/sessions/vibha_clockwise_006,30.0,503472.11666666664,156939.846054026,266861.0,837421.0,266861.0,404442.0,137581.0,8.266666666666667,3.2345358588555206,0.0,0.0,0.0,300.0,300.0,0.03795666666666662,0.9100965304784372,-1.844,0.969,0.016386666666666667,0.42084723137446867,-0.928,0.915,-0.46238333333333337,0.3317019265177029,-1.208,0.164,-78.3912,60.0856974875053,-238.01,2.62,-21.7378,128.6669857545439,-323.8,246.5,-15.818299999999999,96.16892971282357,-245.89,154.45,1.082692728051014,0.3983695394464626,150.0,87.58333333333333,24.542690970826435,30.0,118.0,99.0,88.0,74.25,105.0,30.75,105.0,107.0,2.0,2.0,4.604026845637584,21.0,0.03000933374816592
clockwise,vibha,combined_all,/Users/tylerchen/Cosmos-Gesture-Recognition-/processed/session_vibha_discrete/sessions/vibha_clockwise_007,30.0,521470.6666666667,178147.87383824956,276943.0,884280.0,276943.0,309794.0,32851.0,9.016666666666667,3.6297000182139327,0.0,0.0,0.0,301.0,301.0,0.062370431893687676,0.9084989316413647,-2.096,1.079,-0.025559800664451803,0.4598925373666566,-0.989,1.278,-0.49714784053156147,0.36575579907246497,-1.239,0.176,-72.37390365448505,71.51626215084231,-335.46,79.65,-18.212574750830573,121.72937436647348,-294.63,193.49,-10.970382059800665,114.59949739821636,-298.72,220.65,1.1192043172101416,0.4119827728706233,150.0,86.32333333333334,27.298347705896703,18.0,121.0,99.6,103.0,70.25,106.0,35.75,109.0,96.0,-13.0,13.0,4.006711409395973,28.0,-6.489177296827013e-05
clockwise,vibha,combined_all,/Users/tylerchen/Cosmos-Gesture-Recognition-/processed/session_vibha_discrete/sessions/vibha_clockwise_008,30.0,547181.7,173558.27384947686,269153.0,946565.0,269153.0,446360.0,177207.0,8.433333333333334,3.116443842302027,0.0,0.0,0.0,301.0,301.0,0.15175415282392024,0.7929366374356386,-1.884,0.998,0.013425249169435194,0.4669094670194424,-1.193,1.166,-0.5265714285714286,0.4051601050850368,-1.599,0.062,-70.95553156146178,75.26375719798988,-340.46,97.42,-28.239102990033214,108.09799193935852,-222.57,151.49,-19.81634551495017,109.50004426613687,-374.46,159.49,1.0765079619363864,0.3905448881018994,146.0,89.24657534246575,31.727353942471094,30.0,214.0,95.0,184.0,69.25,103.0,33.75,100.0,89.0,-11.0,11.0,6.310344827586207,85.0,0.10952156015925481
anti_clockwise,vibha,combined_all,/Users/tylerchen/Cosmos-Gesture-Recognition-/processed/session_vibha_discrete/sessions/vibha_anti_clockwise_001,30.0,510715.36666666664,147457.87760769363,306382.0,760639.0,306382.0,345729.0,39347.0,8.633333333333333,2.0245712852080286,0.0,0.0,0.0,302.0,302.0,0.11959437086092717,0.9964610491798955,-2.188,1.162,-0.13058112582781456,0.5034082773127041,-1.517,0.611,-0.32603311258278145,0.2918873142182957,-1.054,0.46,65.94700331125827,117.36779217249938,-123.05,529.95,-0.39605960264900253,140.00627058817648,-294.99,355.51,-20.877516556291393,87.97055986016375,-213.54,202.4,1.1088669835521945,0.48950849599732904,149.0,90.01677852348993,27.16605692792805,31.0,197.0,99.0,166.0,77.0,105.0,28.0,99.0,92.0,-7.0,7.0,7.4391891891891895,79.0,0.16178305822601105
anti_clockwise,vibha,combined_all,/Users/tylerchen/Cosmos-Gesture-Recognition-/processed/session_vibha_discrete/sessions/vibha_anti_clockwise_002,30.0,489209.7833333333,118860.9024072314,301030.0,697287.0,367882.0,304548.0,-63334.0,8.433333333333334,2.403931964280372,0.0,0.0,0.0,301.0,301.0,0.055956810631229204,0.975706161241613,-2.062,1.09,-0.19735382059800663,0.43359268076610513,-1.501,0.417,-0.41924584717607966,0.33641136129892113,-1.085,0.761,79.701926910299,99.22910415416025,-97.05,360.45,-0.6062126245847215,120.71903754664112,-276.1,249.49,-10.235049833887047,100.43588183701867,-204.57,194.62,1.134418714155877,0.4290905340574882,149.0,93.96308724832215,32.96636313293152,30.0,235.0,97.0,205.0,79.0,108.0,29.0,102.0,112.0,10.0,10.0,10.567567567567568,125.0,0.19274139911723784
anti_clockwise,vibha,combined_all,/Users/tylerchen/Cosmos-Gesture-Recognition-/processed/session_vibha_discrete/sessions/vibha_anti_clockwise_003,30.0,562664.2666666667,189188.04735006092,257786.0,918007.0,336414.0,358187.0,21773.0,8.6,3.5080858978460987,0.0,0.0,0.0,300.0,300.0,0.08103500000000001,1.0587148819559495,-3.098,1.119,-0.20650999999999997,0.4395807205735938,-1.608,0.497,-0.38332666666666665,0.25608876382136636,-1.25,0.245,76.35496666666666,126.41216896986442,-51.64,554.4,-16.734916666666663,120.39780187601595,-395.55,248.18,-18.7894,112.59791383934844,-208.04,253.21,1.1170137096614419,0.5728198872784683,149.0,86.31543624161074,21.306193506445094,27.0,119.0,96.0,92.0,79.0,100.0,21.0,97.0,95.0,-2.0,2.0,4.121621621621622,24.0,0.17160892436060224
anti_clockwise,vibha,combined_all,/Users/tylerchen/Cosmos-Gesture-Recognition-/processed/session_vibha_discrete/sessions/vibha_anti_clockwise_004,30.0,570878.7666666667,179608.59661101663,250675.0,950575.0,276871.0,475378.0,198507.0,8.6,3.4117444218463966,0.0,0.0,0.0,300.0,300.0,0.1250033333333333,0.9056585587233683,-2.156,1.118,-0.31165000000000004,0.5230734182056409,-1.498,0.471,-0.3917833333333333,0.24201260584706924,-0.962,0.178,72.18108333333333,126.71258074836028,-66.07,586.5,1.8313333333333381,142.90272167768146,-326.15,391.06,-33.97223333333333,80.24739499414018,-210.88,160.99,1.1006100571464776,0.45529832576164897,149.0,88.20469798657719,24.69144513317878,29.0,181.0,96.0,152.0,71.0,99.5,28.5,98.0,104.0,6.0,6.0,5.5,64.0,0.18040147530080408
anti_clockwise,vibha,combined_all,/Users/tylerchen/Cosmos-Gesture-Recognition-/processed/session_vibha_discrete/sessions/vibha_anti_clockwise_005,30.0,502782.85,106162.45603525611,283067.0,691662.0,345396.0,496811.0,151415.0,8.666666666666666,2.913569784454954,0.0,0.0,0.0,301.0,301.0,0.07078239202657806,1.0819295324065377,-2.581,1.196,-0.1709700996677741,0.42298769148266857,-1.273,0.365,-0.275734219269103,0.2333711823739093,-0.893,0.345,82.69847176079733,131.69248609296412,-88.66,508.5,-13.012392026578068,117.47571116284033,-342.84,216.04,-30.893637873754155,104.12447725802791,-246.13,243.9,1.1171808208494187,0.5158774119938153,150.0,87.36,25.128388300548583,27.0,175.0,93.0,148.0,83.0,99.0,16.0,86.0,96.0,10.0,10.0,5.382550335570469,56.0,0.19912647969539318
anti_clockwise,vibha,combined_all,/Users/tylerchen/Cosmos-Gesture-Recognition-/processed/session_vibha_discrete/sessions/vibha_anti_clockwise_006,30.0,559170.95,163974.30679420225,292942.0,966062.0,292942.0,449636.0,156694.0,8.8,2.6758176320519307,0.0,0.0,0.0,301.0,301.0,-0.016338870431893686,1.0984330684886572,-2.607,1.319,-0.24540365448504983,0.48271894041476116,-1.429,0.562,-0.22716777408637873,0.2354434479884568,-0.681,0.679,81.46224252491695,145.27130504841423,-143.93,600.57,-10.501129568106313,114.93288009545877,-360.18,225.56,-38.10172757475083,113.84912572455143,-249.61,245.67,1.1567013172851175,0.5187904886185677,151.0,82.68211920529801,18.5376229147882,29.0,105.0,91.0,76.0,73.0,95.0,22.0,88.0,99.0,11.0,11.0,2.8066666666666666,12.0,0.1429127454397577
anti_clockwise,vibha,combined_all,/Users/tylerchen/Cosmos-Gesture-Recognition-/processed/session_vibha_discrete/sessions/vibha_anti_clockwise_007,30.0,573335.9666666667,186798.0950776771,294381.0,986872.0,294381.0,530336.0,235955.0,8.6,3.7735924528226423,0.0,0.0,0.0,302.0,302.0,0.04913576158940394,1.0109034570371127,-2.436,1.212,-0.2671456953642384,0.5697999869519802,-1.329,0.462,-0.04485099337748345,0.3793264259179361,-0.741,0.729,86.8512582781457,132.33164913699744,-81.39,445.42,-13.092798013245032,95.60317675248982,-285.38,201.18,-42.35500000000001,125.63053753536136,-331.77,259.62,1.1264558272883831,0.5453222793663781,150.0,87.80333333333333,22.91924081536238,32.0,130.0,95.0,98.0,76.25,103.0,26.75,105.0,92.0,-13.0,13.0,4.046979865771812,25.0,0.09221654295746462
anti_clockwise,vibha,combined_all,/Users/tylerchen/Cosmos-Gesture-Recognition-/processed/session_vibha_discrete/sessions/vibha_anti_clockwise_008,30.0,546561.3666666667,201371.24490311975,258355.0,989627.0,323845.0,372728.0,48883.0,8.2,3.5156791662493894,0.0,0.0,0.0,301.0,301.0,0.07086877076411963,0.8818304412590026,-1.856,1.203,-0.34869102990033224,0.49020311156090096,-1.411,0.375,0.11523920265780731,0.5722826264845967,-0.87,1.558,91.50953488372095,164.26899018377233,-148.32,549.97,-4.557475083056477,114.1539767313937,-260.44,263.62,-38.025049833887046,112.3365350811305,-318.19,181.62,1.1447013819166463,0.41830378836563753,151.0,80.98013245033113,23.010351351417327,23.0,105.0,92.0,82.0,67.0,98.25,31.25,100.0,90.0,-10.0,10.0,2.6133333333333333,25.0,0.03971941443011511
right,vibha,combined_all,/Users/tylerchen/Cosmos-Gesture-Recognition-/processed/session_vibha_discrete/sessions/vibha_right_001,30.0,394062.9,112783.1202578205,267822.0,688126.0,282586.0,292703.0,10117.0,4.416666666666667,3.219946514393609,0.0,0.0,0.0,302.0,302.0,0.4636407284768212,0.1478925382756514,0.149,0.617,-0.07046026490066226,0.15313515027235403,-0.261,0.348,-0.871385761589404,0.08964314478273944,-1.098,-0.77,-18.05187086092715,23.063133309874615,-68.18,15.75,-2.684867549668874,10.451305844564548,-41.23,16.05,34.96208609271523,43.57732194653916,-19.41,125.64,1.0153677364070164,0.04034042550490361,150.0,81.54666666666667,11.51630689000547,55.0,93.0,88.0,38.0,72.0,90.0,18.0,59.0,93.0,34.0,34.0,1.9865771812080537,8.0,0.21984621538735025
right,vibha,combined_all,/Users/tylerchen/Cosmos-Gesture-Recognition-/processed/session_vibha_discrete/sessions/vibha_right_002,30.0,448107.93333333335,142736.59330807763,276541.0,783136.0,335745.0,350232.0,14487.0,5.5,2.9972209350218635,0.0,0.0,0.0,302.0,302.0,0.5184370860927152,0.16519404909502586,0.211,0.774,-0.05184437086092714,0.1423231861607175,-0.289,0.348,-0.8290463576158941,0.11604437023921704,-1.034,-0.62,-22.532847682119204,21.89494507198582,-69.06,18.49,3.4138741721854307,8.334333752421374,-16.14,23.38,42.91331125827814,35.258281319689274,-6.65,108.77,1.009398018692752,0.030159791132611677,150.0,76.77666666666667,16.95924216628167,34.0,101.0,80.0,67.0,67.0,89.0,22.0,50.0,93.0,43.0,43.0,2.5167785234899327,15.0,0.3452784568203031
right,vibha,combined_all,/Users/tylerchen/Cosmos-Gesture-Recognition-/processed/session_vibha_discrete/sessions/vibha_right_003,30.0,444959.76666666666,150127.28300827122,250934.0,764709.0,428804.0,316111.0,-112693.0,4.716666666666667,2.4415955621046024,0.0,0.0,0.0,302.0,302.0,0.6011655629139072,0.17761243938072005,0.227,0.944,-0.1420182119205298,0.18338305401286092,-0.625,0.513,-0.7733725165562914,0.1578630952274791,-1.213,-0.405,-30.05894039735099,33.19668952721015,-90.98,39.86,7.53480132450331,21.737015780833087,-40.44,106.23,33.13350993377483,52.395970652908964,-107.73,120.09,1.031312715289637,0.07851508870198527,152.0,78.44407894736842,15.667546639122868,44.0,95.0,85.0,51.0,74.75,89.0,14.25,44.0,79.0,35.0,35.0,2.337748344370861,10.0,0.2673225965185654
right,vibha,combined_all,/Users/tylerchen/Cosmos-Gesture-Recognition-/processed/session_vibha_discrete/sessions/vibha_right_004,30.0,402970.11666666664,119639.30037280695,251966.0,767991.0,275439.0,254203.0,-21236.0,4.466666666666667,2.679966832298904,0.0,0.0,0.0,302.0,302.0,0.6072466887417219,0.1410088752043167,0.341,0.831,-0.09467715231788079,0.1315775622031903,-0.302,0.336,-0.7640678807947019,0.12956835954881585,-1.041,-0.489,-29.465364238410597,25.49810429000334,-89.36,18.31,3.514635761589404,12.7178371778862,-23.56,38.73,42.83215231788079,34.42028199938514,-9.06,119.51,1.0067674987301354,0.04376473099968618,149.0,76.6510067114094,16.043827715463298,42.0,95.0,84.0,53.0,68.0,89.0,21.0,43.0,84.0,41.0,41.0,1.9662162162162162,8.0,0.3212552149464898
right,vibha,combined_all,/Users/tylerchen/Cosmos-Gesture-Recognition-/processed/session_vibha_discrete/sessions/vibha_right_005,30.0,451952.43333333335,155043.7622926042,257646.0,755609.0,258711.0,283504.0,24793.0,5.533333333333333,3.5282982993064635,0.0,0.0,0.0,299.0,299.0,0.5212173913043479,0.18818904934363279,0.128,0.851,-0.0793294314381271,0.19949875567296493,-0.439,0.589,-0.813,0.13658716452033728,-1.164,-0.503,-28.32821070234114,24.82471740436214,-95.86,26.12,4.683210702341137,11.838035479156657,-21.12,44.43,48.931103678929766,43.39704050047599,-24.41,132.66,1.0140216281585284,0.06753362597077368,150.0,74.72333333333333,18.57449509432083,31.0,92.0,83.75,61.0,69.0,87.0,18.0,31.0,86.0,55.0,55.0,2.1543624161073827,11.0,0.34244633094804183
right,vibha,combined_all,/Users/tylerchen/Cosmos-Gesture-Recognition-/processed/session_vibha_discrete/sessions/vibha_right_006,30.0,413384.4,117852.97273286463,247205.0,660266.0,278831.0,254480.0,-24351.0,4.566666666666666,3.1904370999737464,0.0,0.0,0.0,300.0,300.0,0.5433133333333332,0.2064639641411762,0.183,0.936,-0.07939000000000003,0.20921897117613403,-0.387,0.637,-0.7788933333333333,0.1731620855773038,-1.135,-0.332,-24.56451666666667,24.379971725777743,-65.74,31.8,7.178566666666666,16.025171333838806,-35.89,46.75,53.34983333333332,39.04621447685066,-12.39,151.01,1.0108898478637518,0.05151451004581461,150.0,73.00333333333333,16.516668077575073,34.0,92.0,80.0,58.0,66.25,84.0,17.75,37.0,78.0,41.0,41.0,2.2751677852348995,9.0,0.31718476376727817
right,vibha,combined_all,/Users/tylerchen/Cosmos-Gesture-Recognition-/processed/session_vibha_discrete/sessions/vibha_right_007,30.0,405021.2166666667,100552.49726798463,258433.0,585860.0,279132.0,265786.0,-13346.0,5.8,2.9143323992525856,0.0,0.0,0.0,302.0,302.0,0.5296804635761589,0.2295116786675968,0.037,0.912,-0.12841887417218545,0.21250185157982662,-0.449,0.704,-0.7943410596026491,0.16337426936414426,-1.131,-0.524,-25.014105960264903,27.265873686887463,-70.07,33.97,5.404701986754966,20.266394746896054,-63.91,50.9,48.868708609271515,49.27425279727397,-65.22,128.42,1.023919698269428,0.06436435864941234,151.0,67.39735099337749,18.352140463789205,19.0,89.0,75.0,70.0,59.5,81.0,21.5,19.0,77.0,58.0,58.0,2.52,10.0,0.31722202858138693
right,vibha,combined_all,/Users/tylerchen/Cosmos-Gesture-Recognition-/processed/session_vibha_discrete/sessions/vibha_right_008,30.0,429831.48333333334,114636.77491745274,241339.0,665466.0,304807.0,267897.0,-36910.0,4.733333333333333,2.3935097428021654,0.0,0.0,0.0,300.0,300.0,0.5614866666666668,0.14208045780081402,0.136,0.75,-0.12375666666666665,0.15856381719113039,-0.41,0.597,-0.8068983333333334,0.10144161948573617,-1.13,-0.627,-37.730133333333335,29.20182051372064,-107.58,20.6,0.1728000000000002,13.165131654994314,-42.24,41.57,49.580133333333336,41.43664955063599,-40.31,134.92,1.0165680606936505,0.06226580504217727,149.0,71.66107382550335,24.559928667168496,1.0,93.0,82.0,92.0,63.0,89.0,26.0,3.0,83.0,80.0,80.0,2.0135135135135136,9.0,0.47586069290767274
left,vibha,combined_all,/Users/tylerchen/Cosmos-Gesture-Recognition-/processed/session_vibha_discrete/sessions/vibha_left_001,31.0,418571.5806451613,146199.95007407782,260037.0,719472.0,281388.0,264313.0,-17075.0,5.629032258064516,2.805431776139338,0.0,0.0,0.0,301.0,301.0,0.5724584717607973,0.10882105661030904,0.233,0.77,-0.1256611295681063,0.3021996954514514,-0.672,0.606,-0.7726212624584717,0.12415372503521192,-1.212,-0.531,38.95,37.43708497016191,-16.63,123.14,-7.345149501661131,12.922052992813402,-30.88,32.96,-53.46504983388704,54.20743847291494,-162.51,20.97,1.0270431033412226,0.06485619623479791,150.0,63.163333333333334,23.212217382106854,24.0,94.0,68.0,70.0,39.0,86.0,47.0,92.0,35.0,-57.0,57.0,2.087248322147651,10.0,-0.49891550735588347
left,vibha,combined_all,/Users/tylerchen/Cosmos-Gesture-Recognition-/processed/session_vibha_discrete/sessions/vibha_left_002,30.0,470553.13333333336,135717.4343336756,237549.0,723942.0,282492.0,311232.0,28740.0,5.966666666666667,3.196467958138703,0.0,0.0,0.0,301.0,301.0,0.6632093023255813,0.08286850276598487,0.488,0.822,-0.11416943521594683,0.2571280680609001,-0.624,0.462,-0.7033687707641196,0.1183382756333906,-1.055,-0.47,42.102059800664456,41.7723104938717,-44.77,147.89,-6.565,14.300830772977568,-47.85,39.61,-49.93514950166113,41.78255656312896,-111.33,26.83,1.0159422363996333,0.0495602484814624,150.0,69.43,18.955246460592505,40.0,98.0,70.0,58.0,50.0,87.0,37.0,95.0,48.0,-47.0,47.0,2.315436241610738,8.0,-0.4148774019586065
left,vibha,combined_all,/Users/tylerchen/Cosmos-Gesture-Recognition-/processed/session_vibha_discrete/sessions/vibha_left_003,30.0,440508.36666666664,154590.04475805964,265469.0,750254.0,265469.0,270184.0,4715.0,6.433333333333334,3.5560589921365975,0.0,0.0,0.0,302.0,302.0,0.633360927152318,0.109897177393873,0.373,0.807,-0.07356456953642383,0.25369324012984945,-0.493,0.484,-0.7351192052980131,0.10785435526225783,-1.075,-0.606,34.60506622516556,34.24158146398257,-21.52,101.5,1.980645695364238,18.29587139030988,-45.56,55.51,-46.069768211920525,48.14662253852085,-140.57,16.72,1.0154983540160971,0.06157402503216611,152.0,66.57236842105263,21.081551513609785,37.0,94.0,69.0,57.0,43.0,88.0,45.0,87.0,43.0,-44.0,44.0,2.1456953642384105,8.0,-0.45388671327715513
left,vibha,combined_all,/Users/tylerchen/Cosmos-Gesture-Recognition-/processed/session_vibha_discrete/sessions/vibha_left_004,30.0,442993.63333333336,130859.03807927147,269558.0,683935.0,269558.0,276324.0,6766.0,6.666666666666667,2.832352771499733,0.0,0.0,0.0,300.0,300.0,0.6614383333333334,0.12784638711055632,0.421,0.866,-0.13118333333333335,0.257184199913574,-0.683,0.48,-0.717465,0.12265408516773234,-1.033,-0.537,38.79996666666666,52.684304946212926,-74.37,156.25,-2.9817666666666662,12.31167052890152,-48.68,26.37,-44.910866666666664,48.61171882631686,-124.61,39.31,1.0300600803848112,0.07729442903986597,151.0,68.18211920529801,20.035832262274297,7.0,93.0,69.0,86.0,55.0,86.25,31.25,83.0,38.0,-45.0,45.0,3.473333333333333,23.0,-0.3892198210758687
left,vibha,combined_all,/Users/tylerchen/Cosmos-Gesture-Recognition-/processed/session_vibha_discrete/sessions/vibha_left_005,30.0,396575.0,136841.1675369173,231497.0,707281.0,231497.0,260683.0,29186.0,4.866666666666666,3.4998412662417837,0.0,0.0,0.0,301.0,301.0,0.6027242524916944,0.1071106123784858,0.341,0.739,-0.22196511627906976,0.2371269928998297,-0.71,0.193,-0.7457076411960132,0.0905209614596307,-1.022,-0.601,39.042774086378735,39.644244034645574,-13.61,159.37,-12.260299003322258,14.6148132508007,-43.06,20.81,-45.5412292358804,47.24380294207038,-134.1,18.46,1.0207610788232828,0.050672300061162905,151.0,61.682119205298015,20.060845879597267,32.0,94.0,60.0,62.0,43.5,82.5,39.0,83.0,40.0,-43.0,43.0,3.34,19.0,-0.41979319158824235
left,vibha,combined_all,/Users/tylerchen/Cosmos-Gesture-Recognition-/processed/session_vibha_discrete/sessions/vibha_left_006,30.0,428170.86666666664,142814.00645191944,255131.0,749645.0,263832.0,264696.0,864.0,5.45,2.4642443060703214,0.0,0.0,0.0,302.0,302.0,0.6806258278145696,0.06015068907507062,0.539,0.797,-0.12938576158940396,0.2461337015438525,-0.524,0.456,-0.6879867549668874,0.07758195131392219,-0.931,-0.511,41.212947019867556,33.55273315359962,-15.53,104.95,-7.175000000000002,13.720584495832705,-40.35,26.86,-43.20026490066225,38.46885143925739,-117.71,15.29,1.011067224032453,0.0357756885199313,144.0,62.81597222222222,25.839116720474948,1.0,99.0,70.0,98.0,47.0,82.0,35.0,92.0,53.0,-39.0,39.0,3.7832167832167833,47.0,-0.5337744152399322
left,vibha,combined_all,/Users/tylerchen/Cosmos-Gesture-Recognition-/processed/session_vibha_discrete/sessions/vibha_left_007,30.0,438455.43333333335,143104.1529990618,256241.0,700617.0,269955.0,286786.0,16831.0,5.416666666666667,2.3596727645068833,0.0,0.0,0.0,302.0,302.0,0.5341622516556291,0.0929102153236464,0.291,0.69,-0.17697350993377484,0.24966153585292766,-0.583,0.334,-0.7953956953642383,0.09131622090304196,-1.068,-0.587,32.99746688741722,26.575594477110336,-13.86,81.51,-11.153973509933774,18.626351876071137,-41.05,56.83,-50.103543046357615,49.411539738214266,-153.51,40.99,1.0123479390638999,0.061292247348819606,151.0,65.05298013245033,20.991677106088243,12.0,97.0,69.0,85.0,44.0,84.0,40.0,91.0,40.0,-51.0,51.0,2.5,47.0,-0.45203555245730265
left,vibha,combined_all,/Users/tylerchen/Cosmos-Gesture-Recognition-/processed/session_vibha_discrete/sessions/vibha_left_008,31.0,457860.6129032258,118188.75446823772,261965.0,657054.0,266785.0,261965.0,-4820.0,6.451612903225806,2.7572626640462063,0.0,0.0,0.0,302.0,302.0,0.5721903973509934,0.06650901950864299,0.348,0.715,-0.10384602649006623,0.2234632145248981,-0.404,0.408,-0.783298013245033,0.07253035854013193,-1.014,-0.649,31.63950331125828,22.243949350336155,-7.97,93.08,0.5362417218543052,13.645714942400515,-33.54,33.88,-52.65781456953643,30.14898569222937,-104.74,21.15,1.0045625803538982,0.047069720379017174,151.0,75.69205298013244,15.848434299866167,36.0,96.0,83.0,60.0,61.0,89.0,28.0,93.0,54.0,-39.0,39.0,2.6333333333333333,29.0,-0.3240135935866158
bye_bye,vibha,combined_all,/Users/tylerchen/Cosmos-Gesture-Recognition-/processed/session_vibha_discrete/sessions/vibha_bye_bye_001,30.0,508390.0833333333,81264.57279057536,362004.0,684849.0,502588.0,473271.0,-29317.0,6.733333333333333,1.9310331143946984,0.0,0.0,0.0,302.0,302.0,0.6302682119205298,0.3790988608190299,-0.247,1.518,0.0024470198675496596,1.2206490248614024,-2.206,2.909,-0.08646688741721854,0.3391366774467922,-0.846,0.802,-17.928443708609276,332.1337241071732,-534.41,584.7,-20.699867549668873,140.56090593570426,-291.82,254.19,-2.1074172185430435,308.84622900747416,-532.15,495.56,1.356167343899603,0.56057500745456,151.0,71.7251655629139,6.611023304986366,58.0,91.0,70.0,33.0,68.0,75.0,7.0,71.0,84.0,13.0,13.0,3.1666666666666665,13.0,0.02507668177065177
bye_bye,vibha,combined_all,/Users/tylerchen/Cosmos-Gesture-Recognition-/processed/session_vibha_discrete/sessions/vibha_bye_bye_002,30.0,494845.43333333335,92058.1766933944,355721.0,699049.0,381828.0,655986.0,274158.0,8.383333333333333,1.8783118898509787,0.0,0.0,0.0,301.0,301.0,0.5376013289036545,0.38885544511138165,-0.146,1.762,-0.02044186046511628,1.3033155550320747,-2.249,2.648,0.11941528239202659,0.4507592896159616,-0.724,1.402,-6.212591362126247,367.15967476021797,-700.43,694.14,-27.177209302325583,172.0368478189902,-314.98,360.94,8.023056478405314,353.5044728912395,-504.68,570.06,1.3874422598406202,0.6570547725508074,151.0,71.40066225165563,6.103313575061987,58.0,91.0,70.0,33.0,67.0,75.0,8.0,69.0,74.0,5.0,5.0,2.993333333333333,18.0,-0.013857325432787466
bye_bye,vibha,combined_all,/Users/tylerchen/Cosmos-Gesture-Recognition-/processed/session_vibha_discrete/sessions/vibha_bye_bye_003,30.0,500742.5,99550.86929496564,376010.0,737061.0,376010.0,438361.0,62351.0,8.233333333333333,2.044233080861595,0.0,0.0,0.0,301.0,301.0,0.4667375415282392,0.5372026173109948,-0.704,1.913,0.06568106312292359,1.453787923615648,-2.711,3.152,0.10359302325581396,0.41290796153883447,-0.745,1.238,9.058803986710963,357.4597708246873,-675.22,720.69,-27.52455149501661,174.51462382977158,-391.74,294.78,20.822790697674417,364.3916791166996,-574.57,521.71,1.5036381613503755,0.7379300051641481,150.0,72.14,6.662668823665215,56.0,90.0,71.0,34.0,68.0,77.0,9.0,74.0,69.0,-5.0,5.0,3.3087248322147653,12.0,-0.0005718772686197791
bye_bye,vibha,combined_all,/Users/tylerchen/Cosmos-Gesture-Recognition-/processed/session_vibha_discrete/sessions/vibha_bye_bye_004,30.0,419693.0333333333,56130.25011850166,328309.0,569062.0,463738.0,382351.0,-81387.0,7.633333333333334,1.8162843634433703,0.0,0.0,0.0,301.0,301.0,0.6374667774086379,0.3653651414734315,-0.204,1.646,-0.00029235880398670235,1.1729037543003735,-2.228,2.356,-0.016719269102990028,0.3323170819427747,-0.85,1.135,0.2636544850498343,301.213657311159,-541.92,672.84,-19.458239202657804,145.42886153716512,-252.63,331.28,11.474750830564783,304.2573180293936,-451.58,530.29,1.3184697722657095,0.5365729379694277,151.0,66.50662251655629,5.310049200954384,52.0,80.0,67.0,28.0,62.0,70.0,8.0,69.0,62.0,-7.0,7.0,2.4466666666666668,11.0,-0.05418264203555272
bye_bye,vibha,combined_all,/Users/tylerchen/Cosmos-Gesture-Recognition-/processed/session_vibha_discrete/sessions/vibha_bye_bye_005,30.0,457046.81666666665,69464.15917561173,335183.0,687641.0,456600.0,472910.0,16310.0,8.283333333333333,1.7780294960682987,0.0,0.0,0.0,300.0,300.0,0.6271599999999999,0.36072698041593726,-0.507,1.609,-0.04643333333333333,1.2219763822958645,-2.187,2.49,0.03167333333333334,0.3073958793188715,-0.714,0.69,2.880800000000007,357.25635261535473,-626.12,608.81,-26.026866666666663,133.47680374325554,-241.43,222.08,8.172033333333331,316.37046424226384,-574.39,459.43,1.3344651985359277,0.5775240375053379,150.0,64.2,5.118724673380978,53.0,82.0,64.0,29.0,61.0,67.0,6.0,73.0,68.0,-5.0,5.0,2.664429530201342,13.0,0.02139828436819375
bye_bye,vibha,combined_all,/Users/tylerchen/Cosmos-Gesture-Recognition-/processed/session_vibha_discrete/sessions/vibha_bye_bye_006,30.0,476540.4666666667,79046.27071352296,354948.0,631992.0,495786.0,481922.0,-13864.0,8.4,1.7070659255207674,0.0,0.0,0.0,301.0,301.0,0.6094418604651163,0.306188801506468,-0.171,1.62,-0.17295681063122925,1.1631469663135063,-2.448,2.289,0.0016511627906976695,0.2531287958386028,-0.669,0.713,5.677142857142856,388.44035991612697,-569.23,765.89,-23.398006644518272,110.00203928650288,-248.6,218.42,9.271029900332227,309.6855211638746,-461.87,483.26,1.2574430133592864,0.5752476586813446,151.0,60.63576158940398,3.9941347727363254,51.0,71.0,61.0,20.0,58.0,63.0,5.0,63.0,58.0,-5.0,5.0,2.4066666666666667,8.0,-0.011551063088184382
bye_bye,vibha,combined_all,/Users/tylerchen/Cosmos-Gesture-Recognition-/processed/session_vibha_discrete/sessions/vibha_bye_bye_007,31.0,503984.9193548387,71983.28375260477,347415.0,654060.0,391240.0,490881.0,99641.0,8.919354838709678,1.7417861345772676,0.0,0.0,0.0,303.0,303.0,0.4275841584158416,0.4975302223235106,-1.007,1.419,-0.012194719471947184,1.439429323470189,-2.558,3.849,-0.04727227722772277,0.5700627079950322,-1.429,1.233,-3.8713531353135298,328.8372061687596,-748.71,573.05,-44.38003300330033,137.9452517182671,-433.03,172.0,20.821386138613864,352.384986707471,-567.95,521.35,1.5202956712606928,0.7199842041942545,151.0,69.90728476821192,7.1559774486112735,57.0,93.0,69.0,36.0,65.0,75.0,10.0,68.0,74.0,6.0,6.0,3.2133333333333334,23.0,0.07633495991634708
bye_bye,vibha,combined_all,/Users/tylerchen/Cosmos-Gesture-Recognition-/processed/session_vibha_discrete/sessions/vibha_bye_bye_008,30.0,458594.45,57034.05068165582,379187.0,575245.0,517164.0,539630.0,22466.0,7.8,1.9043809142780932,0.0,0.0,0.0,301.0,301.0,0.35532558139534887,0.517033636275189,-0.966,1.614,0.08384053156146179,1.6036508973225556,-2.936,4.0,0.055551495016611295,0.6203131307965588,-1.385,1.9,-11.289169435215948,296.8200685029359,-684.77,561.36,-39.54420265780731,127.91822498021342,-347.85,249.98,-2.2592691029900323,363.06661372644555,-566.21,537.46,1.6122661219922565,0.8722257653630131,148.0,66.29054054054055,6.191120895049684,54.0,87.0,66.0,33.0,62.0,69.0,7.0,65.0,58.0,-7.0,7.0,2.9591836734693877,24.0,-0.06656067106690247
t_arm,vibha,combined_all,/Users/tylerchen/Cosmos-Gesture-Recognition-/processed/session_vibha_discrete/sessions/vibha_t_arm_001,30.0,303040.0,47333.35245609942,243345.0,438914.0,269627.0,281503.0,11876.0,3.7,2.2383029285599387,0.0,0.0,0.0,300.0,300.0,0.7485016666666666,0.24426924181571086,0.271,1.021,-0.44639,0.33127897040611154,-1.169,-0.098,-0.11996166666666667,0.26250750979204807,-0.515,0.524,31.517699999999998,43.92288976767505,-19.23,172.06,-23.9227,48.60206369119869,-145.94,29.94,-12.583800000000002,25.268623872172647,-71.96,30.92,1.0018259994642893,0.0926156401337157,150.0,124.25333333333333,36.038930603108355,63.0,248.0,120.0,185.0,102.0,135.0,33.0,119.0,99.0,-20.0,20.0,9.087248322147651,105.0,-0.21831548068803122
t_arm,vibha,combined_all,/Users/tylerchen/Cosmos-Gesture-Recognition-/processed/session_vibha_discrete/sessions/vibha_t_arm_002,31.0,282350.29032258067,34048.96353326935,235504.0,374330.0,245911.0,272960.0,27049.0,2.5483870967741935,1.7008292034147183,0.0,0.0,0.0,302.0,302.0,0.6980513245033112,0.3064665774505797,0.127,0.99,-0.42102814569536423,0.33719050322643723,-1.177,-0.024,-0.12654635761589403,0.35140415992495144,-0.811,0.502,40.77438741721855,48.99743675439312,-15.11,175.21,-23.997748344370862,37.83120799341867,-81.42,24.84,-14.867185430463577,20.395026363217674,-53.5,29.15,1.0043894887801124,0.05348054539091277,151.0,110.72847682119205,20.821522126503123,59.0,156.0,110.0,97.0,93.0,130.5,37.5,130.0,96.0,-34.0,34.0,3.7733333333333334,29.0,-0.41120250958522175
t_arm,vibha,combined_all,/Users/tylerchen/Cosmos-Gesture-Recognition-/processed/session_vibha_discrete/sessions/vibha_t_arm_003,30.0,301570.1,47850.558069438084,244947.0,422995.0,270162.0,256693.0,-13469.0,3.0833333333333335,2.025188605757224,0.0,0.0,0.0,302.0,302.0,0.6645298013245032,0.3424202678586037,0.092,1.034,-0.4741639072847682,0.35539062871805227,-1.089,-0.026,-0.06397185430463577,0.314555762703855,-0.765,0.483,38.7958940397351,39.15291014991498,-10.59,129.43,-16.750314569536425,31.266741194929715,-82.92,23.96,-17.132549668874173,19.65499769834633,-55.33,13.86,1.0052083522366757,0.05078682140001468,151.0,109.37748344370861,23.476581727856466,79.0,196.0,104.0,117.0,89.0,130.0,41.0,143.0,90.0,-53.0,53.0,4.046666666666667,81.0,-0.47043743464621857
t_arm,vibha,combined_all,/Users/tylerchen/Cosmos-Gesture-Recognition-/processed/session_vibha_discrete/sessions/vibha_t_arm_004,31.0,306173.98387096776,34622.79441641522,253837.0,389344.0,335882.0,262256.0,-73626.0,3.5161290322580645,2.367399113794681,0.0,0.0,0.0,302.0,302.0,0.666475165562914,0.30451840231530586,0.124,0.953,-0.35612913907284766,0.12484257588484562,-0.622,-0.193,0.16119205298013242,0.5629600719285973,-0.579,1.002,8.963609271523177,14.992673875549178,-26.43,41.69,-36.93417218543047,46.44308432122446,-129.46,18.59,0.1118046357615894,4.484647483497091,-12.15,10.38,1.0092645720818743,0.06021777296864573,151.0,108.14238410596026,19.840730621917103,62.0,148.0,104.0,86.0,96.0,126.5,30.5,123.0,73.0,-50.0,50.0,3.2666666666666666,23.0,-0.40006099686301977
t_arm,vibha,combined_all,/Users/tylerchen/Cosmos-Gesture-Recognition-/processed/session_vibha_discrete/sessions/vibha_t_arm_005,30.0,291253.0333333333,27476.112471543147,235967.0,360516.0,236158.0,298187.0,62029.0,1.7,1.69607389776114,0.0,0.0,0.0,301.0,301.0,0.7045066445182724,0.26840965663097327,0.201,0.961,-0.33068770764119604,0.08909218497516348,-0.545,-0.16,0.22216611295681057,0.5278389204055133,-0.435,1.102,2.802558139534884,17.561380814552408,-91.95,34.64,-29.447541528239206,39.13383192667039,-103.85,15.26,-0.6354817275747506,8.975175704172173,-20.26,23.19,1.0049375182940203,0.0611344855056627,149.0,107.71140939597315,17.60011720707803,76.0,137.0,103.0,61.0,93.0,124.0,31.0,133.0,95.0,-38.0,38.0,2.7432432432432434,11.0,-0.34805550516959965
t_arm,vibha,combined_all,/Users/tylerchen/Cosmos-Gesture-Recognition-/processed/session_vibha_discrete/sessions/vibha_t_arm_006,30.0,344538.05,63576.692398806816,266142.0,528081.0,274655.0,360385.0,85730.0,3.2333333333333334,2.39002556936578,0.0,0.0,0.0,300.0,300.0,0.6928466666666666,0.29415539513816313,0.139,0.971,-0.25214,0.1254578032646834,-0.525,-0.05,0.18892666666666666,0.5734776496274482,-0.471,1.059,10.310616666666666,19.250543603659324,-49.68,57.92,-33.29946666666667,40.53349284248585,-122.53,16.48,0.6057666666666671,9.730116601505292,-23.59,28.02,1.0037003836614082,0.05507794329804214,150.0,104.00666666666666,24.69532376098672,47.0,145.0,102.5,98.0,81.0,130.0,49.0,130.0,83.0,-47.0,47.0,4.342281879194631,63.0,-0.5077221209831558
t_arm,vibha,combined_all,/Users/tylerchen/Cosmos-Gesture-Recognition-/processed/session_vibha_discrete/sessions/vibha_t_arm_007,31.0,300544.51612903224,48321.411820374786,238659.0,448186.0,294201.0,311892.0,17691.0,2.7419354838709675,2.1992336192334596,0.0,0.0,0.0,300.0,300.0,0.8070366666666666,0.2001094458595651,0.371,1.049,-0.2894966666666667,0.289580368790581,-0.892,0.054,-0.03241666666666665,0.39966274497658927,-0.498,0.736,16.695133333333334,21.388679926124993,-9.43,74.16,-25.810733333333335,36.205858303073306,-105.5,10.83,-14.219199999999997,19.959563656553215,-54.63,11.26,1.0078354398153144,0.06376486429796765,150.0,96.98,20.9395005805716,75.0,139.0,84.0,64.0,81.0,116.0,35.0,135.0,84.0,-51.0,51.0,1.912751677852349,7.0,-0.4227192319658654
t_arm,vibha,combined_all,/Users/tylerchen/Cosmos-Gesture-Recognition-/processed/session_vibha_discrete/sessions/vibha_t_arm_008,30.0,267360.2166666667,30689.59956230649,232200.0,337233.0,241756.0,253516.0,11760.0,1.6,1.7625738755203049,0.0,0.0,0.0,300.0,300.0,0.6651216666666665,0.33106139817847824,0.106,1.02,-0.29326,0.177259261347139,-0.611,-0.052,0.28113666666666665,0.5162648590167217,-0.448,0.94,8.649383333333333,14.081042919580053,-25.36,40.62,-32.629466666666666,39.41244989909773,-104.59,22.74,-4.327666666666666,7.314094376992653,-17.88,14.19,1.00598513727051,0.054515023227544916,150.0,105.88,20.42999834103677,80.0,143.0,103.0,63.0,85.25,126.0,40.75,131.0,84.0,-47.0,47.0,2.6241610738255035,14.0,-0.42623761056046955
raise_arms,vibha,combined_all,/Users/tylerchen/Cosmos-Gesture-Recognition-/processed/session_vibha_discrete/sessions/vibha_raise_arms_001,30.0,415707.35,121948.14658186694,259597.0,602085.0,275213.0,283330.0,8117.0,6.333333333333333,3.2514953824697677,0.0,0.0,0.0,303.0,303.0,0.2881815181518152,0.6096317208265652,-0.776,0.823,-0.24161386138613863,0.19355042427893318,-0.58,0.047,-0.663904290429043,0.114497960326313,-0.885,-0.441,-5.271155115511551,11.772535007970585,-40.96,28.6,26.563201320132016,41.21047620639065,-12.21,121.34,-15.941386138613861,25.343771643441773,-78.49,15.84,0.9977750413219365,0.09413874801963448,151.0,38.05960264900662,3.1983991580778244,30.0,46.0,38.0,16.0,36.0,40.0,4.0,33.0,34.0,1.0,1.0,1.9,8.0,-0.002662948762635273
raise_arms,vibha,combined_all,/Users/tylerchen/Cosmos-Gesture-Recognition-/processed/session_vibha_discrete/sessions/vibha_raise_arms_002,31.0,476870.6129032258,170125.1890379699,254189.0,855979.0,254189.0,278426.0,24237.0,7.580645161290323,3.2900063099104817,0.0,0.0,0.0,302.0,302.0,0.35506291390728484,0.5152050122534833,-0.643,0.856,-0.17697019867549668,0.15078911220594646,-0.528,0.087,-0.7240215231788079,0.17071141667090073,-1.077,-0.309,-6.456986754966888,11.391234075728429,-49.26,21.42,25.15596026490066,37.03993781871556,-29.91,91.25,-7.774205298013246,15.985107593188097,-42.79,28.17,0.9959320166736048,0.08384901332120467,151.0,32.2317880794702,3.9538061132858995,21.0,40.0,33.0,19.0,30.5,35.0,4.5,28.0,31.0,3.0,3.0,2.54,10.0,0.05825026141512711
raise_arms,vibha,combined_all,/Users/tylerchen/Cosmos-Gesture-Recognition-/processed/session_vibha_discrete/sessions/vibha_raise_arms_003,31.0,437528.43548387097,136558.95574113308,252269.0,696699.0,420892.0,293124.0,-127768.0,5.870967741935484,2.4195698829160226,0.0,0.0,0.0,303.0,303.0,0.08719636963696371,0.5827176715239486,-0.911,0.664,-0.26417821782178214,0.12561062572296028,-0.667,-0.02,-0.7480346534653465,0.11122790914320019,-0.999,-0.438,-5.026798679867987,9.92256408480402,-36.47,22.0,29.426782178217824,33.68983173939512,-12.05,104.22,-13.1296699669967,14.964109092999282,-43.79,12.27,0.9980542545617336,0.09244699648326075,151.0,30.29801324503311,3.0768917259397885,21.0,39.0,31.0,18.0,28.0,32.0,4.0,24.0,35.0,11.0,11.0,2.033333333333333,8.0,0.03151097943534323
raise_arms,vibha,combined_all,/Users/tylerchen/Cosmos-Gesture-Recognition-/processed/session_vibha_discrete/sessions/vibha_raise_arms_004,30.0,472146.9,160920.43375849858,271735.0,995411.0,370259.0,306848.0,-63411.0,7.066666666666666,2.2939534045447005,0.0,0.0,0.0,301.0,301.0,-0.01769435215946856,0.6627454472434012,-0.907,0.771,-0.2348338870431894,0.10727912012963149,-0.44,-0.003,-0.6831760797342192,0.14953226818478124,-0.917,-0.376,-7.13750830564784,14.758513307712187,-48.46,44.71,34.17729235880399,35.465999131743985,-22.37,91.43,-7.581561461794019,10.568294865579016,-36.81,10.59,0.9944028925479134,0.08032885223657318,151.0,30.05298013245033,6.345642157649293,17.0,41.0,30.0,24.0,25.0,36.0,11.0,30.0,40.0,10.0,10.0,2.52,13.0,0.11406936214708943
raise_arms,vibha,combined_all,/Users/tylerchen/Cosmos-Gesture-Recognition-/processed/session_vibha_discrete/sessions/vibha_raise_arms_005,31.0,484792.8387096774,130896.1139762016,275946.0,748333.0,306874.0,354674.0,47800.0,7.080645161290323,2.4032799301114687,0.0,0.0,0.0,300.0,300.0,-0.04778166666666664,0.5844743787884848,-0.76,0.818,-0.20446333333333333,0.15021842044416772,-0.583,0.121,-0.7442833333333332,0.1485379914614689,-1.097,-0.421,-10.083333333333334,13.057604791419017,-54.11,25.64,29.779133333333334,29.152109276155112,-38.33,69.61,-8.458633333333333,13.597592377533442,-35.28,33.54,0.9902114085715383,0.06137423863563004,150.0,27.596666666666668,4.133549373729063,13.0,41.0,27.0,28.0,26.0,30.0,4.0,25.0,34.0,9.0,9.0,3.214765100671141,24.0,0.014616649628872463
raise_arms,vibha,combined_all,/Users/tylerchen/Cosmos-Gesture-Recognition-/processed/session_vibha_discrete/sessions/vibha_raise_arms_006,30.0,464879.1,139864.41699178872,250924.0,728173.0,273648.0,426834.0,153186.0,6.116666666666666,3.700638083117859,0.0,0.0,0.0,302.0,302.0,-0.20006456953642385,0.5015687081826166,-0.732,0.697,-0.2690960264900662,0.09063570037731664,-0.451,0.008,-0.7734403973509935,0.1370552219535716,-1.069,-0.553,-6.994718543046358,13.270422851864472,-61.04,28.53,28.412748344370865,21.670696461467113,-16.45,58.78,-9.796009933774833,10.37433998211312,-33.08,17.91,0.9929208975684993,0.05767821042970462,151.0,25.480132450331126,4.288871350812641,12.0,37.0,26.0,25.0,22.0,29.0,7.0,24.0,27.0,3.0,3.0,2.7133333333333334,23.0,0.05441501103752743
raise_arms,vibha,combined_all,/Users/tylerchen/Cosmos-Gesture-Recognition-/processed/session_vibha_discrete/sessions/vibha_raise_arms_007,30.0,499517.36666666664,159727.27051122347,247100.0,755891.0,290617.0,295529.0,4912.0,7.466666666666667,3.3038697848970306,0.0,0.0,0.0,300.0,300.0,-0.1821116666666667,0.5982769049784185,-0.863,0.77,-0.26820166666666667,0.1120659485774138,-0.512,0.059,-0.69745,0.17328952411114373,-0.988,-0.428,-6.096466666666667,17.696590637244853,-43.21,60.7,32.3547,29.673087806075003,-24.23,78.68,-9.46555,14.713795418387694,-41.08,22.71,0.9937724557528206,0.06687968939577188,150.0,27.453333333333333,4.924376656858508,11.0,44.0,28.0,33.0,25.0,31.0,6.0,28.0,33.0,5.0,5.0,2.9060402684563758,18.0,0.02813280590248444
raise_arms,vibha,combined_all,/Users/tylerchen/Cosmos-Gesture-Recognition-/processed/session_vibha_discrete/sessions/vibha_raise_arms_008,30.0,449585.81666666665,145702.73361977367,245004.0,735784.0,259654.0,267912.0,8258.0,6.9,3.9526362510776694,0.0,0.0,0.0,300.0,300.0,0.053338333333333356,0.5662854172334798,-0.778,0.695,-0.06407333333333336,0.20358189496012544,-0.415,0.265,-0.7794183333333332,0.13319494171034507,-1.045,-0.511,-12.889,15.36818018938265,-81.24,12.45,30.406933333333335,26.8542031968237,-9.83,78.19,-5.434800000000001,9.767532729746375,-29.97,13.4,0.9947630853260997,0.06895916530749406,150.0,29.96,5.086011873612122,15.0,39.0,30.0,24.0,26.25,33.0,6.75,25.0,36.0,11.0,11.0,3.2550335570469797,17.0,0.08197164318414135
fist_open,vibha,combined_all,/Users/tylerchen/Cosmos-Gesture-Recognition-/processed/session_vibha_discrete/sessions/vibha_fist_open_001,30.0,276231.7166666667,19220.71586582358,248694.0,334766.0,270429.0,252679.0,-17750.0,1.7666666666666666,1.3828312341794362,0.0,0.0,0.0,301.0,301.0,0.9480548172757476,0.0618173359432523,0.565,1.415,0.25964617940199336,0.07931083070717915,-0.339,0.541,-0.16703322259136213,0.11143254992134798,-0.755,0.639,-1.6378903654485053,25.770876457221288,-245.34,82.89,2.007524916943522,15.651342525824257,-52.86,94.76,-0.5114617940199335,10.289084942768415,-72.57,38.97,1.006326388489226,0.06292993238394262,137.0,84.32116788321167,2.92223802873893,78.0,92.0,84.0,14.0,83.0,87.0,4.0,85.0,84.0,-1.0,1.0,1.8897058823529411,10.0,0.030062818526331237
fist_open,vibha,combined_all,/Users/tylerchen/Cosmos-Gesture-Recognition-/processed/session_vibha_discrete/sessions/vibha_fist_open_002,30.0,253743.51666666666,10055.989869167346,239162.0,274615.0,249505.0,270023.0,20518.0,1.0,1.3165611772087666,0.0,0.0,0.0,302.0,302.0,0.9441589403973509,0.07889812555128999,0.213,1.499,0.13835927152317878,0.05371151246713859,-0.29,0.581,-0.2877019867549669,0.09045285587047902,-0.737,0.532,-0.7912913907284769,18.905316036883875,-137.79,95.74,2.4529635761589406,14.143884512911132,-40.53,105.11,-0.2873013245033112,7.006066476190916,-61.86,29.73,1.0024243490257385,0.07608423183481132,149.0,79.13758389261746,6.55456800182511,61.0,90.0,81.0,29.0,78.0,83.0,5.0,90.0,77.0,-13.0,13.0,2.8175675675675675,15.0,0.006031198984219074
fist_open,vibha,combined_all,/Users/tylerchen/Cosmos-Gesture-Recognition-/processed/session_vibha_discrete/sessions/vibha_fist_open_003,30.0,250791.86666666667,8950.738897535322,237148.0,271310.0,247693.0,267794.0,20101.0,0.5,0.9574271077563381,0.0,0.0,0.0,301.0,301.0,0.9207691029900335,0.1570036523545989,-0.896,2.037,0.14470099667774083,0.1618786314740469,-0.968,2.003,-0.3355,0.1417485256299776,-1.031,1.115,-1.3569269102990031,29.277942798171406,-212.04,263.13,1.257076411960133,15.959224982769044,-79.13,115.27,1.6021926910299003,8.934334747746867,-55.02,59.45,1.0174526920458355,0.1305828151333496,150.0,72.29333333333334,6.49501271412147,56.0,81.0,75.0,25.0,67.0,78.0,11.0,78.0,56.0,-22.0,22.0,1.8523489932885906,7.0,-0.12383483710387158
fist_open,vibha,combined_all,/Users/tylerchen/Cosmos-Gesture-Recognition-/processed/session_vibha_discrete/sessions/vibha_fist_open_004,30.0,257139.93333333332,16181.698588082636,239545.0,300164.0,246342.0,251615.0,5273.0,0.6,1.2000000000000002,0.0,0.0,0.0,301.0,301.0,0.9071079734219268,0.03603277530510651,0.717,1.039,0.0614750830564784,0.042089254895630625,-0.201,0.22,-0.404641196013289,0.06237922473902711,-0.686,-0.204,-0.20594684385382045,11.210665440482865,-61.04,33.23,2.434451827242525,10.801807094740377,-18.34,56.79,-0.15981727574750837,6.1189986301448736,-28.6,15.84,0.998165775267094,0.03137957666766876,151.0,65.26158940397352,6.5870667313775035,48.0,74.0,67.0,26.0,62.0,70.0,8.0,68.0,71.0,3.0,3.0,2.2733333333333334,15.0,0.05652840711049107
fist_open,vibha,combined_all,/Users/tylerchen/Cosmos-Gesture-Recognition-/processed/session_vibha_discrete/sessions/vibha_fist_open_005,30.0,241708.86666666667,13663.752747039236,230511.0,298269.0,247225.0,237829.0,-9396.0,0.35,0.8480369488805699,0.0,0.0,0.0,301.0,301.0,0.9069036544850497,0.0355038996907712,0.694,1.019,-0.05753820598006644,0.03803587364447555,-0.229,0.09,-0.4147159468438538,0.05164762374066183,-0.636,-0.276,-0.33102990033222585,9.88187067524643,-52.83,33.3,1.1385548172757474,8.53973234705207,-22.49,40.1,1.1744186046511627,4.72356889092295,-14.62,26.73,1.001121310877881,0.030084094696345653,149.0,64.79530201342281,5.590006124369087,46.0,74.0,66.0,28.0,62.0,68.0,6.0,60.0,63.0,3.0,3.0,2.614864864864865,13.0,0.06891650039301038
fist_open,vibha,combined_all,/Users/tylerchen/Cosmos-Gesture-Recognition-/processed/session_vibha_discrete/sessions/vibha_fist_open_006,30.0,261771.18333333332,14871.961488252166,240497.0,295539.0,283521.0,240568.0,-42953.0,1.5,1.6881943016134133,0.0,0.0,0.0,300.0,300.0,0.9175116666666667,0.08060768592730816,0.356,1.535,0.1076,0.054911081321094485,-0.291,0.318,-0.37117833333333333,0.07646449280669548,-0.755,0.086,-0.7819333333333333,16.02754964818968,-94.06,96.53,1.2716166666666664,17.101261249439297,-64.64,89.48,-1.3007166666666672,9.195298374677781,-67.26,34.06,1.0000980193470188,0.07963899701979005,150.0,67.56333333333333,2.0613873176523807,62.0,72.0,68.0,10.0,66.0,69.0,3.0,69.0,69.0,0.0,0.0,1.2348993288590604,8.0,0.027159429307969142
fist_open,vibha,combined_all,/Users/tylerchen/Cosmos-Gesture-Recognition-/processed/session_vibha_discrete/sessions/vibha_fist_open_007,30.0,262413.15,20097.25469774002,240102.0,310394.0,310394.0,257075.0,-53319.0,1.1,1.619670748434179,0.0,0.0,0.0,302.0,302.0,0.896885761589404,0.07162192704587812,0.308,1.446,0.08128145695364239,0.07172535634103289,-0.132,0.704,-0.4240347682119205,0.07838027916531279,-0.77,0.288,-0.0030132450331126657,15.666714024886423,-102.54,89.02,1.4446854304635761,13.937662907920425,-47.24,86.31,0.33044701986754954,10.294758256757364,-73.24,22.43,1.0007975358358776,0.07508806058042607,151.0,64.82781456953643,1.4503406009347068,62.0,69.0,65.0,7.0,64.0,66.0,2.0,65.0,64.0,-1.0,1.0,1.5266666666666666,6.0,-0.008696409898919469
fist_open,vibha,combined_all,/Users/tylerchen/Cosmos-Gesture-Recognition-/processed/session_vibha_discrete/sessions/vibha_fist_open_008,30.0,259537.2,23069.49830606061,232925.0,311382.0,264261.0,267625.0,3364.0,1.4666666666666666,2.2171052197754517,0.0,0.0,0.0,301.0,301.0,0.8806511627906978,0.05579448111474374,0.542,1.327,0.07535215946843854,0.059320870565977596,-0.325,0.636,-0.4594252491694352,0.058261584139119554,-0.7,-0.037,-0.6464119601328903,18.114878076940887,-119.17,76.51,0.9961960132890366,11.063631184643583,-71.87,57.59,0.6805813953488372,7.681173261203262,-47.3,34.12,0.999634277141593,0.055260220711972334,150.0,63.7,1.2137357053395552,61.0,67.0,64.0,6.0,63.0,65.0,2.0,62.0,65.0,3.0,3.0,1.1073825503355705,4.0,0.002704120183119396
one_arm_boxing,student1,combined_all,/Users/tylerchen/Cosmos-Gesture-Recognition-/processed/session_vibha_periodic/sessions/student1_one_arm_boxing_001_seg000,30.0,571247.9,186396.53252789692,251314.0,934671.0,270300.0,379120.0,108820.0,8.0,3.022140521771503,0.0,0.0,0.0,299.0,299.0,0.1283578595317726,0.7098035874846793,-1.991,1.499,-0.16848160535117057,0.40294680514165,-1.31,0.88,-0.9117558528428094,0.3300935165825353,-2.534,0.231,-13.906755852842808,59.13609679649992,-166.14,212.41,-0.8066220735785947,56.7490316240009,-277.66,120.82,3.591204013377925,92.2991184325901,-190.68,241.4,1.2405058645885358,0.3353426856659644,150.0,71.57666666666667,6.9977260075441095,55.0,108.0,70.5,53.0,67.0,75.0,8.0,67.0,93.0,26.0,26.0,3.4496644295302015,24.0,0.08908810761959783
one_arm_boxing,student1,combined_all,/Users/tylerchen/Cosmos-Gesture-Recognition-/processed/session_vibha_periodic/sessions/student1_one_arm_boxing_001_seg001,30.0,636985.4666666667,108042.07330101648,417452.0,915641.0,738244.0,458932.0,-279312.0,9.9,1.903505538035898,0.0,0.0,0.0,301.0,301.0,0.2550797342192691,0.7171295218560851,-2.024,1.913,0.06997009966777408,0.5674472028388409,-1.71,2.892,-0.9014518272425249,0.40236635614382804,-2.428,-0.171,5.2582392026578075,80.54490104912469,-271.46,333.51,-1.5852491694352158,59.60422051062137,-210.82,137.55,-4.319534883720931,98.42221306713661,-213.51,241.77,1.2979171655929242,0.4428969151378586,150.0,73.9,7.148942757522652,56.0,86.0,74.0,30.0,68.0,80.0,12.0,72.0,64.0,-8.0,8.0,3.1946308724832213,23.0,0.007587892795235086
one_arm_boxing,student1,combined_all,/Users/tylerchen/Cosmos-Gesture-Recognition-/processed/session_vibha_periodic/sessions/student1_one_arm_boxing_001_seg002,30.0,590025.4666666667,120066.07460859024,375617.0,891763.0,891763.0,664189.0,-227574.0,9.566666666666666,2.124199195513976,0.0,0.0,0.0,300.0,300.0,-0.003421666666666668,0.857148201711479,-3.051,1.716,-0.15416666666666667,0.6024882457743854,-4.0,1.126,-1.0051283333333334,0.3886524253072689,-2.724,-0.097,-7.239100000000001,92.42696250295869,-264.53,330.27,-1.012566666666666,78.33189930723555,-327.77,215.83,-1.6978999999999982,113.61877527323554,-267.04,343.18,1.3925797784895304,0.5861138367383292,150.0,71.84333333333333,7.222991039214482,53.0,98.0,71.0,45.0,68.0,76.75,8.75,69.0,83.0,14.0,14.0,3.9060402684563758,28.0,-0.006427841237388737
one_arm_boxing,student1,combined_all,/Users/tylerchen/Cosmos-Gesture-Recognition-/processed/session_vibha_periodic/sessions/student1_one_arm_boxing_002_seg000,30.0,593335.8,138586.47081428982,360671.0,870478.0,524417.0,435542.0,-88875.0,9.3,2.0190756961210408,0.0,0.0,0.0,300.0,300.0,0.05466,0.804773871593754,-3.701,1.386,-0.09752833333333336,0.5831734004826999,-4.0,1.519,-0.9616016666666667,0.3276930761610457,-2.544,0.258,1.0794333333333341,80.81551257862289,-312.51,269.26,-0.5218999999999994,71.11795070203209,-359.48,173.41,0.7017999999999999,94.85979020336629,-281.99,370.59,1.309076953628444,0.5644729735002431,149.0,70.91610738255034,7.894233844293635,54.0,94.0,71.0,40.0,64.0,77.0,13.0,71.0,73.0,2.0,2.0,3.635135135135135,18.0,-0.028918918918918877
one_arm_boxing,student1,combined_all,/Users/tylerchen/Cosmos-Gesture-Recognition-/processed/session_vibha_periodic/sessions/student1_one_arm_boxing_002_seg001,30.0,587758.3666666667,108455.96330907254,361030.0,765394.0,366061.0,718159.0,352098.0,9.666666666666666,1.7191729277636836,0.0,0.0,0.0,300.0,300.0,0.20391499999999999,1.0044436189295711,-4.0,1.257,0.056066666666666654,0.562822573187047,-2.343,1.258,-0.8364,0.4961519256571855,-2.781,0.685,-9.1729,87.87564994120955,-261.91,288.43,-10.186033333333333,109.27636933256107,-477.37,126.32,-2.0794333333333337,117.55209874779872,-247.41,403.12,1.4211308443909794,0.5445363599313165,150.0,69.12,8.4677992513447,51.0,88.0,69.5,37.0,62.0,77.0,15.0,67.0,61.0,-6.0,6.0,3.9060402684563758,24.0,0.004412640561802673
one_arm_boxing,student1,combined_all,/Users/tylerchen/Cosmos-Gesture-Recognition-/processed/session_vibha_periodic/sessions/student1_one_arm_boxing_002_seg002,30.0,577709.45,113974.64070546206,366834.0,818540.0,548742.0,542746.0,-5996.0,10.033333333333333,1.7792008193443356,0.0,0.0,0.0,300.0,300.0,0.16112833333333332,0.8021776409856001,-3.85,1.138,-0.044726666666666665,0.6026340005527585,-3.949,1.063,-0.9252066666666667,0.4327956838458022,-2.602,0.537,4.0062000000000015,77.06262815978529,-204.57,218.6,3.888033333333333,82.01596501778717,-364.45,154.91,-7.142233333333333,97.00869525294569,-185.74,352.34,1.3236022303634207,0.5709782277900893,148.0,68.45608108108108,10.53515802471069,32.0,89.0,70.5,57.0,62.0,77.0,15.0,70.0,55.0,-15.0,15.0,4.115646258503402,16.0,-0.08835424247696513
one_arm_boxing,student1,combined_all,/Users/tylerchen/Cosmos-Gesture-Recognition-/processed/session_vibha_periodic/sessions/student1_one_arm_boxing_003_seg000,30.0,573314.9333333333,102632.31920239463,309203.0,711875.0,616554.0,573887.0,-42667.0,10.0,2.4358434541926814,0.0,0.0,0.0,300.0,300.0,0.010433333333333336,0.8784212536641454,-3.61,1.429,-0.21033666666666667,0.5249477402455305,-2.597,1.44,-0.9618966666666665,0.3893741807767376,-2.375,0.166,-1.4469166666666657,120.9797857522093,-258.55,783.2,-10.831199999999999,89.17992550957493,-290.08,174.69,1.4342666666666666,98.03957238684569,-190.83,298.87,1.3713952860634715,0.5363551211926247,149.0,71.1510067114094,11.271181965464105,33.0,112.0,69.0,79.0,65.0,75.0,10.0,57.0,65.0,8.0,8.0,5.378378378378378,79.0,-0.035506983493561066
one_arm_boxing,student1,combined_all,/Users/tylerchen/Cosmos-Gesture-Recognition-/processed/session_vibha_periodic/sessions/student1_one_arm_boxing_003_seg001,30.0,544676.9666666667,123894.47946148457,329070.0,798451.0,558187.0,584335.0,26148.0,9.233333333333333,2.4315061633115844,0.0,0.0,0.0,299.0,299.0,0.2953913043478261,0.8095202865725764,-2.837,1.437,-0.06725083612040132,0.3615673895901288,-2.027,0.745,-0.945896321070234,0.31182544740931156,-2.154,0.176,-1.563244147157191,73.77116330220406,-152.96,325.79,-2.3249163879598655,70.50146432391139,-314.58,113.5,-5.536120401337793,88.85309856582406,-167.15,279.24,1.314337644489404,0.3772324023397713,150.0,72.54666666666667,8.362457384782552,38.0,91.0,74.0,53.0,67.0,78.0,11.0,78.0,63.0,-15.0,15.0,4.02013422818792,22.0,-0.07181830303569028
one_arm_boxing,student1,combined_all,/Users/tylerchen/Cosmos-Gesture-Recognition-/processed/session_vibha_periodic/sessions/student1_one_arm_boxing_003_seg002,29.0,607412.224137931,131150.4763120951,359840.0,1012449.0,672726.0,715667.0,42941.0,10.448275862068966,1.7730979492665435,0.0,0.0,0.0,301.0,301.0,-0.08548172757475084,0.7861311150595616,-2.744,0.92,-0.15299335548172757,0.466915964846219,-2.199,1.227,-0.9564285714285714,0.37057474313125605,-3.021,-0.099,-0.06196013289036877,103.64111061950075,-374.55,441.05,-8.400598006644518,83.08511586347885,-351.24,165.23,3.3941860465116283,95.99600635252052,-184.58,266.0,1.2968228556484147,0.4868865108250311,150.0,72.92,6.541518864372827,58.0,87.0,73.0,29.0,68.0,77.75,9.75,64.0,69.0,5.0,5.0,2.7315436241610738,16.0,0.014559461902010313
clapping,student1,combined_all,/Users/tylerchen/Cosmos-Gesture-Recognition-/processed/session_vibha_periodic/sessions/student1_clapping_001_seg000,30.0,468943.56666666665,88659.67742729625,305089.0,655832.0,409664.0,564205.0,154541.0,7.683333333333334,2.1851137778665493,0.0,0.0,0.0,301.0,301.0,0.6963172757475083,0.6415226283162176,-2.319,3.89,-0.5161926910299003,0.6965276068155616,-3.418,4.0,0.3120996677740864,0.9384957082401985,-3.792,3.365,20.713853820598008,207.90084622115992,-1000.03,1000.0,-11.385481727574751,169.29907746131693,-558.61,640.61,-1.0693189368770741,90.06892475459169,-750.94,344.71,1.4487073053696886,0.7262521413762205,150.0,30.506666666666668,14.046355555791036,4.0,69.0,35.0,65.0,19.0,40.0,21.0,37.0,16.0,-21.0,21.0,6.731543624161074,54.0,-0.05002651969717179
clapping,student1,combined_all,/Users/tylerchen/Cosmos-Gesture-Recognition-/processed/session_vibha_periodic/sessions/student1_clapping_001_seg001,30.0,483469.6666666667,53636.98317289003,381969.0,651812.0,528674.0,494757.0,-33917.0,9.633333333333333,1.9913702708325125,0.0,0.0,0.0,299.0,299.0,0.6850167224080268,0.7944326490232343,-3.237,3.896,-0.4351571906354515,0.6988309121782007,-3.588,2.211,0.1733896321070234,0.8989679347834165,-3.147,2.061,14.90645484949833,223.86056855138116,-1000.03,1000.0,-7.788444816053511,189.77719303081437,-484.6,747.8,13.92483277591973,77.84122995336732,-499.16,207.89,1.4652509244680683,0.6850873001499191,149.0,28.892617449664428,16.51878166913033,1.0,88.0,28.0,87.0,14.0,42.0,28.0,6.0,8.0,2.0,2.0,8.364864864864865,82.0,-0.0022038817340833206
clapping,student1,combined_all,/Users/tylerchen/Cosmos-Gesture-Recognition-/processed/session_vibha_periodic/sessions/student1_clapping_001_seg002,30.0,446815.5833333333,52704.54129928516,362122.0,576450.0,392957.0,476026.0,83069.0,8.016666666666667,2.0594632526192083,0.0,0.0,0.0,301.0,301.0,0.6475863787375415,0.5275472332854473,-1.64,3.719,-0.4415099667774086,0.5435203962035775,-2.908,2.331,0.10983554817275747,0.9557787273380072,-3.129,2.377,18.27931893687708,202.83437241728114,-996.95,624.71,-14.354966777408638,160.67803031087857,-419.48,348.58,21.67787375415282,48.675991301904475,-202.52,155.16,1.349088622475107,0.5418084394960122,149.0,24.996644295302012,13.038469152946943,1.0,67.0,26.0,66.0,16.0,33.0,17.0,16.0,19.0,3.0,3.0,5.925675675675675,41.0,0.03439325231271549
clapping,student1,combined_all,/Users/tylerchen/Cosmos-Gesture-Recognition-/processed/session_vibha_periodic/sessions/student1_clapping_002_seg000,30.0,426550.0333333333,53043.26333647112,350537.0,525906.0,369137.0,412369.0,43232.0,8.2,2.3151673805580453,0.0,0.0,0.0,300.0,300.0,0.65293,0.6007917055297396,-1.685,2.934,-0.49333333333333335,0.5829628666466578,-3.011,2.168,0.16885499999999998,0.9040846447143837,-2.638,2.118,26.289983333333335,177.91556340144453,-688.28,870.69,-6.7227000000000015,166.5799406777719,-394.3,485.37,8.846366666666666,57.427426254173355,-380.05,244.3,1.392761689749861,0.5259160307486789,150.0,24.566666666666666,11.118439045158041,3.0,52.0,25.5,49.0,14.0,33.75,19.75,51.0,6.0,-45.0,45.0,5.308724832214765,25.0,-0.008585270456464964
clapping,student1,combined_all,/Users/tylerchen/Cosmos-Gesture-Recognition-/processed/session_vibha_periodic/sessions/student1_clapping_002_seg001,30.0,405679.5833333333,39014.61968503673,335247.0,485332.0,428343.0,381224.0,-47119.0,8.566666666666666,1.977933826552906,0.0,0.0,0.0,300.0,300.0,0.6024733333333334,0.5257171314041914,-1.622,3.394,-0.549725,0.5764688400439929,-2.628,3.379,0.2358016666666666,0.8705646192627157,-3.008,2.675,20.190266666666666,165.81694973044935,-576.8,694.54,-6.172466666666667,149.1004053902778,-391.46,304.33,17.859533333333335,57.35429083939256,-268.41,132.24,1.3437051628505123,0.5308560411636933,145.0,19.824137931034482,12.525187267739913,2.0,61.0,17.0,59.0,10.0,27.0,17.0,13.0,26.0,13.0,13.0,4.576388888888889,46.0,-0.07736576917020932
clapping,student1,combined_all,/Users/tylerchen/Cosmos-Gesture-Recognition-/processed/session_vibha_periodic/sessions/student1_clapping_002_seg002,30.0,399697.85,32717.132212127537,334552.0,490903.0,394074.0,391240.0,-2834.0,8.816666666666666,1.734374687187159,0.0,0.0,0.0,300.0,300.0,0.5474233333333333,0.41310551805579665,-1.303,2.443,-0.6927283333333333,0.47815452909830547,-3.405,1.422,0.39806833333333336,0.9228656634800948,-2.418,2.04,4.893200000000001,217.07490110388164,-712.79,798.18,-4.627666666666668,154.71527151746275,-391.46,290.66,2.6834333333333316,61.00736398484112,-269.42,135.5,1.380187188998281,0.5329685981221436,148.0,19.56081081081081,9.764733400648103,2.0,38.0,21.0,36.0,10.0,29.0,19.0,23.0,10.0,-13.0,13.0,4.333333333333333,26.0,-0.012117925348989589
clapping,student1,combined_all,/Users/tylerchen/Cosmos-Gesture-Recognition-/processed/session_vibha_periodic/sessions/student1_clapping_003_seg000,30.0,406838.06666666665,58952.59490637843,296314.0,570151.0,406380.0,393777.0,-12603.0,8.116666666666667,2.151291601702465,0.0,0.0,0.0,300.0,300.0,0.5441183333333334,0.366054109359127,-0.91,2.764,-0.7059983333333334,0.4293256121491265,-2.88,0.359,0.41905166666666666,0.8406086940409445,-1.86,2.123,1.5382499999999981,216.23779612779543,-724.69,897.15,-0.4502333333333316,149.7317548477239,-377.97,251.01,-1.5102333333333335,46.98591792234925,-255.2,113.28,1.3362333627693765,0.4577359234538972,143.0,15.328671328671328,8.80522909922314,1.0,35.0,15.0,34.0,8.0,24.0,16.0,35.0,23.0,-12.0,12.0,4.352112676056338,20.0,-0.011728881447191405
clapping,student1,combined_all,/Users/tylerchen/Cosmos-Gesture-Recognition-/processed/session_vibha_periodic/sessions/student1_clapping_003_seg001,30.0,398633.11666666664,38686.98253325084,308354.0,469250.0,393132.0,456555.0,63423.0,7.95,1.4852048119142802,0.0,0.0,0.0,300.0,300.0,0.5589166666666667,0.5655163720163356,-1.686,4.0,-0.623265,0.6304622607856873,-3.795,1.806,0.4631250000000001,1.1139591563698308,-3.371,2.634,21.48801666666667,221.56146205737488,-793.94,786.31,-2.865783333333334,150.61037771670888,-414.53,450.18,11.9907,50.50288147693123,-194.37,130.65,1.534552993649551,0.7201912295791181,139.0,18.92086330935252,9.860670486214516,1.0,40.0,18.0,39.0,11.0,27.0,16.0,24.0,4.0,-20.0,20.0,4.27536231884058,17.0,-0.10304303141337855
clapping,student1,combined_all,/Users/tylerchen/Cosmos-Gesture-Recognition-/processed/session_vibha_periodic/sessions/student1_clapping_003_seg002,30.0,405418.36666666664,63383.52025948129,304631.0,551400.0,339414.0,415066.0,75652.0,6.933333333333334,2.9881246441353295,0.0,0.0,0.0,300.0,300.0,0.4490633333333333,0.2955623036217952,-1.431,2.273,-0.69702,0.510263454436366,-4.0,1.932,0.4823133333333333,0.8338448699803774,-2.649,1.955,-5.224949999999997,191.23110906548175,-701.68,863.49,-10.461733333333333,148.86513884215995,-408.4,201.61,-5.729066666666667,54.39600347519414,-323.22,169.32,1.3266176452795362,0.45081001312823843,130.0,12.176923076923076,6.923127608639742,1.0,28.0,11.0,27.0,7.25,17.0,9.75,1.0,7.0,6.0,6.0,3.8449612403100777,20.0,0.10218082999904408
two_arm_boxing,student1,combined_all,/Users/tylerchen/Cosmos-Gesture-Recognition-/processed/session_vibha_periodic/sessions/student1_two_arm_boxing_001_seg000,30.0,606584.3166666667,168666.32970821825,248001.0,896129.0,295718.0,643165.0,347447.0,8.8,3.2598568475727068,0.0,0.0,0.0,300.0,300.0,0.09392333333333333,1.2395071456519409,-4.0,1.797,-0.7005566666666666,0.6677030578449942,-4.0,1.396,-0.6566133333333333,0.45810415535722393,-2.398,0.626,-5.421200000000001,106.51199619015622,-374.4,353.8,-13.057599999999999,77.35453173693188,-164.22,257.94,14.012566666666668,144.86890479928934,-264.44,484.39,1.6098016336971652,0.7289346748138261,149.0,55.24832214765101,15.24081736842489,12.0,97.0,60.0,85.0,47.0,64.0,17.0,64.0,71.0,7.0,7.0,7.358108108108108,53.0,-0.0985488844549253
two_arm_boxing,student1,combined_all,/Users/tylerchen/Cosmos-Gesture-Recognition-/processed/session_vibha_periodic/sessions/student1_two_arm_boxing_001_seg001,30.0,663554.9666666667,140001.0322654166,485941.0,1071086.0,548154.0,681874.0,133720.0,8.55,2.910755915565577,0.0,0.0,0.0,299.0,299.0,0.21970735785953177,1.4026932355971526,-4.0,1.734,-0.7442107023411372,0.8072571499257196,-4.0,1.269,-0.5136137123745819,0.43156575987042306,-1.978,1.09,-1.8581772575250846,139.73203417621204,-529.65,549.58,-4.040033444816054,94.25502685422063,-354.17,273.72,-16.175384615384615,170.01941422716914,-312.45,473.28,1.7445803872308694,0.7923513330549993,150.0,48.27333333333333,17.354146427015383,15.0,98.0,51.0,83.0,31.25,60.0,28.75,72.0,28.0,-44.0,44.0,6.684563758389261,36.0,-0.026580736921641188
two_arm_boxing,student1,combined_all,/Users/tylerchen/Cosmos-Gesture-Recognition-/processed/session_vibha_periodic/sessions/student1_two_arm_boxing_001_seg002,30.0,754700.6333333333,125949.66450120285,560749.0,1107353.0,790912.0,656313.0,-134599.0,9.366666666666667,1.8345450541089348,0.0,0.0,0.0,301.0,301.0,-0.010955149501661128,1.4500477866389803,-4.0,3.097,-0.7625033222591362,1.0128520584704197,-4.0,1.858,-0.45590033222591364,0.7094422906907141,-3.855,4.0,-6.980531561461792,151.84804900435307,-471.57,863.95,-8.956428571428571,93.65978560985553,-233.95,279.76,10.437093023255814,201.91608901371876,-385.3,618.0,1.8517283965198001,0.9961398646312632,149.0,43.76510067114094,15.688000777726874,9.0,93.0,46.0,84.0,31.0,57.0,26.0,31.0,49.0,18.0,18.0,7.8108108108108105,68.0,-0.014924723381099287
two_arm_boxing,student1,combined_all,/Users/tylerchen/Cosmos-Gesture-Recognition-/processed/session_vibha_periodic/sessions/student1_two_arm_boxing_002_seg000,30.0,685802.5666666667,86833.44018356189,515646.0,867668.0,515646.0,760439.0,244793.0,9.0,2.206052281036573,0.0,0.0,0.0,300.0,300.0,0.15831500000000004,1.3650883676921188,-4.0,2.067,-0.49256333333333335,0.9878501806054509,-4.0,1.963,-0.6269116666666668,0.46109381514382614,-2.568,0.845,2.483499999999999,119.30435520724575,-362.93,428.45,-12.476416666666667,98.31220607284591,-427.96,187.78,-8.286533333333333,177.98454596579134,-365.06,464.43,1.7356924553722974,0.8366564121730927,150.0,44.49666666666667,16.82963356688213,16.0,95.0,41.0,79.0,32.25,52.75,20.5,42.0,22.0,-20.0,20.0,5.8120805369127515,34.0,0.06752744566425187
two_arm_boxing,student1,combined_all,/Users/tylerchen/Cosmos-Gesture-Recognition-/processed/session_vibha_periodic/sessions/student1_two_arm_boxing_002_seg001,30.0,679149.1833333333,104085.16130797922,500865.0,898965.0,780751.0,644612.0,-136139.0,9.216666666666667,1.7257043650508495,0.0,0.0,0.0,300.0,300.0,0.24360000000000004,1.1914169889953168,-2.88,1.603,-0.3050116666666667,0.5278902544063702,-1.805,0.715,-0.8182766666666667,0.4913615167289988,-2.295,0.818,-4.2191,105.21401984124057,-276.1,285.9,-15.349866666666664,101.85969497294906,-274.51,195.59,7.268933333333334,123.21780028143482,-227.21,283.33,1.5786235928645713,0.5191108114375504,150.0,45.516666666666666,14.012152496986566,13.0,87.0,45.0,74.0,34.5,54.0,19.5,19.0,49.0,30.0,30.0,6.604026845637584,60.0,0.04109130776182652
two_arm_boxing,student1,combined_all,/Users/tylerchen/Cosmos-Gesture-Recognition-/processed/session_vibha_periodic/sessions/student1_two_arm_boxing_002_seg002,30.0,628834.0666666667,98327.45370781358,454663.0,894884.0,645089.0,505076.0,-140013.0,8.35,1.8024417594741575,0.0,0.0,0.0,300.0,300.0,0.29231,1.0855383674625847,-3.123,2.083,-0.30938333333333334,0.5013857427725239,-1.538,0.979,-0.7283533333333332,0.3874751800510009,-2.13,0.099,-0.737166666666667,100.22410043982546,-289.56,369.82,-5.690466666666666,98.29813613924166,-287.24,160.16,-16.634216666666667,112.7481931058604,-193.09,286.42,1.432078470372233,0.4906437010326256,150.0,46.18333333333333,14.326278764438124,16.0,82.0,46.0,66.0,36.0,57.0,21.0,49.0,43.0,-6.0,6.0,6.496644295302014,32.0,-0.028840096596886043
two_arm_boxing,student1,combined_all,/Users/tylerchen/Cosmos-Gesture-Recognition-/processed/session_vibha_periodic/sessions/student1_two_arm_boxing_003_seg000,30.0,616612.6,105722.68569630643,410444.0,883209.0,568506.0,703116.0,134610.0,9.116666666666667,2.3793673295413824,0.0,0.0,0.0,300.0,300.0,0.4951300000000001,0.7791378010981113,-1.756,1.424,-0.28241666666666665,0.40138271394712,-1.228,0.521,-0.7825066666666666,0.34474711014822956,-2.017,-0.017,-3.9686166666666667,58.800583246849875,-168.65,138.04,-4.750733333333335,73.01186025659727,-206.85,142.92,-2.4228000000000005,85.7003398874629,-177.83,153.08,1.293950373098089,0.387216182460542,150.0,48.873333333333335,13.01949837004507,23.0,88.0,48.0,65.0,39.0,56.75,17.75,41.0,47.0,6.0,6.0,4.845637583892618,33.0,-0.020112893906396107
two_arm_boxing,student1,combined_all,/Users/tylerchen/Cosmos-Gesture-Recognition-/processed/session_vibha_periodic/sessions/student1_two_arm_boxing_003_seg001,30.0,603235.6333333333,121476.09323058408,353365.0,859975.0,692252.0,466412.0,-225840.0,9.75,2.7164621599916807,0.0,0.0,0.0,299.0,299.0,0.3682341137123746,0.8415246785779088,-2.61,1.519,-0.34904515050167223,0.4073352274354959,-2.026,0.629,-0.8304046822742475,0.3377968657638527,-2.036,-0.055,13.379414715719063,69.50527167328033,-144.11,364.42,0.9227090301003337,71.75807533375111,-262.86,142.83,5.461337792642141,90.94453101361968,-162.54,221.38,1.323686490800176,0.4278403729100905,149.0,49.88590604026846,11.71411021359356,24.0,93.0,49.0,69.0,42.0,56.0,14.0,50.0,54.0,4.0,4.0,5.5,39.0,0.0257512546103149
two_arm_boxing,student1,combined_all,/Users/tylerchen/Cosmos-Gesture-Recognition-/processed/session_vibha_periodic/sessions/student1_two_arm_boxing_003_seg002,30.0,665057.5833333334,118843.5440338882,449994.0,957448.0,606831.0,619278.0,12447.0,9.65,2.8200177304407146,0.0,0.0,0.0,300.0,300.0,0.27576666666666666,0.977941480298739,-4.0,1.666,-0.44630166666666665,0.6477784445038974,-2.846,1.185,-0.7398899999999999,0.34820896680968266,-2.107,0.223,21.647216666666665,93.5767677511026,-140.84,340.34,-3.4113,88.42625369185708,-265.42,155.37,-2.2556999999999996,122.82137930280433,-203.77,378.19,1.398008100061165,0.6045485365102666,149.0,49.577181208053695,15.152348496972294,11.0,107.0,49.0,96.0,39.0,57.0,18.0,46.0,56.0,10.0,10.0,8.067567567567568,57.0,0.02959550154181038
soli,student1,combined_all,/Users/tylerchen/Cosmos-Gesture-Recognition-/processed/session_vibha_periodic/sessions/student1_soli_001_seg000,31.0,299570.4193548387,22351.75814947291,257050.0,344873.0,319648.0,279337.0,-40311.0,2.4516129032258065,1.4992193598222259,0.0,0.0,0.0,300.0,300.0,0.2647366666666667,0.05678596354342819,0.061,0.457,-0.9429416666666667,0.06319747471367178,-1.087,-0.7,0.24327166666666666,0.11970018948977854,-0.028,0.554,6.459366666666667,34.0933639378529,-83.8,90.4,-4.898583333333333,28.834027486225175,-70.62,82.4,2.027,12.478179501300126,-35.46,31.1,1.0184442356618455,0.052188445976628445,150.0,76.25666666666666,3.200637869870507,68.0,83.0,76.0,15.0,74.0,79.0,5.0,80.0,78.0,-2.0,2.0,1.6241610738255035,8.0,0.02158762611671607
soli,student1,combined_all,/Users/tylerchen/Cosmos-Gesture-Recognition-/processed/session_vibha_periodic/sessions/student1_soli_001_seg001,30.0,275951.73333333334,21386.622235926414,236097.0,326584.0,260363.0,262907.0,2544.0,1.8333333333333333,1.5509853498842456,0.0,0.0,0.0,300.0,300.0,0.210255,0.03642885345284544,0.103,0.328,-0.9330166666666666,0.05364169104827436,-1.127,-0.78,0.32486166666666666,0.06796284546639353,0.14,0.471,-1.5649833333333336,31.656997625440248,-84.66,75.66,-1.4442166666666667,22.317872418827374,-72.82,51.27,1.3678000000000001,10.06632281388459,-26.64,35.52,1.0129809597538533,0.05436344079140508,150.0,79.96666666666667,2.9638009938415566,72.0,87.0,80.0,15.0,78.0,82.0,4.0,77.0,78.0,1.0,1.0,1.4563758389261745,7.0,0.02685097115427327
soli,student1,combined_all,/Users/tylerchen/Cosmos-Gesture-Recognition-/processed/session_vibha_periodic/sessions/student1_soli_001_seg002,30.0,282659.23333333334,28482.44588711128,241165.0,362078.0,274713.0,362078.0,87365.0,1.7666666666666666,1.3085190950927015,0.0,0.0,0.0,300.0,300.0,0.30731833333333336,0.05957750831666445,0.152,0.456,-0.90971,0.06298344559103224,-1.074,-0.729,0.29185,0.10318614651848053,-0.023,0.493,-2.01795,44.524477364114,-130.56,139.68,-1.09985,19.913724556885384,-59.36,57.19,-2.339666666666667,11.15237842594823,-41.54,23.19,1.010657800830708,0.06267255357721571,150.0,76.36,3.896358651132495,67.0,84.0,76.0,17.0,73.0,80.0,7.0,79.0,75.0,-4.0,4.0,1.7181208053691275,6.0,-0.06732388106138087
soli,student1,combined_all,/Users/tylerchen/Cosmos-Gesture-Recognition-/processed/session_vibha_periodic/sessions/student1_soli_002_seg000,29.0,269590.1551724138,16430.133077673458,242541.0,314831.0,269823.0,264799.0,-5024.0,1.3793103448275863,1.471892825545727,0.0,0.0,0.0,300.0,300.0,0.30977499999999997,0.0690352702730037,0.153,0.534,-0.9079116666666668,0.09924490691755458,-1.177,-0.596,0.3096216666666667,0.08703946163900261,0.019,0.523,-2.3479000000000005,37.398774025227084,-92.53,110.2,5.908100000000001,21.490231115323073,-45.59,72.91,-4.924600000000001,18.03718853295417,-56.22,40.25,1.0155139401276911,0.0839788481902993,149.0,69.82214765100672,3.858595978331733,60.0,78.0,69.0,18.0,67.0,73.0,6.0,75.0,67.0,-8.0,8.0,1.3918918918918919,5.0,-0.06296208960638536
soli,student1,combined_all,/Users/tylerchen/Cosmos-Gesture-Recognition-/processed/session_vibha_periodic/sessions/student1_soli_002_seg001,31.0,306935.4032258064,30874.670285406617,253989.0,362862.0,288017.0,309744.0,21727.0,3.8548387096774195,2.6675878568447247,0.0,0.0,0.0,300.0,300.0,0.324285,0.0498893440062141,0.217,0.449,-0.8917633333333334,0.08868592892273773,-1.208,-0.692,0.33820999999999996,0.09523888859074323,0.137,0.636,1.9906499999999998,33.69692006194087,-123.02,78.62,-0.5845333333333333,22.82776156603086,-54.17,58.99,0.6178666666666666,12.45683962523757,-23.44,34.24,1.0132556660869838,0.08675338425479473,150.0,57.38666666666666,5.4165873337849,47.0,69.0,56.5,22.0,53.0,61.0,8.0,67.0,53.0,-14.0,14.0,2.0805369127516777,11.0,-0.0917623005466913
soli,student1,combined_all,/Users/tylerchen/Cosmos-Gesture-Recognition-/processed/session_vibha_periodic/sessions/student1_soli_002_seg002,30.0,310208.4666666667,44039.62484757966,239447.0,417496.0,417496.0,270481.0,-147015.0,4.233333333333333,2.8830924754891614,0.0,0.0,0.0,300.0,300.0,0.33110000000000006,0.05492317024380175,0.162,0.468,-0.8361633333333334,0.07180173053212163,-1.072,-0.631,0.4536966666666667,0.07640469873567259,0.286,0.668,-0.2280000000000003,25.720545704423404,-77.58,77.03,-0.8638666666666663,16.118323415155672,-40.28,42.24,-0.482433333333333,12.80620296622782,-26.86,42.97,1.0122967489255676,0.06246605955403054,150.0,49.71333333333333,3.651030316412704,41.0,59.0,50.0,18.0,46.0,53.0,7.0,48.0,56.0,8.0,8.0,2.0805369127516777,7.0,0.00617094093070771
soli,student1,combined_all,/Users/tylerchen/Cosmos-Gesture-Recognition-/processed/session_vibha_periodic/sessions/student1_soli_003_seg000,30.0,290546.26666666666,26929.620075217466,248118.0,358487.0,321388.0,268487.0,-52901.0,1.6,1.8000000000000003,0.0,0.0,0.0,300.0,300.0,0.30167999999999995,0.05686611638394689,0.105,0.534,-0.9291083333333334,0.08158256114150504,-1.243,-0.432,0.2547216666666667,0.08529399067560604,-0.011,0.462,1.4095166666666665,28.521259939146955,-87.59,114.14,-2.6967,21.10333390106003,-56.22,75.81,0.6800499999999998,13.764451668973232,-43.55,30.76,1.0150488000950337,0.077309201812536,147.0,75.15986394557824,2.669581565486821,66.0,82.0,75.0,16.0,74.0,77.0,3.0,68.0,75.0,7.0,7.0,1.773972602739726,8.0,0.024044382654949983
soli,student1,combined_all,/Users/tylerchen/Cosmos-Gesture-Recognition-/processed/session_vibha_periodic/sessions/student1_soli_003_seg001,30.0,285310.4,30174.279324837793,254023.0,377533.0,268431.0,264615.0,-3816.0,1.5333333333333334,1.9275776393067947,0.0,0.0,0.0,300.0,300.0,0.2854133333333333,0.03510976818810147,0.174,0.379,-0.8927116666666666,0.062085705122480135,-1.215,-0.715,0.37189833333333333,0.06818897038676715,0.196,0.501,4.3741666666666665,23.267401114044773,-48.89,92.29,-0.5200333333333335,14.806850250212644,-39.12,42.88,0.9998999999999999,9.33662749551464,-22.43,28.53,1.0116625900002163,0.0545814186566527,150.0,66.40333333333334,7.566194832976433,56.0,82.0,63.0,26.0,60.25,73.75,13.5,74.0,61.0,-13.0,13.0,1.7919463087248322,6.0,-0.1438739499533316
soli,student1,combined_all,/Users/tylerchen/Cosmos-Gesture-Recognition-/processed/session_vibha_periodic/sessions/student1_soli_003_seg002,30.0,325307.43333333335,65451.30618288344,253736.0,456820.0,262062.0,424739.0,162677.0,2.533333333333333,2.202019275321833,0.0,0.0,0.0,300.0,300.0,0.26502333333333333,0.04043685763700681,0.139,0.401,-0.8725050000000001,0.07091394415063937,-1.172,-0.645,0.4216666666666667,0.061186386466998435,0.173,0.58,-2.6717500000000003,22.12650964555656,-63.97,57.04,0.5895333333333332,19.470714609686308,-45.32,57.44,-2.259733333333333,7.99174595043513,-17.49,23.62,1.0074846980595407,0.06846461866693626,150.0,62.22,2.6077324357333596,56.0,70.0,62.0,14.0,61.0,64.0,3.0,61.0,56.0,-5.0,5.0,1.8053691275167785,7.0,0.0067594115294012476
palm_up_down,student1,combined_all,/Users/tylerchen/Cosmos-Gesture-Recognition-/processed/session_vibha_periodic/sessions/student1_palm_up_down_001_seg000,30.0,435820.9666666667,103424.87377205523,276301.0,658681.0,303825.0,384238.0,80413.0,6.3,2.019075696121041,0.0,0.0,0.0,300.0,300.0,0.18895833333333337,0.8472912225226277,-1.669,1.817,-0.168115,0.5677223543972947,-2.124,0.955,-0.35737,0.6408106894915742,-1.748,1.072,-8.082683333333334,90.31524493987558,-232.28,260.05,0.4664999999999994,348.35005829780386,-960.72,752.59,2.697666666666667,194.14551452425803,-349.83,562.85,1.2125065596703206,0.4151608023772442,149.0,73.9496644295302,9.110715910736713,45.0,106.0,75.0,61.0,68.0,79.0,11.0,58.0,78.0,20.0,20.0,4.378378378378378,52.0,0.09880948062156104
palm_up_down,student1,combined_all,/Users/tylerchen/Cosmos-Gesture-Recognition-/processed/session_vibha_periodic/sessions/student1_palm_up_down_001_seg001,30.0,485290.93333333335,142629.2880766858,314475.0,840803.0,840803.0,329411.0,-511392.0,6.633333333333334,1.7978382080215733,0.0,0.0,0.0,300.0,300.0,0.18138833333333332,1.010640584367804,-2.804,1.946,-0.061278333333333324,0.6067937129128445,-2.289,1.045,-0.17221,0.6541558790136707,-1.702,1.315,-2.8294666666666664,92.1930935250334,-279.46,404.92,-22.495733333333334,375.7807040839053,-1000.03,676.72,13.878800000000004,235.90709216672568,-319.96,702.81,1.2737706938974838,0.5112085483669832,148.0,75.95270270270271,8.99174561719505,50.0,102.0,76.0,52.0,71.75,80.0,8.25,77.0,69.0,-8.0,8.0,4.4353741496598635,34.0,0.01930316839233394
palm_up_down,student1,combined_all,/Users/tylerchen/Cosmos-Gesture-Recognition-/processed/session_vibha_periodic/sessions/student1_palm_up_down_001_seg002,30.0,445279.48333333334,100403.40122712338,303587.0,735306.0,434470.0,487837.0,53367.0,7.133333333333334,2.5263060428661888,0.0,0.0,0.0,300.0,300.0,0.3205583333333334,0.7698485104858113,-1.589,1.727,-0.20875333333333335,0.5816534646209507,-2.195,0.811,-0.22522,0.5955615318895829,-1.563,0.594,-7.291266666666667,98.7090220516623,-277.14,302.32,4.030833333333328,335.99055969918595,-863.12,646.96,3.769549999999995,219.2170060226795,-287.42,583.03,1.1628120457850704,0.3613984146254743,148.0,77.19256756756756,6.75431926524799,45.0,93.0,77.0,48.0,73.0,81.0,8.0,67.0,81.0,14.0,14.0,3.836734693877551,32.0,0.002532974009483635
palm_up_down,student1,combined_all,/Users/tylerchen/Cosmos-Gesture-Recognition-/processed/session_vibha_periodic/sessions/student1_palm_up_down_002_seg000,30.0,419036.01666666666,89650.41614669016,286041.0,693861.0,307441.0,427013.0,119572.0,6.266666666666667,2.0645150089602695,0.0,0.0,0.0,300.0,300.0,0.5493833333333333,0.5658285691993841,-0.717,1.558,-0.17128333333333332,0.4244967173672319,-1.568,0.433,-0.3260233333333333,0.5250579931038306,-1.263,0.428,-4.808166666666667,58.99591180884831,-219.24,130.86,-4.589033333333333,253.3399906898479,-626.09,406.87,-4.037366666666666,170.95203665570125,-250.86,370.98,1.0691897550895548,0.2651977330437384,147.0,74.68367346938776,9.823978498372393,40.0,101.0,75.0,61.0,69.0,82.0,13.0,71.0,72.0,1.0,1.0,4.760273972602739,41.0,-0.03345888522013801
palm_up_down,student1,combined_all,/Users/tylerchen/Cosmos-Gesture-Recognition-/processed/session_vibha_periodic/sessions/student1_palm_up_down_002_seg001,30.0,402968.93333333335,103576.31421836858,269265.0,750189.0,269265.0,374804.0,105539.0,6.5,2.5787593916455256,0.0,0.0,0.0,300.0,300.0,0.5696,0.5409512300876423,-0.748,1.434,-0.15109333333333333,0.3964078429541419,-1.019,0.466,-0.35938,0.4883558220532784,-1.24,0.369,-3.487033333333333,53.365866033750656,-177.53,155.98,-1.0793999999999997,237.2436277745727,-602.71,449.29,-0.2900999999999999,161.34393082994063,-261.18,327.77,1.0501243150207302,0.24884750953594534,150.0,73.54,9.43138571684435,42.0,103.0,73.0,61.0,70.0,78.0,8.0,73.0,72.0,-1.0,1.0,4.167785234899329,33.0,0.045838481710298015
palm_up_down,student1,combined_all,/Users/tylerchen/Cosmos-Gesture-Recognition-/processed/session_vibha_periodic/sessions/student1_palm_up_down_002_seg002,30.0,402956.3,71860.3955361366,303885.0,556749.0,397837.0,336284.0,-61553.0,6.933333333333334,1.9136933459209766,0.0,0.0,0.0,300.0,300.0,0.5546099999999999,0.5115673998278885,-0.494,1.467,-0.12077666666666666,0.38980783315486217,-0.951,0.525,-0.40512166666666666,0.48668939036845893,-1.129,0.347,-8.696183333333336,53.51121800317252,-186.77,89.21,-2.9983999999999997,229.1072998650196,-507.61,354.23,3.922200000000001,154.2855211455696,-200.32,361.67,1.0428113128124485,0.222183032738876,148.0,75.97297297297297,6.522565460516079,43.0,96.0,76.0,53.0,72.875,78.25,5.375,74.0,72.0,-2.0,2.0,2.7346938775510203,42.0,-0.05927239388409123
palm_up_down,student1,combined_all,/Users/tylerchen/Cosmos-Gesture-Recognition-/processed/session_vibha_periodic/sessions/student1_palm_up_down_003_seg000,30.0,430092.68333333335,67274.00287759546,330364.0,579821.0,424192.0,541859.0,117667.0,7.533333333333333,2.0612833111653743,0.0,0.0,0.0,300.0,300.0,0.30496333333333336,0.6664757824974255,-1.019,1.452,-0.21598000000000003,0.4206604440990734,-1.24,0.459,-0.382735,0.5650820978185382,-1.319,0.51,-7.599066666666666,66.56788832309131,-248.91,105.01,-11.738266666666668,312.7733070905011,-686.94,571.06,9.930233333333332,181.71346222265856,-260.38,404.52,1.0614531750088876,0.3160952193983877,149.0,74.34563758389261,5.182774004457517,61.0,85.0,74.0,24.0,71.0,78.0,7.0,81.0,75.0,-6.0,6.0,3.418918918918919,22.0,0.015209504806820115
palm_up_down,student1,combined_all,/Users/tylerchen/Cosmos-Gesture-Recognition-/processed/session_vibha_periodic/sessions/student1_palm_up_down_003_seg001,30.0,405875.8333333333,61839.59563099969,286766.0,553862.0,363813.0,342489.0,-21324.0,6.666666666666667,1.6849002608133483,0.0,0.0,0.0,301.0,301.0,0.057365448504983374,0.8432509819779984,-1.834,1.649,-0.1777857142857143,0.5109428663945769,-1.312,0.752,-0.26538538205980067,0.7107951919991018,-1.603,0.887,-17.56215946843854,77.53784348570127,-261.79,190.53,14.028073089700996,377.24947044685587,-945.59,807.89,-20.91996677740864,219.0998442063073,-613.27,530.17,1.1909153235463188,0.40547908002171695,145.0,74.67931034482758,6.876811847632554,53.0,98.0,75.0,45.0,71.0,78.0,7.0,77.0,79.0,2.0,2.0,4.569444444444445,28.0,0.01590103920642482
palm_up_down,student1,combined_all,/Users/tylerchen/Cosmos-Gesture-Recognition-/processed/session_vibha_periodic/sessions/student1_palm_up_down_003_seg002,30.0,483257.31666666665,66365.54410340797,368530.0,643454.0,488241.0,368530.0,-119711.0,7.983333333333333,1.5517910798672465,0.0,0.0,0.0,300.0,300.0,-0.03987666666666666,0.8935462838910783,-2.167,1.271,-0.24772833333333333,0.48208051578260475,-1.516,0.638,-0.35307333333333335,0.5410266302338751,-1.29,0.814,-1.06875,95.86984275492563,-194.34,276.56,1.9654666666666647,369.7638110778044,-1000.03,566.67,8.374100000000002,203.8567435811809,-274.76,515.34,1.158005564234635,0.41252850491607407,150.0,71.14666666666666,6.98789621504958,49.0,86.0,72.0,37.0,67.0,76.75,9.75,76.0,77.0,1.0,1.0,3.3624161073825505,20.0,0.050050224454419964
