dataset_name,collector,gesture,gesture_group,input_type,trial_index,attempt_index,segment_index,duration_s,capture_duration_s,sensors_enabled,mmwave_frame_count,mmwave_mean_frame_rate_hz,imu_line_count,uwb_sample_count,uwb_ok_sample_count,rfid_line_count,npz_path,session_dir,started_at,finished_at
combined_all,andrew,pull,discrete,cosmos_multi_sensor_gesture,1,1,0,3.0,3.0113640000000004,"mmwave,imu,uwb",31,10.29433837955159,301,151,151,0,/Users/tylerchen/Cosmos-Gesture-Recognition-/processed/session_andrew_discrete/sessions/andrew_pull_001/trial_data.npz,/Users/tylerchen/Cosmos-Gesture-Recognition-/processed/session_andrew_discrete/sessions/andrew_pull_001,,
combined_all,andrew,pull,discrete,cosmos_multi_sensor_gesture,2,1,0,3.0,3.011490000000002,"mmwave,imu,uwb",31,10.293907666968837,301,151,151,0,/Users/tylerchen/Cosmos-Gesture-Recognition-/processed/session_andrew_discrete/sessions/andrew_pull_002/trial_data.npz,/Users/tylerchen/Cosmos-Gesture-Recognition-/processed/session_andrew_discrete/sessions/andrew_pull_002,,
combined_all,andrew,pull,discrete,cosmos_multi_sensor_gesture,3,1,0,3.0,3.011344000000001,"mmwave,imu,uwb",30,9.962329112847947,301,151,151,0,/Users/tylerchen/Cosmos-Gesture-Recognition-/processed/session_andrew_discrete/sessions/andrew_pull_003/trial_data.npz,/Users/tylerchen/Cosmos-Gesture-Recognition-/processed/session_andrew_discrete/sessions/andrew_pull_003,,
combined_all,andrew,pull,discrete,cosmos_multi_sensor_gesture,4,1,0,3.0,3.0013170000000002,"mmwave,imu,uwb",31,10.32879899057647,300,150,150,0,/Users/tylerchen/Cosmos-Gesture-Recognition-/processed/session_andrew_discrete/sessions/andrew_pull_004/trial_data.npz,/Users/tylerchen/Cosmos-Gesture-Recognition-/processed/session_andrew_discrete/sessions/andrew_pull_004,,
combined_all,andrew,pull,discrete,cosmos_multi_sensor_gesture,5,1,0,3.0,3.005114000000006,"mmwave,imu,uwb",30,9.982982342766345,300,151,151,0,/Users/tylerchen/Cosmos-Gesture-Recognition-/processed/session_andrew_discrete/sessions/andrew_pull_005/trial_data.npz,/Users/tylerchen/Cosmos-Gesture-Recognition-/processed/session_andrew_discrete/sessions/andrew_pull_005,,
combined_all,andrew,pull,discrete,cosmos_multi_sensor_gesture,6,1,0,3.0,3.0172939999999926,"mmwave,imu,uwb",30,9.942683742452699,301,151,151,0,/Users/tylerchen/Cosmos-Gesture-Recognition-/processed/session_andrew_discrete/sessions/andrew_pull_006/trial_data.npz,/Users/tylerchen/Cosmos-Gesture-Recognition-/processed/session_andrew_discrete/sessions/andrew_pull_006,,
combined_all,andrew,pull,discrete,cosmos_multi_sensor_gesture,7,1,0,3.0,3.0116680000000002,"mmwave,imu,uwb",30,9.961257349747713,302,151,151,0,/Users/tylerchen/Cosmos-Gesture-Recognition-/processed/session_andrew_discrete/sessions/andrew_pull_007/trial_data.npz,/Users/tylerchen/Cosmos-Gesture-Recognition-/processed/session_andrew_discrete/sessions/andrew_pull_007,,
combined_all,andrew,pull,discrete,cosmos_multi_sensor_gesture,8,1,0,3.0,3.0078299999999984,"mmwave,imu,uwb",30,9.973967943667034,301,150,150,0,/Users/tylerchen/Cosmos-Gesture-Recognition-/processed/session_andrew_discrete/sessions/andrew_pull_008/trial_data.npz,/Users/tylerchen/Cosmos-Gesture-Recognition-/processed/session_andrew_discrete/sessions/andrew_pull_008,,
combined_all,andrew,push,discrete,cosmos_multi_sensor_gesture,1,1,0,3.0,3.008375000000001,"mmwave,imu,uwb",30,9.972161050400961,301,151,151,0,/Users/tylerchen/Cosmos-Gesture-Recognition-/processed/session_andrew_discrete/sessions/andrew_push_001/trial_data.npz,/Users/tylerchen/Cosmos-Gesture-Recognition-/processed/session_andrew_discrete/sessions/andrew_push_001,,
combined_all,andrew,push,discrete,cosmos_multi_sensor_gesture,2,1,0,3.0,3.015008999999992,"mmwave,imu,uwb",31,10.281893022541585,301,151,151,0,/Users/tylerchen/Cosmos-Gesture-Recognition-/processed/session_andrew_discrete/sessions/andrew_push_002/trial_data.npz,/Users/tylerchen/Cosmos-Gesture-Recognition-/processed/session_andrew_discrete/sessions/andrew_push_002,,
combined_all,andrew,push,discrete,cosmos_multi_sensor_gesture,3,1,0,3.0,3.0118559999999945,"mmwave,imu,uwb",31,10.292656753842168,302,150,150,0,/Users/tylerchen/Cosmos-Gesture-Recognition-/processed/session_andrew_discrete/sessions/andrew_push_003/trial_data.npz,/Users/tylerchen/Cosmos-Gesture-Recognition-/processed/session_andrew_discrete/sessions/andrew_push_003,,
combined_all,andrew,push,discrete,cosmos_multi_sensor_gesture,4,1,0,3.0,3.003185000000002,"mmwave,imu,uwb",30,9.9893945927407,301,150,150,0,/Users/tylerchen/Cosmos-Gesture-Recognition-/processed/session_andrew_discrete/sessions/andrew_push_004/trial_data.npz,/Users/tylerchen/Cosmos-Gesture-Recognition-/processed/session_andrew_discrete/sessions/andrew_push_004,,
combined_all,andrew,push,discrete,cosmos_multi_sensor_gesture,5,1,0,3.0,3.017339000000007,"mmwave,imu,uwb",30,9.942535459224148,301,151,151,0,/Users/tylerchen/Cosmos-Gesture-Recognition-/processed/session_andrew_discrete/sessions/andrew_push_005/trial_data.npz,/Users/tylerchen/Cosmos-Gesture-Recognition-/processed/session_andrew_discrete/sessions/andrew_push_005,,
combined_all,andrew,push,discrete,cosmos_multi_sensor_gesture,6,1,0,3.0,3.0175530000000066,"mmwave,imu,uwb",30,9.94183035061851,302,151,151,0,/Users/tylerchen/Cosmos-Gesture-Recognition-/processed/session_andrew_discrete/sessions/andrew_push_006/trial_data.npz,/Users/tylerchen/Cosmos-Gesture-Recognition-/processed/session_andrew_discrete/sessions/andrew_push_006,,
combined_all,andrew,push,discrete,cosmos_multi_sensor_gesture,7,1,0,3.0,3.0239760000000047,"mmwave,imu,uwb",30,9.920713656457576,302,151,151,0,/Users/tylerchen/Cosmos-Gesture-Recognition-/processed/session_andrew_discrete/sessions/andrew_push_007/trial_data.npz,/Users/tylerchen/Cosmos-Gesture-Recognition-/processed/session_andrew_discrete/sessions/andrew_push_007,,
combined_all,andrew,push,discrete,cosmos_multi_sensor_gesture,8,1,0,3.0,3.0085169999999835,"mmwave,imu,uwb",30,9.971690371036681,301,151,151,0,/Users/tylerchen/Cosmos-Gesture-Recognition-/processed/session_andrew_discrete/sessions/andrew_push_008/trial_data.npz,/Users/tylerchen/Cosmos-Gesture-Recognition-/processed/session_andrew_discrete/sessions/andrew_push_008,,
combined_all,andrew,clockwise,discrete,cosmos_multi_sensor_gesture,1,1,0,3.0,3.020054999999985,"mmwave,imu,uwb",30,9.933593924614005,302,151,151,0,/Users/tylerchen/Cosmos-Gesture-Recognition-/processed/session_andrew_discrete/sessions/andrew_clockwise_001/trial_data.npz,/Users/tylerchen/Cosmos-Gesture-Recognition-/processed/session_andrew_discrete/sessions/andrew_clockwise_001,,
combined_all,andrew,clockwise,discrete,cosmos_multi_sensor_gesture,2,1,0,3.0,3.0101470000000177,"mmwave,imu,uwb",30,9.96629068281377,301,150,148,0,/Users/tylerchen/Cosmos-Gesture-Recognition-/processed/session_andrew_discrete/sessions/andrew_clockwise_002/trial_data.npz,/Users/tylerchen/Cosmos-Gesture-Recognition-/processed/session_andrew_discrete/sessions/andrew_clockwise_002,,
combined_all,andrew,clockwise,discrete,cosmos_multi_sensor_gesture,3,1,0,3.0,3.0065810000000113,"mmwave,imu,uwb",30,9.978111349735759,301,150,149,0,/Users/tylerchen/Cosmos-Gesture-Recognition-/processed/session_andrew_discrete/sessions/andrew_clockwise_003/trial_data.npz,/Users/tylerchen/Cosmos-Gesture-Recognition-/processed/session_andrew_discrete/sessions/andrew_clockwise_003,,
combined_all,andrew,clockwise,discrete,cosmos_multi_sensor_gesture,4,1,0,3.0,3.0173030000000267,"mmwave,imu,uwb",30,9.942654085453047,302,151,150,0,/Users/tylerchen/Cosmos-Gesture-Recognition-/processed/session_andrew_discrete/sessions/andrew_clockwise_004/trial_data.npz,/Users/tylerchen/Cosmos-Gesture-Recognition-/processed/session_andrew_discrete/sessions/andrew_clockwise_004,,
combined_all,andrew,clockwise,discrete,cosmos_multi_sensor_gesture,5,1,0,3.0,3.0207929999999976,"mmwave,imu,uwb",30,9.931167080961862,302,151,143,0,/Users/tylerchen/Cosmos-Gesture-Recognition-/processed/session_andrew_discrete/sessions/andrew_clockwise_005/trial_data.npz,/Users/tylerchen/Cosmos-Gesture-Recognition-/processed/session_andrew_discrete/sessions/andrew_clockwise_005,,
combined_all,andrew,clockwise,discrete,cosmos_multi_sensor_gesture,6,1,0,3.0,3.0211979999999983,"mmwave,imu,uwb",30,9.92983578037587,303,151,151,0,/Users/tylerchen/Cosmos-Gesture-Recognition-/processed/session_andrew_discrete/sessions/andrew_clockwise_006/trial_data.npz,/Users/tylerchen/Cosmos-Gesture-Recognition-/processed/session_andrew_discrete/sessions/andrew_clockwise_006,,
combined_all,andrew,clockwise,discrete,cosmos_multi_sensor_gesture,7,1,0,3.0,3.00620600000002,"mmwave,imu,uwb",30,9.979356038807653,301,150,148,0,/Users/tylerchen/Cosmos-Gesture-Recognition-/processed/session_andrew_discrete/sessions/andrew_clockwise_007/trial_data.npz,/Users/tylerchen/Cosmos-Gesture-Recognition-/processed/session_andrew_discrete/sessions/andrew_clockwise_007,,
combined_all,andrew,clockwise,discrete,cosmos_multi_sensor_gesture,8,1,0,3.0,3.014682000000022,"mmwave,imu,uwb",30,9.951298345895117,301,151,149,0,/Users/tylerchen/Cosmos-Gesture-Recognition-/processed/session_andrew_discrete/sessions/andrew_clockwise_008/trial_data.npz,/Users/tylerchen/Cosmos-Gesture-Recognition-/processed/session_andrew_discrete/sessions/andrew_clockwise_008,,
combined_all,andrew,anti_clockwise,discrete,cosmos_multi_sensor_gesture,1,1,0,3.0,3.009923000000015,"mmwave,imu,uwb",30,9.967032379233572,301,151,151,0,/Users/tylerchen/Cosmos-Gesture-Recognition-/processed/session_andrew_discrete/sessions/andrew_anti_clockwise_001/trial_data.npz,/Users/tylerchen/Cosmos-Gesture-Recognition-/processed/session_andrew_discrete/sessions/andrew_anti_clockwise_001,,
combined_all,andrew,anti_clockwise,discrete,cosmos_multi_sensor_gesture,2,1,0,3.0,3.0146100000000047,"mmwave,imu,uwb",30,9.951536019584607,301,151,150,0,/Users/tylerchen/Cosmos-Gesture-Recognition-/processed/session_andrew_discrete/sessions/andrew_anti_clockwise_002/trial_data.npz,/Users/tylerchen/Cosmos-Gesture-Recognition-/processed/session_andrew_discrete/sessions/andrew_anti_clockwise_002,,
combined_all,andrew,anti_clockwise,discrete,cosmos_multi_sensor_gesture,3,1,0,3.0,3.0011790000000076,"mmwave,imu,uwb",30,9.996071543883229,300,150,150,0,/Users/tylerchen/Cosmos-Gesture-Recognition-/processed/session_andrew_discrete/sessions/andrew_anti_clockwise_003/trial_data.npz,/Users/tylerchen/Cosmos-Gesture-Recognition-/processed/session_andrew_discrete/sessions/andrew_anti_clockwise_003,,
combined_all,andrew,anti_clockwise,discrete,cosmos_multi_sensor_gesture,4,1,0,3.0,3.0019270000000233,"mmwave,imu,uwb",30,9.993580789939184,300,150,149,0,/Users/tylerchen/Cosmos-Gesture-Recognition-/processed/session_andrew_discrete/sessions/andrew_anti_clockwise_004/trial_data.npz,/Users/tylerchen/Cosmos-Gesture-Recognition-/processed/session_andrew_discrete/sessions/andrew_anti_clockwise_004,,
combined_all,andrew,anti_clockwise,discrete,cosmos_multi_sensor_gesture,5,1,0,3.0,3.0198210000000074,"mmwave,imu,uwb",30,9.93436365930296,302,151,150,0,/Users/tylerchen/Cosmos-Gesture-Recognition-/processed/session_andrew_discrete/sessions/andrew_anti_clockwise_005/trial_data.npz,/Users/tylerchen/Cosmos-Gesture-Recognition-/processed/session_andrew_discrete/sessions/andrew_anti_clockwise_005,,
combined_all,andrew,anti_clockwise,discrete,cosmos_multi_sensor_gesture,6,1,0,3.0,3.002943999999985,"mmwave,imu,uwb",30,9.990196287376703,300,150,150,0,/Users/tylerchen/Cosmos-Gesture-Recognition-/processed/session_andrew_discrete/sessions/andrew_anti_clockwise_006/trial_data.npz,/Users/tylerchen/Cosmos-Gesture-Recognition-/processed/session_andrew_discrete/sessions/andrew_anti_clockwise_006,,
combined_all,andrew,anti_clockwise,discrete,cosmos_multi_sensor_gesture,7,1,0,3.0,3.0138919999999985,"mmwave,imu,uwb",30,9.953906775690706,302,151,151,0,/Users/tylerchen/Cosmos-Gesture-Recognition-/processed/session_andrew_discrete/sessions/andrew_anti_clockwise_007/trial_data.npz,/Users/tylerchen/Cosmos-Gesture-Recognition-/processed/session_andrew_discrete/sessions/andrew_anti_clockwise_007,,
combined_all,andrew,anti_clockwise,discrete,cosmos_multi_sensor_gesture,8,1,0,3.0,3.0244710000000055,"mmwave,imu,uwb",31,10.249726315775535,303,151,151,0,/Users/tylerchen/Cosmos-Gesture-Recognition-/processed/session_andrew_discrete/sessions/andrew_anti_clockwise_008/trial_data.npz,/Users/tylerchen/Cosmos-Gesture-Recognition-/processed/session_andrew_discrete/sessions/andrew_anti_clockwise_008,,
combined_all,andrew,right,discrete,cosmos_multi_sensor_gesture,1,1,0,3.0,3.0195730000000083,"mmwave,imu,uwb",30,9.935179576714958,302,151,149,0,/Users/tylerchen/Cosmos-Gesture-Recognition-/processed/session_andrew_discrete/sessions/andrew_right_001/trial_data.npz,/Users/tylerchen/Cosmos-Gesture-Recognition-/processed/session_andrew_discrete/sessions/andrew_right_001,,
combined_all,andrew,right,discrete,cosmos_multi_sensor_gesture,2,1,0,3.0,3.020618999999982,"mmwave,imu,uwb",31,10.262797128668058,303,151,151,0,/Users/tylerchen/Cosmos-Gesture-Recognition-/processed/session_andrew_discrete/sessions/andrew_right_002/trial_data.npz,/Users/tylerchen/Cosmos-Gesture-Recognition-/processed/session_andrew_discrete/sessions/andrew_right_002,,
combined_all,andrew,right,discrete,cosmos_multi_sensor_gesture,3,1,0,3.0,3.0081550000000163,"mmwave,imu,uwb",30,9.97289035970548,301,151,151,0,/Users/tylerchen/Cosmos-Gesture-Recognition-/processed/session_andrew_discrete/sessions/andrew_right_003/trial_data.npz,/Users/tylerchen/Cosmos-Gesture-Recognition-/processed/session_andrew_discrete/sessions/andrew_right_003,,
combined_all,andrew,right,discrete,cosmos_multi_sensor_gesture,4,1,0,3.0,3.008082999999999,"mmwave,imu,uwb",30,9.973129065920059,301,151,148,0,/Users/tylerchen/Cosmos-Gesture-Recognition-/processed/session_andrew_discrete/sessions/andrew_right_004/trial_data.npz,/Users/tylerchen/Cosmos-Gesture-Recognition-/processed/session_andrew_discrete/sessions/andrew_right_004,,
combined_all,andrew,right,discrete,cosmos_multi_sensor_gesture,5,1,0,3.0,3.008091000000036,"mmwave,imu,uwb",30,9.973102542442913,300,150,150,0,/Users/tylerchen/Cosmos-Gesture-Recognition-/processed/session_andrew_discrete/sessions/andrew_right_005/trial_data.npz,/Users/tylerchen/Cosmos-Gesture-Recognition-/processed/session_andrew_discrete/sessions/andrew_right_005,,
combined_all,andrew,right,discrete,cosmos_multi_sensor_gesture,6,1,0,3.0,3.005673999999999,"mmwave,imu,uwb",30,9.981122370556491,301,150,150,0,/Users/tylerchen/Cosmos-Gesture-Recognition-/processed/session_andrew_discrete/sessions/andrew_right_006/trial_data.npz,/Users/tylerchen/Cosmos-Gesture-Recognition-/processed/session_andrew_discrete/sessions/andrew_right_006,,
combined_all,andrew,right,discrete,cosmos_multi_sensor_gesture,7,1,0,3.0,3.0180480000000216,"mmwave,imu,uwb",30,9.940199758254272,302,151,151,0,/Users/tylerchen/Cosmos-Gesture-Recognition-/processed/session_andrew_discrete/sessions/andrew_right_007/trial_data.npz,/Users/tylerchen/Cosmos-Gesture-Recognition-/processed/session_andrew_discrete/sessions/andrew_right_007,,
combined_all,andrew,right,discrete,cosmos_multi_sensor_gesture,8,2,0,3.0,3.0182470000000308,"mmwave,imu,uwb",30,9.939544377911979,302,150,150,0,/Users/tylerchen/Cosmos-Gesture-Recognition-/processed/session_andrew_discrete/sessions/andrew_right_008/trial_data.npz,/Users/tylerchen/Cosmos-Gesture-Recognition-/processed/session_andrew_discrete/sessions/andrew_right_008,,
combined_all,andrew,left,discrete,cosmos_multi_sensor_gesture,1,1,0,3.0,3.0123350000000073,"mmwave,imu,uwb",30,9.959051699097188,301,151,151,0,/Users/tylerchen/Cosmos-Gesture-Recognition-/processed/session_andrew_discrete/sessions/andrew_left_001/trial_data.npz,/Users/tylerchen/Cosmos-Gesture-Recognition-/processed/session_andrew_discrete/sessions/andrew_left_001,,
combined_all,andrew,left,discrete,cosmos_multi_sensor_gesture,2,1,0,3.0,3.01423699999998,"mmwave,imu,uwb",30,9.952767483114366,301,151,151,0,/Users/tylerchen/Cosmos-Gesture-Recognition-/processed/session_andrew_discrete/sessions/andrew_left_002/trial_data.npz,/Users/tylerchen/Cosmos-Gesture-Recognition-/processed/session_andrew_discrete/sessions/andrew_left_002,,
combined_all,andrew,left,discrete,cosmos_multi_sensor_gesture,3,1,0,3.0,3.017289000000005,"mmwave,imu,uwb",30,9.94270021863996,302,151,151,0,/Users/tylerchen/Cosmos-Gesture-Recognition-/processed/session_andrew_discrete/sessions/andrew_left_003/trial_data.npz,/Users/tylerchen/Cosmos-Gesture-Recognition-/processed/session_andrew_discrete/sessions/andrew_left_003,,
combined_all,andrew,left,discrete,cosmos_multi_sensor_gesture,4,1,0,3.0,3.0209669999999846,"mmwave,imu,uwb",30,9.930595071048494,303,151,151,0,/Users/tylerchen/Cosmos-Gesture-Recognition-/processed/session_andrew_discrete/sessions/andrew_left_004/trial_data.npz,/Users/tylerchen/Cosmos-Gesture-Recognition-/processed/session_andrew_discrete/sessions/andrew_left_004,,
combined_all,andrew,left,discrete,cosmos_multi_sensor_gesture,5,1,0,3.0,3.003219999999999,"mmwave,imu,uwb",30,9.989278174759095,301,150,150,0,/Users/tylerchen/Cosmos-Gesture-Recognition-/processed/session_andrew_discrete/sessions/andrew_left_005/trial_data.npz,/Users/tylerchen/Cosmos-Gesture-Recognition-/processed/session_andrew_discrete/sessions/andrew_left_005,,
combined_all,andrew,left,discrete,cosmos_multi_sensor_gesture,6,1,0,3.0,3.015387999999973,"mmwave,imu,uwb",31,10.280600705448279,301,151,150,0,/Users/tylerchen/Cosmos-Gesture-Recognition-/processed/session_andrew_discrete/sessions/andrew_left_006/trial_data.npz,/Users/tylerchen/Cosmos-Gesture-Recognition-/processed/session_andrew_discrete/sessions/andrew_left_006,,
combined_all,andrew,left,discrete,cosmos_multi_sensor_gesture,7,1,0,3.0,3.015960000000007,"mmwave,imu,uwb",30,9.947081526280167,301,150,150,0,/Users/tylerchen/Cosmos-Gesture-Recognition-/processed/session_andrew_discrete/sessions/andrew_left_007/trial_data.npz,/Users/tylerchen/Cosmos-Gesture-Recognition-/processed/session_andrew_discrete/sessions/andrew_left_007,,
combined_all,andrew,left,discrete,cosmos_multi_sensor_gesture,8,1,0,3.0,3.0231020000000512,"mmwave,imu,uwb",30,9.923581804384865,302,151,151,0,/Users/tylerchen/Cosmos-Gesture-Recognition-/processed/session_andrew_discrete/sessions/andrew_left_008/trial_data.npz,/Users/tylerchen/Cosmos-Gesture-Recognition-/processed/session_andrew_discrete/sessions/andrew_left_008,,
combined_all,andrew,bye_bye,discrete,cosmos_multi_sensor_gesture,1,1,0,3.0,3.018470999999977,"mmwave,imu,uwb",30,9.938806766737276,301,151,151,0,/Users/tylerchen/Cosmos-Gesture-Recognition-/processed/session_andrew_discrete/sessions/andrew_bye_bye_001/trial_data.npz,/Users/tylerchen/Cosmos-Gesture-Recognition-/processed/session_andrew_discrete/sessions/andrew_bye_bye_001,,
combined_all,andrew,bye_bye,discrete,cosmos_multi_sensor_gesture,2,1,0,3.0,3.0143130000000156,"mmwave,imu,uwb",30,9.952516543570573,302,150,150,0,/Users/tylerchen/Cosmos-Gesture-Recognition-/processed/session_andrew_discrete/sessions/andrew_bye_bye_002/trial_data.npz,/Users/tylerchen/Cosmos-Gesture-Recognition-/processed/session_andrew_discrete/sessions/andrew_bye_bye_002,,
combined_all,andrew,bye_bye,discrete,cosmos_multi_sensor_gesture,3,1,0,3.0,3.0102999999999156,"mmwave,imu,uwb",30,9.965784141115783,301,150,150,0,/Users/tylerchen/Cosmos-Gesture-Recognition-/processed/session_andrew_discrete/sessions/andrew_bye_bye_003/trial_data.npz,/Users/tylerchen/Cosmos-Gesture-Recognition-/processed/session_andrew_discrete/sessions/andrew_bye_bye_003,,
combined_all,andrew,bye_bye,discrete,cosmos_multi_sensor_gesture,4,1,0,3.0,3.01442499999996,"mmwave,imu,uwb",30,9.952146760991033,301,150,150,0,/Users/tylerchen/Cosmos-Gesture-Recognition-/processed/session_andrew_discrete/sessions/andrew_bye_bye_004/trial_data.npz,/Users/tylerchen/Cosmos-Gesture-Recognition-/processed/session_andrew_discrete/sessions/andrew_bye_bye_004,,
combined_all,andrew,bye_bye,discrete,cosmos_multi_sensor_gesture,5,1,0,3.0,3.0036010000000033,"mmwave,imu,uwb",30,9.988011057394097,300,150,150,0,/Users/tylerchen/Cosmos-Gesture-Recognition-/processed/session_andrew_discrete/sessions/andrew_bye_bye_005/trial_data.npz,/Users/tylerchen/Cosmos-Gesture-Recognition-/processed/session_andrew_discrete/sessions/andrew_bye_bye_005,,
combined_all,andrew,bye_bye,discrete,cosmos_multi_sensor_gesture,6,1,0,3.0,3.0149979999999914,"mmwave,imu,uwb",30,9.95025535672,302,150,150,0,/Users/tylerchen/Cosmos-Gesture-Recognition-/processed/session_andrew_discrete/sessions/andrew_bye_bye_006/trial_data.npz,/Users/tylerchen/Cosmos-Gesture-Recognition-/processed/session_andrew_discrete/sessions/andrew_bye_bye_006,,
combined_all,andrew,bye_bye,discrete,cosmos_multi_sensor_gesture,7,1,0,3.0,3.003895000000057,"mmwave,imu,uwb",30,9.987033501503692,301,151,151,0,/Users/tylerchen/Cosmos-Gesture-Recognition-/processed/session_andrew_discrete/sessions/andrew_bye_bye_007/trial_data.npz,/Users/tylerchen/Cosmos-Gesture-Recognition-/processed/session_andrew_discrete/sessions/andrew_bye_bye_007,,
combined_all,andrew,bye_bye,discrete,cosmos_multi_sensor_gesture,8,1,0,3.0,3.0010879999999815,"mmwave,imu,uwb",30,9.996374648127674,301,150,150,0,/Users/tylerchen/Cosmos-Gesture-Recognition-/processed/session_andrew_discrete/sessions/andrew_bye_bye_008/trial_data.npz,/Users/tylerchen/Cosmos-Gesture-Recognition-/processed/session_andrew_discrete/sessions/andrew_bye_bye_008,,
combined_all,andrew,t_arm,discrete,cosmos_multi_sensor_gesture,1,1,0,3.0,3.020377999999937,"mmwave,imu,uwb",30,9.932531623525474,302,151,151,0,/Users/tylerchen/Cosmos-Gesture-Recognition-/processed/session_andrew_discrete/sessions/andrew_t_arm_001/trial_data.npz,/Users/tylerchen/Cosmos-Gesture-Recognition-/processed/session_andrew_discrete/sessions/andrew_t_arm_001,,
combined_all,andrew,t_arm,discrete,cosmos_multi_sensor_gesture,2,1,0,3.0,3.001086999999984,"mmwave,imu,uwb",30,9.996377979045645,300,150,150,0,/Users/tylerchen/Cosmos-Gesture-Recognition-/processed/session_andrew_discrete/sessions/andrew_t_arm_002/trial_data.npz,/Users/tylerchen/Cosmos-Gesture-Recognition-/processed/session_andrew_discrete/sessions/andrew_t_arm_002,,
combined_all,andrew,t_arm,discrete,cosmos_multi_sensor_gesture,3,1,0,3.0,3.0233520000000453,"mmwave,imu,uwb",30,9.922761226611904,302,151,150,0,/Users/tylerchen/Cosmos-Gesture-Recognition-/processed/session_andrew_discrete/sessions/andrew_t_arm_003/trial_data.npz,/Users/tylerchen/Cosmos-Gesture-Recognition-/processed/session_andrew_discrete/sessions/andrew_t_arm_003,,
combined_all,andrew,t_arm,discrete,cosmos_multi_sensor_gesture,4,1,0,3.0,3.017718000000059,"mmwave,imu,uwb",30,9.941286760392924,302,151,150,0,/Users/tylerchen/Cosmos-Gesture-Recognition-/processed/session_andrew_discrete/sessions/andrew_t_arm_004/trial_data.npz,/Users/tylerchen/Cosmos-Gesture-Recognition-/processed/session_andrew_discrete/sessions/andrew_t_arm_004,,
combined_all,andrew,t_arm,discrete,cosmos_multi_sensor_gesture,5,1,0,3.0,3.013373999999999,"mmwave,imu,uwb",30,9.95561785559974,302,150,150,0,/Users/tylerchen/Cosmos-Gesture-Recognition-/processed/session_andrew_discrete/sessions/andrew_t_arm_005/trial_data.npz,/Users/tylerchen/Cosmos-Gesture-Recognition-/processed/session_andrew_discrete/sessions/andrew_t_arm_005,,
combined_all,andrew,t_arm,discrete,cosmos_multi_sensor_gesture,6,1,0,3.0,3.0216830000000527,"mmwave,imu,uwb",30,9.928241976408339,303,151,147,0,/Users/tylerchen/Cosmos-Gesture-Recognition-/processed/session_andrew_discrete/sessions/andrew_t_arm_006/trial_data.npz,/Users/tylerchen/Cosmos-Gesture-Recognition-/processed/session_andrew_discrete/sessions/andrew_t_arm_006,,
combined_all,andrew,t_arm,discrete,cosmos_multi_sensor_gesture,7,1,0,3.0,3.002114000000006,"mmwave,imu,uwb",30,9.99295829538783,300,150,147,0,/Users/tylerchen/Cosmos-Gesture-Recognition-/processed/session_andrew_discrete/sessions/andrew_t_arm_007/trial_data.npz,/Users/tylerchen/Cosmos-Gesture-Recognition-/processed/session_andrew_discrete/sessions/andrew_t_arm_007,,
combined_all,andrew,t_arm,discrete,cosmos_multi_sensor_gesture,8,1,0,3.0,3.0060060000000703,"mmwave,imu,uwb",30,9.980019999959847,300,150,149,0,/Users/tylerchen/Cosmos-Gesture-Recognition-/processed/session_andrew_discrete/sessions/andrew_t_arm_008/trial_data.npz,/Users/tylerchen/Cosmos-Gesture-Recognition-/processed/session_andrew_discrete/sessions/andrew_t_arm_008,,
combined_all,andrew,raise_arms,discrete,cosmos_multi_sensor_gesture,1,1,0,3.0,3.0093850000000657,"mmwave,imu,uwb",30,9.968814226162271,301,151,151,0,/Users/tylerchen/Cosmos-Gesture-Recognition-/processed/session_andrew_discrete/sessions/andrew_raise_arms_001/trial_data.npz,/Users/tylerchen/Cosmos-Gesture-Recognition-/processed/session_andrew_discrete/sessions/andrew_raise_arms_001,,
combined_all,andrew,raise_arms,discrete,cosmos_multi_sensor_gesture,2,1,0,3.0,3.019890999999916,"mmwave,imu,uwb",30,9.934133384284676,301,151,151,0,/Users/tylerchen/Cosmos-Gesture-Recognition-/processed/session_andrew_discrete/sessions/andrew_raise_arms_002/trial_data.npz,/Users/tylerchen/Cosmos-Gesture-Recognition-/processed/session_andrew_discrete/sessions/andrew_raise_arms_002,,
combined_all,andrew,raise_arms,discrete,cosmos_multi_sensor_gesture,3,1,0,3.0,3.013500000000022,"mmwave,imu,uwb",31,10.287041645926589,301,150,150,0,/Users/tylerchen/Cosmos-Gesture-Recognition-/processed/session_andrew_discrete/sessions/andrew_raise_arms_003/trial_data.npz,/Users/tylerchen/Cosmos-Gesture-Recognition-/processed/session_andrew_discrete/sessions/andrew_raise_arms_003,,
combined_all,andrew,raise_arms,discrete,cosmos_multi_sensor_gesture,4,1,0,3.0,3.0083799999999883,"mmwave,imu,uwb",30,9.972144476429213,300,150,150,0,/Users/tylerchen/Cosmos-Gesture-Recognition-/processed/session_andrew_discrete/sessions/andrew_raise_arms_004/trial_data.npz,/Users/tylerchen/Cosmos-Gesture-Recognition-/processed/session_andrew_discrete/sessions/andrew_raise_arms_004,,
combined_all,andrew,raise_arms,discrete,cosmos_multi_sensor_gesture,5,1,0,3.0,3.013823000000002,"mmwave,imu,uwb",30,9.95413466550623,302,151,151,0,/Users/tylerchen/Cosmos-Gesture-Recognition-/processed/session_andrew_discrete/sessions/andrew_raise_arms_005/trial_data.npz,/Users/tylerchen/Cosmos-Gesture-Recognition-/processed/session_andrew_discrete/sessions/andrew_raise_arms_005,,
combined_all,andrew,raise_arms,discrete,cosmos_multi_sensor_gesture,6,1,0,3.0,3.0163069999999834,"mmwave,imu,uwb",30,9.945937200689507,302,151,151,0,/Users/tylerchen/Cosmos-Gesture-Recognition-/processed/session_andrew_discrete/sessions/andrew_raise_arms_006/trial_data.npz,/Users/tylerchen/Cosmos-Gesture-Recognition-/processed/session_andrew_discrete/sessions/andrew_raise_arms_006,,
combined_all,andrew,raise_arms,discrete,cosmos_multi_sensor_gesture,7,1,0,3.0,3.0142769999999928,"mmwave,imu,uwb",30,9.95263540809291,302,151,149,0,/Users/tylerchen/Cosmos-Gesture-Recognition-/processed/session_andrew_discrete/sessions/andrew_raise_arms_007/trial_data.npz,/Users/tylerchen/Cosmos-Gesture-Recognition-/processed/session_andrew_discrete/sessions/andrew_raise_arms_007,,
combined_all,andrew,raise_arms,discrete,cosmos_multi_sensor_gesture,8,1,0,3.0,3.0210899999999583,"mmwave,imu,uwb",30,9.930190758964617,302,151,151,0,/Users/tylerchen/Cosmos-Gesture-Recognition-/processed/session_andrew_discrete/sessions/andrew_raise_arms_008/trial_data.npz,/Users/tylerchen/Cosmos-Gesture-Recognition-/processed/session_andrew_discrete/sessions/andrew_raise_arms_008,,
combined_all,andrew,fist_open,discrete,cosmos_multi_sensor_gesture,1,1,0,3.0,3.0086350000000266,"mmwave,imu,uwb",30,9.971299276914525,302,150,150,0,/Users/tylerchen/Cosmos-Gesture-Recognition-/processed/session_andrew_discrete/sessions/andrew_fist_open_001/trial_data.npz,/Users/tylerchen/Cosmos-Gesture-Recognition-/processed/session_andrew_discrete/sessions/andrew_fist_open_001,,
combined_all,andrew,fist_open,discrete,cosmos_multi_sensor_gesture,2,1,0,3.0,3.0043380000000752,"mmwave,imu,uwb",30,9.98556087896876,300,150,150,0,/Users/tylerchen/Cosmos-Gesture-Recognition-/processed/session_andrew_discrete/sessions/andrew_fist_open_002/trial_data.npz,/Users/tylerchen/Cosmos-Gesture-Recognition-/processed/session_andrew_discrete/sessions/andrew_fist_open_002,,
combined_all,andrew,fist_open,discrete,cosmos_multi_sensor_gesture,3,1,0,3.0,3.014171000000033,"mmwave,imu,uwb",30,9.952985414563297,302,150,150,0,/Users/tylerchen/Cosmos-Gesture-Recognition-/processed/session_andrew_discrete/sessions/andrew_fist_open_003/trial_data.npz,/Users/tylerchen/Cosmos-Gesture-Recognition-/processed/session_andrew_discrete/sessions/andrew_fist_open_003,,
combined_all,andrew,fist_open,discrete,cosmos_multi_sensor_gesture,4,1,0,3.0,3.0060470000000805,"mmwave,imu,uwb",30,9.979883880724152,301,151,151,0,/Users/tylerchen/Cosmos-Gesture-Recognition-/processed/session_andrew_discrete/sessions/andrew_fist_open_004/trial_data.npz,/Users/tylerchen/Cosmos-Gesture-Recognition-/processed/session_andrew_discrete/sessions/andrew_fist_open_004,,
combined_all,andrew,fist_open,discrete,cosmos_multi_sensor_gesture,5,1,0,3.0,3.0000949999999875,"mmwave,imu,uwb",30,9.999683343360836,300,150,150,0,/Users/tylerchen/Cosmos-Gesture-Recognition-/processed/session_andrew_discrete/sessions/andrew_fist_open_005/trial_data.npz,/Users/tylerchen/Cosmos-Gesture-Recognition-/processed/session_andrew_discrete/sessions/andrew_fist_open_005,,
combined_all,andrew,fist_open,discrete,cosmos_multi_sensor_gesture,6,1,0,3.0,3.0056319999999914,"mmwave,imu,uwb",30,9.981261844430751,300,150,149,0,/Users/tylerchen/Cosmos-Gesture-Recognition-/processed/session_andrew_discrete/sessions/andrew_fist_open_006/trial_data.npz,/Users/tylerchen/Cosmos-Gesture-Recognition-/processed/session_andrew_discrete/sessions/andrew_fist_open_006,,
combined_all,andrew,fist_open,discrete,cosmos_multi_sensor_gesture,7,1,0,3.0,3.013068999999973,"mmwave,imu,uwb",30,9.956625619924491,302,151,151,0,/Users/tylerchen/Cosmos-Gesture-Recognition-/processed/session_andrew_discrete/sessions/andrew_fist_open_007/trial_data.npz,/Users/tylerchen/Cosmos-Gesture-Recognition-/processed/session_andrew_discrete/sessions/andrew_fist_open_007,,
combined_all,andrew,fist_open,discrete,cosmos_multi_sensor_gesture,8,1,0,3.0,3.000095000000101,"mmwave,imu,uwb",30,9.999683343360456,300,150,150,0,/Users/tylerchen/Cosmos-Gesture-Recognition-/processed/session_andrew_discrete/sessions/andrew_fist_open_008/trial_data.npz,/Users/tylerchen/Cosmos-Gesture-Recognition-/processed/session_andrew_discrete/sessions/andrew_fist_open_008,,
combined_all,andrew,one_arm_boxing,periodic,cosmos_multi_sensor_gesture,1,1,0,9.0,3.0,"mmwave,imu,uwb",30,10.0,300,150,150,0,/Users/tylerchen/Cosmos-Gesture-Recognition-/processed/session_andrew_periodic/sessions/andrew_one_arm_boxing_001_seg000/trial_data.npz,/Users/tylerchen/Cosmos-Gesture-Recognition-/processed/session_andrew_periodic/sessions/andrew_one_arm_boxing_001_seg000,,
combined_all,andrew,one_arm_boxing,periodic,cosmos_multi_sensor_gesture,1,1,1,9.0,3.0,"mmwave,imu,uwb",30,10.0,300,150,150,0,/Users/tylerchen/Cosmos-Gesture-Recognition-/processed/session_andrew_periodic/sessions/andrew_one_arm_boxing_001_seg001/trial_data.npz,/Users/tylerchen/Cosmos-Gesture-Recognition-/processed/session_andrew_periodic/sessions/andrew_one_arm_boxing_001_seg001,,
combined_all,andrew,one_arm_boxing,periodic,cosmos_multi_sensor_gesture,1,1,2,9.0,3.0,"mmwave,imu,uwb",30,10.0,300,150,150,0,/Users/tylerchen/Cosmos-Gesture-Recognition-/processed/session_andrew_periodic/sessions/andrew_one_arm_boxing_001_seg002/trial_data.npz,/Users/tylerchen/Cosmos-Gesture-Recognition-/processed/session_andrew_periodic/sessions/andrew_one_arm_boxing_001_seg002,,
combined_all,andrew,one_arm_boxing,periodic,cosmos_multi_sensor_gesture,2,1,0,9.0,3.0,"mmwave,imu,uwb",30,10.0,300,150,149,0,/Users/tylerchen/Cosmos-Gesture-Recognition-/processed/session_andrew_periodic/sessions/andrew_one_arm_boxing_002_seg000/trial_data.npz,/Users/tylerchen/Cosmos-Gesture-Recognition-/processed/session_andrew_periodic/sessions/andrew_one_arm_boxing_002_seg000,,
combined_all,andrew,one_arm_boxing,periodic,cosmos_multi_sensor_gesture,2,1,1,9.0,3.0,"mmwave,imu,uwb",30,10.0,300,150,149,0,/Users/tylerchen/Cosmos-Gesture-Recognition-/processed/session_andrew_periodic/sessions/andrew_one_arm_boxing_002_seg001/trial_data.npz,/Users/tylerchen/Cosmos-Gesture-Recognition-/processed/session_andrew_periodic/sessions/andrew_one_arm_boxing_002_seg001,,
combined_all,andrew,one_arm_boxing,periodic,cosmos_multi_sensor_gesture,2,1,2,9.0,3.0,"mmwave,imu,uwb",30,10.0,300,150,150,0,/Users/tylerchen/Cosmos-Gesture-Recognition-/processed/session_andrew_periodic/sessions/andrew_one_arm_boxing_002_seg002/trial_data.npz,/Users/tylerchen/Cosmos-Gesture-Recognition-/processed/session_andrew_periodic/sessions/andrew_one_arm_boxing_002_seg002,,
combined_all,andrew,one_arm_boxing,periodic,cosmos_multi_sensor_gesture,3,1,0,9.0,3.0,"mmwave,imu,uwb",30,10.0,300,150,150,0,/Users/tylerchen/Cosmos-Gesture-Recognition-/processed/session_andrew_periodic/sessions/andrew_one_arm_boxing_003_seg000/trial_data.npz,/Users/tylerchen/Cosmos-Gesture-Recognition-/processed/session_andrew_periodic/sessions/andrew_one_arm_boxing_003_seg000,,
combined_all,andrew,one_arm_boxing,periodic,cosmos_multi_sensor_gesture,3,1,1,9.0,3.0,"mmwave,imu,uwb",30,10.0,300,150,150,0,/Users/tylerchen/Cosmos-Gesture-Recognition-/processed/session_andrew_periodic/sessions/andrew_one_arm_boxing_003_seg001/trial_data.npz,/Users/tylerchen/Cosmos-Gesture-Recognition-/processed/session_andrew_periodic/sessions/andrew_one_arm_boxing_003_seg001,,
combined_all,andrew,one_arm_boxing,periodic,cosmos_multi_sensor_gesture,3,1,2,9.0,3.0,"mmwave,imu,uwb",30,10.0,300,150,150,0,/Users/tylerchen/Cosmos-Gesture-Recognition-/processed/session_andrew_periodic/sessions/andrew_one_arm_boxing_003_seg002/trial_data.npz,/Users/tylerchen/Cosmos-Gesture-Recognition-/processed/session_andrew_periodic/sessions/andrew_one_arm_boxing_003_seg002,,
combined_all,andrew,clapping,periodic,cosmos_multi_sensor_gesture,1,1,0,9.0,3.0,"mmwave,imu,uwb",30,10.0,300,150,143,0,/Users/tylerchen/Cosmos-Gesture-Recognition-/processed/session_andrew_periodic/sessions/andrew_clapping_001_seg000/trial_data.npz,/Users/tylerchen/Cosmos-Gesture-Recognition-/processed/session_andrew_periodic/sessions/andrew_clapping_001_seg000,,
combined_all,andrew,clapping,periodic,cosmos_multi_sensor_gesture,1,1,1,9.0,3.0,"mmwave,imu,uwb",30,10.0,300,150,150,0,/Users/tylerchen/Cosmos-Gesture-Recognition-/processed/session_andrew_periodic/sessions/andrew_clapping_001_seg001/trial_data.npz,/Users/tylerchen/Cosmos-Gesture-Recognition-/processed/session_andrew_periodic/sessions/andrew_clapping_001_seg001,,
combined_all,andrew,clapping,periodic,cosmos_multi_sensor_gesture,1,1,2,9.0,3.0,"mmwave,imu,uwb",30,10.0,300,150,148,0,/Users/tylerchen/Cosmos-Gesture-Recognition-/processed/session_andrew_periodic/sessions/andrew_clapping_001_seg002/trial_data.npz,/Users/tylerchen/Cosmos-Gesture-Recognition-/processed/session_andrew_periodic/sessions/andrew_clapping_001_seg002,,
combined_all,andrew,clapping,periodic,cosmos_multi_sensor_gesture,2,1,0,9.0,3.0,"mmwave,imu,uwb",30,10.0,300,150,149,0,/Users/tylerchen/Cosmos-Gesture-Recognition-/processed/session_andrew_periodic/sessions/andrew_clapping_002_seg000/trial_data.npz,/Users/tylerchen/Cosmos-Gesture-Recognition-/processed/session_andrew_periodic/sessions/andrew_clapping_002_seg000,,
combined_all,andrew,clapping,periodic,cosmos_multi_sensor_gesture,2,1,1,9.0,3.0,"mmwave,imu,uwb",30,10.0,300,150,145,0,/Users/tylerchen/Cosmos-Gesture-Recognition-/processed/session_andrew_periodic/sessions/andrew_clapping_002_seg001/trial_data.npz,/Users/tylerchen/Cosmos-Gesture-Recognition-/processed/session_andrew_periodic/sessions/andrew_clapping_002_seg001,,
combined_all,andrew,clapping,periodic,cosmos_multi_sensor_gesture,2,1,2,9.0,3.0,"mmwave,imu,uwb",30,10.0,300,150,147,0,/Users/tylerchen/Cosmos-Gesture-Recognition-/processed/session_andrew_periodic/sessions/andrew_clapping_002_seg002/trial_data.npz,/Users/tylerchen/Cosmos-Gesture-Recognition-/processed/session_andrew_periodic/sessions/andrew_clapping_002_seg002,,
combined_all,andrew,clapping,periodic,cosmos_multi_sensor_gesture,3,1,0,9.0,3.0,"mmwave,imu,uwb",30,10.0,300,150,148,0,/Users/tylerchen/Cosmos-Gesture-Recognition-/processed/session_andrew_periodic/sessions/andrew_clapping_003_seg000/trial_data.npz,/Users/tylerchen/Cosmos-Gesture-Recognition-/processed/session_andrew_periodic/sessions/andrew_clapping_003_seg000,,
combined_all,andrew,clapping,periodic,cosmos_multi_sensor_gesture,3,1,1,9.0,3.0,"mmwave,imu,uwb",30,10.0,300,150,150,0,/Users/tylerchen/Cosmos-Gesture-Recognition-/processed/session_andrew_periodic/sessions/andrew_clapping_003_seg001/trial_data.npz,/Users/tylerchen/Cosmos-Gesture-Recognition-/processed/session_andrew_periodic/sessions/andrew_clapping_003_seg001,,
combined_all,andrew,clapping,periodic,cosmos_multi_sensor_gesture,3,1,2,9.0,3.0,"mmwave,imu,uwb",30,10.0,300,150,149,0,/Users/tylerchen/Cosmos-Gesture-Recognition-/processed/session_andrew_periodic/sessions/andrew_clapping_003_seg002/trial_data.npz,/Users/tylerchen/Cosmos-Gesture-Recognition-/processed/session_andrew_periodic/sessions/andrew_clapping_003_seg002,,
combined_all,andrew,two_arm_boxing,periodic,cosmos_multi_sensor_gesture,1,1,0,9.0,3.0,"mmwave,imu,uwb",30,10.0,300,150,150,0,/Users/tylerchen/Cosmos-Gesture-Recognition-/processed/session_andrew_periodic/sessions/andrew_two_arm_boxing_001_seg000/trial_data.npz,/Users/tylerchen/Cosmos-Gesture-Recognition-/processed/session_andrew_periodic/sessions/andrew_two_arm_boxing_001_seg000,,
combined_all,andrew,two_arm_boxing,periodic,cosmos_multi_sensor_gesture,1,1,1,9.0,3.0,"mmwave,imu,uwb",30,10.0,300,150,150,0,/Users/tylerchen/Cosmos-Gesture-Recognition-/processed/session_andrew_periodic/sessions/andrew_two_arm_boxing_001_seg001/trial_data.npz,/Users/tylerchen/Cosmos-Gesture-Recognition-/processed/session_andrew_periodic/sessions/andrew_two_arm_boxing_001_seg001,,
combined_all,andrew,two_arm_boxing,periodic,cosmos_multi_sensor_gesture,1,1,2,9.0,3.0,"mmwave,imu,uwb",30,10.0,300,150,150,0,/Users/tylerchen/Cosmos-Gesture-Recognition-/processed/session_andrew_periodic/sessions/andrew_two_arm_boxing_001_seg002/trial_data.npz,/Users/tylerchen/Cosmos-Gesture-Recognition-/processed/session_andrew_periodic/sessions/andrew_two_arm_boxing_001_seg002,,
combined_all,andrew,two_arm_boxing,periodic,cosmos_multi_sensor_gesture,2,1,0,9.0,3.0,"mmwave,imu,uwb",30,10.0,300,150,150,0,/Users/tylerchen/Cosmos-Gesture-Recognition-/processed/session_andrew_periodic/sessions/andrew_two_arm_boxing_002_seg000/trial_data.npz,/Users/tylerchen/Cosmos-Gesture-Recognition-/processed/session_andrew_periodic/sessions/andrew_two_arm_boxing_002_seg000,,
combined_all,andrew,two_arm_boxing,periodic,cosmos_multi_sensor_gesture,2,1,1,9.0,3.0,"mmwave,imu,uwb",30,10.0,300,150,150,0,/Users/tylerchen/Cosmos-Gesture-Recognition-/processed/session_andrew_periodic/sessions/andrew_two_arm_boxing_002_seg001/trial_data.npz,/Users/tylerchen/Cosmos-Gesture-Recognition-/processed/session_andrew_periodic/sessions/andrew_two_arm_boxing_002_seg001,,
combined_all,andrew,two_arm_boxing,periodic,cosmos_multi_sensor_gesture,2,1,2,9.0,3.0,"mmwave,imu,uwb",30,10.0,300,150,150,0,/Users/tylerchen/Cosmos-Gesture-Recognition-/processed/session_andrew_periodic/sessions/andrew_two_arm_boxing_002_seg002/trial_data.npz,/Users/tylerchen/Cosmos-Gesture-Recognition-/processed/session_andrew_periodic/sessions/andrew_two_arm_boxing_002_seg002,,
combined_all,andrew,two_arm_boxing,periodic,cosmos_multi_sensor_gesture,3,1,0,9.0,3.0,"mmwave,imu,uwb",30,10.0,300,150,150,0,/Users/tylerchen/Cosmos-Gesture-Recognition-/processed/session_andrew_periodic/sessions/andrew_two_arm_boxing_003_seg000/trial_data.npz,/Users/tylerchen/Cosmos-Gesture-Recognition-/processed/session_andrew_periodic/sessions/andrew_two_arm_boxing_003_seg000,,
combined_all,andrew,two_arm_boxing,periodic,cosmos_multi_sensor_gesture,3,1,1,9.0,3.0,"mmwave,imu,uwb",30,10.0,300,151,151,0,/Users/tylerchen/Cosmos-Gesture-Recognition-/processed/session_andrew_periodic/sessions/andrew_two_arm_boxing_003_seg001/trial_data.npz,/Users/tylerchen/Cosmos-Gesture-Recognition-/processed/session_andrew_periodic/sessions/andrew_two_arm_boxing_003_seg001,,
combined_all,andrew,two_arm_boxing,periodic,cosmos_multi_sensor_gesture,3,1,2,9.0,3.0,"mmwave,imu,uwb",30,10.0,300,150,148,0,/Users/tylerchen/Cosmos-Gesture-Recognition-/processed/session_andrew_periodic/sessions/andrew_two_arm_boxing_003_seg002/trial_data.npz,/Users/tylerchen/Cosmos-Gesture-Recognition-/processed/session_andrew_periodic/sessions/andrew_two_arm_boxing_003_seg002,,
combined_all,andrew,soli,periodic,cosmos_multi_sensor_gesture,1,1,0,9.0,3.0,"mmwave,imu,uwb",30,10.0,299,150,150,0,/Users/tylerchen/Cosmos-Gesture-Recognition-/processed/session_andrew_periodic/sessions/andrew_soli_001_seg000/trial_data.npz,/Users/tylerchen/Cosmos-Gesture-Recognition-/processed/session_andrew_periodic/sessions/andrew_soli_001_seg000,,
combined_all,andrew,soli,periodic,cosmos_multi_sensor_gesture,1,1,1,9.0,3.0,"mmwave,imu,uwb",30,10.0,301,150,150,0,/Users/tylerchen/Cosmos-Gesture-Recognition-/processed/session_andrew_periodic/sessions/andrew_soli_001_seg001/trial_data.npz,/Users/tylerchen/Cosmos-Gesture-Recognition-/processed/session_andrew_periodic/sessions/andrew_soli_001_seg001,,
combined_all,andrew,soli,periodic,cosmos_multi_sensor_gesture,1,1,2,9.0,3.0,"mmwave,imu,uwb",30,10.0,300,150,150,0,/Users/tylerchen/Cosmos-Gesture-Recognition-/processed/session_andrew_periodic/sessions/andrew_soli_001_seg002/trial_data.npz,/Users/tylerchen/Cosmos-Gesture-Recognition-/processed/session_andrew_periodic/sessions/andrew_soli_001_seg002,,
combined_all,andrew,soli,periodic,cosmos_multi_sensor_gesture,2,1,0,9.0,3.0,"mmwave,imu,uwb",30,10.0,300,150,150,0,/Users/tylerchen/Cosmos-Gesture-Recognition-/processed/session_andrew_periodic/sessions/andrew_soli_002_seg000/trial_data.npz,/Users/tylerchen/Cosmos-Gesture-Recognition-/processed/session_andrew_periodic/sessions/andrew_soli_002_seg000,,
combined_all,andrew,soli,periodic,cosmos_multi_sensor_gesture,2,1,1,9.0,3.0,"mmwave,imu,uwb",30,10.0,300,150,150,0,/Users/tylerchen/Cosmos-Gesture-Recognition-/processed/session_andrew_periodic/sessions/andrew_soli_002_seg001/trial_data.npz,/Users/tylerchen/Cosmos-Gesture-Recognition-/processed/session_andrew_periodic/sessions/andrew_soli_002_seg001,,
combined_all,andrew,soli,periodic,cosmos_multi_sensor_gesture,2,1,2,9.0,3.0,"mmwave,imu,uwb",30,10.0,300,150,150,0,/Users/tylerchen/Cosmos-Gesture-Recognition-/processed/session_andrew_periodic/sessions/andrew_soli_002_seg002/trial_data.npz,/Users/tylerchen/Cosmos-Gesture-Recognition-/processed/session_andrew_periodic/sessions/andrew_soli_002_seg002,,
combined_all,andrew,soli,periodic,cosmos_multi_sensor_gesture,3,1,0,9.0,3.0,"mmwave,imu,uwb",30,10.0,300,150,150,0,/Users/tylerchen/Cosmos-Gesture-Recognition-/processed/session_andrew_periodic/sessions/andrew_soli_003_seg000/trial_data.npz,/Users/tylerchen/Cosmos-Gesture-Recognition-/processed/session_andrew_periodic/sessions/andrew_soli_003_seg000,,
combined_all,andrew,soli,periodic,cosmos_multi_sensor_gesture,3,1,1,9.0,3.0,"mmwave,imu,uwb",30,10.0,299,150,150,0,/Users/tylerchen/Cosmos-Gesture-Recognition-/processed/session_andrew_periodic/sessions/andrew_soli_003_seg001/trial_data.npz,/Users/tylerchen/Cosmos-Gesture-Recognition-/processed/session_andrew_periodic/sessions/andrew_soli_003_seg001,,
combined_all,andrew,soli,periodic,cosmos_multi_sensor_gesture,3,1,2,9.0,3.0,"mmwave,imu,uwb",30,10.0,301,150,150,0,/Users/tylerchen/Cosmos-Gesture-Recognition-/processed/session_andrew_periodic/sessions/andrew_soli_003_seg002/trial_data.npz,/Users/tylerchen/Cosmos-Gesture-Recognition-/processed/session_andrew_periodic/sessions/andrew_soli_003_seg002,,
combined_all,andrew,palm_up_down,periodic,cosmos_multi_sensor_gesture,1,1,0,9.0,3.0,"mmwave,imu,uwb",30,10.0,300,150,150,0,/Users/tylerchen/Cosmos-Gesture-Recognition-/processed/session_andrew_periodic/sessions/andrew_palm_up_down_001_seg000/trial_data.npz,/Users/tylerchen/Cosmos-Gesture-Recognition-/processed/session_andrew_periodic/sessions/andrew_palm_up_down_001_seg000,,
combined_all,andrew,palm_up_down,periodic,cosmos_multi_sensor_gesture,1,1,1,9.0,3.0,"mmwave,imu,uwb",30,10.0,300,150,150,0,/Users/tylerchen/Cosmos-Gesture-Recognition-/processed/session_andrew_periodic/sessions/andrew_palm_up_down_001_seg001/trial_data.npz,/Users/tylerchen/Cosmos-Gesture-Recognition-/processed/session_andrew_periodic/sessions/andrew_palm_up_down_001_seg001,,
combined_all,andrew,palm_up_down,periodic,cosmos_multi_sensor_gesture,1,1,2,9.0,3.0,"mmwave,imu,uwb",30,10.0,300,150,150,0,/Users/tylerchen/Cosmos-Gesture-Recognition-/processed/session_andrew_periodic/sessions/andrew_palm_up_down_001_seg002/trial_data.npz,/Users/tylerchen/Cosmos-Gesture-Recognition-/processed/session_andrew_periodic/sessions/andrew_palm_up_down_001_seg002,,
combined_all,andrew,palm_up_down,periodic,cosmos_multi_sensor_gesture,2,1,0,9.0,3.0,"mmwave,imu,uwb",30,10.0,300,150,150,0,/Users/tylerchen/Cosmos-Gesture-Recognition-/processed/session_andrew_periodic/sessions/andrew_palm_up_down_002_seg000/trial_data.npz,/Users/tylerchen/Cosmos-Gesture-Recognition-/processed/session_andrew_periodic/sessions/andrew_palm_up_down_002_seg000,,
combined_all,andrew,palm_up_down,periodic,cosmos_multi_sensor_gesture,2,1,1,9.0,3.0,"mmwave,imu,uwb",30,10.0,301,150,150,0,/Users/tylerchen/Cosmos-Gesture-Recognition-/processed/session_andrew_periodic/sessions/andrew_palm_up_down_002_seg001/trial_data.npz,/Users/tylerchen/Cosmos-Gesture-Recognition-/processed/session_andrew_periodic/sessions/andrew_palm_up_down_002_seg001,,
combined_all,andrew,palm_up_down,periodic,cosmos_multi_sensor_gesture,2,1,2,9.0,3.0,"mmwave,imu,uwb",30,10.0,300,150,150,0,/Users/tylerchen/Cosmos-Gesture-Recognition-/processed/session_andrew_periodic/sessions/andrew_palm_up_down_002_seg002/trial_data.npz,/Users/tylerchen/Cosmos-Gesture-Recognition-/processed/session_andrew_periodic/sessions/andrew_palm_up_down_002_seg002,,
combined_all,andrew,palm_up_down,periodic,cosmos_multi_sensor_gesture,3,1,0,9.0,3.0,"mmwave,imu,uwb",30,10.0,301,150,150,0,/Users/tylerchen/Cosmos-Gesture-Recognition-/processed/session_andrew_periodic/sessions/andrew_palm_up_down_003_seg000/trial_data.npz,/Users/tylerchen/Cosmos-Gesture-Recognition-/processed/session_andrew_periodic/sessions/andrew_palm_up_down_003_seg000,,
combined_all,andrew,palm_up_down,periodic,cosmos_multi_sensor_gesture,3,1,1,9.0,3.0,"mmwave,imu,uwb",30,10.0,300,150,150,0,/Users/tylerchen/Cosmos-Gesture-Recognition-/processed/session_andrew_periodic/sessions/andrew_palm_up_down_003_seg001/trial_data.npz,/Users/tylerchen/Cosmos-Gesture-Recognition-/processed/session_andrew_periodic/sessions/andrew_palm_up_down_003_seg001,,
combined_all,andrew,palm_up_down,periodic,cosmos_multi_sensor_gesture,3,1,2,9.0,3.0,"mmwave,imu,uwb",30,10.0,300,150,150,0,/Users/tylerchen/Cosmos-Gesture-Recognition-/processed/session_andrew_periodic/sessions/andrew_palm_up_down_003_seg002/trial_data.npz,/Users/tylerchen/Cosmos-Gesture-Recognition-/processed/session_andrew_periodic/sessions/andrew_palm_up_down_003_seg002,,
combined_all,brandon,pull,discrete,cosmos_multi_sensor_gesture,1,1,0,3.0,3.0004880000000007,"mmwave,imu,uwb",30,9.99837359789474,300,151,151,0,/Users/tylerchen/Cosmos-Gesture-Recognition-/processed/session_brandon_discrete/sessions/brandon_pull_001/trial_data.npz,/Users/tylerchen/Cosmos-Gesture-Recognition-/processed/session_brandon_discrete/sessions/brandon_pull_001,,
combined_all,brandon,pull,discrete,cosmos_multi_sensor_gesture,2,1,0,3.0,3.0097120000000004,"mmwave,imu,uwb",30,9.967731131749481,301,151,151,0,/Users/tylerchen/Cosmos-Gesture-Recognition-/processed/session_brandon_discrete/sessions/brandon_pull_002/trial_data.npz,/Users/tylerchen/Cosmos-Gesture-Recognition-/processed/session_brandon_discrete/sessions/brandon_pull_002,,
combined_all,brandon,pull,discrete,cosmos_multi_sensor_gesture,3,1,0,3.0,3.0208010000000023,"mmwave,imu,uwb",30,9.931140780210274,303,151,151,0,/Users/tylerchen/Cosmos-Gesture-Recognition-/processed/session_brandon_discrete/sessions/brandon_pull_003/trial_data.npz,/Users/tylerchen/Cosmos-Gesture-Recognition-/processed/session_brandon_discrete/sessions/brandon_pull_003,,
combined_all,brandon,pull,discrete,cosmos_multi_sensor_gesture,4,1,0,3.0,3.0117760000000047,"mmwave,imu,uwb",30,9.960900146624434,301,151,151,0,/Users/tylerchen/Cosmos-Gesture-Recognition-/processed/session_brandon_discrete/sessions/brandon_pull_004/trial_data.npz,/Users/tylerchen/Cosmos-Gesture-Recognition-/processed/session_brandon_discrete/sessions/brandon_pull_004,,
combined_all,brandon,pull,discrete,cosmos_multi_sensor_gesture,5,1,0,3.0,3.005471,"mmwave,imu,uwb",31,10.314523081407208,300,150,150,0,/Users/tylerchen/Cosmos-Gesture-Recognition-/processed/session_brandon_discrete/sessions/brandon_pull_005/trial_data.npz,/Users/tylerchen/Cosmos-Gesture-Recognition-/processed/session_brandon_discrete/sessions/brandon_pull_005,,
combined_all,brandon,pull,discrete,cosmos_multi_sensor_gesture,6,1,0,3.0,3.021810000000002,"mmwave,imu,uwb",30,9.927824714326837,302,151,151,0,/Users/tylerchen/Cosmos-Gesture-Recognition-/processed/session_brandon_discrete/sessions/brandon_pull_006/trial_data.npz,/Users/tylerchen/Cosmos-Gesture-Recognition-/processed/session_brandon_discrete/sessions/brandon_pull_006,,
combined_all,brandon,pull,discrete,cosmos_multi_sensor_gesture,7,1,0,3.0,3.023026999999999,"mmwave,imu,uwb",30,9.923828004182566,303,151,151,0,/Users/tylerchen/Cosmos-Gesture-Recognition-/processed/session_brandon_discrete/sessions/brandon_pull_007/trial_data.npz,/Users/tylerchen/Cosmos-Gesture-Recognition-/processed/session_brandon_discrete/sessions/brandon_pull_007,,
combined_all,brandon,pull,discrete,cosmos_multi_sensor_gesture,8,1,0,3.0,3.0218519999999955,"mmwave,imu,uwb",30,9.927686729859717,302,151,151,0,/Users/tylerchen/Cosmos-Gesture-Recognition-/processed/session_brandon_discrete/sessions/brandon_pull_008/trial_data.npz,/Users/tylerchen/Cosmos-Gesture-Recognition-/processed/session_brandon_discrete/sessions/brandon_pull_008,,
combined_all,brandon,push,discrete,cosmos_multi_sensor_gesture,1,1,0,3.0,3.021472000000003,"mmwave,imu,uwb",30,9.928935300409858,303,152,152,0,/Users/tylerchen/Cosmos-Gesture-Recognition-/processed/session_brandon_discrete/sessions/brandon_push_001/trial_data.npz,/Users/tylerchen/Cosmos-Gesture-Recognition-/processed/session_brandon_discrete/sessions/brandon_push_001,,
combined_all,brandon,push,discrete,cosmos_multi_sensor_gesture,2,1,0,3.0,3.0148829999999975,"mmwave,imu,uwb",31,10.28232273026848,302,150,150,0,/Users/tylerchen/Cosmos-Gesture-Recognition-/processed/session_brandon_discrete/sessions/brandon_push_002/trial_data.npz,/Users/tylerchen/Cosmos-Gesture-Recognition-/processed/session_brandon_discrete/sessions/brandon_push_002,,
combined_all,brandon,push,discrete,cosmos_multi_sensor_gesture,3,1,0,3.0,3.0057939999999945,"mmwave,imu,uwb",30,9.980723895250325,301,151,151,0,/Users/tylerchen/Cosmos-Gesture-Recognition-/processed/session_brandon_discrete/sessions/brandon_push_003/trial_data.npz,/Users/tylerchen/Cosmos-Gesture-Recognition-/processed/session_brandon_discrete/sessions/brandon_push_003,,
combined_all,brandon,push,discrete,cosmos_multi_sensor_gesture,4,2,0,3.0,3.0154519999999962,"mmwave,imu,uwb",30,9.948757267567196,302,151,151,0,/Users/tylerchen/Cosmos-Gesture-Recognition-/processed/session_brandon_discrete/sessions/brandon_push_004/trial_data.npz,/Users/tylerchen/Cosmos-Gesture-Recognition-/processed/session_brandon_discrete/sessions/brandon_push_004,,
combined_all,brandon,push,discrete,cosmos_multi_sensor_gesture,5,1,0,3.0,3.020711999999989,"mmwave,imu,uwb",30,9.93143338391747,302,151,151,0,/Users/tylerchen/Cosmos-Gesture-Recognition-/processed/session_brandon_discrete/sessions/brandon_push_005/trial_data.npz,/Users/tylerchen/Cosmos-Gesture-Recognition-/processed/session_brandon_discrete/sessions/brandon_push_005,,
combined_all,brandon,push,discrete,cosmos_multi_sensor_gesture,6,1,0,3.0,3.0208470000000034,"mmwave,imu,uwb",30,9.930989553592077,302,152,152,0,/Users/tylerchen/Cosmos-Gesture-Recognition-/processed/session_brandon_discrete/sessions/brandon_push_006/trial_data.npz,/Users/tylerchen/Cosmos-Gesture-Recognition-/processed/session_brandon_discrete/sessions/brandon_push_006,,
combined_all,brandon,push,discrete,cosmos_multi_sensor_gesture,7,1,0,3.0,3.001874000000001,"mmwave,imu,uwb",30,9.993757232981794,300,150,150,0,/Users/tylerchen/Cosmos-Gesture-Recognition-/processed/session_brandon_discrete/sessions/brandon_push_007/trial_data.npz,/Users/tylerchen/Cosmos-Gesture-Recognition-/processed/session_brandon_discrete/sessions/brandon_push_007,,
combined_all,brandon,push,discrete,cosmos_multi_sensor_gesture,8,1,0,3.0,3.004713999999993,"mmwave,imu,uwb",30,9.984311318814393,301,150,150,0,/Users/tylerchen/Cosmos-Gesture-Recognition-/processed/session_brandon_discrete/sessions/brandon_push_008/trial_data.npz,/Users/tylerchen/Cosmos-Gesture-Recognition-/processed/session_brandon_discrete/sessions/brandon_push_008,,
combined_all,brandon,clockwise,discrete,cosmos_multi_sensor_gesture,1,2,0,3.0,3.006663000000003,"mmwave,imu,uwb",30,9.977839219094381,301,151,151,0,/Users/tylerchen/Cosmos-Gesture-Recognition-/processed/session_brandon_discrete/sessions/brandon_clockwise_001/trial_data.npz,/Users/tylerchen/Cosmos-Gesture-Recognition-/processed/session_brandon_discrete/sessions/brandon_clockwise_001,,
combined_all,brandon,clockwise,discrete,cosmos_multi_sensor_gesture,2,1,0,3.0,3.002383999999992,"mmwave,imu,uwb",30,9.992059643270174,300,150,149,0,/Users/tylerchen/Cosmos-Gesture-Recognition-/processed/session_brandon_discrete/sessions/brandon_clockwise_002/trial_data.npz,/Users/tylerchen/Cosmos-Gesture-Recognition-/processed/session_brandon_discrete/sessions/brandon_clockwise_002,,
combined_all,brandon,clockwise,discrete,cosmos_multi_sensor_gesture,3,1,0,3.0,3.0085140000000195,"mmwave,imu,uwb",30,9.971700314507363,301,151,151,0,/Users/tylerchen/Cosmos-Gesture-Recognition-/processed/session_brandon_discrete/sessions/brandon_clockwise_003/trial_data.npz,/Users/tylerchen/Cosmos-Gesture-Recognition-/processed/session_brandon_discrete/sessions/brandon_clockwise_003,,
combined_all,brandon,clockwise,discrete,cosmos_multi_sensor_gesture,4,1,0,3.0,3.009648000000027,"mmwave,imu,uwb",30,9.96794309500637,302,150,150,0,/Users/tylerchen/Cosmos-Gesture-Recognition-/processed/session_brandon_discrete/sessions/brandon_clockwise_004/trial_data.npz,/Users/tylerchen/Cosmos-Gesture-Recognition-/processed/session_brandon_discrete/sessions/brandon_clockwise_004,,
combined_all,brandon,clockwise,discrete,cosmos_multi_sensor_gesture,5,1,0,3.0,3.010165999999998,"mmwave,imu,uwb",30,9.966227776142585,301,150,150,0,/Users/tylerchen/Cosmos-Gesture-Recognition-/processed/session_brandon_discrete/sessions/brandon_clockwise_005/trial_data.npz,/Users/tylerchen/Cosmos-Gesture-Recognition-/processed/session_brandon_discrete/sessions/brandon_clockwise_005,,
combined_all,brandon,clockwise,discrete,cosmos_multi_sensor_gesture,6,1,0,3.0,3.0004880000000185,"mmwave,imu,uwb",30,9.99837359789468,300,150,150,0,/Users/tylerchen/Cosmos-Gesture-Recognition-/processed/session_brandon_discrete/sessions/brandon_clockwise_006/trial_data.npz,/Users/tylerchen/Cosmos-Gesture-Recognition-/processed/session_brandon_discrete/sessions/brandon_clockwise_006,,
combined_all,brandon,clockwise,discrete,cosmos_multi_sensor_gesture,7,1,0,3.0,3.016692000000006,"mmwave,imu,uwb",31,10.276156796915275,301,151,151,0,/Users/tylerchen/Cosmos-Gesture-Recognition-/processed/session_brandon_discrete/sessions/brandon_clockwise_007/trial_data.npz,/Users/tylerchen/Cosmos-Gesture-Recognition-/processed/session_brandon_discrete/sessions/brandon_clockwise_007,,
combined_all,brandon,clockwise,discrete,cosmos_multi_sensor_gesture,8,1,0,3.0,3.0236830000000054,"mmwave,imu,uwb",30,9.921674990400762,302,151,151,0,/Users/tylerchen/Cosmos-Gesture-Recognition-/processed/session_brandon_discrete/sessions/brandon_clockwise_008/trial_data.npz,/Users/tylerchen/Cosmos-Gesture-Recognition-/processed/session_brandon_discrete/sessions/brandon_clockwise_008,,
combined_all,brandon,anti_clockwise,discrete,cosmos_multi_sensor_gesture,1,1,0,3.0,3.015603999999996,"mmwave,imu,uwb",30,9.948255805470492,301,151,151,0,/Users/tylerchen/Cosmos-Gesture-Recognition-/processed/session_brandon_discrete/sessions/brandon_anti_clockwise_001/trial_data.npz,/Users/tylerchen/Cosmos-Gesture-Recognition-/processed/session_brandon_discrete/sessions/brandon_anti_clockwise_001,,
combined_all,brandon,anti_clockwise,discrete,cosmos_multi_sensor_gesture,2,1,0,3.0,3.0053920000000005,"mmwave,imu,uwb",30,9.98205891278076,300,150,150,0,/Users/tylerchen/Cosmos-Gesture-Recognition-/processed/session_brandon_discrete/sessions/brandon_anti_clockwise_002/trial_data.npz,/Users/tylerchen/Cosmos-Gesture-Recognition-/processed/session_brandon_discrete/sessions/brandon_anti_clockwise_002,,
combined_all,brandon,anti_clockwise,discrete,cosmos_multi_sensor_gesture,3,1,0,3.0,3.003280999999987,"mmwave,imu,uwb",30,9.989075281334024,300,150,150,0,/Users/tylerchen/Cosmos-Gesture-Recognition-/processed/session_brandon_discrete/sessions/brandon_anti_clockwise_003/trial_data.npz,/Users/tylerchen/Cosmos-Gesture-Recognition-/processed/session_brandon_discrete/sessions/brandon_anti_clockwise_003,,
combined_all,brandon,anti_clockwise,discrete,cosmos_multi_sensor_gesture,4,1,0,3.0,3.0141929999999775,"mmwave,imu,uwb",30,9.952912769686687,302,151,151,0,/Users/tylerchen/Cosmos-Gesture-Recognition-/processed/session_brandon_discrete/sessions/brandon_anti_clockwise_004/trial_data.npz,/Users/tylerchen/Cosmos-Gesture-Recognition-/processed/session_brandon_discrete/sessions/brandon_anti_clockwise_004,,
combined_all,brandon,anti_clockwise,discrete,cosmos_multi_sensor_gesture,5,1,0,3.0,3.0245749999999987,"mmwave,imu,uwb",30,9.918748915136842,303,151,151,0,/Users/tylerchen/Cosmos-Gesture-Recognition-/processed/session_brandon_discrete/sessions/brandon_anti_clockwise_005/trial_data.npz,/Users/tylerchen/Cosmos-Gesture-Recognition-/processed/session_brandon_discrete/sessions/brandon_anti_clockwise_005,,
combined_all,brandon,anti_clockwise,discrete,cosmos_multi_sensor_gesture,6,1,0,3.0,3.0214920000000234,"mmwave,imu,uwb",30,9.92886957834069,303,151,151,0,/Users/tylerchen/Cosmos-Gesture-Recognition-/processed/session_brandon_discrete/sessions/brandon_anti_clockwise_006/trial_data.npz,/Users/tylerchen/Cosmos-Gesture-Recognition-/processed/session_brandon_discrete/sessions/brandon_anti_clockwise_006,,
combined_all,brandon,anti_clockwise,discrete,cosmos_multi_sensor_gesture,7,1,0,3.0,3.014963999999992,"mmwave,imu,uwb",30,9.950367566577937,301,151,151,0,/Users/tylerchen/Cosmos-Gesture-Recognition-/processed/session_brandon_discrete/sessions/brandon_anti_clockwise_007/trial_data.npz,/Users/tylerchen/Cosmos-Gesture-Recognition-/processed/session_brandon_discrete/sessions/brandon_anti_clockwise_007,,
combined_all,brandon,anti_clockwise,discrete,cosmos_multi_sensor_gesture,8,1,0,3.0,3.0135779999999954,"mmwave,imu,uwb",30,9.954943923800892,301,151,151,0,/Users/tylerchen/Cosmos-Gesture-Recognition-/processed/session_brandon_discrete/sessions/brandon_anti_clockwise_008/trial_data.npz,/Users/tylerchen/Cosmos-Gesture-Recognition-/processed/session_brandon_discrete/sessions/brandon_anti_clockwise_008,,
combined_all,brandon,right,discrete,cosmos_multi_sensor_gesture,1,1,0,3.0,3.0141199999999913,"mmwave,imu,uwb",31,10.284925616763795,301,151,151,0,/Users/tylerchen/Cosmos-Gesture-Recognition-/processed/session_brandon_discrete/sessions/brandon_right_001/trial_data.npz,/Users/tylerchen/Cosmos-Gesture-Recognition-/processed/session_brandon_discrete/sessions/brandon_right_001,,
combined_all,brandon,right,discrete,cosmos_multi_sensor_gesture,2,1,0,3.0,3.0111339999999984,"mmwave,imu,uwb",30,9.963023897309125,301,151,150,0,/Users/tylerchen/Cosmos-Gesture-Recognition-/processed/session_brandon_discrete/sessions/brandon_right_002/trial_data.npz,/Users/tylerchen/Cosmos-Gesture-Recognition-/processed/session_brandon_discrete/sessions/brandon_right_002,,
combined_all,brandon,right,discrete,cosmos_multi_sensor_gesture,3,1,0,3.0,3.0221909999999923,"mmwave,imu,uwb",30,9.92657313849458,302,151,151,0,/Users/tylerchen/Cosmos-Gesture-Recognition-/processed/session_brandon_discrete/sessions/brandon_right_003/trial_data.npz,/Users/tylerchen/Cosmos-Gesture-Recognition-/processed/session_brandon_discrete/sessions/brandon_right_003,,
combined_all,brandon,right,discrete,cosmos_multi_sensor_gesture,4,1,0,3.0,3.0127580000000194,"mmwave,imu,uwb",30,9.957653419225775,301,150,150,0,/Users/tylerchen/Cosmos-Gesture-Recognition-/processed/session_brandon_discrete/sessions/brandon_right_004/trial_data.npz,/Users/tylerchen/Cosmos-Gesture-Recognition-/processed/session_brandon_discrete/sessions/brandon_right_004,,
combined_all,brandon,right,discrete,cosmos_multi_sensor_gesture,5,1,0,3.0,3.014203000000009,"mmwave,imu,uwb",30,9.952879749638598,301,151,151,0,/Users/tylerchen/Cosmos-Gesture-Recognition-/processed/session_brandon_discrete/sessions/brandon_right_005/trial_data.npz,/Users/tylerchen/Cosmos-Gesture-Recognition-/processed/session_brandon_discrete/sessions/brandon_right_005,,
combined_all,brandon,right,discrete,cosmos_multi_sensor_gesture,6,1,0,3.0,3.0049410000000023,"mmwave,imu,uwb",30,9.983557081486783,300,150,150,0,/Users/tylerchen/Cosmos-Gesture-Recognition-/processed/session_brandon_discrete/sessions/brandon_right_006/trial_data.npz,/Users/tylerchen/Cosmos-Gesture-Recognition-/processed/session_brandon_discrete/sessions/brandon_right_006,,
combined_all,brandon,right,discrete,cosmos_multi_sensor_gesture,7,1,0,3.0,3.014823000000007,"mmwave,imu,uwb",30,9.950832934470757,302,151,151,0,/Users/tylerchen/Cosmos-Gesture-Recognition-/processed/session_brandon_discrete/sessions/brandon_right_007/trial_data.npz,/Users/tylerchen/Cosmos-Gesture-Recognition-/processed/session_brandon_discrete/sessions/brandon_right_007,,
combined_all,brandon,right,discrete,cosmos_multi_sensor_gesture,8,1,0,3.0,3.0103050000000167,"mmwave,imu,uwb",30,9.965767588334018,301,151,151,0,/Users/tylerchen/Cosmos-Gesture-Recognition-/processed/session_brandon_discrete/sessions/brandon_right_008/trial_data.npz,/Users/tylerchen/Cosmos-Gesture-Recognition-/processed/session_brandon_discrete/sessions/brandon_right_008,,
combined_all,brandon,left,discrete,cosmos_multi_sensor_gesture,1,1,0,3.0,3.0135740000000055,"mmwave,imu,uwb",30,9.954957137272867,302,151,151,0,/Users/tylerchen/Cosmos-Gesture-Recognition-/processed/session_brandon_discrete/sessions/brandon_left_001/trial_data.npz,/Users/tylerchen/Cosmos-Gesture-Recognition-/processed/session_brandon_discrete/sessions/brandon_left_001,,
combined_all,brandon,left,discrete,cosmos_multi_sensor_gesture,2,1,0,3.0,3.0233370000000264,"mmwave,imu,uwb",30,9.922810457451398,302,151,151,0,/Users/tylerchen/Cosmos-Gesture-Recognition-/processed/session_brandon_discrete/sessions/brandon_left_002/trial_data.npz,/Users/tylerchen/Cosmos-Gesture-Recognition-/processed/session_brandon_discrete/sessions/brandon_left_002,,
combined_all,brandon,left,discrete,cosmos_multi_sensor_gesture,3,1,0,3.0,3.0086519999999837,"mmwave,imu,uwb",30,9.971242935374434,300,151,151,0,/Users/tylerchen/Cosmos-Gesture-Recognition-/processed/session_brandon_discrete/sessions/brandon_left_003/trial_data.npz,/Users/tylerchen/Cosmos-Gesture-Recognition-/processed/session_brandon_discrete/sessions/brandon_left_003,,
combined_all,brandon,left,discrete,cosmos_multi_sensor_gesture,4,1,0,3.0,3.006520999999964,"mmwave,imu,uwb",30,9.978310479122003,300,150,150,0,/Users/tylerchen/Cosmos-Gesture-Recognition-/processed/session_brandon_discrete/sessions/brandon_left_004/trial_data.npz,/Users/tylerchen/Cosmos-Gesture-Recognition-/processed/session_brandon_discrete/sessions/brandon_left_004,,
combined_all,brandon,left,discrete,cosmos_multi_sensor_gesture,5,1,0,3.0,3.01123199999995,"mmwave,imu,uwb",30,9.962699652501202,301,150,150,0,/Users/tylerchen/Cosmos-Gesture-Recognition-/processed/session_brandon_discrete/sessions/brandon_left_005/trial_data.npz,/Users/tylerchen/Cosmos-Gesture-Recognition-/processed/session_brandon_discrete/sessions/brandon_left_005,,
combined_all,brandon,left,discrete,cosmos_multi_sensor_gesture,6,1,0,3.0,3.008888000000013,"mmwave,imu,uwb",30,9.970460847994298,300,150,150,0,/Users/tylerchen/Cosmos-Gesture-Recognition-/processed/session_brandon_discrete/sessions/brandon_left_006/trial_data.npz,/Users/tylerchen/Cosmos-Gesture-Recognition-/processed/session_brandon_discrete/sessions/brandon_left_006,,
combined_all,brandon,left,discrete,cosmos_multi_sensor_gesture,7,1,0,3.0,3.017676999999992,"mmwave,imu,uwb",31,10.272802556403512,303,150,150,0,/Users/tylerchen/Cosmos-Gesture-Recognition-/processed/session_brandon_discrete/sessions/brandon_left_007/trial_data.npz,/Users/tylerchen/Cosmos-Gesture-Recognition-/processed/session_brandon_discrete/sessions/brandon_left_007,,
combined_all,brandon,left,discrete,cosmos_multi_sensor_gesture,8,1,0,3.0,3.0102430000000027,"mmwave,imu,uwb",30,9.965972846710374,301,151,151,0,/Users/tylerchen/Cosmos-Gesture-Recognition-/processed/session_brandon_discrete/sessions/brandon_left_008/trial_data.npz,/Users/tylerchen/Cosmos-Gesture-Recognition-/processed/session_brandon_discrete/sessions/brandon_left_008,,
combined_all,brandon,bye_bye,discrete,cosmos_multi_sensor_gesture,1,1,0,3.0,3.0024399999999787,"mmwave,imu,uwb",30,9.99187327640193,301,151,151,0,/Users/tylerchen/Cosmos-Gesture-Recognition-/processed/session_brandon_discrete/sessions/brandon_bye_bye_001/trial_data.npz,/Users/tylerchen/Cosmos-Gesture-Recognition-/processed/session_brandon_discrete/sessions/brandon_bye_bye_001,,
combined_all,brandon,bye_bye,discrete,cosmos_multi_sensor_gesture,2,1,0,3.0,3.0193530000000237,"mmwave,imu,uwb",30,9.935903486607815,302,151,151,0,/Users/tylerchen/Cosmos-Gesture-Recognition-/processed/session_brandon_discrete/sessions/brandon_bye_bye_002/trial_data.npz,/Users/tylerchen/Cosmos-Gesture-Recognition-/processed/session_brandon_discrete/sessions/brandon_bye_bye_002,,
combined_all,brandon,bye_bye,discrete,cosmos_multi_sensor_gesture,3,1,0,3.0,3.021694000000025,"mmwave,imu,uwb",30,9.928205834210795,302,151,151,0,/Users/tylerchen/Cosmos-Gesture-Recognition-/processed/session_brandon_discrete/sessions/brandon_bye_bye_003/trial_data.npz,/Users/tylerchen/Cosmos-Gesture-Recognition-/processed/session_brandon_discrete/sessions/brandon_bye_bye_003,,
combined_all,brandon,bye_bye,discrete,cosmos_multi_sensor_gesture,4,2,0,3.0,3.023956999999996,"mmwave,imu,uwb",30,9.92077598987024,303,151,151,0,/Users/tylerchen/Cosmos-Gesture-Recognition-/processed/session_brandon_discrete/sessions/brandon_bye_bye_004/trial_data.npz,/Users/tylerchen/Cosmos-Gesture-Recognition-/processed/session_brandon_discrete/sessions/brandon_bye_bye_004,,
combined_all,brandon,bye_bye,discrete,cosmos_multi_sensor_gesture,5,1,0,3.0,3.0222610000000145,"mmwave,imu,uwb",30,9.926343224493138,302,151,151,0,/Users/tylerchen/Cosmos-Gesture-Recognition-/processed/session_brandon_discrete/sessions/brandon_bye_bye_005/trial_data.npz,/Users/tylerchen/Cosmos-Gesture-Recognition-/processed/session_brandon_discrete/sessions/brandon_bye_bye_005,,
combined_all,brandon,bye_bye,discrete,cosmos_multi_sensor_gesture,6,1,0,3.0,3.0161640000000034,"mmwave,imu,uwb",30,9.946408749656838,302,151,151,0,/Users/tylerchen/Cosmos-Gesture-Recognition-/processed/session_brandon_discrete/sessions/brandon_bye_bye_006/trial_data.npz,/Users/tylerchen/Cosmos-Gesture-Recognition-/processed/session_brandon_discrete/sessions/brandon_bye_bye_006,,
combined_all,brandon,bye_bye,discrete,cosmos_multi_sensor_gesture,7,1,0,3.0,3.018542000000025,"mmwave,imu,uwb",30,9.938572993186694,302,151,151,0,/Users/tylerchen/Cosmos-Gesture-Recognition-/processed/session_brandon_discrete/sessions/brandon_bye_bye_007/trial_data.npz,/Users/tylerchen/Cosmos-Gesture-Recognition-/processed/session_brandon_discrete/sessions/brandon_bye_bye_007,,
combined_all,brandon,bye_bye,discrete,cosmos_multi_sensor_gesture,8,1,0,3.0,3.01191399999999,"mmwave,imu,uwb",30,9.960443757690324,301,151,151,0,/Users/tylerchen/Cosmos-Gesture-Recognition-/processed/session_brandon_discrete/sessions/brandon_bye_bye_008/trial_data.npz,/Users/tylerchen/Cosmos-Gesture-Recognition-/processed/session_brandon_discrete/sessions/brandon_bye_bye_008,,
combined_all,brandon,t_arm,discrete,cosmos_multi_sensor_gesture,1,3,0,3.0,3.017033999999967,"mmwave,imu,uwb",30,9.94354057660614,302,151,149,0,/Users/tylerchen/Cosmos-Gesture-Recognition-/processed/session_brandon_discrete/sessions/brandon_t_arm_001/trial_data.npz,/Users/tylerchen/Cosmos-Gesture-Recognition-/processed/session_brandon_discrete/sessions/brandon_t_arm_001,,
combined_all,brandon,t_arm,discrete,cosmos_multi_sensor_gesture,2,3,0,3.0,3.0012649999999894,"mmwave,imu,uwb",30,9.995785110611727,300,150,149,0,/Users/tylerchen/Cosmos-Gesture-Recognition-/processed/session_brandon_discrete/sessions/brandon_t_arm_002/trial_data.npz,/Users/tylerchen/Cosmos-Gesture-Recognition-/processed/session_brandon_discrete/sessions/brandon_t_arm_002,,
combined_all,brandon,t_arm,discrete,cosmos_multi_sensor_gesture,3,1,0,3.0,3.004291999999964,"mmwave,imu,uwb",30,9.985713772163411,301,151,151,0,/Users/tylerchen/Cosmos-Gesture-Recognition-/processed/session_brandon_discrete/sessions/brandon_t_arm_003/trial_data.npz,/Users/tylerchen/Cosmos-Gesture-Recognition-/processed/session_brandon_discrete/sessions/brandon_t_arm_003,,
combined_all,brandon,t_arm,discrete,cosmos_multi_sensor_gesture,4,1,0,3.0,3.019621000000029,"mmwave,imu,uwb",30,9.935021646756235,302,151,151,0,/Users/tylerchen/Cosmos-Gesture-Recognition-/processed/session_brandon_discrete/sessions/brandon_t_arm_004/trial_data.npz,/Users/tylerchen/Cosmos-Gesture-Recognition-/processed/session_brandon_discrete/sessions/brandon_t_arm_004,,
combined_all,brandon,t_arm,discrete,cosmos_multi_sensor_gesture,5,1,0,3.0,3.0146080000000097,"mmwave,imu,uwb",30,9.95154262179358,302,151,151,0,/Users/tylerchen/Cosmos-Gesture-Recognition-/processed/session_brandon_discrete/sessions/brandon_t_arm_005/trial_data.npz,/Users/tylerchen/Cosmos-Gesture-Recognition-/processed/session_brandon_discrete/sessions/brandon_t_arm_005,,
combined_all,brandon,t_arm,discrete,cosmos_multi_sensor_gesture,6,1,0,3.0,3.021359000000018,"mmwave,imu,uwb",30,9.929306646446125,302,151,150,0,/Users/tylerchen/Cosmos-Gesture-Recognition-/processed/session_brandon_discrete/sessions/brandon_t_arm_006/trial_data.npz,/Users/tylerchen/Cosmos-Gesture-Recognition-/processed/session_brandon_discrete/sessions/brandon_t_arm_006,,
combined_all,brandon,t_arm,discrete,cosmos_multi_sensor_gesture,7,1,0,3.0,3.0105010000000334,"mmwave,imu,uwb",30,9.96511876262445,302,150,149,0,/Users/tylerchen/Cosmos-Gesture-Recognition-/processed/session_brandon_discrete/sessions/brandon_t_arm_007/trial_data.npz,/Users/tylerchen/Cosmos-Gesture-Recognition-/processed/session_brandon_discrete/sessions/brandon_t_arm_007,,
combined_all,brandon,t_arm,discrete,cosmos_multi_sensor_gesture,8,1,0,3.0,3.0101849999999786,"mmwave,imu,uwb",30,9.96616487026552,301,151,150,0,/Users/tylerchen/Cosmos-Gesture-Recognition-/processed/session_brandon_discrete/sessions/brandon_t_arm_008/trial_data.npz,/Users/tylerchen/Cosmos-Gesture-Recognition-/processed/session_brandon_discrete/sessions/brandon_t_arm_008,,
combined_all,brandon,raise_arms,discrete,cosmos_multi_sensor_gesture,1,2,0,3.0,3.012988000000007,"mmwave,imu,uwb",30,9.95689328998321,301,151,151,0,/Users/tylerchen/Cosmos-Gesture-Recognition-/processed/session_brandon_discrete/sessions/brandon_raise_arms_001/trial_data.npz,/Users/tylerchen/Cosmos-Gesture-Recognition-/processed/session_brandon_discrete/sessions/brandon_raise_arms_001,,
combined_all,brandon,raise_arms,discrete,cosmos_multi_sensor_gesture,2,1,0,3.0,3.010062000000005,"mmwave,imu,uwb",31,10.298791187689805,300,150,150,0,/Users/tylerchen/Cosmos-Gesture-Recognition-/processed/session_brandon_discrete/sessions/brandon_raise_arms_002/trial_data.npz,/Users/tylerchen/Cosmos-Gesture-Recognition-/processed/session_brandon_discrete/sessions/brandon_raise_arms_002,,
combined_all,brandon,raise_arms,discrete,cosmos_multi_sensor_gesture,3,1,0,3.0,3.0020059999999944,"mmwave,imu,uwb",30,9.993317801496751,300,150,150,0,/Users/tylerchen/Cosmos-Gesture-Recognition-/processed/session_brandon_discrete/sessions/brandon_raise_arms_003/trial_data.npz,/Users/tylerchen/Cosmos-Gesture-Recognition-/processed/session_brandon_discrete/sessions/brandon_raise_arms_003,,
combined_all,brandon,raise_arms,discrete,cosmos_multi_sensor_gesture,4,1,0,3.0,3.0190979999999854,"mmwave,imu,uwb",30,9.93674269599733,302,151,151,0,/Users/tylerchen/Cosmos-Gesture-Recognition-/processed/session_brandon_discrete/sessions/brandon_raise_arms_004/trial_data.npz,/Users/tylerchen/Cosmos-Gesture-Recognition-/processed/session_brandon_discrete/sessions/brandon_raise_arms_004,,
combined_all,brandon,raise_arms,discrete,cosmos_multi_sensor_gesture,5,1,0,3.0,3.003501999999912,"mmwave,imu,uwb",30,9.98834027744975,301,150,150,0,/Users/tylerchen/Cosmos-Gesture-Recognition-/processed/session_brandon_discrete/sessions/brandon_raise_arms_005/trial_data.npz,/Users/tylerchen/Cosmos-Gesture-Recognition-/processed/session_brandon_discrete/sessions/brandon_raise_arms_005,,
combined_all,brandon,raise_arms,discrete,cosmos_multi_sensor_gesture,6,1,0,3.0,3.0246139999999286,"mmwave,imu,uwb",31,10.249241721423207,302,151,151,0,/Users/tylerchen/Cosmos-Gesture-Recognition-/processed/session_brandon_discrete/sessions/brandon_raise_arms_006/trial_data.npz,/Users/tylerchen/Cosmos-Gesture-Recognition-/processed/session_brandon_discrete/sessions/brandon_raise_arms_006,,
combined_all,brandon,raise_arms,discrete,cosmos_multi_sensor_gesture,7,1,0,3.0,3.0153950000000123,"mmwave,imu,uwb",30,9.94894532888722,302,151,150,0,/Users/tylerchen/Cosmos-Gesture-Recognition-/processed/session_brandon_discrete/sessions/brandon_raise_arms_007/trial_data.npz,/Users/tylerchen/Cosmos-Gesture-Recognition-/processed/session_brandon_discrete/sessions/brandon_raise_arms_007,,
combined_all,brandon,raise_arms,discrete,cosmos_multi_sensor_gesture,8,1,0,3.0,3.0035140000001093,"mmwave,imu,uwb",30,9.988300370831935,300,150,150,0,/Users/tylerchen/Cosmos-Gesture-Recognition-/processed/session_brandon_discrete/sessions/brandon_raise_arms_008/trial_data.npz,/Users/tylerchen/Cosmos-Gesture-Recognition-/processed/session_brandon_discrete/sessions/brandon_raise_arms_008,,
combined_all,brandon,fist_open,discrete,cosmos_multi_sensor_gesture,1,1,0,3.0,3.0112950000000183,"mmwave,imu,uwb",30,9.96249122055455,301,151,151,0,/Users/tylerchen/Cosmos-Gesture-Recognition-/processed/session_brandon_discrete/sessions/brandon_fist_open_001/trial_data.npz,/Users/tylerchen/Cosmos-Gesture-Recognition-/processed/session_brandon_discrete/sessions/brandon_fist_open_001,,
combined_all,brandon,fist_open,discrete,cosmos_multi_sensor_gesture,2,1,0,3.0,3.007620000000088,"mmwave,imu,uwb",30,9.974664352544245,301,151,151,0,/Users/tylerchen/Cosmos-Gesture-Recognition-/processed/session_brandon_discrete/sessions/brandon_fist_open_002/trial_data.npz,/Users/tylerchen/Cosmos-Gesture-Recognition-/processed/session_brandon_discrete/sessions/brandon_fist_open_002,,
combined_all,brandon,fist_open,discrete,cosmos_multi_sensor_gesture,3,1,0,3.0,3.020216000000005,"mmwave,imu,uwb",31,10.26416653643314,302,151,151,0,/Users/tylerchen/Cosmos-Gesture-Recognition-/processed/session_brandon_discrete/sessions/brandon_fist_open_003/trial_data.npz,/Users/tylerchen/Cosmos-Gesture-Recognition-/processed/session_brandon_discrete/sessions/brandon_fist_open_003,,
combined_all,brandon,fist_open,discrete,cosmos_multi_sensor_gesture,4,1,0,3.0,3.0225320000000693,"mmwave,imu,uwb",30,9.925453229279066,302,151,151,0,/Users/tylerchen/Cosmos-Gesture-Recognition-/processed/session_brandon_discrete/sessions/brandon_fist_open_004/trial_data.npz,/Users/tylerchen/Cosmos-Gesture-Recognition-/processed/session_brandon_discrete/sessions/brandon_fist_open_004,,
combined_all,brandon,fist_open,discrete,cosmos_multi_sensor_gesture,5,1,0,3.0,3.0105839999999944,"mmwave,imu,uwb",30,9.964844030261258,301,151,151,0,/Users/tylerchen/Cosmos-Gesture-Recognition-/processed/session_brandon_discrete/sessions/brandon_fist_open_005/trial_data.npz,/Users/tylerchen/Cosmos-Gesture-Recognition-/processed/session_brandon_discrete/sessions/brandon_fist_open_005,,
combined_all,brandon,fist_open,discrete,cosmos_multi_sensor_gesture,6,1,0,3.0,3.0166399999999385,"mmwave,imu,uwb",30,9.944839291397253,302,151,151,0,/Users/tylerchen/Cosmos-Gesture-Recognition-/processed/session_brandon_discrete/sessions/brandon_fist_open_006/trial_data.npz,/Users/tylerchen/Cosmos-Gesture-Recognition-/processed/session_brandon_discrete/sessions/brandon_fist_open_006,,
combined_all,brandon,fist_open,discrete,cosmos_multi_sensor_gesture,7,1,0,3.0,3.017372000000023,"mmwave,imu,uwb",30,9.942426721000848,302,151,151,0,/Users/tylerchen/Cosmos-Gesture-Recognition-/processed/session_brandon_discrete/sessions/brandon_fist_open_007/trial_data.npz,/Users/tylerchen/Cosmos-Gesture-Recognition-/processed/session_brandon_discrete/sessions/brandon_fist_open_007,,
combined_all,brandon,fist_open,discrete,cosmos_multi_sensor_gesture,8,1,0,3.0,3.0033489999999574,"mmwave,imu,uwb",30,9.988849114771686,300,150,150,0,/Users/tylerchen/Cosmos-Gesture-Recognition-/processed/session_brandon_discrete/sessions/brandon_fist_open_008/trial_data.npz,/Users/tylerchen/Cosmos-Gesture-Recognition-/processed/session_brandon_discrete/sessions/brandon_fist_open_008,,
combined_all,brandon,one_arm_boxing,periodic,cosmos_multi_sensor_gesture,1,1,0,9.0,3.0,"mmwave,imu,uwb",30,10.0,300,151,151,0,/Users/tylerchen/Cosmos-Gesture-Recognition-/processed/session_brandon_periodic/sessions/brandon_one_arm_boxing_001_seg000/trial_data.npz,/Users/tylerchen/Cosmos-Gesture-Recognition-/processed/session_brandon_periodic/sessions/brandon_one_arm_boxing_001_seg000,,
combined_all,brandon,one_arm_boxing,periodic,cosmos_multi_sensor_gesture,1,1,1,9.0,3.0,"mmwave,imu,uwb",30,10.0,300,150,150,0,/Users/tylerchen/Cosmos-Gesture-Recognition-/processed/session_brandon_periodic/sessions/brandon_one_arm_boxing_001_seg001/trial_data.npz,/Users/tylerchen/Cosmos-Gesture-Recognition-/processed/session_brandon_periodic/sessions/brandon_one_arm_boxing_001_seg001,,
combined_all,brandon,one_arm_boxing,periodic,cosmos_multi_sensor_gesture,1,1,2,9.0,3.000000000000001,"mmwave,imu,uwb",30,9.999999999999996,300,150,149,0,/Users/tylerchen/Cosmos-Gesture-Recognition-/processed/session_brandon_periodic/sessions/brandon_one_arm_boxing_001_seg002/trial_data.npz,/Users/tylerchen/Cosmos-Gesture-Recognition-/processed/session_brandon_periodic/sessions/brandon_one_arm_boxing_001_seg002,,
combined_all,brandon,one_arm_boxing,periodic,cosmos_multi_sensor_gesture,2,1,0,9.0,3.0,"mmwave,imu,uwb",30,10.0,300,150,150,0,/Users/tylerchen/Cosmos-Gesture-Recognition-/processed/session_brandon_periodic/sessions/brandon_one_arm_boxing_002_seg000/trial_data.npz,/Users/tylerchen/Cosmos-Gesture-Recognition-/processed/session_brandon_periodic/sessions/brandon_one_arm_boxing_002_seg000,,
combined_all,brandon,one_arm_boxing,periodic,cosmos_multi_sensor_gesture,2,1,1,9.0,3.0000000000000018,"mmwave,imu,uwb",30,9.999999999999995,300,150,150,0,/Users/tylerchen/Cosmos-Gesture-Recognition-/processed/session_brandon_periodic/sessions/brandon_one_arm_boxing_002_seg001/trial_data.npz,/Users/tylerchen/Cosmos-Gesture-Recognition-/processed/session_brandon_periodic/sessions/brandon_one_arm_boxing_002_seg001,,
combined_all,brandon,one_arm_boxing,periodic,cosmos_multi_sensor_gesture,2,1,2,9.0,3.0,"mmwave,imu,uwb",30,10.0,299,150,150,0,/Users/tylerchen/Cosmos-Gesture-Recognition-/processed/session_brandon_periodic/sessions/brandon_one_arm_boxing_002_seg002/trial_data.npz,/Users/tylerchen/Cosmos-Gesture-Recognition-/processed/session_brandon_periodic/sessions/brandon_one_arm_boxing_002_seg002,,
combined_all,brandon,one_arm_boxing,periodic,cosmos_multi_sensor_gesture,3,1,0,9.0,3.0,"mmwave,imu,uwb",30,10.0,300,150,150,0,/Users/tylerchen/Cosmos-Gesture-Recognition-/processed/session_brandon_periodic/sessions/brandon_one_arm_boxing_003_seg000/trial_data.npz,/Users/tylerchen/Cosmos-Gesture-Recognition-/processed/session_brandon_periodic/sessions/brandon_one_arm_boxing_003_seg000,,
combined_all,brandon,one_arm_boxing,periodic,cosmos_multi_sensor_gesture,3,1,1,9.0,3.0,"mmwave,imu,uwb",30,10.0,300,150,150,0,/Users/tylerchen/Cosmos-Gesture-Recognition-/processed/session_brandon_periodic/sessions/brandon_one_arm_boxing_003_seg001/trial_data.npz,/Users/tylerchen/Cosmos-Gesture-Recognition-/processed/session_brandon_periodic/sessions/brandon_one_arm_boxing_003_seg001,,
combined_all,brandon,one_arm_boxing,periodic,cosmos_multi_sensor_gesture,3,1,2,9.0,3.0,"mmwave,imu,uwb",30,10.0,300,150,150,0,/Users/tylerchen/Cosmos-Gesture-Recognition-/processed/session_brandon_periodic/sessions/brandon_one_arm_boxing_003_seg002/trial_data.npz,/Users/tylerchen/Cosmos-Gesture-Recognition-/processed/session_brandon_periodic/sessions/brandon_one_arm_boxing_003_seg002,,
combined_all,brandon,clapping,periodic,cosmos_multi_sensor_gesture,1,1,0,9.0,3.0,"mmwave,imu,uwb",30,10.0,300,150,141,0,/Users/tylerchen/Cosmos-Gesture-Recognition-/processed/session_brandon_periodic/sessions/brandon_clapping_001_seg000/trial_data.npz,/Users/tylerchen/Cosmos-Gesture-Recognition-/processed/session_brandon_periodic/sessions/brandon_clapping_001_seg000,,
combined_all,brandon,clapping,periodic,cosmos_multi_sensor_gesture,1,1,1,9.0,3.0,"mmwave,imu,uwb",30,10.0,300,150,142,0,/Users/tylerchen/Cosmos-Gesture-Recognition-/processed/session_brandon_periodic/sessions/brandon_clapping_001_seg001/trial_data.npz,/Users/tylerchen/Cosmos-Gesture-Recognition-/processed/session_brandon_periodic/sessions/brandon_clapping_001_seg001,,
combined_all,brandon,clapping,periodic,cosmos_multi_sensor_gesture,1,1,2,9.0,3.0,"mmwave,imu,uwb",30,10.0,300,150,148,0,/Users/tylerchen/Cosmos-Gesture-Recognition-/processed/session_brandon_periodic/sessions/brandon_clapping_001_seg002/trial_data.npz,/Users/tylerchen/Cosmos-Gesture-Recognition-/processed/session_brandon_periodic/sessions/brandon_clapping_001_seg002,,
combined_all,brandon,clapping,periodic,cosmos_multi_sensor_gesture,2,1,0,9.0,3.0,"mmwave,imu,uwb",30,10.0,300,150,150,0,/Users/tylerchen/Cosmos-Gesture-Recognition-/processed/session_brandon_periodic/sessions/brandon_clapping_002_seg000/trial_data.npz,/Users/tylerchen/Cosmos-Gesture-Recognition-/processed/session_brandon_periodic/sessions/brandon_clapping_002_seg000,,
combined_all,brandon,clapping,periodic,cosmos_multi_sensor_gesture,2,1,1,9.0,3.0,"mmwave,imu,uwb",30,10.0,300,150,143,0,/Users/tylerchen/Cosmos-Gesture-Recognition-/processed/session_brandon_periodic/sessions/brandon_clapping_002_seg001/trial_data.npz,/Users/tylerchen/Cosmos-Gesture-Recognition-/processed/session_brandon_periodic/sessions/brandon_clapping_002_seg001,,
combined_all,brandon,clapping,periodic,cosmos_multi_sensor_gesture,2,1,2,9.0,3.0,"mmwave,imu,uwb",30,10.0,301,150,147,0,/Users/tylerchen/Cosmos-Gesture-Recognition-/processed/session_brandon_periodic/sessions/brandon_clapping_002_seg002/trial_data.npz,/Users/tylerchen/Cosmos-Gesture-Recognition-/processed/session_brandon_periodic/sessions/brandon_clapping_002_seg002,,
combined_all,brandon,clapping,periodic,cosmos_multi_sensor_gesture,3,1,0,9.0,3.0,"mmwave,imu,uwb",30,10.0,301,150,143,0,/Users/tylerchen/Cosmos-Gesture-Recognition-/processed/session_brandon_periodic/sessions/brandon_clapping_003_seg000/trial_data.npz,/Users/tylerchen/Cosmos-Gesture-Recognition-/processed/session_brandon_periodic/sessions/brandon_clapping_003_seg000,,
combined_all,brandon,clapping,periodic,cosmos_multi_sensor_gesture,3,1,1,9.0,3.0,"mmwave,imu,uwb",30,10.0,300,150,145,0,/Users/tylerchen/Cosmos-Gesture-Recognition-/processed/session_brandon_periodic/sessions/brandon_clapping_003_seg001/trial_data.npz,/Users/tylerchen/Cosmos-Gesture-Recognition-/processed/session_brandon_periodic/sessions/brandon_clapping_003_seg001,,
combined_all,brandon,clapping,periodic,cosmos_multi_sensor_gesture,3,1,2,9.0,3.0,"mmwave,imu,uwb",30,10.0,299,150,139,0,/Users/tylerchen/Cosmos-Gesture-Recognition-/processed/session_brandon_periodic/sessions/brandon_clapping_003_seg002/trial_data.npz,/Users/tylerchen/Cosmos-Gesture-Recognition-/processed/session_brandon_periodic/sessions/brandon_clapping_003_seg002,,
combined_all,brandon,two_arm_boxing,periodic,cosmos_multi_sensor_gesture,1,2,0,9.0,3.0,"mmwave,imu,uwb",30,10.0,300,150,149,0,/Users/tylerchen/Cosmos-Gesture-Recognition-/processed/session_brandon_periodic/sessions/brandon_two_arm_boxing_001_seg000/trial_data.npz,/Users/tylerchen/Cosmos-Gesture-Recognition-/processed/session_brandon_periodic/sessions/brandon_two_arm_boxing_001_seg000,,
combined_all,brandon,two_arm_boxing,periodic,cosmos_multi_sensor_gesture,1,2,1,9.0,3.0,"mmwave,imu,uwb",31,10.333333333333334,300,150,150,0,/Users/tylerchen/Cosmos-Gesture-Recognition-/processed/session_brandon_periodic/sessions/brandon_two_arm_boxing_001_seg001/trial_data.npz,/Users/tylerchen/Cosmos-Gesture-Recognition-/processed/session_brandon_periodic/sessions/brandon_two_arm_boxing_001_seg001,,
combined_all,brandon,two_arm_boxing,periodic,cosmos_multi_sensor_gesture,1,2,2,9.0,3.0,"mmwave,imu,uwb",30,10.0,300,150,150,0,/Users/tylerchen/Cosmos-Gesture-Recognition-/processed/session_brandon_periodic/sessions/brandon_two_arm_boxing_001_seg002/trial_data.npz,/Users/tylerchen/Cosmos-Gesture-Recognition-/processed/session_brandon_periodic/sessions/brandon_two_arm_boxing_001_seg002,,
combined_all,brandon,two_arm_boxing,periodic,cosmos_multi_sensor_gesture,2,1,0,9.0,3.0,"mmwave,imu,uwb",30,10.0,300,150,149,0,/Users/tylerchen/Cosmos-Gesture-Recognition-/processed/session_brandon_periodic/sessions/brandon_two_arm_boxing_002_seg000/trial_data.npz,/Users/tylerchen/Cosmos-Gesture-Recognition-/processed/session_brandon_periodic/sessions/brandon_two_arm_boxing_002_seg000,,
combined_all,brandon,two_arm_boxing,periodic,cosmos_multi_sensor_gesture,2,1,1,9.0,3.0,"mmwave,imu,uwb",30,10.0,300,150,148,0,/Users/tylerchen/Cosmos-Gesture-Recognition-/processed/session_brandon_periodic/sessions/brandon_two_arm_boxing_002_seg001/trial_data.npz,/Users/tylerchen/Cosmos-Gesture-Recognition-/processed/session_brandon_periodic/sessions/brandon_two_arm_boxing_002_seg001,,
combined_all,brandon,two_arm_boxing,periodic,cosmos_multi_sensor_gesture,2,1,2,9.0,3.0,"mmwave,imu,uwb",30,10.0,300,150,149,0,/Users/tylerchen/Cosmos-Gesture-Recognition-/processed/session_brandon_periodic/sessions/brandon_two_arm_boxing_002_seg002/trial_data.npz,/Users/tylerchen/Cosmos-Gesture-Recognition-/processed/session_brandon_periodic/sessions/brandon_two_arm_boxing_002_seg002,,
combined_all,brandon,two_arm_boxing,periodic,cosmos_multi_sensor_gesture,3,1,0,9.0,3.0,"mmwave,imu,uwb",30,10.0,300,150,149,0,/Users/tylerchen/Cosmos-Gesture-Recognition-/processed/session_brandon_periodic/sessions/brandon_two_arm_boxing_003_seg000/trial_data.npz,/Users/tylerchen/Cosmos-Gesture-Recognition-/processed/session_brandon_periodic/sessions/brandon_two_arm_boxing_003_seg000,,
combined_all,brandon,two_arm_boxing,periodic,cosmos_multi_sensor_gesture,3,1,1,9.0,3.0,"mmwave,imu,uwb",30,10.0,299,150,149,0,/Users/tylerchen/Cosmos-Gesture-Recognition-/processed/session_brandon_periodic/sessions/brandon_two_arm_boxing_003_seg001/trial_data.npz,/Users/tylerchen/Cosmos-Gesture-Recognition-/processed/session_brandon_periodic/sessions/brandon_two_arm_boxing_003_seg001,,
combined_all,brandon,two_arm_boxing,periodic,cosmos_multi_sensor_gesture,3,1,2,9.0,3.0,"mmwave,imu,uwb",30,10.0,301,150,150,0,/Users/tylerchen/Cosmos-Gesture-Recognition-/processed/session_brandon_periodic/sessions/brandon_two_arm_boxing_003_seg002/trial_data.npz,/Users/tylerchen/Cosmos-Gesture-Recognition-/processed/session_brandon_periodic/sessions/brandon_two_arm_boxing_003_seg002,,
combined_all,brandon,soli,periodic,cosmos_multi_sensor_gesture,1,1,0,9.0,3.000000000000014,"mmwave,imu,uwb",30,9.999999999999952,300,150,149,0,/Users/tylerchen/Cosmos-Gesture-Recognition-/processed/session_brandon_periodic/sessions/brandon_soli_001_seg000/trial_data.npz,/Users/tylerchen/Cosmos-Gesture-Recognition-/processed/session_brandon_periodic/sessions/brandon_soli_001_seg000,,
combined_all,brandon,soli,periodic,cosmos_multi_sensor_gesture,1,1,1,9.0,3.0,"mmwave,imu,uwb",30,10.0,300,150,148,0,/Users/tylerchen/Cosmos-Gesture-Recognition-/processed/session_brandon_periodic/sessions/brandon_soli_001_seg001/trial_data.npz,/Users/tylerchen/Cosmos-Gesture-Recognition-/processed/session_brandon_periodic/sessions/brandon_soli_001_seg001,,
combined_all,brandon,soli,periodic,cosmos_multi_sensor_gesture,1,1,2,9.0,3.0,"mmwave,imu,uwb",30,10.0,299,150,148,0,/Users/tylerchen/Cosmos-Gesture-Recognition-/processed/session_brandon_periodic/sessions/brandon_soli_001_seg002/trial_data.npz,/Users/tylerchen/Cosmos-Gesture-Recognition-/processed/session_brandon_periodic/sessions/brandon_soli_001_seg002,,
combined_all,brandon,soli,periodic,cosmos_multi_sensor_gesture,2,1,0,9.0,3.0,"mmwave,imu,uwb",30,10.0,300,150,150,0,/Users/tylerchen/Cosmos-Gesture-Recognition-/processed/session_brandon_periodic/sessions/brandon_soli_002_seg000/trial_data.npz,/Users/tylerchen/Cosmos-Gesture-Recognition-/processed/session_brandon_periodic/sessions/brandon_soli_002_seg000,,
combined_all,brandon,soli,periodic,cosmos_multi_sensor_gesture,2,1,1,9.0,3.0,"mmwave,imu,uwb",30,10.0,300,150,150,0,/Users/tylerchen/Cosmos-Gesture-Recognition-/processed/session_brandon_periodic/sessions/brandon_soli_002_seg001/trial_data.npz,/Users/tylerchen/Cosmos-Gesture-Recognition-/processed/session_brandon_periodic/sessions/brandon_soli_002_seg001,,
combined_all,brandon,soli,periodic,cosmos_multi_sensor_gesture,2,1,2,9.0,3.0,"mmwave,imu,uwb",30,10.0,300,150,150,0,/Users/tylerchen/Cosmos-Gesture-Recognition-/processed/session_brandon_periodic/sessions/brandon_soli_002_seg002/trial_data.npz,/Users/tylerchen/Cosmos-Gesture-Recognition-/processed/session_brandon_periodic/sessions/brandon_soli_002_seg002,,
combined_all,brandon,soli,periodic,cosmos_multi_sensor_gesture,3,2,0,9.0,3.0,"mmwave,imu,uwb",30,10.0,300,150,150,0,/Users/tylerchen/Cosmos-Gesture-Recognition-/processed/session_brandon_periodic/sessions/brandon_soli_003_seg000/trial_data.npz,/Users/tylerchen/Cosmos-Gesture-Recognition-/processed/session_brandon_periodic/sessions/brandon_soli_003_seg000,,
combined_all,brandon,soli,periodic,cosmos_multi_sensor_gesture,3,2,1,9.0,3.0,"mmwave,imu,uwb",30,10.0,300,150,150,0,/Users/tylerchen/Cosmos-Gesture-Recognition-/processed/session_brandon_periodic/sessions/brandon_soli_003_seg001/trial_data.npz,/Users/tylerchen/Cosmos-Gesture-Recognition-/processed/session_brandon_periodic/sessions/brandon_soli_003_seg001,,
combined_all,brandon,soli,periodic,cosmos_multi_sensor_gesture,3,2,2,9.0,3.0,"mmwave,imu,uwb",30,10.0,300,150,150,0,/Users/tylerchen/Cosmos-Gesture-Recognition-/processed/session_brandon_periodic/sessions/brandon_soli_003_seg002/trial_data.npz,/Users/tylerchen/Cosmos-Gesture-Recognition-/processed/session_brandon_periodic/sessions/brandon_soli_003_seg002,,
combined_all,brandon,palm_up_down,periodic,cosmos_multi_sensor_gesture,1,1,0,9.0,3.0,"mmwave,imu,uwb",30,10.0,300,150,150,0,/Users/tylerchen/Cosmos-Gesture-Recognition-/processed/session_brandon_periodic/sessions/brandon_palm_up_down_001_seg000/trial_data.npz,/Users/tylerchen/Cosmos-Gesture-Recognition-/processed/session_brandon_periodic/sessions/brandon_palm_up_down_001_seg000,,
combined_all,brandon,palm_up_down,periodic,cosmos_multi_sensor_gesture,1,1,1,9.0,3.0,"mmwave,imu,uwb",30,10.0,300,150,150,0,/Users/tylerchen/Cosmos-Gesture-Recognition-/processed/session_brandon_periodic/sessions/brandon_palm_up_down_001_seg001/trial_data.npz,/Users/tylerchen/Cosmos-Gesture-Recognition-/processed/session_brandon_periodic/sessions/brandon_palm_up_down_001_seg001,,
combined_all,brandon,palm_up_down,periodic,cosmos_multi_sensor_gesture,1,1,2,9.0,3.0,"mmwave,imu,uwb",30,10.0,300,150,149,0,/Users/tylerchen/Cosmos-Gesture-Recognition-/processed/session_brandon_periodic/sessions/brandon_palm_up_down_001_seg002/trial_data.npz,/Users/tylerchen/Cosmos-Gesture-Recognition-/processed/session_brandon_periodic/sessions/brandon_palm_up_down_001_seg002,,
combined_all,brandon,palm_up_down,periodic,cosmos_multi_sensor_gesture,2,1,0,9.0,3.0,"mmwave,imu,uwb",30,10.0,300,150,150,0,/Users/tylerchen/Cosmos-Gesture-Recognition-/processed/session_brandon_periodic/sessions/brandon_palm_up_down_002_seg000/trial_data.npz,/Users/tylerchen/Cosmos-Gesture-Recognition-/processed/session_brandon_periodic/sessions/brandon_palm_up_down_002_seg000,,
combined_all,brandon,palm_up_down,periodic,cosmos_multi_sensor_gesture,2,1,1,9.0,3.0,"mmwave,imu,uwb",30,10.0,300,150,150,0,/Users/tylerchen/Cosmos-Gesture-Recognition-/processed/session_brandon_periodic/sessions/brandon_palm_up_down_002_seg001/trial_data.npz,/Users/tylerchen/Cosmos-Gesture-Recognition-/processed/session_brandon_periodic/sessions/brandon_palm_up_down_002_seg001,,
combined_all,brandon,palm_up_down,periodic,cosmos_multi_sensor_gesture,2,1,2,9.0,3.0,"mmwave,imu,uwb",30,10.0,300,150,150,0,/Users/tylerchen/Cosmos-Gesture-Recognition-/processed/session_brandon_periodic/sessions/brandon_palm_up_down_002_seg002/trial_data.npz,/Users/tylerchen/Cosmos-Gesture-Recognition-/processed/session_brandon_periodic/sessions/brandon_palm_up_down_002_seg002,,
combined_all,brandon,palm_up_down,periodic,cosmos_multi_sensor_gesture,3,1,0,9.0,3.0,"mmwave,imu,uwb",30,10.0,299,150,150,0,/Users/tylerchen/Cosmos-Gesture-Recognition-/processed/session_brandon_periodic/sessions/brandon_palm_up_down_003_seg000/trial_data.npz,/Users/tylerchen/Cosmos-Gesture-Recognition-/processed/session_brandon_periodic/sessions/brandon_palm_up_down_003_seg000,,
combined_all,brandon,palm_up_down,periodic,cosmos_multi_sensor_gesture,3,1,1,9.0,3.0,"mmwave,imu,uwb",30,10.0,301,150,150,0,/Users/tylerchen/Cosmos-Gesture-Recognition-/processed/session_brandon_periodic/sessions/brandon_palm_up_down_003_seg001/trial_data.npz,/Users/tylerchen/Cosmos-Gesture-Recognition-/processed/session_brandon_periodic/sessions/brandon_palm_up_down_003_seg001,,
combined_all,brandon,palm_up_down,periodic,cosmos_multi_sensor_gesture,3,1,2,9.0,3.0,"mmwave,imu,uwb",30,10.0,299,150,150,0,/Users/tylerchen/Cosmos-Gesture-Recognition-/processed/session_brandon_periodic/sessions/brandon_palm_up_down_003_seg002/trial_data.npz,/Users/tylerchen/Cosmos-Gesture-Recognition-/processed/session_brandon_periodic/sessions/brandon_palm_up_down_003_seg002,,
combined_all,student1,pull,discrete,cosmos_multi_sensor_gesture,1,2,0,3.0,3.0037260000000003,"mmwave,imu,uwb,rfid",30,9.98759540650512,300,150,149,0,/Users/tylerchen/Cosmos-Gesture-Recognition-/processed/session_ian_discrete/sessions/student1_pull_001/trial_data.npz,/Users/tylerchen/Cosmos-Gesture-Recognition-/processed/session_ian_discrete/sessions/student1_pull_001,,
combined_all,student1,pull,discrete,cosmos_multi_sensor_gesture,2,1,0,3.0,3.004434,"mmwave,imu,uwb,rfid",30,9.985241812600977,300,150,150,0,/Users/tylerchen/Cosmos-Gesture-Recognition-/processed/session_ian_discrete/sessions/student1_pull_002/trial_data.npz,/Users/tylerchen/Cosmos-Gesture-Recognition-/processed/session_ian_discrete/sessions/student1_pull_002,,
combined_all,student1,pull,discrete,cosmos_multi_sensor_gesture,3,1,0,3.0,3.009532,"mmwave,imu,uwb,rfid",30,9.968327301387724,301,150,150,0,/Users/tylerchen/Cosmos-Gesture-Recognition-/processed/session_ian_discrete/sessions/student1_pull_003/trial_data.npz,/Users/tylerchen/Cosmos-Gesture-Recognition-/processed/session_ian_discrete/sessions/student1_pull_003,,
combined_all,student1,pull,discrete,cosmos_multi_sensor_gesture,4,1,0,3.0,3.0176770000000026,"mmwave,imu,uwb,rfid",31,10.272802556403477,302,151,151,0,/Users/tylerchen/Cosmos-Gesture-Recognition-/processed/session_ian_discrete/sessions/student1_pull_004/trial_data.npz,/Users/tylerchen/Cosmos-Gesture-Recognition-/processed/session_ian_discrete/sessions/student1_pull_004,,
combined_all,student1,pull,discrete,cosmos_multi_sensor_gesture,5,1,0,3.0,3.021388999999999,"mmwave,imu,uwb,rfid",31,10.26018165817113,302,151,151,0,/Users/tylerchen/Cosmos-Gesture-Recognition-/processed/session_ian_discrete/sessions/student1_pull_005/trial_data.npz,/Users/tylerchen/Cosmos-Gesture-Recognition-/processed/session_ian_discrete/sessions/student1_pull_005,,
combined_all,student1,pull,discrete,cosmos_multi_sensor_gesture,6,2,0,3.0,3.001526999999996,"mmwave,imu,uwb,rfid",30,9.994912589491962,300,150,150,0,/Users/tylerchen/Cosmos-Gesture-Recognition-/processed/session_ian_discrete/sessions/student1_pull_006/trial_data.npz,/Users/tylerchen/Cosmos-Gesture-Recognition-/processed/session_ian_discrete/sessions/student1_pull_006,,
combined_all,student1,pull,discrete,cosmos_multi_sensor_gesture,7,1,0,3.0,3.0065349999999995,"mmwave,imu,uwb,rfid",30,9.978264014887571,300,150,150,0,/Users/tylerchen/Cosmos-Gesture-Recognition-/processed/session_ian_discrete/sessions/student1_pull_007/trial_data.npz,/Users/tylerchen/Cosmos-Gesture-Recognition-/processed/session_ian_discrete/sessions/student1_pull_007,,
combined_all,student1,pull,discrete,cosmos_multi_sensor_gesture,8,1,0,3.0,3.0135819999999995,"mmwave,imu,uwb,rfid",30,9.954930710363946,301,150,150,0,/Users/tylerchen/Cosmos-Gesture-Recognition-/processed/session_ian_discrete/sessions/student1_pull_008/trial_data.npz,/Users/tylerchen/Cosmos-Gesture-Recognition-/processed/session_ian_discrete/sessions/student1_pull_008,,
combined_all,student1,push,discrete,cosmos_multi_sensor_gesture,1,1,0,3.0,3.0212100000000106,"mmwave,imu,uwb,rfid",31,10.260789551206269,302,151,151,0,/Users/tylerchen/Cosmos-Gesture-Recognition-/processed/session_ian_discrete/sessions/student1_push_001/trial_data.npz,/Users/tylerchen/Cosmos-Gesture-Recognition-/processed/session_ian_discrete/sessions/student1_push_001,,
combined_all,student1,push,discrete,cosmos_multi_sensor_gesture,2,1,0,3.0,3.020144000000002,"mmwave,imu,uwb,rfid",30,9.933301193585464,302,151,151,0,/Users/tylerchen/Cosmos-Gesture-Recognition-/processed/session_ian_discrete/sessions/student1_push_002/trial_data.npz,/Users/tylerchen/Cosmos-Gesture-Recognition-/processed/session_ian_discrete/sessions/student1_push_002,,
combined_all,student1,push,discrete,cosmos_multi_sensor_gesture,3,1,0,3.0,3.01039200000001,"mmwave,imu,uwb,rfid",31,10.297662231363853,301,151,151,0,/Users/tylerchen/Cosmos-Gesture-Recognition-/processed/session_ian_discrete/sessions/student1_push_003/trial_data.npz,/Users/tylerchen/Cosmos-Gesture-Recognition-/processed/session_ian_discrete/sessions/student1_push_003,,
combined_all,student1,push,discrete,cosmos_multi_sensor_gesture,4,1,0,3.0,3.002589999999998,"mmwave,imu,uwb,rfid",30,9.991374113681863,300,150,150,0,/Users/tylerchen/Cosmos-Gesture-Recognition-/processed/session_ian_discrete/sessions/student1_push_004/trial_data.npz,/Users/tylerchen/Cosmos-Gesture-Recognition-/processed/session_ian_discrete/sessions/student1_push_004,,
combined_all,student1,push,discrete,cosmos_multi_sensor_gesture,5,1,0,3.0,3.010426999999993,"mmwave,imu,uwb,rfid",31,10.297542508089409,301,151,151,0,/Users/tylerchen/Cosmos-Gesture-Recognition-/processed/session_ian_discrete/sessions/student1_push_005/trial_data.npz,/Users/tylerchen/Cosmos-Gesture-Recognition-/processed/session_ian_discrete/sessions/student1_push_005,,
combined_all,student1,push,discrete,cosmos_multi_sensor_gesture,6,1,0,3.0,3.0072580000000073,"mmwave,imu,uwb,rfid",30,9.975865057138405,301,150,150,0,/Users/tylerchen/Cosmos-Gesture-Recognition-/processed/session_ian_discrete/sessions/student1_push_006/trial_data.npz,/Users/tylerchen/Cosmos-Gesture-Recognition-/processed/session_ian_discrete/sessions/student1_push_006,,
combined_all,student1,push,discrete,cosmos_multi_sensor_gesture,7,1,0,3.0,3.010624000000007,"mmwave,imu,uwb,rfid",30,9.964711634531556,301,150,150,0,/Users/tylerchen/Cosmos-Gesture-Recognition-/processed/session_ian_discrete/sessions/student1_push_007/trial_data.npz,/Users/tylerchen/Cosmos-Gesture-Recognition-/processed/session_ian_discrete/sessions/student1_push_007,,
combined_all,student1,push,discrete,cosmos_multi_sensor_gesture,8,1,0,3.0,3.012743999999998,"mmwave,imu,uwb,rfid",30,9.957699691709625,301,150,150,0,/Users/tylerchen/Cosmos-Gesture-Recognition-/processed/session_ian_discrete/sessions/student1_push_008/trial_data.npz,/Users/tylerchen/Cosmos-Gesture-Recognition-/processed/session_ian_discrete/sessions/student1_push_008,,
combined_all,student1,clockwise,discrete,cosmos_multi_sensor_gesture,1,1,0,3.0,3.0016719999999992,"mmwave,imu,uwb,rfid",30,9.994429771140886,299,150,150,0,/Users/tylerchen/Cosmos-Gesture-Recognition-/processed/session_ian_discrete/sessions/student1_clockwise_001/trial_data.npz,/Users/tylerchen/Cosmos-Gesture-Recognition-/processed/session_ian_discrete/sessions/student1_clockwise_001,,
combined_all,student1,clockwise,discrete,cosmos_multi_sensor_gesture,2,1,0,3.0,3.023996000000011,"mmwave,imu,uwb,rfid",30,9.920648043185206,303,151,151,0,/Users/tylerchen/Cosmos-Gesture-Recognition-/processed/session_ian_discrete/sessions/student1_clockwise_002/trial_data.npz,/Users/tylerchen/Cosmos-Gesture-Recognition-/processed/session_ian_discrete/sessions/student1_clockwise_002,,
combined_all,student1,clockwise,discrete,cosmos_multi_sensor_gesture,3,1,0,3.0,3.018726999999984,"mmwave,imu,uwb,rfid",30,9.937963916578132,303,151,151,0,/Users/tylerchen/Cosmos-Gesture-Recognition-/processed/session_ian_discrete/sessions/student1_clockwise_003/trial_data.npz,/Users/tylerchen/Cosmos-Gesture-Recognition-/processed/session_ian_discrete/sessions/student1_clockwise_003,,
combined_all,student1,clockwise,discrete,cosmos_multi_sensor_gesture,4,1,0,3.0,3.0093960000000095,"mmwave,imu,uwb,rfid",30,9.968777787968053,300,150,150,0,/Users/tylerchen/Cosmos-Gesture-Recognition-/processed/session_ian_discrete/sessions/student1_clockwise_004/trial_data.npz,/Users/tylerchen/Cosmos-Gesture-Recognition-/processed/session_ian_discrete/sessions/student1_clockwise_004,,
combined_all,student1,clockwise,discrete,cosmos_multi_sensor_gesture,5,1,0,3.0,3.0070929999999407,"mmwave,imu,uwb,rfid",30,9.976412435531788,301,150,150,0,/Users/tylerchen/Cosmos-Gesture-Recognition-/processed/session_ian_discrete/sessions/student1_clockwise_005/trial_data.npz,/Users/tylerchen/Cosmos-Gesture-Recognition-/processed/session_ian_discrete/sessions/student1_clockwise_005,,
combined_all,student1,clockwise,discrete,cosmos_multi_sensor_gesture,6,1,0,3.0,3.005080000000021,"mmwave,imu,uwb,rfid",30,9.983095291972191,300,150,149,0,/Users/tylerchen/Cosmos-Gesture-Recognition-/processed/session_ian_discrete/sessions/student1_clockwise_006/trial_data.npz,/Users/tylerchen/Cosmos-Gesture-Recognition-/processed/session_ian_discrete/sessions/student1_clockwise_006,,
combined_all,student1,clockwise,discrete,cosmos_multi_sensor_gesture,7,1,0,3.0,3.019578000000024,"mmwave,imu,uwb,rfid",30,9.935163125443278,301,151,150,0,/Users/tylerchen/Cosmos-Gesture-Recognition-/processed/session_ian_discrete/sessions/student1_clockwise_007/trial_data.npz,/Users/tylerchen/Cosmos-Gesture-Recognition-/processed/session_ian_discrete/sessions/student1_clockwise_007,,
combined_all,student1,clockwise,discrete,cosmos_multi_sensor_gesture,8,1,0,3.0,3.0158310000000483,"mmwave,imu,uwb,rfid",31,10.279090572382705,302,151,147,0,/Users/tylerchen/Cosmos-Gesture-Recognition-/processed/session_ian_discrete/sessions/student1_clockwise_008/trial_data.npz,/Users/tylerchen/Cosmos-Gesture-Recognition-/processed/session_ian_discrete/sessions/student1_clockwise_008,,
combined_all,student1,anti_clockwise,discrete,cosmos_multi_sensor_gesture,1,2,0,3.0,3.005657000000042,"mmwave,imu,uwb,rfid",30,9.981178823797785,301,151,151,0,/Users/tylerchen/Cosmos-Gesture-Recognition-/processed/session_ian_discrete/sessions/student1_anti_clockwise_001/trial_data.npz,/Users/tylerchen/Cosmos-Gesture-Recognition-/processed/session_ian_discrete/sessions/student1_anti_clockwise_001,,
combined_all,student1,anti_clockwise,discrete,cosmos_multi_sensor_gesture,2,1,0,3.0,3.0238800000000765,"mmwave,imu,uwb,rfid",31,10.251729565987809,302,152,152,0,/Users/tylerchen/Cosmos-Gesture-Recognition-/processed/session_ian_discrete/sessions/student1_anti_clockwise_002/trial_data.npz,/Users/tylerchen/Cosmos-Gesture-Recognition-/processed/session_ian_discrete/sessions/student1_anti_clockwise_002,,
combined_all,student1,anti_clockwise,discrete,cosmos_multi_sensor_gesture,3,1,0,3.0,3.009108000000083,"mmwave,imu,uwb,rfid",30,9.969731893969632,301,150,149,0,/Users/tylerchen/Cosmos-Gesture-Recognition-/processed/session_ian_discrete/sessions/student1_anti_clockwise_003/trial_data.npz,/Users/tylerchen/Cosmos-Gesture-Recognition-/processed/session_ian_discrete/sessions/student1_anti_clockwise_003,,
combined_all,student1,anti_clockwise,discrete,cosmos_multi_sensor_gesture,4,1,0,3.0,3.014949999999999,"mmwave,imu,uwb,rfid",30,9.950413771372663,302,150,148,0,/Users/tylerchen/Cosmos-Gesture-Recognition-/processed/session_ian_discrete/sessions/student1_anti_clockwise_004/trial_data.npz,/Users/tylerchen/Cosmos-Gesture-Recognition-/processed/session_ian_discrete/sessions/student1_anti_clockwise_004,,
combined_all,student1,anti_clockwise,discrete,cosmos_multi_sensor_gesture,5,1,0,3.0,3.013781000000108,"mmwave,imu,uwb,rfid",30,9.954273386154775,301,151,150,0,/Users/tylerchen/Cosmos-Gesture-Recognition-/processed/session_ian_discrete/sessions/student1_anti_clockwise_005/trial_data.npz,/Users/tylerchen/Cosmos-Gesture-Recognition-/processed/session_ian_discrete/sessions/student1_anti_clockwise_005,,
combined_all,student1,anti_clockwise,discrete,cosmos_multi_sensor_gesture,6,1,0,3.0,3.0131380000000263,"mmwave,imu,uwb,rfid",30,9.956397616040068,301,151,151,0,/Users/tylerchen/Cosmos-Gesture-Recognition-/processed/session_ian_discrete/sessions/student1_anti_clockwise_006/trial_data.npz,/Users/tylerchen/Cosmos-Gesture-Recognition-/processed/session_ian_discrete/sessions/student1_anti_clockwise_006,,
combined_all,student1,anti_clockwise,discrete,cosmos_multi_sensor_gesture,7,1,0,3.0,3.0204720000000407,"mmwave,imu,uwb,rfid",30,9.932222513567282,302,151,151,0,/Users/tylerchen/Cosmos-Gesture-Recognition-/processed/session_ian_discrete/sessions/student1_anti_clockwise_007/trial_data.npz,/Users/tylerchen/Cosmos-Gesture-Recognition-/processed/session_ian_discrete/sessions/student1_anti_clockwise_007,,
combined_all,student1,anti_clockwise,discrete,cosmos_multi_sensor_gesture,8,1,0,3.0,3.018587000000025,"mmwave,imu,uwb,rfid",30,9.938424832545742,302,151,151,0,/Users/tylerchen/Cosmos-Gesture-Recognition-/processed/session_ian_discrete/sessions/student1_anti_clockwise_008/trial_data.npz,/Users/tylerchen/Cosmos-Gesture-Recognition-/processed/session_ian_discrete/sessions/student1_anti_clockwise_008,,
combined_all,student1,right,discrete,cosmos_multi_sensor_gesture,1,1,0,3.0,3.0057469999999284,"mmwave,imu,uwb,rfid",30,9.980879960955034,301,151,150,0,/Users/tylerchen/Cosmos-Gesture-Recognition-/processed/session_ian_discrete/sessions/student1_right_001/trial_data.npz,/Users/tylerchen/Cosmos-Gesture-Recognition-/processed/session_ian_discrete/sessions/student1_right_001,,
combined_all,student1,right,discrete,cosmos_multi_sensor_gesture,2,1,0,3.0,3.000595999999973,"mmwave,imu,uwb,rfid",30,9.998013727939473,300,150,150,0,/Users/tylerchen/Cosmos-Gesture-Recognition-/processed/session_ian_discrete/sessions/student1_right_002/trial_data.npz,/Users/tylerchen/Cosmos-Gesture-Recognition-/processed/session_ian_discrete/sessions/student1_right_002,,
combined_all,student1,right,discrete,cosmos_multi_sensor_gesture,3,1,0,3.0,3.0061699999999973,"mmwave,imu,uwb,rfid",30,9.979475545295186,301,151,151,0,/Users/tylerchen/Cosmos-Gesture-Recognition-/processed/session_ian_discrete/sessions/student1_right_003/trial_data.npz,/Users/tylerchen/Cosmos-Gesture-Recognition-/processed/session_ian_discrete/sessions/student1_right_003,,
combined_all,student1,right,discrete,cosmos_multi_sensor_gesture,4,1,0,3.0,3.0033560000000534,"mmwave,imu,uwb,rfid",30,9.988825833500746,300,150,150,0,/Users/tylerchen/Cosmos-Gesture-Recognition-/processed/session_ian_discrete/sessions/student1_right_004/trial_data.npz,/Users/tylerchen/Cosmos-Gesture-Recognition-/processed/session_ian_discrete/sessions/student1_right_004,,
combined_all,student1,right,discrete,cosmos_multi_sensor_gesture,5,2,0,3.0,3.017139000000043,"mmwave,imu,uwb,rfid",30,9.943194529651956,302,151,151,0,/Users/tylerchen/Cosmos-Gesture-Recognition-/processed/session_ian_discrete/sessions/student1_right_005/trial_data.npz,/Users/tylerchen/Cosmos-Gesture-Recognition-/processed/session_ian_discrete/sessions/student1_right_005,,
combined_all,student1,right,discrete,cosmos_multi_sensor_gesture,6,1,0,3.0,3.0229930000000422,"mmwave,imu,uwb,rfid",30,9.923939618781645,303,151,150,0,/Users/tylerchen/Cosmos-Gesture-Recognition-/processed/session_ian_discrete/sessions/student1_right_006/trial_data.npz,/Users/tylerchen/Cosmos-Gesture-Recognition-/processed/session_ian_discrete/sessions/student1_right_006,,
combined_all,student1,right,discrete,cosmos_multi_sensor_gesture,7,1,0,3.0,3.008623000000057,"mmwave,imu,uwb,rfid",30,9.97133904779676,301,150,150,0,/Users/tylerchen/Cosmos-Gesture-Recognition-/processed/session_ian_discrete/sessions/student1_right_007/trial_data.npz,/Users/tylerchen/Cosmos-Gesture-Recognition-/processed/session_ian_discrete/sessions/student1_right_007,,
combined_all,student1,right,discrete,cosmos_multi_sensor_gesture,8,1,0,3.0,3.015017000000057,"mmwave,imu,uwb,rfid",31,10.281865740723655,302,151,151,0,/Users/tylerchen/Cosmos-Gesture-Recognition-/processed/session_ian_discrete/sessions/student1_right_008/trial_data.npz,/Users/tylerchen/Cosmos-Gesture-Recognition-/processed/session_ian_discrete/sessions/student1_right_008,,
combined_all,student1,left,discrete,cosmos_multi_sensor_gesture,1,1,0,3.0,3.017091999999934,"mmwave,imu,uwb,rfid",30,9.943349423882552,302,151,151,0,/Users/tylerchen/Cosmos-Gesture-Recognition-/processed/session_ian_discrete/sessions/student1_left_001/trial_data.npz,/Users/tylerchen/Cosmos-Gesture-Recognition-/processed/session_ian_discrete/sessions/student1_left_001,,
combined_all,student1,left,discrete,cosmos_multi_sensor_gesture,2,1,0,3.0,3.02168800000004,"mmwave,imu,uwb,rfid",30,9.928225548104107,302,151,149,0,/Users/tylerchen/Cosmos-Gesture-Recognition-/processed/session_ian_discrete/sessions/student1_left_002/trial_data.npz,/Users/tylerchen/Cosmos-Gesture-Recognition-/processed/session_ian_discrete/sessions/student1_left_002,,
combined_all,student1,left,discrete,cosmos_multi_sensor_gesture,3,1,0,3.0,3.0064879999999903,"mmwave,imu,uwb,rfid",30,9.97842000367209,301,150,148,0,/Users/tylerchen/Cosmos-Gesture-Recognition-/processed/session_ian_discrete/sessions/student1_left_003/trial_data.npz,/Users/tylerchen/Cosmos-Gesture-Recognition-/processed/session_ian_discrete/sessions/student1_left_003,,
combined_all,student1,left,discrete,cosmos_multi_sensor_gesture,4,1,0,3.0,3.0040050000000065,"mmwave,imu,uwb,rfid",30,9.986667798488996,300,150,150,0,/Users/tylerchen/Cosmos-Gesture-Recognition-/processed/session_ian_discrete/sessions/student1_left_004/trial_data.npz,/Users/tylerchen/Cosmos-Gesture-Recognition-/processed/session_ian_discrete/sessions/student1_left_004,,
combined_all,student1,left,discrete,cosmos_multi_sensor_gesture,5,1,0,3.0,3.021457000000055,"mmwave,imu,uwb,rfid",30,9.928984592532496,302,151,151,0,/Users/tylerchen/Cosmos-Gesture-Recognition-/processed/session_ian_discrete/sessions/student1_left_005/trial_data.npz,/Users/tylerchen/Cosmos-Gesture-Recognition-/processed/session_ian_discrete/sessions/student1_left_005,,
combined_all,student1,left,discrete,cosmos_multi_sensor_gesture,6,1,0,3.0,3.001547999999957,"mmwave,imu,uwb,rfid",30,9.99484266118697,300,150,150,0,/Users/tylerchen/Cosmos-Gesture-Recognition-/processed/session_ian_discrete/sessions/student1_left_006/trial_data.npz,/Users/tylerchen/Cosmos-Gesture-Recognition-/processed/session_ian_discrete/sessions/student1_left_006,,
combined_all,student1,left,discrete,cosmos_multi_sensor_gesture,7,1,0,3.0,3.008436999999958,"mmwave,imu,uwb,rfid",30,9.97195553704479,301,151,150,0,/Users/tylerchen/Cosmos-Gesture-Recognition-/processed/session_ian_discrete/sessions/student1_left_007/trial_data.npz,/Users/tylerchen/Cosmos-Gesture-Recognition-/processed/session_ian_discrete/sessions/student1_left_007,,
combined_all,student1,left,discrete,cosmos_multi_sensor_gesture,8,1,0,3.0,3.0008909999999105,"mmwave,imu,uwb,rfid",30,9.997030881828396,300,150,150,0,/Users/tylerchen/Cosmos-Gesture-Recognition-/processed/session_ian_discrete/sessions/student1_left_008/trial_data.npz,/Users/tylerchen/Cosmos-Gesture-Recognition-/processed/session_ian_discrete/sessions/student1_left_008,,
combined_all,student1,bye_bye,discrete,cosmos_multi_sensor_gesture,1,1,0,3.0,3.018326000000002,"mmwave,imu,uwb,rfid",30,9.93928422575957,302,151,151,0,/Users/tylerchen/Cosmos-Gesture-Recognition-/processed/session_ian_discrete/sessions/student1_bye_bye_001/trial_data.npz,/Users/tylerchen/Cosmos-Gesture-Recognition-/processed/session_ian_discrete/sessions/student1_bye_bye_001,,
combined_all,student1,bye_bye,discrete,cosmos_multi_sensor_gesture,2,1,0,3.0,3.000227999999993,"mmwave,imu,uwb,rfid",30,9.999240057755635,300,150,150,0,/Users/tylerchen/Cosmos-Gesture-Recognition-/processed/session_ian_discrete/sessions/student1_bye_bye_002/trial_data.npz,/Users/tylerchen/Cosmos-Gesture-Recognition-/processed/session_ian_discrete/sessions/student1_bye_bye_002,,
combined_all,student1,bye_bye,discrete,cosmos_multi_sensor_gesture,3,1,0,3.0,3.0099630000000843,"mmwave,imu,uwb,rfid",30,9.96689992534764,302,150,150,0,/Users/tylerchen/Cosmos-Gesture-Recognition-/processed/session_ian_discrete/sessions/student1_bye_bye_003/trial_data.npz,/Users/tylerchen/Cosmos-Gesture-Recognition-/processed/session_ian_discrete/sessions/student1_bye_bye_003,,
combined_all,student1,bye_bye,discrete,cosmos_multi_sensor_gesture,4,1,0,3.0,3.0074600000000373,"mmwave,imu,uwb,rfid",30,9.97519501506242,301,150,150,0,/Users/tylerchen/Cosmos-Gesture-Recognition-/processed/session_ian_discrete/sessions/student1_bye_bye_004/trial_data.npz,/Users/tylerchen/Cosmos-Gesture-Recognition-/processed/session_ian_discrete/sessions/student1_bye_bye_004,,
combined_all,student1,bye_bye,discrete,cosmos_multi_sensor_gesture,5,1,0,3.0,3.023292000000083,"mmwave,imu,uwb,rfid",30,9.922958152900605,303,152,152,0,/Users/tylerchen/Cosmos-Gesture-Recognition-/processed/session_ian_discrete/sessions/student1_bye_bye_005/trial_data.npz,/Users/tylerchen/Cosmos-Gesture-Recognition-/processed/session_ian_discrete/sessions/student1_bye_bye_005,,
combined_all,student1,bye_bye,discrete,cosmos_multi_sensor_gesture,6,1,0,3.0,3.0136209999999437,"mmwave,imu,uwb,rfid",30,9.95480188119228,301,151,151,0,/Users/tylerchen/Cosmos-Gesture-Recognition-/processed/session_ian_discrete/sessions/student1_bye_bye_006/trial_data.npz,/Users/tylerchen/Cosmos-Gesture-Recognition-/processed/session_ian_discrete/sessions/student1_bye_bye_006,,
combined_all,student1,bye_bye,discrete,cosmos_multi_sensor_gesture,7,1,0,3.0,3.0039860000000544,"mmwave,imu,uwb,rfid",30,9.986730963459703,300,150,150,0,/Users/tylerchen/Cosmos-Gesture-Recognition-/processed/session_ian_discrete/sessions/student1_bye_bye_007/trial_data.npz,/Users/tylerchen/Cosmos-Gesture-Recognition-/processed/session_ian_discrete/sessions/student1_bye_bye_007,,
combined_all,student1,bye_bye,discrete,cosmos_multi_sensor_gesture,8,1,0,3.0,3.0102540000000317,"mmwave,imu,uwb,rfid",30,9.9659364292846,302,150,150,0,/Users/tylerchen/Cosmos-Gesture-Recognition-/processed/session_ian_discrete/sessions/student1_bye_bye_008/trial_data.npz,/Users/tylerchen/Cosmos-Gesture-Recognition-/processed/session_ian_discrete/sessions/student1_bye_bye_008,,
combined_all,student1,t_arm,discrete,cosmos_multi_sensor_gesture,1,1,0,3.0,3.017195000000015,"mmwave,imu,uwb,rfid",30,9.943009981124803,302,151,150,0,/Users/tylerchen/Cosmos-Gesture-Recognition-/processed/session_ian_discrete/sessions/student1_t_arm_001/trial_data.npz,/Users/tylerchen/Cosmos-Gesture-Recognition-/processed/session_ian_discrete/sessions/student1_t_arm_001,,
combined_all,student1,t_arm,discrete,cosmos_multi_sensor_gesture,2,1,0,3.0,3.0180649999999787,"mmwave,imu,uwb,rfid",31,10.271481893199855,301,151,151,0,/Users/tylerchen/Cosmos-Gesture-Recognition-/processed/session_ian_discrete/sessions/student1_t_arm_002/trial_data.npz,/Users/tylerchen/Cosmos-Gesture-Recognition-/processed/session_ian_discrete/sessions/student1_t_arm_002,,
combined_all,student1,t_arm,discrete,cosmos_multi_sensor_gesture,3,1,0,3.0,3.013456000000133,"mmwave,imu,uwb,rfid",30,9.955346950477683,301,151,151,0,/Users/tylerchen/Cosmos-Gesture-Recognition-/processed/session_ian_discrete/sessions/student1_t_arm_003/trial_data.npz,/Users/tylerchen/Cosmos-Gesture-Recognition-/processed/session_ian_discrete/sessions/student1_t_arm_003,,
combined_all,student1,t_arm,discrete,cosmos_multi_sensor_gesture,4,1,0,3.0,3.007088000000067,"mmwave,imu,uwb,rfid",31,10.308976657816237,301,150,150,0,/Users/tylerchen/Cosmos-Gesture-Recognition-/processed/session_ian_discrete/sessions/student1_t_arm_004/trial_data.npz,/Users/tylerchen/Cosmos-Gesture-Recognition-/processed/session_ian_discrete/sessions/student1_t_arm_004,,
combined_all,student1,t_arm,discrete,cosmos_multi_sensor_gesture,5,1,0,3.0,3.0189070000001266,"mmwave,imu,uwb,rfid",30,9.937371373148872,302,151,151,0,/Users/tylerchen/Cosmos-Gesture-Recognition-/processed/session_ian_discrete/sessions/student1_t_arm_005/trial_data.npz,/Users/tylerchen/Cosmos-Gesture-Recognition-/processed/session_ian_discrete/sessions/student1_t_arm_005,,
combined_all,student1,t_arm,discrete,cosmos_multi_sensor_gesture,6,1,0,3.0,3.023234000000002,"mmwave,imu,uwb,rfid",30,9.9231485224101,303,151,151,0,/Users/tylerchen/Cosmos-Gesture-Recognition-/processed/session_ian_discrete/sessions/student1_t_arm_006/trial_data.npz,/Users/tylerchen/Cosmos-Gesture-Recognition-/processed/session_ian_discrete/sessions/student1_t_arm_006,,
combined_all,student1,t_arm,discrete,cosmos_multi_sensor_gesture,7,1,0,3.0,3.002672999999959,"mmwave,imu,uwb,rfid",30,9.991097931742955,300,150,150,0,/Users/tylerchen/Cosmos-Gesture-Recognition-/processed/session_ian_discrete/sessions/student1_t_arm_007/trial_data.npz,/Users/tylerchen/Cosmos-Gesture-Recognition-/processed/session_ian_discrete/sessions/student1_t_arm_007,,
combined_all,student1,t_arm,discrete,cosmos_multi_sensor_gesture,8,1,0,3.0,3.021400999999969,"mmwave,imu,uwb,rfid",30,9.929168620782315,302,151,150,0,/Users/tylerchen/Cosmos-Gesture-Recognition-/processed/session_ian_discrete/sessions/student1_t_arm_008/trial_data.npz,/Users/tylerchen/Cosmos-Gesture-Recognition-/processed/session_ian_discrete/sessions/student1_t_arm_008,,
combined_all,student1,raise_arms,discrete,cosmos_multi_sensor_gesture,1,1,0,3.0,3.0046970000000783,"mmwave,imu,uwb,rfid",30,9.984367808134802,300,151,149,0,/Users/tylerchen/Cosmos-Gesture-Recognition-/processed/session_ian_discrete/sessions/student1_raise_arms_001/trial_data.npz,/Users/tylerchen/Cosmos-Gesture-Recognition-/processed/session_ian_discrete/sessions/student1_raise_arms_001,,
combined_all,student1,raise_arms,discrete,cosmos_multi_sensor_gesture,2,1,0,3.0,3.0079399999999623,"mmwave,imu,uwb,rfid",30,9.973603196872403,300,150,150,0,/Users/tylerchen/Cosmos-Gesture-Recognition-/processed/session_ian_discrete/sessions/student1_raise_arms_002/trial_data.npz,/Users/tylerchen/Cosmos-Gesture-Recognition-/processed/session_ian_discrete/sessions/student1_raise_arms_002,,
combined_all,student1,raise_arms,discrete,cosmos_multi_sensor_gesture,3,1,0,3.0,3.002899999999954,"mmwave,imu,uwb,rfid",31,10.32335409104548,300,150,150,0,/Users/tylerchen/Cosmos-Gesture-Recognition-/processed/session_ian_discrete/sessions/student1_raise_arms_003/trial_data.npz,/Users/tylerchen/Cosmos-Gesture-Recognition-/processed/session_ian_discrete/sessions/student1_raise_arms_003,,
combined_all,student1,raise_arms,discrete,cosmos_multi_sensor_gesture,4,1,0,3.0,3.0048269999999775,"mmwave,imu,uwb,rfid",30,9.983935847221895,300,151,150,0,/Users/tylerchen/Cosmos-Gesture-Recognition-/processed/session_ian_discrete/sessions/student1_raise_arms_004/trial_data.npz,/Users/tylerchen/Cosmos-Gesture-Recognition-/processed/session_ian_discrete/sessions/student1_raise_arms_004,,
combined_all,student1,raise_arms,discrete,cosmos_multi_sensor_gesture,5,1,0,3.0,3.0066130000000157,"mmwave,imu,uwb,rfid",30,9.978005150646206,301,151,151,0,/Users/tylerchen/Cosmos-Gesture-Recognition-/processed/session_ian_discrete/sessions/student1_raise_arms_005/trial_data.npz,/Users/tylerchen/Cosmos-Gesture-Recognition-/processed/session_ian_discrete/sessions/student1_raise_arms_005,,
combined_all,student1,raise_arms,discrete,cosmos_multi_sensor_gesture,6,1,0,3.0,3.007462999999916,"mmwave,imu,uwb,rfid",31,10.307691233441895,301,150,147,0,/Users/tylerchen/Cosmos-Gesture-Recognition-/processed/session_ian_discrete/sessions/student1_raise_arms_006/trial_data.npz,/Users/tylerchen/Cosmos-Gesture-Recognition-/processed/session_ian_discrete/sessions/student1_raise_arms_006,,
combined_all,student1,raise_arms,discrete,cosmos_multi_sensor_gesture,7,1,0,3.0,3.010633999999982,"mmwave,imu,uwb,rfid",30,9.964678536148924,301,150,150,0,/Users/tylerchen/Cosmos-Gesture-Recognition-/processed/session_ian_discrete/sessions/student1_raise_arms_007/trial_data.npz,/Users/tylerchen/Cosmos-Gesture-Recognition-/processed/session_ian_discrete/sessions/student1_raise_arms_007,,
combined_all,student1,raise_arms,discrete,cosmos_multi_sensor_gesture,8,1,0,3.0,3.0090499999998883,"mmwave,imu,uwb,rfid",30,9.969924062412094,301,150,149,0,/Users/tylerchen/Cosmos-Gesture-Recognition-/processed/session_ian_discrete/sessions/student1_raise_arms_008/trial_data.npz,/Users/tylerchen/Cosmos-Gesture-Recognition-/processed/session_ian_discrete/sessions/student1_raise_arms_008,,
combined_all,student1,fist_open,discrete,cosmos_multi_sensor_gesture,1,1,0,3.0,3.023981000000049,"mmwave,imu,uwb,rfid",30,9.920697253057977,303,151,151,0,/Users/tylerchen/Cosmos-Gesture-Recognition-/processed/session_ian_discrete/sessions/student1_fist_open_001/trial_data.npz,/Users/tylerchen/Cosmos-Gesture-Recognition-/processed/session_ian_discrete/sessions/student1_fist_open_001,,
combined_all,student1,fist_open,discrete,cosmos_multi_sensor_gesture,2,1,0,3.0,3.010519999999815,"mmwave,imu,uwb,rfid",30,9.965055870747195,301,151,151,0,/Users/tylerchen/Cosmos-Gesture-Recognition-/processed/session_ian_discrete/sessions/student1_fist_open_002/trial_data.npz,/Users/tylerchen/Cosmos-Gesture-Recognition-/processed/session_ian_discrete/sessions/student1_fist_open_002,,
combined_all,student1,fist_open,discrete,cosmos_multi_sensor_gesture,3,1,0,3.0,3.0135159999999814,"mmwave,imu,uwb,rfid",30,9.955148736558952,302,150,150,0,/Users/tylerchen/Cosmos-Gesture-Recognition-/processed/session_ian_discrete/sessions/student1_fist_open_003/trial_data.npz,/Users/tylerchen/Cosmos-Gesture-Recognition-/processed/session_ian_discrete/sessions/student1_fist_open_003,,
combined_all,student1,fist_open,discrete,cosmos_multi_sensor_gesture,4,1,0,3.0,3.0044339999999465,"mmwave,imu,uwb,rfid",30,9.985241812601153,300,150,150,0,/Users/tylerchen/Cosmos-Gesture-Recognition-/processed/session_ian_discrete/sessions/student1_fist_open_004/trial_data.npz,/Users/tylerchen/Cosmos-Gesture-Recognition-/processed/session_ian_discrete/sessions/student1_fist_open_004,,
combined_all,student1,fist_open,discrete,cosmos_multi_sensor_gesture,5,1,0,3.0,3.007377000000133,"mmwave,imu,uwb,rfid",30,9.9754703184864,301,150,150,0,/Users/tylerchen/Cosmos-Gesture-Recognition-/processed/session_ian_discrete/sessions/student1_fist_open_005/trial_data.npz,/Users/tylerchen/Cosmos-Gesture-Recognition-/processed/session_ian_discrete/sessions/student1_fist_open_005,,
combined_all,student1,fist_open,discrete,cosmos_multi_sensor_gesture,6,1,0,3.0,3.0117820000000393,"mmwave,imu,uwb,rfid",30,9.960880302757507,302,151,151,0,/Users/tylerchen/Cosmos-Gesture-Recognition-/processed/session_ian_discrete/sessions/student1_fist_open_006/trial_data.npz,/Users/tylerchen/Cosmos-Gesture-Recognition-/processed/session_ian_discrete/sessions/student1_fist_open_006,,
combined_all,student1,fist_open,discrete,cosmos_multi_sensor_gesture,7,1,0,3.0,3.012792999999874,"mmwave,imu,uwb,rfid",30,9.957537739898244,302,151,151,0,/Users/tylerchen/Cosmos-Gesture-Recognition-/processed/session_ian_discrete/sessions/student1_fist_open_007/trial_data.npz,/Users/tylerchen/Cosmos-Gesture-Recognition-/processed/session_ian_discrete/sessions/student1_fist_open_007,,
combined_all,student1,fist_open,discrete,cosmos_multi_sensor_gesture,8,1,0,3.0,3.0053029999999126,"mmwave,imu,uwb,rfid",30,9.982354524652214,301,150,150,0,/Users/tylerchen/Cosmos-Gesture-Recognition-/processed/session_ian_discrete/sessions/student1_fist_open_008/trial_data.npz,/Users/tylerchen/Cosmos-Gesture-Recognition-/processed/session_ian_discrete/sessions/student1_fist_open_008,,
combined_all,student1,one_arm_boxing,periodic,cosmos_multi_sensor_gesture,1,1,0,9.0,3.0,"mmwave,imu,uwb,rfid",30,10.0,300,150,150,0,/Users/tylerchen/Cosmos-Gesture-Recognition-/processed/session_ian_periodic/sessions/student1_one_arm_boxing_001_seg000/trial_data.npz,/Users/tylerchen/Cosmos-Gesture-Recognition-/processed/session_ian_periodic/sessions/student1_one_arm_boxing_001_seg000,,
combined_all,student1,one_arm_boxing,periodic,cosmos_multi_sensor_gesture,1,1,1,9.0,3.0,"mmwave,imu,uwb,rfid",30,10.0,299,150,150,0,/Users/tylerchen/Cosmos-Gesture-Recognition-/processed/session_ian_periodic/sessions/student1_one_arm_boxing_001_seg001/trial_data.npz,/Users/tylerchen/Cosmos-Gesture-Recognition-/processed/session_ian_periodic/sessions/student1_one_arm_boxing_001_seg001,,
combined_all,student1,one_arm_boxing,periodic,cosmos_multi_sensor_gesture,1,1,2,9.0,3.0,"mmwave,imu,uwb,rfid",30,10.0,300,150,150,0,/Users/tylerchen/Cosmos-Gesture-Recognition-/processed/session_ian_periodic/sessions/student1_one_arm_boxing_001_seg002/trial_data.npz,/Users/tylerchen/Cosmos-Gesture-Recognition-/processed/session_ian_periodic/sessions/student1_one_arm_boxing_001_seg002,,
combined_all,student1,one_arm_boxing,periodic,cosmos_multi_sensor_gesture,2,1,0,9.0,3.0,"mmwave,imu,uwb,rfid",30,10.0,300,150,150,0,/Users/tylerchen/Cosmos-Gesture-Recognition-/processed/session_ian_periodic/sessions/student1_one_arm_boxing_002_seg000/trial_data.npz,/Users/tylerchen/Cosmos-Gesture-Recognition-/processed/session_ian_periodic/sessions/student1_one_arm_boxing_002_seg000,,
combined_all,student1,one_arm_boxing,periodic,cosmos_multi_sensor_gesture,2,1,1,9.0,3.0,"mmwave,imu,uwb,rfid",30,10.0,300,150,150,0,/Users/tylerchen/Cosmos-Gesture-Recognition-/processed/session_ian_periodic/sessions/student1_one_arm_boxing_002_seg001/trial_data.npz,/Users/tylerchen/Cosmos-Gesture-Recognition-/processed/session_ian_periodic/sessions/student1_one_arm_boxing_002_seg001,,
combined_all,student1,one_arm_boxing,periodic,cosmos_multi_sensor_gesture,2,1,2,9.0,3.0,"mmwave,imu,uwb,rfid",30,10.0,300,150,150,0,/Users/tylerchen/Cosmos-Gesture-Recognition-/processed/session_ian_periodic/sessions/student1_one_arm_boxing_002_seg002/trial_data.npz,/Users/tylerchen/Cosmos-Gesture-Recognition-/processed/session_ian_periodic/sessions/student1_one_arm_boxing_002_seg002,,
combined_all,student1,one_arm_boxing,periodic,cosmos_multi_sensor_gesture,3,1,0,9.0,3.0,"mmwave,imu,uwb,rfid",30,10.0,300,150,150,0,/Users/tylerchen/Cosmos-Gesture-Recognition-/processed/session_ian_periodic/sessions/student1_one_arm_boxing_003_seg000/trial_data.npz,/Users/tylerchen/Cosmos-Gesture-Recognition-/processed/session_ian_periodic/sessions/student1_one_arm_boxing_003_seg000,,
combined_all,student1,one_arm_boxing,periodic,cosmos_multi_sensor_gesture,3,1,1,9.0,3.0,"mmwave,imu,uwb,rfid",30,10.0,300,150,150,0,/Users/tylerchen/Cosmos-Gesture-Recognition-/processed/session_ian_periodic/sessions/student1_one_arm_boxing_003_seg001/trial_data.npz,/Users/tylerchen/Cosmos-Gesture-Recognition-/processed/session_ian_periodic/sessions/student1_one_arm_boxing_003_seg001,,
combined_all,student1,one_arm_boxing,periodic,cosmos_multi_sensor_gesture,3,1,2,9.0,3.0,"mmwave,imu,uwb,rfid",30,10.0,300,150,150,0,/Users/tylerchen/Cosmos-Gesture-Recognition-/processed/session_ian_periodic/sessions/student1_one_arm_boxing_003_seg002/trial_data.npz,/Users/tylerchen/Cosmos-Gesture-Recognition-/processed/session_ian_periodic/sessions/student1_one_arm_boxing_003_seg002,,
combined_all,student1,clapping,periodic,cosmos_multi_sensor_gesture,1,1,0,9.0,3.0,"mmwave,imu,uwb,rfid",30,10.0,300,150,147,0,/Users/tylerchen/Cosmos-Gesture-Recognition-/processed/session_ian_periodic/sessions/student1_clapping_001_seg000/trial_data.npz,/Users/tylerchen/Cosmos-Gesture-Recognition-/processed/session_ian_periodic/sessions/student1_clapping_001_seg000,,
combined_all,student1,clapping,periodic,cosmos_multi_sensor_gesture,1,1,1,9.0,3.0,"mmwave,imu,uwb,rfid",30,10.0,300,150,143,0,/Users/tylerchen/Cosmos-Gesture-Recognition-/processed/session_ian_periodic/sessions/student1_clapping_001_seg001/trial_data.npz,/Users/tylerchen/Cosmos-Gesture-Recognition-/processed/session_ian_periodic/sessions/student1_clapping_001_seg001,,
combined_all,student1,clapping,periodic,cosmos_multi_sensor_gesture,1,1,2,9.0,3.0,"mmwave,imu,uwb,rfid",30,10.0,300,150,146,0,/Users/tylerchen/Cosmos-Gesture-Recognition-/processed/session_ian_periodic/sessions/student1_clapping_001_seg002/trial_data.npz,/Users/tylerchen/Cosmos-Gesture-Recognition-/processed/session_ian_periodic/sessions/student1_clapping_001_seg002,,
combined_all,student1,clapping,periodic,cosmos_multi_sensor_gesture,2,1,0,9.0,3.0,"mmwave,imu,uwb,rfid",30,10.0,300,150,140,0,/Users/tylerchen/Cosmos-Gesture-Recognition-/processed/session_ian_periodic/sessions/student1_clapping_002_seg000/trial_data.npz,/Users/tylerchen/Cosmos-Gesture-Recognition-/processed/session_ian_periodic/sessions/student1_clapping_002_seg000,,
combined_all,student1,clapping,periodic,cosmos_multi_sensor_gesture,2,1,1,9.0,3.0,"mmwave,imu,uwb,rfid",30,10.0,300,150,147,0,/Users/tylerchen/Cosmos-Gesture-Recognition-/processed/session_ian_periodic/sessions/student1_clapping_002_seg001/trial_data.npz,/Users/tylerchen/Cosmos-Gesture-Recognition-/processed/session_ian_periodic/sessions/student1_clapping_002_seg001,,
combined_all,student1,clapping,periodic,cosmos_multi_sensor_gesture,2,1,2,9.0,3.0,"mmwave,imu,uwb,rfid",30,10.0,300,150,147,0,/Users/tylerchen/Cosmos-Gesture-Recognition-/processed/session_ian_periodic/sessions/student1_clapping_002_seg002/trial_data.npz,/Users/tylerchen/Cosmos-Gesture-Recognition-/processed/session_ian_periodic/sessions/student1_clapping_002_seg002,,
combined_all,student1,clapping,periodic,cosmos_multi_sensor_gesture,3,1,0,9.0,3.0,"mmwave,imu,uwb,rfid",30,10.0,300,150,148,0,/Users/tylerchen/Cosmos-Gesture-Recognition-/processed/session_ian_periodic/sessions/student1_clapping_003_seg000/trial_data.npz,/Users/tylerchen/Cosmos-Gesture-Recognition-/processed/session_ian_periodic/sessions/student1_clapping_003_seg000,,
combined_all,student1,clapping,periodic,cosmos_multi_sensor_gesture,3,1,1,9.0,3.0,"mmwave,imu,uwb,rfid",30,10.0,300,150,148,0,/Users/tylerchen/Cosmos-Gesture-Recognition-/processed/session_ian_periodic/sessions/student1_clapping_003_seg001/trial_data.npz,/Users/tylerchen/Cosmos-Gesture-Recognition-/processed/session_ian_periodic/sessions/student1_clapping_003_seg001,,
combined_all,student1,clapping,periodic,cosmos_multi_sensor_gesture,3,1,2,9.0,3.0,"mmwave,imu,uwb,rfid",30,10.0,300,150,144,0,/Users/tylerchen/Cosmos-Gesture-Recognition-/processed/session_ian_periodic/sessions/student1_clapping_003_seg002/trial_data.npz,/Users/tylerchen/Cosmos-Gesture-Recognition-/processed/session_ian_periodic/sessions/student1_clapping_003_seg002,,
combined_all,student1,two_arm_boxing,periodic,cosmos_multi_sensor_gesture,1,2,0,9.0,3.0,"mmwave,imu,uwb,rfid",30,10.0,300,150,150,0,/Users/tylerchen/Cosmos-Gesture-Recognition-/processed/session_ian_periodic/sessions/student1_two_arm_boxing_001_seg000/trial_data.npz,/Users/tylerchen/Cosmos-Gesture-Recognition-/processed/session_ian_periodic/sessions/student1_two_arm_boxing_001_seg000,,
combined_all,student1,two_arm_boxing,periodic,cosmos_multi_sensor_gesture,1,2,1,9.0,3.0,"mmwave,imu,uwb,rfid",30,10.0,300,150,150,0,/Users/tylerchen/Cosmos-Gesture-Recognition-/processed/session_ian_periodic/sessions/student1_two_arm_boxing_001_seg001/trial_data.npz,/Users/tylerchen/Cosmos-Gesture-Recognition-/processed/session_ian_periodic/sessions/student1_two_arm_boxing_001_seg001,,
combined_all,student1,two_arm_boxing,periodic,cosmos_multi_sensor_gesture,1,2,2,9.0,3.0,"mmwave,imu,uwb,rfid",30,10.0,300,150,150,0,/Users/tylerchen/Cosmos-Gesture-Recognition-/processed/session_ian_periodic/sessions/student1_two_arm_boxing_001_seg002/trial_data.npz,/Users/tylerchen/Cosmos-Gesture-Recognition-/processed/session_ian_periodic/sessions/student1_two_arm_boxing_001_seg002,,
combined_all,student1,two_arm_boxing,periodic,cosmos_multi_sensor_gesture,2,1,0,9.0,3.0,"mmwave,imu,uwb,rfid",30,10.0,299,150,149,0,/Users/tylerchen/Cosmos-Gesture-Recognition-/processed/session_ian_periodic/sessions/student1_two_arm_boxing_002_seg000/trial_data.npz,/Users/tylerchen/Cosmos-Gesture-Recognition-/processed/session_ian_periodic/sessions/student1_two_arm_boxing_002_seg000,,
combined_all,student1,two_arm_boxing,periodic,cosmos_multi_sensor_gesture,2,1,1,9.0,3.0,"mmwave,imu,uwb,rfid",30,10.0,300,150,150,0,/Users/tylerchen/Cosmos-Gesture-Recognition-/processed/session_ian_periodic/sessions/student1_two_arm_boxing_002_seg001/trial_data.npz,/Users/tylerchen/Cosmos-Gesture-Recognition-/processed/session_ian_periodic/sessions/student1_two_arm_boxing_002_seg001,,
combined_all,student1,two_arm_boxing,periodic,cosmos_multi_sensor_gesture,2,1,2,9.0,3.0,"mmwave,imu,uwb,rfid",30,10.0,301,150,149,0,/Users/tylerchen/Cosmos-Gesture-Recognition-/processed/session_ian_periodic/sessions/student1_two_arm_boxing_002_seg002/trial_data.npz,/Users/tylerchen/Cosmos-Gesture-Recognition-/processed/session_ian_periodic/sessions/student1_two_arm_boxing_002_seg002,,
combined_all,student1,two_arm_boxing,periodic,cosmos_multi_sensor_gesture,3,1,0,9.0,3.0,"mmwave,imu,uwb,rfid",30,10.0,300,150,150,0,/Users/tylerchen/Cosmos-Gesture-Recognition-/processed/session_ian_periodic/sessions/student1_two_arm_boxing_003_seg000/trial_data.npz,/Users/tylerchen/Cosmos-Gesture-Recognition-/processed/session_ian_periodic/sessions/student1_two_arm_boxing_003_seg000,,
combined_all,student1,two_arm_boxing,periodic,cosmos_multi_sensor_gesture,3,1,1,9.0,3.0,"mmwave,imu,uwb,rfid",30,10.0,299,150,150,0,/Users/tylerchen/Cosmos-Gesture-Recognition-/processed/session_ian_periodic/sessions/student1_two_arm_boxing_003_seg001/trial_data.npz,/Users/tylerchen/Cosmos-Gesture-Recognition-/processed/session_ian_periodic/sessions/student1_two_arm_boxing_003_seg001,,
combined_all,student1,two_arm_boxing,periodic,cosmos_multi_sensor_gesture,3,1,2,9.0,3.0,"mmwave,imu,uwb,rfid",30,10.0,301,150,150,0,/Users/tylerchen/Cosmos-Gesture-Recognition-/processed/session_ian_periodic/sessions/student1_two_arm_boxing_003_seg002/trial_data.npz,/Users/tylerchen/Cosmos-Gesture-Recognition-/processed/session_ian_periodic/sessions/student1_two_arm_boxing_003_seg002,,
combined_all,student1,soli,periodic,cosmos_multi_sensor_gesture,1,2,0,9.0,3.0,"mmwave,imu,uwb,rfid",30,10.0,300,150,145,0,/Users/tylerchen/Cosmos-Gesture-Recognition-/processed/session_ian_periodic/sessions/student1_soli_001_seg000/trial_data.npz,/Users/tylerchen/Cosmos-Gesture-Recognition-/processed/session_ian_periodic/sessions/student1_soli_001_seg000,,
combined_all,student1,soli,periodic,cosmos_multi_sensor_gesture,1,2,1,9.0,3.0,"mmwave,imu,uwb,rfid",30,10.0,300,150,150,0,/Users/tylerchen/Cosmos-Gesture-Recognition-/processed/session_ian_periodic/sessions/student1_soli_001_seg001/trial_data.npz,/Users/tylerchen/Cosmos-Gesture-Recognition-/processed/session_ian_periodic/sessions/student1_soli_001_seg001,,
combined_all,student1,soli,periodic,cosmos_multi_sensor_gesture,1,2,2,9.0,3.0,"mmwave,imu,uwb,rfid",30,10.0,300,150,150,0,/Users/tylerchen/Cosmos-Gesture-Recognition-/processed/session_ian_periodic/sessions/student1_soli_001_seg002/trial_data.npz,/Users/tylerchen/Cosmos-Gesture-Recognition-/processed/session_ian_periodic/sessions/student1_soli_001_seg002,,
combined_all,student1,soli,periodic,cosmos_multi_sensor_gesture,2,1,0,9.0,3.0,"mmwave,imu,uwb,rfid",30,10.0,300,150,150,0,/Users/tylerchen/Cosmos-Gesture-Recognition-/processed/session_ian_periodic/sessions/student1_soli_002_seg000/trial_data.npz,/Users/tylerchen/Cosmos-Gesture-Recognition-/processed/session_ian_periodic/sessions/student1_soli_002_seg000,,
combined_all,student1,soli,periodic,cosmos_multi_sensor_gesture,2,1,1,9.0,3.0,"mmwave,imu,uwb,rfid",30,10.0,300,150,150,0,/Users/tylerchen/Cosmos-Gesture-Recognition-/processed/session_ian_periodic/sessions/student1_soli_002_seg001/trial_data.npz,/Users/tylerchen/Cosmos-Gesture-Recognition-/processed/session_ian_periodic/sessions/student1_soli_002_seg001,,
combined_all,student1,soli,periodic,cosmos_multi_sensor_gesture,2,1,2,9.0,3.0,"mmwave,imu,uwb,rfid",30,10.0,300,150,150,0,/Users/tylerchen/Cosmos-Gesture-Recognition-/processed/session_ian_periodic/sessions/student1_soli_002_seg002/trial_data.npz,/Users/tylerchen/Cosmos-Gesture-Recognition-/processed/session_ian_periodic/sessions/student1_soli_002_seg002,,
combined_all,student1,soli,periodic,cosmos_multi_sensor_gesture,3,1,0,9.0,3.0,"mmwave,imu,uwb,rfid",30,10.0,300,150,150,0,/Users/tylerchen/Cosmos-Gesture-Recognition-/processed/session_ian_periodic/sessions/student1_soli_003_seg000/trial_data.npz,/Users/tylerchen/Cosmos-Gesture-Recognition-/processed/session_ian_periodic/sessions/student1_soli_003_seg000,,
combined_all,student1,soli,periodic,cosmos_multi_sensor_gesture,3,1,1,9.0,3.0,"mmwave,imu,uwb,rfid",30,10.0,300,150,150,0,/Users/tylerchen/Cosmos-Gesture-Recognition-/processed/session_ian_periodic/sessions/student1_soli_003_seg001/trial_data.npz,/Users/tylerchen/Cosmos-Gesture-Recognition-/processed/session_ian_periodic/sessions/student1_soli_003_seg001,,
combined_all,student1,soli,periodic,cosmos_multi_sensor_gesture,3,1,2,9.0,3.0,"mmwave,imu,uwb,rfid",30,10.0,300,150,150,0,/Users/tylerchen/Cosmos-Gesture-Recognition-/processed/session_ian_periodic/sessions/student1_soli_003_seg002/trial_data.npz,/Users/tylerchen/Cosmos-Gesture-Recognition-/processed/session_ian_periodic/sessions/student1_soli_003_seg002,,
combined_all,student1,palm_up_down,periodic,cosmos_multi_sensor_gesture,1,1,0,9.0,3.0,"mmwave,imu,uwb,rfid",30,10.0,301,150,150,0,/Users/tylerchen/Cosmos-Gesture-Recognition-/processed/session_ian_periodic/sessions/student1_palm_up_down_001_seg000/trial_data.npz,/Users/tylerchen/Cosmos-Gesture-Recognition-/processed/session_ian_periodic/sessions/student1_palm_up_down_001_seg000,,
combined_all,student1,palm_up_down,periodic,cosmos_multi_sensor_gesture,1,1,1,9.0,3.0,"mmwave,imu,uwb,rfid",30,10.0,299,150,150,0,/Users/tylerchen/Cosmos-Gesture-Recognition-/processed/session_ian_periodic/sessions/student1_palm_up_down_001_seg001/trial_data.npz,/Users/tylerchen/Cosmos-Gesture-Recognition-/processed/session_ian_periodic/sessions/student1_palm_up_down_001_seg001,,
combined_all,student1,palm_up_down,periodic,cosmos_multi_sensor_gesture,1,1,2,9.0,3.0,"mmwave,imu,uwb,rfid",30,10.0,300,150,150,0,/Users/tylerchen/Cosmos-Gesture-Recognition-/processed/session_ian_periodic/sessions/student1_palm_up_down_001_seg002/trial_data.npz,/Users/tylerchen/Cosmos-Gesture-Recognition-/processed/session_ian_periodic/sessions/student1_palm_up_down_001_seg002,,
combined_all,student1,palm_up_down,periodic,cosmos_multi_sensor_gesture,2,1,0,9.0,3.0,"mmwave,imu,uwb,rfid",30,10.0,300,150,150,0,/Users/tylerchen/Cosmos-Gesture-Recognition-/processed/session_ian_periodic/sessions/student1_palm_up_down_002_seg000/trial_data.npz,/Users/tylerchen/Cosmos-Gesture-Recognition-/processed/session_ian_periodic/sessions/student1_palm_up_down_002_seg000,,
combined_all,student1,palm_up_down,periodic,cosmos_multi_sensor_gesture,2,1,1,9.0,3.0,"mmwave,imu,uwb,rfid",30,10.0,300,150,150,0,/Users/tylerchen/Cosmos-Gesture-Recognition-/processed/session_ian_periodic/sessions/student1_palm_up_down_002_seg001/trial_data.npz,/Users/tylerchen/Cosmos-Gesture-Recognition-/processed/session_ian_periodic/sessions/student1_palm_up_down_002_seg001,,
combined_all,student1,palm_up_down,periodic,cosmos_multi_sensor_gesture,2,1,2,9.0,3.0,"mmwave,imu,uwb,rfid",30,10.0,300,150,150,0,/Users/tylerchen/Cosmos-Gesture-Recognition-/processed/session_ian_periodic/sessions/student1_palm_up_down_002_seg002/trial_data.npz,/Users/tylerchen/Cosmos-Gesture-Recognition-/processed/session_ian_periodic/sessions/student1_palm_up_down_002_seg002,,
combined_all,student1,palm_up_down,periodic,cosmos_multi_sensor_gesture,3,1,0,9.0,3.0,"mmwave,imu,uwb,rfid",30,10.0,300,150,150,0,/Users/tylerchen/Cosmos-Gesture-Recognition-/processed/session_ian_periodic/sessions/student1_palm_up_down_003_seg000/trial_data.npz,/Users/tylerchen/Cosmos-Gesture-Recognition-/processed/session_ian_periodic/sessions/student1_palm_up_down_003_seg000,,
combined_all,student1,palm_up_down,periodic,cosmos_multi_sensor_gesture,3,1,1,9.0,3.0,"mmwave,imu,uwb,rfid",30,10.0,299,150,150,0,/Users/tylerchen/Cosmos-Gesture-Recognition-/processed/session_ian_periodic/sessions/student1_palm_up_down_003_seg001/trial_data.npz,/Users/tylerchen/Cosmos-Gesture-Recognition-/processed/session_ian_periodic/sessions/student1_palm_up_down_003_seg001,,
combined_all,student1,palm_up_down,periodic,cosmos_multi_sensor_gesture,3,1,2,9.0,3.0,"mmwave,imu,uwb,rfid",30,10.0,301,150,150,0,/Users/tylerchen/Cosmos-Gesture-Recognition-/processed/session_ian_periodic/sessions/student1_palm_up_down_003_seg002/trial_data.npz,/Users/tylerchen/Cosmos-Gesture-Recognition-/processed/session_ian_periodic/sessions/student1_palm_up_down_003_seg002,,
combined_all,iris,pull,discrete,cosmos_multi_sensor_gesture,1,1,0,3.0,3.0186389999999994,"mmwave,imu,uwb",0,0.0,302,151,150,0,/Users/tylerchen/Cosmos-Gesture-Recognition-/processed/session_iris_discrete1/sessions/iris_pull_001/trial_data.npz,/Users/tylerchen/Cosmos-Gesture-Recognition-/processed/session_iris_discrete1/sessions/iris_pull_001,,
combined_all,iris,pull,discrete,cosmos_multi_sensor_gesture,2,1,0,3.0,3.0094379999999994,"mmwave,imu,uwb",0,0.0,301,151,150,0,/Users/tylerchen/Cosmos-Gesture-Recognition-/processed/session_iris_discrete1/sessions/iris_pull_002/trial_data.npz,/Users/tylerchen/Cosmos-Gesture-Recognition-/processed/session_iris_discrete1/sessions/iris_pull_002,,
combined_all,iris,pull,discrete,cosmos_multi_sensor_gesture,3,1,0,3.0,3.0163569999999993,"mmwave,imu,uwb",0,0.0,302,151,150,0,/Users/tylerchen/Cosmos-Gesture-Recognition-/processed/session_iris_discrete1/sessions/iris_pull_003/trial_data.npz,/Users/tylerchen/Cosmos-Gesture-Recognition-/processed/session_iris_discrete1/sessions/iris_pull_003,,
combined_all,iris,pull,discrete,cosmos_multi_sensor_gesture,4,1,0,3.0,3.0139800000000037,"mmwave,imu,uwb",0,0.0,301,151,151,0,/Users/tylerchen/Cosmos-Gesture-Recognition-/processed/session_iris_discrete1/sessions/iris_pull_004/trial_data.npz,/Users/tylerchen/Cosmos-Gesture-Recognition-/processed/session_iris_discrete1/sessions/iris_pull_004,,
combined_all,iris,pull,discrete,cosmos_multi_sensor_gesture,5,1,0,3.0,3.005752000000001,"mmwave,imu,uwb",0,0.0,301,151,143,0,/Users/tylerchen/Cosmos-Gesture-Recognition-/processed/session_iris_discrete1/sessions/iris_pull_005/trial_data.npz,/Users/tylerchen/Cosmos-Gesture-Recognition-/processed/session_iris_discrete1/sessions/iris_pull_005,,
combined_all,iris,pull,discrete,cosmos_multi_sensor_gesture,6,1,0,3.0,3.0193919999999963,"mmwave,imu,uwb",0,0.0,302,151,149,0,/Users/tylerchen/Cosmos-Gesture-Recognition-/processed/session_iris_discrete1/sessions/iris_pull_006/trial_data.npz,/Users/tylerchen/Cosmos-Gesture-Recognition-/processed/session_iris_discrete1/sessions/iris_pull_006,,
combined_all,iris,pull,discrete,cosmos_multi_sensor_gesture,7,1,0,3.0,3.003547999999995,"mmwave,imu,uwb",0,0.0,301,151,151,0,/Users/tylerchen/Cosmos-Gesture-Recognition-/processed/session_iris_discrete1/sessions/iris_pull_007/trial_data.npz,/Users/tylerchen/Cosmos-Gesture-Recognition-/processed/session_iris_discrete1/sessions/iris_pull_007,,
combined_all,iris,pull,discrete,cosmos_multi_sensor_gesture,8,1,0,3.0,3.012996000000001,"mmwave,imu,uwb",0,0.0,301,151,151,0,/Users/tylerchen/Cosmos-Gesture-Recognition-/processed/session_iris_discrete1/sessions/iris_pull_008/trial_data.npz,/Users/tylerchen/Cosmos-Gesture-Recognition-/processed/session_iris_discrete1/sessions/iris_pull_008,,
combined_all,iris,push,discrete,cosmos_multi_sensor_gesture,1,1,0,3.0,3.023150000000001,"mmwave,imu,uwb",0,0.0,302,151,151,0,/Users/tylerchen/Cosmos-Gesture-Recognition-/processed/session_iris_discrete1/sessions/iris_push_001/trial_data.npz,/Users/tylerchen/Cosmos-Gesture-Recognition-/processed/session_iris_discrete1/sessions/iris_push_001,,
combined_all,iris,push,discrete,cosmos_multi_sensor_gesture,2,1,0,3.0,3.0200189999999907,"mmwave,imu,uwb",0,0.0,302,151,150,0,/Users/tylerchen/Cosmos-Gesture-Recognition-/processed/session_iris_discrete1/sessions/iris_push_002/trial_data.npz,/Users/tylerchen/Cosmos-Gesture-Recognition-/processed/session_iris_discrete1/sessions/iris_push_002,,
combined_all,iris,push,discrete,cosmos_multi_sensor_gesture,3,1,0,3.0,3.0032619999999923,"mmwave,imu,uwb",0,0.0,300,150,150,0,/Users/tylerchen/Cosmos-Gesture-Recognition-/processed/session_iris_discrete1/sessions/iris_push_003/trial_data.npz,/Users/tylerchen/Cosmos-Gesture-Recognition-/processed/session_iris_discrete1/sessions/iris_push_003,,
combined_all,iris,push,discrete,cosmos_multi_sensor_gesture,4,1,0,3.0,3.006938000000005,"mmwave,imu,uwb",0,0.0,301,150,150,0,/Users/tylerchen/Cosmos-Gesture-Recognition-/processed/session_iris_discrete1/sessions/iris_push_004/trial_data.npz,/Users/tylerchen/Cosmos-Gesture-Recognition-/processed/session_iris_discrete1/sessions/iris_push_004,,
combined_all,iris,push,discrete,cosmos_multi_sensor_gesture,5,1,0,3.0,3.0057230000000033,"mmwave,imu,uwb",0,0.0,300,151,151,0,/Users/tylerchen/Cosmos-Gesture-Recognition-/processed/session_iris_discrete1/sessions/iris_push_005/trial_data.npz,/Users/tylerchen/Cosmos-Gesture-Recognition-/processed/session_iris_discrete1/sessions/iris_push_005,,
combined_all,iris,push,discrete,cosmos_multi_sensor_gesture,6,1,0,3.0,3.0013229999999993,"mmwave,imu,uwb",0,0.0,300,150,150,0,/Users/tylerchen/Cosmos-Gesture-Recognition-/processed/session_iris_discrete1/sessions/iris_push_006/trial_data.npz,/Users/tylerchen/Cosmos-Gesture-Recognition-/processed/session_iris_discrete1/sessions/iris_push_006,,
combined_all,iris,push,discrete,cosmos_multi_sensor_gesture,7,1,0,3.0,3.0210039999999907,"mmwave,imu,uwb",0,0.0,302,151,151,0,/Users/tylerchen/Cosmos-Gesture-Recognition-/processed/session_iris_discrete1/sessions/iris_push_007/trial_data.npz,/Users/tylerchen/Cosmos-Gesture-Recognition-/processed/session_iris_discrete1/sessions/iris_push_007,,
combined_all,iris,push,discrete,cosmos_multi_sensor_gesture,8,1,0,3.0,3.0147539999999964,"mmwave,imu,uwb",0,0.0,301,151,149,0,/Users/tylerchen/Cosmos-Gesture-Recognition-/processed/session_iris_discrete1/sessions/iris_push_008/trial_data.npz,/Users/tylerchen/Cosmos-Gesture-Recognition-/processed/session_iris_discrete1/sessions/iris_push_008,,
combined_all,iris,clockwise,discrete,cosmos_multi_sensor_gesture,1,1,0,3.0,3.0073189999999954,"mmwave,imu,uwb",0,0.0,301,151,151,0,/Users/tylerchen/Cosmos-Gesture-Recognition-/processed/session_iris_discrete1/sessions/iris_clockwise_001/trial_data.npz,/Users/tylerchen/Cosmos-Gesture-Recognition-/processed/session_iris_discrete1/sessions/iris_clockwise_001,,
combined_all,iris,clockwise,discrete,cosmos_multi_sensor_gesture,2,1,0,3.0,3.0221810000000033,"mmwave,imu,uwb",0,0.0,303,151,149,0,/Users/tylerchen/Cosmos-Gesture-Recognition-/processed/session_iris_discrete1/sessions/iris_clockwise_002/trial_data.npz,/Users/tylerchen/Cosmos-Gesture-Recognition-/processed/session_iris_discrete1/sessions/iris_clockwise_002,,
combined_all,iris,clockwise,discrete,cosmos_multi_sensor_gesture,3,1,0,3.0,3.0242909999999767,"mmwave,imu,uwb",0,0.0,303,151,149,0,/Users/tylerchen/Cosmos-Gesture-Recognition-/processed/session_iris_discrete1/sessions/iris_clockwise_003/trial_data.npz,/Users/tylerchen/Cosmos-Gesture-Recognition-/processed/session_iris_discrete1/sessions/iris_clockwise_003,,
combined_all,iris,clockwise,discrete,cosmos_multi_sensor_gesture,4,1,0,3.0,3.0061000000000035,"mmwave,imu,uwb",0,0.0,301,151,151,0,/Users/tylerchen/Cosmos-Gesture-Recognition-/processed/session_iris_discrete1/sessions/iris_clockwise_004/trial_data.npz,/Users/tylerchen/Cosmos-Gesture-Recognition-/processed/session_iris_discrete1/sessions/iris_clockwise_004,,
combined_all,iris,clockwise,discrete,cosmos_multi_sensor_gesture,5,1,0,3.0,3.011926999999986,"mmwave,imu,uwb",0,0.0,301,151,151,0,/Users/tylerchen/Cosmos-Gesture-Recognition-/processed/session_iris_discrete1/sessions/iris_clockwise_005/trial_data.npz,/Users/tylerchen/Cosmos-Gesture-Recognition-/processed/session_iris_discrete1/sessions/iris_clockwise_005,,
combined_all,iris,clockwise,discrete,cosmos_multi_sensor_gesture,6,1,0,3.0,3.0005420000000242,"mmwave,imu,uwb",0,0.0,301,150,150,0,/Users/tylerchen/Cosmos-Gesture-Recognition-/processed/session_iris_discrete1/sessions/iris_clockwise_006/trial_data.npz,/Users/tylerchen/Cosmos-Gesture-Recognition-/processed/session_iris_discrete1/sessions/iris_clockwise_006,,
combined_all,iris,clockwise,discrete,cosmos_multi_sensor_gesture,7,1,0,3.0,3.001416000000006,"mmwave,imu,uwb",0,0.0,300,150,150,0,/Users/tylerchen/Cosmos-Gesture-Recognition-/processed/session_iris_discrete1/sessions/iris_clockwise_007/trial_data.npz,/Users/tylerchen/Cosmos-Gesture-Recognition-/processed/session_iris_discrete1/sessions/iris_clockwise_007,,
combined_all,iris,clockwise,discrete,cosmos_multi_sensor_gesture,8,1,0,3.0,3.003615999999994,"mmwave,imu,uwb",0,0.0,300,150,149,0,/Users/tylerchen/Cosmos-Gesture-Recognition-/processed/session_iris_discrete1/sessions/iris_clockwise_008/trial_data.npz,/Users/tylerchen/Cosmos-Gesture-Recognition-/processed/session_iris_discrete1/sessions/iris_clockwise_008,,
combined_all,iris,anti_clockwise,discrete,cosmos_multi_sensor_gesture,1,1,0,3.0,3.0048850000000016,"mmwave,imu,uwb",0,0.0,300,151,151,0,/Users/tylerchen/Cosmos-Gesture-Recognition-/processed/session_iris_discrete1/sessions/iris_anti_clockwise_001/trial_data.npz,/Users/tylerchen/Cosmos-Gesture-Recognition-/processed/session_iris_discrete1/sessions/iris_anti_clockwise_001,,
combined_all,iris,anti_clockwise,discrete,cosmos_multi_sensor_gesture,2,1,0,3.0,3.0208020000000033,"mmwave,imu,uwb",0,0.0,303,151,149,0,/Users/tylerchen/Cosmos-Gesture-Recognition-/processed/session_iris_discrete1/sessions/iris_anti_clockwise_002/trial_data.npz,/Users/tylerchen/Cosmos-Gesture-Recognition-/processed/session_iris_discrete1/sessions/iris_anti_clockwise_002,,
combined_all,iris,anti_clockwise,discrete,cosmos_multi_sensor_gesture,3,1,0,3.0,3.0102139999999906,"mmwave,imu,uwb",0,0.0,301,150,150,0,/Users/tylerchen/Cosmos-Gesture-Recognition-/processed/session_iris_discrete1/sessions/iris_anti_clockwise_003/trial_data.npz,/Users/tylerchen/Cosmos-Gesture-Recognition-/processed/session_iris_discrete1/sessions/iris_anti_clockwise_003,,
combined_all,iris,anti_clockwise,discrete,cosmos_multi_sensor_gesture,4,1,0,3.0,3.0167050000000017,"mmwave,imu,uwb",0,0.0,302,151,150,0,/Users/tylerchen/Cosmos-Gesture-Recognition-/processed/session_iris_discrete1/sessions/iris_anti_clockwise_004/trial_data.npz,/Users/tylerchen/Cosmos-Gesture-Recognition-/processed/session_iris_discrete1/sessions/iris_anti_clockwise_004,,
combined_all,iris,anti_clockwise,discrete,cosmos_multi_sensor_gesture,5,1,0,3.0,3.012839000000014,"mmwave,imu,uwb",0,0.0,301,151,148,0,/Users/tylerchen/Cosmos-Gesture-Recognition-/processed/session_iris_discrete1/sessions/iris_anti_clockwise_005/trial_data.npz,/Users/tylerchen/Cosmos-Gesture-Recognition-/processed/session_iris_discrete1/sessions/iris_anti_clockwise_005,,
combined_all,iris,anti_clockwise,discrete,cosmos_multi_sensor_gesture,6,1,0,3.0,3.0086089999999786,"mmwave,imu,uwb",0,0.0,301,150,148,0,/Users/tylerchen/Cosmos-Gesture-Recognition-/processed/session_iris_discrete1/sessions/iris_anti_clockwise_006/trial_data.npz,/Users/tylerchen/Cosmos-Gesture-Recognition-/processed/session_iris_discrete1/sessions/iris_anti_clockwise_006,,
combined_all,iris,anti_clockwise,discrete,cosmos_multi_sensor_gesture,7,1,0,3.0,3.014562000000012,"mmwave,imu,uwb",0,0.0,302,150,148,0,/Users/tylerchen/Cosmos-Gesture-Recognition-/processed/session_iris_discrete1/sessions/iris_anti_clockwise_007/trial_data.npz,/Users/tylerchen/Cosmos-Gesture-Recognition-/processed/session_iris_discrete1/sessions/iris_anti_clockwise_007,,
combined_all,iris,anti_clockwise,discrete,cosmos_multi_sensor_gesture,8,1,0,3.0,3.019924000000003,"mmwave,imu,uwb",0,0.0,302,151,150,0,/Users/tylerchen/Cosmos-Gesture-Recognition-/processed/session_iris_discrete1/sessions/iris_anti_clockwise_008/trial_data.npz,/Users/tylerchen/Cosmos-Gesture-Recognition-/processed/session_iris_discrete1/sessions/iris_anti_clockwise_008,,
combined_all,iris,right,discrete,cosmos_multi_sensor_gesture,1,1,0,3.0,3.0214839999999996,"mmwave,imu,uwb",30,9.928895867064,302,151,149,0,/Users/tylerchen/Cosmos-Gesture-Recognition-/processed/session_iris_discrete2/sessions/iris_right_001/trial_data.npz,/Users/tylerchen/Cosmos-Gesture-Recognition-/processed/session_iris_discrete2/sessions/iris_right_001,,
combined_all,iris,right,discrete,cosmos_multi_sensor_gesture,2,1,0,3.0,3.0170980000000007,"mmwave,imu,uwb",30,9.943329649882102,302,151,151,0,/Users/tylerchen/Cosmos-Gesture-Recognition-/processed/session_iris_discrete2/sessions/iris_right_002/trial_data.npz,/Users/tylerchen/Cosmos-Gesture-Recognition-/processed/session_iris_discrete2/sessions/iris_right_002,,
combined_all,iris,right,discrete,cosmos_multi_sensor_gesture,3,1,0,3.0,3.017977000000002,"mmwave,imu,uwb",31,10.271781395285643,302,150,150,0,/Users/tylerchen/Cosmos-Gesture-Recognition-/processed/session_iris_discrete2/sessions/iris_right_003/trial_data.npz,/Users/tylerchen/Cosmos-Gesture-Recognition-/processed/session_iris_discrete2/sessions/iris_right_003,,
combined_all,iris,right,discrete,cosmos_multi_sensor_gesture,4,1,0,3.0,3.0204699999999995,"mmwave,imu,uwb",30,9.93222909017471,301,151,150,0,/Users/tylerchen/Cosmos-Gesture-Recognition-/processed/session_iris_discrete2/sessions/iris_right_004/trial_data.npz,/Users/tylerchen/Cosmos-Gesture-Recognition-/processed/session_iris_discrete2/sessions/iris_right_004,,
combined_all,iris,right,discrete,cosmos_multi_sensor_gesture,5,1,0,3.0,3.011448999999999,"mmwave,imu,uwb",31,10.29404781552004,301,151,151,0,/Users/tylerchen/Cosmos-Gesture-Recognition-/processed/session_iris_discrete2/sessions/iris_right_005/trial_data.npz,/Users/tylerchen/Cosmos-Gesture-Recognition-/processed/session_iris_discrete2/sessions/iris_right_005,,
combined_all,iris,right,discrete,cosmos_multi_sensor_gesture,6,1,0,3.0,3.002803,"mmwave,imu,uwb",30,9.990665388305526,300,150,150,0,/Users/tylerchen/Cosmos-Gesture-Recognition-/processed/session_iris_discrete2/sessions/iris_right_006/trial_data.npz,/Users/tylerchen/Cosmos-Gesture-Recognition-/processed/session_iris_discrete2/sessions/iris_right_006,,
combined_all,iris,right,discrete,cosmos_multi_sensor_gesture,7,1,0,3.0,3.003687999999997,"mmwave,imu,uwb",30,9.987721760715504,301,150,149,0,/Users/tylerchen/Cosmos-Gesture-Recognition-/processed/session_iris_discrete2/sessions/iris_right_007/trial_data.npz,/Users/tylerchen/Cosmos-Gesture-Recognition-/processed/session_iris_discrete2/sessions/iris_right_007,,
combined_all,iris,right,discrete,cosmos_multi_sensor_gesture,8,2,0,3.0,3.016542000000001,"mmwave,imu,uwb",30,9.945162374666088,301,151,150,0,/Users/tylerchen/Cosmos-Gesture-Recognition-/processed/session_iris_discrete2/sessions/iris_right_008/trial_data.npz,/Users/tylerchen/Cosmos-Gesture-Recognition-/processed/session_iris_discrete2/sessions/iris_right_008,,
combined_all,iris,left,discrete,cosmos_multi_sensor_gesture,1,1,0,3.0,3.007423000000003,"mmwave,imu,uwb",30,9.975317738808267,300,150,150,0,/Users/tylerchen/Cosmos-Gesture-Recognition-/processed/session_iris_discrete2/sessions/iris_left_001/trial_data.npz,/Users/tylerchen/Cosmos-Gesture-Recognition-/processed/session_iris_discrete2/sessions/iris_left_001,,
combined_all,iris,left,discrete,cosmos_multi_sensor_gesture,2,1,0,3.0,3.0202429999999936,"mmwave,imu,uwb",30,9.9329755916991,302,151,151,0,/Users/tylerchen/Cosmos-Gesture-Recognition-/processed/session_iris_discrete2/sessions/iris_left_002/trial_data.npz,/Users/tylerchen/Cosmos-Gesture-Recognition-/processed/session_iris_discrete2/sessions/iris_left_002,,
combined_all,iris,left,discrete,cosmos_multi_sensor_gesture,3,1,0,3.0,3.0005159999999904,"mmwave,imu,uwb",30,9.998280295789156,300,150,150,0,/Users/tylerchen/Cosmos-Gesture-Recognition-/processed/session_iris_discrete2/sessions/iris_left_003/trial_data.npz,/Users/tylerchen/Cosmos-Gesture-Recognition-/processed/session_iris_discrete2/sessions/iris_left_003,,
combined_all,iris,left,discrete,cosmos_multi_sensor_gesture,4,1,0,3.0,3.0035649999999947,"mmwave,imu,uwb",30,9.988130771266828,300,151,151,0,/Users/tylerchen/Cosmos-Gesture-Recognition-/processed/session_iris_discrete2/sessions/iris_left_004/trial_data.npz,/Users/tylerchen/Cosmos-Gesture-Recognition-/processed/session_iris_discrete2/sessions/iris_left_004,,
combined_all,iris,left,discrete,cosmos_multi_sensor_gesture,5,1,0,3.0,3.0090670000000017,"mmwave,imu,uwb",30,9.969867736411313,301,150,150,0,/Users/tylerchen/Cosmos-Gesture-Recognition-/processed/session_iris_discrete2/sessions/iris_left_005/trial_data.npz,/Users/tylerchen/Cosmos-Gesture-Recognition-/processed/session_iris_discrete2/sessions/iris_left_005,,
combined_all,iris,left,discrete,cosmos_multi_sensor_gesture,6,1,0,3.0,3.0123669999999976,"mmwave,imu,uwb",30,9.958945905329605,301,151,150,0,/Users/tylerchen/Cosmos-Gesture-Recognition-/processed/session_iris_discrete2/sessions/iris_left_006/trial_data.npz,/Users/tylerchen/Cosmos-Gesture-Recognition-/processed/session_iris_discrete2/sessions/iris_left_006,,
combined_all,iris,left,discrete,cosmos_multi_sensor_gesture,7,1,0,3.0,3.004278999999997,"mmwave,imu,uwb",30,9.985756981958078,301,150,149,0,/Users/tylerchen/Cosmos-Gesture-Recognition-/processed/session_iris_discrete2/sessions/iris_left_007/trial_data.npz,/Users/tylerchen/Cosmos-Gesture-Recognition-/processed/session_iris_discrete2/sessions/iris_left_007,,
combined_all,iris,left,discrete,cosmos_multi_sensor_gesture,8,1,0,3.0,3.0098680000000115,"mmwave,imu,uwb",30,9.967214509074779,301,150,150,0,/Users/tylerchen/Cosmos-Gesture-Recognition-/processed/session_iris_discrete2/sessions/iris_left_008/trial_data.npz,/Users/tylerchen/Cosmos-Gesture-Recognition-/processed/session_iris_discrete2/sessions/iris_left_008,,
combined_all,iris,bye_bye,discrete,cosmos_multi_sensor_gesture,1,1,0,3.0,3.011302999999998,"mmwave,imu,uwb",30,9.962464753629913,302,151,151,0,/Users/tylerchen/Cosmos-Gesture-Recognition-/processed/session_iris_discrete2/sessions/iris_bye_bye_001/trial_data.npz,/Users/tylerchen/Cosmos-Gesture-Recognition-/processed/session_iris_discrete2/sessions/iris_bye_bye_001,,
combined_all,iris,bye_bye,discrete,cosmos_multi_sensor_gesture,2,1,0,3.0,3.0248480000000058,"mmwave,imu,uwb",30,9.917853723558983,302,151,151,0,/Users/tylerchen/Cosmos-Gesture-Recognition-/processed/session_iris_discrete2/sessions/iris_bye_bye_002/trial_data.npz,/Users/tylerchen/Cosmos-Gesture-Recognition-/processed/session_iris_discrete2/sessions/iris_bye_bye_002,,
combined_all,iris,bye_bye,discrete,cosmos_multi_sensor_gesture,3,1,0,3.0,3.0076990000000023,"mmwave,imu,uwb",30,9.974402358746662,301,151,150,0,/Users/tylerchen/Cosmos-Gesture-Recognition-/processed/session_iris_discrete2/sessions/iris_bye_bye_003/trial_data.npz,/Users/tylerchen/Cosmos-Gesture-Recognition-/processed/session_iris_discrete2/sessions/iris_bye_bye_003,,
combined_all,iris,bye_bye,discrete,cosmos_multi_sensor_gesture,4,1,0,3.0,3.0022709999999933,"mmwave,imu,uwb",30,9.992435726155323,300,150,150,0,/Users/tylerchen/Cosmos-Gesture-Recognition-/processed/session_iris_discrete2/sessions/iris_bye_bye_004/trial_data.npz,/Users/tylerchen/Cosmos-Gesture-Recognition-/processed/session_iris_discrete2/sessions/iris_bye_bye_004,,
combined_all,iris,bye_bye,discrete,cosmos_multi_sensor_gesture,5,1,0,3.0,3.004725999999991,"mmwave,imu,uwb",30,9.984271444384643,300,150,150,0,/Users/tylerchen/Cosmos-Gesture-Recognition-/processed/session_iris_discrete2/sessions/iris_bye_bye_005/trial_data.npz,/Users/tylerchen/Cosmos-Gesture-Recognition-/processed/session_iris_discrete2/sessions/iris_bye_bye_005,,
combined_all,iris,bye_bye,discrete,cosmos_multi_sensor_gesture,6,2,0,3.0,3.0190050000000213,"mmwave,imu,uwb",30,9.937048795878042,302,151,150,0,/Users/tylerchen/Cosmos-Gesture-Recognition-/processed/session_iris_discrete2/sessions/iris_bye_bye_006/trial_data.npz,/Users/tylerchen/Cosmos-Gesture-Recognition-/processed/session_iris_discrete2/sessions/iris_bye_bye_006,,
combined_all,iris,bye_bye,discrete,cosmos_multi_sensor_gesture,7,1,0,3.0,3.0055570000000102,"mmwave,imu,uwb",30,9.981510914615793,301,151,150,0,/Users/tylerchen/Cosmos-Gesture-Recognition-/processed/session_iris_discrete2/sessions/iris_bye_bye_007/trial_data.npz,/Users/tylerchen/Cosmos-Gesture-Recognition-/processed/session_iris_discrete2/sessions/iris_bye_bye_007,,
combined_all,iris,bye_bye,discrete,cosmos_multi_sensor_gesture,8,1,0,3.0,3.011384000000021,"mmwave,imu,uwb",30,9.96219678393715,301,151,151,0,/Users/tylerchen/Cosmos-Gesture-Recognition-/processed/session_iris_discrete2/sessions/iris_bye_bye_008/trial_data.npz,/Users/tylerchen/Cosmos-Gesture-Recognition-/processed/session_iris_discrete2/sessions/iris_bye_bye_008,,
combined_all,iris,t_arm,discrete,cosmos_multi_sensor_gesture,1,1,0,3.0,3.0128720000000158,"mmwave,imu,uwb",30,9.957276645008431,301,151,151,0,/Users/tylerchen/Cosmos-Gesture-Recognition-/processed/session_iris_discrete2/sessions/iris_t_arm_001/trial_data.npz,/Users/tylerchen/Cosmos-Gesture-Recognition-/processed/session_iris_discrete2/sessions/iris_t_arm_001,,
combined_all,iris,t_arm,discrete,cosmos_multi_sensor_gesture,2,1,0,3.0,3.015850999999998,"mmwave,imu,uwb",30,9.947441037372212,302,151,151,0,/Users/tylerchen/Cosmos-Gesture-Recognition-/processed/session_iris_discrete2/sessions/iris_t_arm_002/trial_data.npz,/Users/tylerchen/Cosmos-Gesture-Recognition-/processed/session_iris_discrete2/sessions/iris_t_arm_002,,
combined_all,iris,t_arm,discrete,cosmos_multi_sensor_gesture,3,1,0,3.0,3.0220019999999863,"mmwave,imu,uwb",30,9.927193959501064,302,151,151,0,/Users/tylerchen/Cosmos-Gesture-Recognition-/processed/session_iris_discrete2/sessions/iris_t_arm_003/trial_data.npz,/Users/tylerchen/Cosmos-Gesture-Recognition-/processed/session_iris_discrete2/sessions/iris_t_arm_003,,
combined_all,iris,t_arm,discrete,cosmos_multi_sensor_gesture,4,2,0,3.0,3.001205000000027,"mmwave,imu,uwb",30,9.995984946046581,300,150,150,0,/Users/tylerchen/Cosmos-Gesture-Recognition-/processed/session_iris_discrete2/sessions/iris_t_arm_004/trial_data.npz,/Users/tylerchen/Cosmos-Gesture-Recognition-/processed/session_iris_discrete2/sessions/iris_t_arm_004,,
combined_all,iris,t_arm,discrete,cosmos_multi_sensor_gesture,5,1,0,3.0,3.003462000000013,"mmwave,imu,uwb",30,9.988473301809668,300,150,148,0,/Users/tylerchen/Cosmos-Gesture-Recognition-/processed/session_iris_discrete2/sessions/iris_t_arm_005/trial_data.npz,/Users/tylerchen/Cosmos-Gesture-Recognition-/processed/session_iris_discrete2/sessions/iris_t_arm_005,,
combined_all,iris,t_arm,discrete,cosmos_multi_sensor_gesture,6,1,0,3.0,3.0164530000000127,"mmwave,imu,uwb",30,9.945455805212239,302,151,151,0,/Users/tylerchen/Cosmos-Gesture-Recognition-/processed/session_iris_discrete2/sessions/iris_t_arm_006/trial_data.npz,/Users/tylerchen/Cosmos-Gesture-Recognition-/processed/session_iris_discrete2/sessions/iris_t_arm_006,,
combined_all,iris,t_arm,discrete,cosmos_multi_sensor_gesture,7,1,0,3.0,3.0216939999999965,"mmwave,imu,uwb",30,9.928205834210887,302,151,151,0,/Users/tylerchen/Cosmos-Gesture-Recognition-/processed/session_iris_discrete2/sessions/iris_t_arm_007/trial_data.npz,/Users/tylerchen/Cosmos-Gesture-Recognition-/processed/session_iris_discrete2/sessions/iris_t_arm_007,,
combined_all,iris,t_arm,discrete,cosmos_multi_sensor_gesture,8,2,0,3.0,3.0128690000000233,"mmwave,imu,uwb",30,9.957286559754097,301,151,151,0,/Users/tylerchen/Cosmos-Gesture-Recognition-/processed/session_iris_discrete2/sessions/iris_t_arm_008/trial_data.npz,/Users/tylerchen/Cosmos-Gesture-Recognition-/processed/session_iris_discrete2/sessions/iris_t_arm_008,,
combined_all,iris,raise_arms,discrete,cosmos_multi_sensor_gesture,1,1,0,3.0,3.0084600000000137,"mmwave,imu,uwb",30,9.971879300372903,301,150,146,0,/Users/tylerchen/Cosmos-Gesture-Recognition-/processed/session_iris_discrete2/sessions/iris_raise_arms_001/trial_data.npz,/Users/tylerchen/Cosmos-Gesture-Recognition-/processed/session_iris_discrete2/sessions/iris_raise_arms_001,,
combined_all,iris,raise_arms,discrete,cosmos_multi_sensor_gesture,2,1,0,3.0,3.0137569999999982,"mmwave,imu,uwb",30,9.95435265683332,301,151,151,0,/Users/tylerchen/Cosmos-Gesture-Recognition-/processed/session_iris_discrete2/sessions/iris_raise_arms_002/trial_data.npz,/Users/tylerchen/Cosmos-Gesture-Recognition-/processed/session_iris_discrete2/sessions/iris_raise_arms_002,,
combined_all,iris,raise_arms,discrete,cosmos_multi_sensor_gesture,3,1,0,3.0,3.017279000000002,"mmwave,imu,uwb",31,10.274157610217676,301,151,150,0,/Users/tylerchen/Cosmos-Gesture-Recognition-/processed/session_iris_discrete2/sessions/iris_raise_arms_003/trial_data.npz,/Users/tylerchen/Cosmos-Gesture-Recognition-/processed/session_iris_discrete2/sessions/iris_raise_arms_003,,
combined_all,iris,raise_arms,discrete,cosmos_multi_sensor_gesture,4,1,0,3.0,3.002711000000005,"mmwave,imu,uwb",30,9.99097149209496,300,151,151,0,/Users/tylerchen/Cosmos-Gesture-Recognition-/processed/session_iris_discrete2/sessions/iris_raise_arms_004/trial_data.npz,/Users/tylerchen/Cosmos-Gesture-Recognition-/processed/session_iris_discrete2/sessions/iris_raise_arms_004,,
combined_all,iris,raise_arms,discrete,cosmos_multi_sensor_gesture,5,1,0,3.0,3.00700599999999,"mmwave,imu,uwb",30,9.976701077417239,301,150,150,0,/Users/tylerchen/Cosmos-Gesture-Recognition-/processed/session_iris_discrete2/sessions/iris_raise_arms_005/trial_data.npz,/Users/tylerchen/Cosmos-Gesture-Recognition-/processed/session_iris_discrete2/sessions/iris_raise_arms_005,,
combined_all,iris,raise_arms,discrete,cosmos_multi_sensor_gesture,6,1,0,3.0,3.0010630000000162,"mmwave,imu,uwb",30,9.996457921743009,299,150,150,0,/Users/tylerchen/Cosmos-Gesture-Recognition-/processed/session_iris_discrete2/sessions/iris_raise_arms_006/trial_data.npz,/Users/tylerchen/Cosmos-Gesture-Recognition-/processed/session_iris_discrete2/sessions/iris_raise_arms_006,,
combined_all,iris,raise_arms,discrete,cosmos_multi_sensor_gesture,7,1,0,3.0,3.0047030000000063,"mmwave,imu,uwb",30,9.98434787065475,301,150,150,0,/Users/tylerchen/Cosmos-Gesture-Recognition-/processed/session_iris_discrete2/sessions/iris_raise_arms_007/trial_data.npz,/Users/tylerchen/Cosmos-Gesture-Recognition-/processed/session_iris_discrete2/sessions/iris_raise_arms_007,,
combined_all,iris,raise_arms,discrete,cosmos_multi_sensor_gesture,8,1,0,3.0,3.0147730000000195,"mmwave,imu,uwb",30,9.95099796900125,301,151,151,0,/Users/tylerchen/Cosmos-Gesture-Recognition-/processed/session_iris_discrete2/sessions/iris_raise_arms_008/trial_data.npz,/Users/tylerchen/Cosmos-Gesture-Recognition-/processed/session_iris_discrete2/sessions/iris_raise_arms_008,,
combined_all,iris,fist_open,discrete,cosmos_multi_sensor_gesture,1,2,0,3.0,3.008751000000018,"mmwave,imu,uwb",30,9.970914841407554,301,151,151,0,/Users/tylerchen/Cosmos-Gesture-Recognition-/processed/session_iris_discrete2/sessions/iris_fist_open_001/trial_data.npz,/Users/tylerchen/Cosmos-Gesture-Recognition-/processed/session_iris_discrete2/sessions/iris_fist_open_001,,
combined_all,iris,fist_open,discrete,cosmos_multi_sensor_gesture,2,1,0,3.0,3.005502999999976,"mmwave,imu,uwb",31,10.314413261274485,300,150,149,0,/Users/tylerchen/Cosmos-Gesture-Recognition-/processed/session_iris_discrete2/sessions/iris_fist_open_002/trial_data.npz,/Users/tylerchen/Cosmos-Gesture-Recognition-/processed/session_iris_discrete2/sessions/iris_fist_open_002,,
combined_all,iris,fist_open,discrete,cosmos_multi_sensor_gesture,3,1,0,3.0,3.023559999999975,"mmwave,imu,uwb",31,10.252814562965597,302,151,151,0,/Users/tylerchen/Cosmos-Gesture-Recognition-/processed/session_iris_discrete2/sessions/iris_fist_open_003/trial_data.npz,/Users/tylerchen/Cosmos-Gesture-Recognition-/processed/session_iris_discrete2/sessions/iris_fist_open_003,,
combined_all,iris,fist_open,discrete,cosmos_multi_sensor_gesture,4,1,0,3.0,3.010421000000008,"mmwave,imu,uwb",30,9.96538357924022,301,150,150,0,/Users/tylerchen/Cosmos-Gesture-Recognition-/processed/session_iris_discrete2/sessions/iris_fist_open_004/trial_data.npz,/Users/tylerchen/Cosmos-Gesture-Recognition-/processed/session_iris_discrete2/sessions/iris_fist_open_004,,
combined_all,iris,fist_open,discrete,cosmos_multi_sensor_gesture,5,1,0,3.0,3.0022050000000036,"mmwave,imu,uwb",30,9.99265539828225,300,150,150,0,/Users/tylerchen/Cosmos-Gesture-Recognition-/processed/session_iris_discrete2/sessions/iris_fist_open_005/trial_data.npz,/Users/tylerchen/Cosmos-Gesture-Recognition-/processed/session_iris_discrete2/sessions/iris_fist_open_005,,
combined_all,iris,fist_open,discrete,cosmos_multi_sensor_gesture,6,1,0,3.0,3.0069939999999633,"mmwave,imu,uwb",30,9.976740891401967,300,151,148,0,/Users/tylerchen/Cosmos-Gesture-Recognition-/processed/session_iris_discrete2/sessions/iris_fist_open_006/trial_data.npz,/Users/tylerchen/Cosmos-Gesture-Recognition-/processed/session_iris_discrete2/sessions/iris_fist_open_006,,
combined_all,iris,fist_open,discrete,cosmos_multi_sensor_gesture,7,1,0,3.0,3.0063319999999862,"mmwave,imu,uwb",30,9.97893778864082,301,151,150,0,/Users/tylerchen/Cosmos-Gesture-Recognition-/processed/session_iris_discrete2/sessions/iris_fist_open_007/trial_data.npz,/Users/tylerchen/Cosmos-Gesture-Recognition-/processed/session_iris_discrete2/sessions/iris_fist_open_007,,
combined_all,iris,fist_open,discrete,cosmos_multi_sensor_gesture,8,1,0,3.0,3.0103490000000193,"mmwave,imu,uwb",30,9.965621926228424,302,151,143,0,/Users/tylerchen/Cosmos-Gesture-Recognition-/processed/session_iris_discrete2/sessions/iris_fist_open_008/trial_data.npz,/Users/tylerchen/Cosmos-Gesture-Recognition-/processed/session_iris_discrete2/sessions/iris_fist_open_008,,
combined_all,iris,clapping,periodic,cosmos_multi_sensor_gesture,1,1,0,9.0,2.9999999999999996,"mmwave,imu,uwb",30,10.000000000000002,300,150,144,0,/Users/tylerchen/Cosmos-Gesture-Recognition-/processed/session_iris_periodic1/sessions/iris_clapping_001_seg000/trial_data.npz,/Users/tylerchen/Cosmos-Gesture-Recognition-/processed/session_iris_periodic1/sessions/iris_clapping_001_seg000,,
combined_all,iris,clapping,periodic,cosmos_multi_sensor_gesture,1,1,1,9.0,3.0,"mmwave,imu,uwb",30,10.0,300,150,127,0,/Users/tylerchen/Cosmos-Gesture-Recognition-/processed/session_iris_periodic1/sessions/iris_clapping_001_seg001/trial_data.npz,/Users/tylerchen/Cosmos-Gesture-Recognition-/processed/session_iris_periodic1/sessions/iris_clapping_001_seg001,,
combined_all,iris,clapping,periodic,cosmos_multi_sensor_gesture,1,1,2,9.0,3.0,"mmwave,imu,uwb",30,10.0,300,150,146,0,/Users/tylerchen/Cosmos-Gesture-Recognition-/processed/session_iris_periodic1/sessions/iris_clapping_001_seg002/trial_data.npz,/Users/tylerchen/Cosmos-Gesture-Recognition-/processed/session_iris_periodic1/sessions/iris_clapping_001_seg002,,
combined_all,iris,clapping,periodic,cosmos_multi_sensor_gesture,2,1,0,9.0,3.0,"mmwave,imu,uwb",30,10.0,300,150,143,0,/Users/tylerchen/Cosmos-Gesture-Recognition-/processed/session_iris_periodic1/sessions/iris_clapping_002_seg000/trial_data.npz,/Users/tylerchen/Cosmos-Gesture-Recognition-/processed/session_iris_periodic1/sessions/iris_clapping_002_seg000,,
combined_all,iris,clapping,periodic,cosmos_multi_sensor_gesture,2,1,1,9.0,3.0,"mmwave,imu,uwb",30,10.0,300,150,131,0,/Users/tylerchen/Cosmos-Gesture-Recognition-/processed/session_iris_periodic1/sessions/iris_clapping_002_seg001/trial_data.npz,/Users/tylerchen/Cosmos-Gesture-Recognition-/processed/session_iris_periodic1/sessions/iris_clapping_002_seg001,,
combined_all,iris,clapping,periodic,cosmos_multi_sensor_gesture,2,1,2,9.0,3.0,"mmwave,imu,uwb",30,10.0,300,150,149,0,/Users/tylerchen/Cosmos-Gesture-Recognition-/processed/session_iris_periodic1/sessions/iris_clapping_002_seg002/trial_data.npz,/Users/tylerchen/Cosmos-Gesture-Recognition-/processed/session_iris_periodic1/sessions/iris_clapping_002_seg002,,
combined_all,iris,clapping,periodic,cosmos_multi_sensor_gesture,3,1,0,9.0,3.0,"mmwave,imu,uwb",30,10.0,299,150,136,0,/Users/tylerchen/Cosmos-Gesture-Recognition-/processed/session_iris_periodic1/sessions/iris_clapping_003_seg000/trial_data.npz,/Users/tylerchen/Cosmos-Gesture-Recognition-/processed/session_iris_periodic1/sessions/iris_clapping_003_seg000,,
combined_all,iris,clapping,periodic,cosmos_multi_sensor_gesture,3,1,1,9.0,3.0,"mmwave,imu,uwb",30,10.0,301,150,148,0,/Users/tylerchen/Cosmos-Gesture-Recognition-/processed/session_iris_periodic1/sessions/iris_clapping_003_seg001/trial_data.npz,/Users/tylerchen/Cosmos-Gesture-Recognition-/processed/session_iris_periodic1/sessions/iris_clapping_003_seg001,,
combined_all,iris,clapping,periodic,cosmos_multi_sensor_gesture,3,1,2,9.0,3.0,"mmwave,imu,uwb",30,10.0,300,150,147,0,/Users/tylerchen/Cosmos-Gesture-Recognition-/processed/session_iris_periodic1/sessions/iris_clapping_003_seg002/trial_data.npz,/Users/tylerchen/Cosmos-Gesture-Recognition-/processed/session_iris_periodic1/sessions/iris_clapping_003_seg002,,
combined_all,iris,two_arm_boxing,periodic,cosmos_multi_sensor_gesture,1,1,0,9.0,3.0,"mmwave,imu,uwb",29,9.666666666666666,300,150,149,0,/Users/tylerchen/Cosmos-Gesture-Recognition-/processed/session_iris_periodic1/sessions/iris_two_arm_boxing_001_seg000/trial_data.npz,/Users/tylerchen/Cosmos-Gesture-Recognition-/processed/session_iris_periodic1/sessions/iris_two_arm_boxing_001_seg000,,
combined_all,iris,two_arm_boxing,periodic,cosmos_multi_sensor_gesture,1,1,1,9.0,3.0,"mmwave,imu,uwb",30,10.0,300,150,149,0,/Users/tylerchen/Cosmos-Gesture-Recognition-/processed/session_iris_periodic1/sessions/iris_two_arm_boxing_001_seg001/trial_data.npz,/Users/tylerchen/Cosmos-Gesture-Recognition-/processed/session_iris_periodic1/sessions/iris_two_arm_boxing_001_seg001,,
combined_all,iris,two_arm_boxing,periodic,cosmos_multi_sensor_gesture,1,1,2,9.0,3.0,"mmwave,imu,uwb",30,10.0,300,150,149,0,/Users/tylerchen/Cosmos-Gesture-Recognition-/processed/session_iris_periodic1/sessions/iris_two_arm_boxing_001_seg002/trial_data.npz,/Users/tylerchen/Cosmos-Gesture-Recognition-/processed/session_iris_periodic1/sessions/iris_two_arm_boxing_001_seg002,,
combined_all,iris,two_arm_boxing,periodic,cosmos_multi_sensor_gesture,2,1,0,9.0,3.0,"mmwave,imu,uwb",30,10.0,301,150,150,0,/Users/tylerchen/Cosmos-Gesture-Recognition-/processed/session_iris_periodic1/sessions/iris_two_arm_boxing_002_seg000/trial_data.npz,/Users/tylerchen/Cosmos-Gesture-Recognition-/processed/session_iris_periodic1/sessions/iris_two_arm_boxing_002_seg000,,
combined_all,iris,two_arm_boxing,periodic,cosmos_multi_sensor_gesture,2,1,1,9.0,3.0,"mmwave,imu,uwb",30,10.0,299,150,149,0,/Users/tylerchen/Cosmos-Gesture-Recognition-/processed/session_iris_periodic1/sessions/iris_two_arm_boxing_002_seg001/trial_data.npz,/Users/tylerchen/Cosmos-Gesture-Recognition-/processed/session_iris_periodic1/sessions/iris_two_arm_boxing_002_seg001,,
combined_all,iris,two_arm_boxing,periodic,cosmos_multi_sensor_gesture,2,1,2,9.0,3.0,"mmwave,imu,uwb",30,10.0,300,150,150,0,/Users/tylerchen/Cosmos-Gesture-Recognition-/processed/session_iris_periodic1/sessions/iris_two_arm_boxing_002_seg002/trial_data.npz,/Users/tylerchen/Cosmos-Gesture-Recognition-/processed/session_iris_periodic1/sessions/iris_two_arm_boxing_002_seg002,,
combined_all,iris,two_arm_boxing,periodic,cosmos_multi_sensor_gesture,3,1,0,9.0,3.0,"mmwave,imu,uwb",30,10.0,300,150,150,0,/Users/tylerchen/Cosmos-Gesture-Recognition-/processed/session_iris_periodic1/sessions/iris_two_arm_boxing_003_seg000/trial_data.npz,/Users/tylerchen/Cosmos-Gesture-Recognition-/processed/session_iris_periodic1/sessions/iris_two_arm_boxing_003_seg000,,
combined_all,iris,two_arm_boxing,periodic,cosmos_multi_sensor_gesture,3,1,1,9.0,3.0,"mmwave,imu,uwb",30,10.0,300,150,150,0,/Users/tylerchen/Cosmos-Gesture-Recognition-/processed/session_iris_periodic1/sessions/iris_two_arm_boxing_003_seg001/trial_data.npz,/Users/tylerchen/Cosmos-Gesture-Recognition-/processed/session_iris_periodic1/sessions/iris_two_arm_boxing_003_seg001,,
combined_all,iris,two_arm_boxing,periodic,cosmos_multi_sensor_gesture,3,1,2,9.0,3.0,"mmwave,imu,uwb",30,10.0,300,150,150,0,/Users/tylerchen/Cosmos-Gesture-Recognition-/processed/session_iris_periodic1/sessions/iris_two_arm_boxing_003_seg002/trial_data.npz,/Users/tylerchen/Cosmos-Gesture-Recognition-/processed/session_iris_periodic1/sessions/iris_two_arm_boxing_003_seg002,,
combined_all,iris,soli,periodic,cosmos_multi_sensor_gesture,1,1,0,9.0,3.0,"mmwave,imu,uwb",30,10.0,300,150,150,0,/Users/tylerchen/Cosmos-Gesture-Recognition-/processed/session_iris_periodic1/sessions/iris_soli_001_seg000/trial_data.npz,/Users/tylerchen/Cosmos-Gesture-Recognition-/processed/session_iris_periodic1/sessions/iris_soli_001_seg000,,
combined_all,iris,soli,periodic,cosmos_multi_sensor_gesture,1,1,1,9.0,3.0,"mmwave,imu,uwb",30,10.0,300,150,150,0,/Users/tylerchen/Cosmos-Gesture-Recognition-/processed/session_iris_periodic1/sessions/iris_soli_001_seg001/trial_data.npz,/Users/tylerchen/Cosmos-Gesture-Recognition-/processed/session_iris_periodic1/sessions/iris_soli_001_seg001,,
combined_all,iris,soli,periodic,cosmos_multi_sensor_gesture,1,1,2,9.0,3.0,"mmwave,imu,uwb",30,10.0,300,150,150,0,/Users/tylerchen/Cosmos-Gesture-Recognition-/processed/session_iris_periodic1/sessions/iris_soli_001_seg002/trial_data.npz,/Users/tylerchen/Cosmos-Gesture-Recognition-/processed/session_iris_periodic1/sessions/iris_soli_001_seg002,,
combined_all,iris,soli,periodic,cosmos_multi_sensor_gesture,2,1,0,9.0,3.0,"mmwave,imu,uwb",30,10.0,300,150,150,0,/Users/tylerchen/Cosmos-Gesture-Recognition-/processed/session_iris_periodic1/sessions/iris_soli_002_seg000/trial_data.npz,/Users/tylerchen/Cosmos-Gesture-Recognition-/processed/session_iris_periodic1/sessions/iris_soli_002_seg000,,
combined_all,iris,soli,periodic,cosmos_multi_sensor_gesture,2,1,1,9.0,3.0,"mmwave,imu,uwb",30,10.0,300,150,150,0,/Users/tylerchen/Cosmos-Gesture-Recognition-/processed/session_iris_periodic1/sessions/iris_soli_002_seg001/trial_data.npz,/Users/tylerchen/Cosmos-Gesture-Recognition-/processed/session_iris_periodic1/sessions/iris_soli_002_seg001,,
combined_all,iris,soli,periodic,cosmos_multi_sensor_gesture,2,1,2,9.0,3.0,"mmwave,imu,uwb",30,10.0,300,150,150,0,/Users/tylerchen/Cosmos-Gesture-Recognition-/processed/session_iris_periodic1/sessions/iris_soli_002_seg002/trial_data.npz,/Users/tylerchen/Cosmos-Gesture-Recognition-/processed/session_iris_periodic1/sessions/iris_soli_002_seg002,,
combined_all,iris,soli,periodic,cosmos_multi_sensor_gesture,3,1,0,9.0,3.0,"mmwave,imu,uwb",30,10.0,301,150,150,0,/Users/tylerchen/Cosmos-Gesture-Recognition-/processed/session_iris_periodic1/sessions/iris_soli_003_seg000/trial_data.npz,/Users/tylerchen/Cosmos-Gesture-Recognition-/processed/session_iris_periodic1/sessions/iris_soli_003_seg000,,
combined_all,iris,soli,periodic,cosmos_multi_sensor_gesture,3,1,1,9.0,3.0,"mmwave,imu,uwb",30,10.0,300,150,150,0,/Users/tylerchen/Cosmos-Gesture-Recognition-/processed/session_iris_periodic1/sessions/iris_soli_003_seg001/trial_data.npz,/Users/tylerchen/Cosmos-Gesture-Recognition-/processed/session_iris_periodic1/sessions/iris_soli_003_seg001,,
combined_all,iris,soli,periodic,cosmos_multi_sensor_gesture,3,1,2,9.0,3.0,"mmwave,imu,uwb",30,10.0,300,150,150,0,/Users/tylerchen/Cosmos-Gesture-Recognition-/processed/session_iris_periodic1/sessions/iris_soli_003_seg002/trial_data.npz,/Users/tylerchen/Cosmos-Gesture-Recognition-/processed/session_iris_periodic1/sessions/iris_soli_003_seg002,,
combined_all,iris,palm_up_down,periodic,cosmos_multi_sensor_gesture,1,1,0,9.0,3.0,"mmwave,imu,uwb",30,10.0,300,150,150,0,/Users/tylerchen/Cosmos-Gesture-Recognition-/processed/session_iris_periodic1/sessions/iris_palm_up_down_001_seg000/trial_data.npz,/Users/tylerchen/Cosmos-Gesture-Recognition-/processed/session_iris_periodic1/sessions/iris_palm_up_down_001_seg000,,
combined_all,iris,palm_up_down,periodic,cosmos_multi_sensor_gesture,1,1,1,9.0,3.0,"mmwave,imu,uwb",30,10.0,300,150,150,0,/Users/tylerchen/Cosmos-Gesture-Recognition-/processed/session_iris_periodic1/sessions/iris_palm_up_down_001_seg001/trial_data.npz,/Users/tylerchen/Cosmos-Gesture-Recognition-/processed/session_iris_periodic1/sessions/iris_palm_up_down_001_seg001,,
combined_all,iris,palm_up_down,periodic,cosmos_multi_sensor_gesture,1,1,2,9.0,3.0,"mmwave,imu,uwb",30,10.0,300,150,150,0,/Users/tylerchen/Cosmos-Gesture-Recognition-/processed/session_iris_periodic1/sessions/iris_palm_up_down_001_seg002/trial_data.npz,/Users/tylerchen/Cosmos-Gesture-Recognition-/processed/session_iris_periodic1/sessions/iris_palm_up_down_001_seg002,,
combined_all,iris,palm_up_down,periodic,cosmos_multi_sensor_gesture,2,1,0,9.0,3.0,"mmwave,imu,uwb",30,10.0,300,150,150,0,/Users/tylerchen/Cosmos-Gesture-Recognition-/processed/session_iris_periodic1/sessions/iris_palm_up_down_002_seg000/trial_data.npz,/Users/tylerchen/Cosmos-Gesture-Recognition-/processed/session_iris_periodic1/sessions/iris_palm_up_down_002_seg000,,
combined_all,iris,palm_up_down,periodic,cosmos_multi_sensor_gesture,2,1,1,9.0,3.0,"mmwave,imu,uwb",30,10.0,300,150,150,0,/Users/tylerchen/Cosmos-Gesture-Recognition-/processed/session_iris_periodic1/sessions/iris_palm_up_down_002_seg001/trial_data.npz,/Users/tylerchen/Cosmos-Gesture-Recognition-/processed/session_iris_periodic1/sessions/iris_palm_up_down_002_seg001,,
combined_all,iris,palm_up_down,periodic,cosmos_multi_sensor_gesture,2,1,2,9.0,2.999999999999986,"mmwave,imu,uwb",30,10.000000000000048,300,150,150,0,/Users/tylerchen/Cosmos-Gesture-Recognition-/processed/session_iris_periodic1/sessions/iris_palm_up_down_002_seg002/trial_data.npz,/Users/tylerchen/Cosmos-Gesture-Recognition-/processed/session_iris_periodic1/sessions/iris_palm_up_down_002_seg002,,
combined_all,iris,palm_up_down,periodic,cosmos_multi_sensor_gesture,3,1,0,9.0,3.0,"mmwave,imu,uwb",30,10.0,300,150,150,0,/Users/tylerchen/Cosmos-Gesture-Recognition-/processed/session_iris_periodic1/sessions/iris_palm_up_down_003_seg000/trial_data.npz,/Users/tylerchen/Cosmos-Gesture-Recognition-/processed/session_iris_periodic1/sessions/iris_palm_up_down_003_seg000,,
combined_all,iris,palm_up_down,periodic,cosmos_multi_sensor_gesture,3,1,1,9.0,3.0,"mmwave,imu,uwb",30,10.0,300,150,148,0,/Users/tylerchen/Cosmos-Gesture-Recognition-/processed/session_iris_periodic1/sessions/iris_palm_up_down_003_seg001/trial_data.npz,/Users/tylerchen/Cosmos-Gesture-Recognition-/processed/session_iris_periodic1/sessions/iris_palm_up_down_003_seg001,,
combined_all,iris,palm_up_down,periodic,cosmos_multi_sensor_gesture,3,1,2,9.0,3.0,"mmwave,imu,uwb",30,10.0,300,150,150,0,/Users/tylerchen/Cosmos-Gesture-Recognition-/processed/session_iris_periodic1/sessions/iris_palm_up_down_003_seg002/trial_data.npz,/Users/tylerchen/Cosmos-Gesture-Recognition-/processed/session_iris_periodic1/sessions/iris_palm_up_down_003_seg002,,
combined_all,iris,one_arm_boxing,periodic,cosmos_multi_sensor_gesture,1,1,0,9.0,3.0,"mmwave,imu,uwb",0,0.0,300,150,149,0,/Users/tylerchen/Cosmos-Gesture-Recognition-/processed/session_iris_periodic2/sessions/iris_one_arm_boxing_001_seg000/trial_data.npz,/Users/tylerchen/Cosmos-Gesture-Recognition-/processed/session_iris_periodic2/sessions/iris_one_arm_boxing_001_seg000,,
combined_all,iris,one_arm_boxing,periodic,cosmos_multi_sensor_gesture,1,1,1,9.0,3.0,"mmwave,imu,uwb",0,0.0,300,150,150,0,/Users/tylerchen/Cosmos-Gesture-Recognition-/processed/session_iris_periodic2/sessions/iris_one_arm_boxing_001_seg001/trial_data.npz,/Users/tylerchen/Cosmos-Gesture-Recognition-/processed/session_iris_periodic2/sessions/iris_one_arm_boxing_001_seg001,,
combined_all,iris,one_arm_boxing,periodic,cosmos_multi_sensor_gesture,1,1,2,9.0,3.0,"mmwave,imu,uwb",0,0.0,300,150,150,0,/Users/tylerchen/Cosmos-Gesture-Recognition-/processed/session_iris_periodic2/sessions/iris_one_arm_boxing_001_seg002/trial_data.npz,/Users/tylerchen/Cosmos-Gesture-Recognition-/processed/session_iris_periodic2/sessions/iris_one_arm_boxing_001_seg002,,
combined_all,iris,one_arm_boxing,periodic,cosmos_multi_sensor_gesture,2,1,0,9.0,3.0,"mmwave,imu,uwb",0,0.0,300,150,150,0,/Users/tylerchen/Cosmos-Gesture-Recognition-/processed/session_iris_periodic2/sessions/iris_one_arm_boxing_002_seg000/trial_data.npz,/Users/tylerchen/Cosmos-Gesture-Recognition-/processed/session_iris_periodic2/sessions/iris_one_arm_boxing_002_seg000,,
combined_all,iris,one_arm_boxing,periodic,cosmos_multi_sensor_gesture,2,1,1,9.0,3.0,"mmwave,imu,uwb",0,0.0,300,150,149,0,/Users/tylerchen/Cosmos-Gesture-Recognition-/processed/session_iris_periodic2/sessions/iris_one_arm_boxing_002_seg001/trial_data.npz,/Users/tylerchen/Cosmos-Gesture-Recognition-/processed/session_iris_periodic2/sessions/iris_one_arm_boxing_002_seg001,,
combined_all,iris,one_arm_boxing,periodic,cosmos_multi_sensor_gesture,2,1,2,9.0,3.0,"mmwave,imu,uwb",0,0.0,300,150,150,0,/Users/tylerchen/Cosmos-Gesture-Recognition-/processed/session_iris_periodic2/sessions/iris_one_arm_boxing_002_seg002/trial_data.npz,/Users/tylerchen/Cosmos-Gesture-Recognition-/processed/session_iris_periodic2/sessions/iris_one_arm_boxing_002_seg002,,
combined_all,iris,one_arm_boxing,periodic,cosmos_multi_sensor_gesture,3,1,0,9.0,3.0,"mmwave,imu,uwb",0,0.0,300,150,150,0,/Users/tylerchen/Cosmos-Gesture-Recognition-/processed/session_iris_periodic2/sessions/iris_one_arm_boxing_003_seg000/trial_data.npz,/Users/tylerchen/Cosmos-Gesture-Recognition-/processed/session_iris_periodic2/sessions/iris_one_arm_boxing_003_seg000,,
combined_all,iris,one_arm_boxing,periodic,cosmos_multi_sensor_gesture,3,1,1,9.0,3.0,"mmwave,imu,uwb",0,0.0,300,150,150,0,/Users/tylerchen/Cosmos-Gesture-Recognition-/processed/session_iris_periodic2/sessions/iris_one_arm_boxing_003_seg001/trial_data.npz,/Users/tylerchen/Cosmos-Gesture-Recognition-/processed/session_iris_periodic2/sessions/iris_one_arm_boxing_003_seg001,,
combined_all,iris,one_arm_boxing,periodic,cosmos_multi_sensor_gesture,3,1,2,9.0,3.0,"mmwave,imu,uwb",0,0.0,300,150,149,0,/Users/tylerchen/Cosmos-Gesture-Recognition-/processed/session_iris_periodic2/sessions/iris_one_arm_boxing_003_seg002/trial_data.npz,/Users/tylerchen/Cosmos-Gesture-Recognition-/processed/session_iris_periodic2/sessions/iris_one_arm_boxing_003_seg002,,
combined_all,iris,clapping,periodic,cosmos_multi_sensor_gesture,1,1,0,9.0,3.0,"mmwave,imu,uwb",0,0.0,300,150,148,0,/Users/tylerchen/Cosmos-Gesture-Recognition-/processed/session_iris_periodic2/sessions/iris_clapping_001_seg000/trial_data.npz,/Users/tylerchen/Cosmos-Gesture-Recognition-/processed/session_iris_periodic2/sessions/iris_clapping_001_seg000,,
combined_all,iris,clapping,periodic,cosmos_multi_sensor_gesture,1,1,1,9.0,3.0,"mmwave,imu,uwb",0,0.0,300,150,137,0,/Users/tylerchen/Cosmos-Gesture-Recognition-/processed/session_iris_periodic2/sessions/iris_clapping_001_seg001/trial_data.npz,/Users/tylerchen/Cosmos-Gesture-Recognition-/processed/session_iris_periodic2/sessions/iris_clapping_001_seg001,,
combined_all,iris,clapping,periodic,cosmos_multi_sensor_gesture,1,1,2,9.0,3.0,"mmwave,imu,uwb",0,0.0,300,150,147,0,/Users/tylerchen/Cosmos-Gesture-Recognition-/processed/session_iris_periodic2/sessions/iris_clapping_001_seg002/trial_data.npz,/Users/tylerchen/Cosmos-Gesture-Recognition-/processed/session_iris_periodic2/sessions/iris_clapping_001_seg002,,
combined_all,student1,pull,discrete,cosmos_multi_sensor_gesture,1,2,0,3.0,3.0046330000000125,"mmwave,imu,uwb,rfid",30,9.984580479546047,300,150,150,0,/Users/tylerchen/Cosmos-Gesture-Recognition-/processed/session_joanna_discrete/sessions/student1_pull_001/trial_data.npz,/Users/tylerchen/Cosmos-Gesture-Recognition-/processed/session_joanna_discrete/sessions/student1_pull_001,,
combined_all,student1,pull,discrete,cosmos_multi_sensor_gesture,2,1,0,3.0,3.018103999999994,"mmwave,imu,uwb,rfid",30,9.940015320876968,302,151,151,0,/Users/tylerchen/Cosmos-Gesture-Recognition-/processed/session_joanna_discrete/sessions/student1_pull_002/trial_data.npz,/Users/tylerchen/Cosmos-Gesture-Recognition-/processed/session_joanna_discrete/sessions/student1_pull_002,,
combined_all,student1,pull,discrete,cosmos_multi_sensor_gesture,3,1,0,3.0,3.01099099999999,"mmwave,imu,uwb,rfid",30,9.963497067908904,301,151,151,0,/Users/tylerchen/Cosmos-Gesture-Recognition-/processed/session_joanna_discrete/sessions/student1_pull_003/trial_data.npz,/Users/tylerchen/Cosmos-Gesture-Recognition-/processed/session_joanna_discrete/sessions/student1_pull_003,,
combined_all,student1,pull,discrete,cosmos_multi_sensor_gesture,4,1,0,3.0,3.019712999999996,"mmwave,imu,uwb,rfid",30,9.934718961702666,302,151,151,0,/Users/tylerchen/Cosmos-Gesture-Recognition-/processed/session_joanna_discrete/sessions/student1_pull_004/trial_data.npz,/Users/tylerchen/Cosmos-Gesture-Recognition-/processed/session_joanna_discrete/sessions/student1_pull_004,,
combined_all,student1,pull,discrete,cosmos_multi_sensor_gesture,5,1,0,3.0,3.011448999999999,"mmwave,imu,uwb,rfid",30,9.961981756954877,302,150,150,0,/Users/tylerchen/Cosmos-Gesture-Recognition-/processed/session_joanna_discrete/sessions/student1_pull_005/trial_data.npz,/Users/tylerchen/Cosmos-Gesture-Recognition-/processed/session_joanna_discrete/sessions/student1_pull_005,,
combined_all,student1,pull,discrete,cosmos_multi_sensor_gesture,6,1,0,3.0,3.0097539999999867,"mmwave,imu,uwb,rfid",30,9.967592035761106,301,150,149,0,/Users/tylerchen/Cosmos-Gesture-Recognition-/processed/session_joanna_discrete/sessions/student1_pull_006/trial_data.npz,/Users/tylerchen/Cosmos-Gesture-Recognition-/processed/session_joanna_discrete/sessions/student1_pull_006,,
combined_all,student1,pull,discrete,cosmos_multi_sensor_gesture,7,1,0,3.0,3.0230459999999653,"mmwave,imu,uwb,rfid",30,9.923765632411927,303,151,151,0,/Users/tylerchen/Cosmos-Gesture-Recognition-/processed/session_joanna_discrete/sessions/student1_pull_007/trial_data.npz,/Users/tylerchen/Cosmos-Gesture-Recognition-/processed/session_joanna_discrete/sessions/student1_pull_007,,
combined_all,student1,pull,discrete,cosmos_multi_sensor_gesture,8,1,0,3.0,3.005773999999974,"mmwave,imu,uwb,rfid",30,9.980790305591924,301,150,150,0,/Users/tylerchen/Cosmos-Gesture-Recognition-/processed/session_joanna_discrete/sessions/student1_pull_008/trial_data.npz,/Users/tylerchen/Cosmos-Gesture-Recognition-/processed/session_joanna_discrete/sessions/student1_pull_008,,
combined_all,student1,push,discrete,cosmos_multi_sensor_gesture,1,1,0,3.0,3.006578999999988,"mmwave,imu,uwb,rfid",30,9.978117987253992,300,150,150,0,/Users/tylerchen/Cosmos-Gesture-Recognition-/processed/session_joanna_discrete/sessions/student1_push_001/trial_data.npz,/Users/tylerchen/Cosmos-Gesture-Recognition-/processed/session_joanna_discrete/sessions/student1_push_001,,
combined_all,student1,push,discrete,cosmos_multi_sensor_gesture,2,1,0,3.0,3.021552999999983,"mmwave,imu,uwb,rfid",30,9.928669131403675,303,151,151,0,/Users/tylerchen/Cosmos-Gesture-Recognition-/processed/session_joanna_discrete/sessions/student1_push_002/trial_data.npz,/Users/tylerchen/Cosmos-Gesture-Recognition-/processed/session_joanna_discrete/sessions/student1_push_002,,
combined_all,student1,push,discrete,cosmos_multi_sensor_gesture,3,1,0,3.0,3.0082309999999666,"mmwave,imu,uwb,rfid",30,9.972638404431153,301,150,150,0,/Users/tylerchen/Cosmos-Gesture-Recognition-/processed/session_joanna_discrete/sessions/student1_push_003/trial_data.npz,/Users/tylerchen/Cosmos-Gesture-Recognition-/processed/session_joanna_discrete/sessions/student1_push_003,,
combined_all,student1,push,discrete,cosmos_multi_sensor_gesture,4,1,0,3.0,3.0141570000000115,"mmwave,imu,uwb,rfid",30,9.953031643673466,301,151,151,0,/Users/tylerchen/Cosmos-Gesture-Recognition-/processed/session_joanna_discrete/sessions/student1_push_004/trial_data.npz,/Users/tylerchen/Cosmos-Gesture-Recognition-/processed/session_joanna_discrete/sessions/student1_push_004,,
combined_all,student1,push,discrete,cosmos_multi_sensor_gesture,5,1,0,3.0,3.005505000000028,"mmwave,imu,uwb,rfid",30,9.981683610574503,300,151,151,0,/Users/tylerchen/Cosmos-Gesture-Recognition-/processed/session_joanna_discrete/sessions/student1_push_005/trial_data.npz,/Users/tylerchen/Cosmos-Gesture-Recognition-/processed/session_joanna_discrete/sessions/student1_push_005,,
combined_all,student1,push,discrete,cosmos_multi_sensor_gesture,6,1,0,3.0,3.0232089999999516,"mmwave,imu,uwb,rfid",30,9.923230580485994,302,152,152,0,/Users/tylerchen/Cosmos-Gesture-Recognition-/processed/session_joanna_discrete/sessions/student1_push_006/trial_data.npz,/Users/tylerchen/Cosmos-Gesture-Recognition-/processed/session_joanna_discrete/sessions/student1_push_006,,
combined_all,student1,push,discrete,cosmos_multi_sensor_gesture,7,1,0,3.0,3.001358000000039,"mmwave,imu,uwb,rfid",30,9.995475381477188,300,150,150,0,/Users/tylerchen/Cosmos-Gesture-Recognition-/processed/session_joanna_discrete/sessions/student1_push_007/trial_data.npz,/Users/tylerchen/Cosmos-Gesture-Recognition-/processed/session_joanna_discrete/sessions/student1_push_007,,
combined_all,student1,push,discrete,cosmos_multi_sensor_gesture,8,1,0,3.0,3.0173490000000243,"mmwave,imu,uwb,rfid",31,10.273919258262717,301,151,151,0,/Users/tylerchen/Cosmos-Gesture-Recognition-/processed/session_joanna_discrete/sessions/student1_push_008/trial_data.npz,/Users/tylerchen/Cosmos-Gesture-Recognition-/processed/session_joanna_discrete/sessions/student1_push_008,,
combined_all,student1,clockwise,discrete,cosmos_multi_sensor_gesture,1,1,0,3.0,3.0180139999999938,"mmwave,imu,uwb,rfid",30,9.94031174142998,302,151,151,0,/Users/tylerchen/Cosmos-Gesture-Recognition-/processed/session_joanna_discrete/sessions/student1_clockwise_001/trial_data.npz,/Users/tylerchen/Cosmos-Gesture-Recognition-/processed/session_joanna_discrete/sessions/student1_clockwise_001,,
combined_all,student1,clockwise,discrete,cosmos_multi_sensor_gesture,2,1,0,3.0,3.014616999999987,"mmwave,imu,uwb,rfid",30,9.951512911922187,302,151,151,0,/Users/tylerchen/Cosmos-Gesture-Recognition-/processed/session_joanna_discrete/sessions/student1_clockwise_002/trial_data.npz,/Users/tylerchen/Cosmos-Gesture-Recognition-/processed/session_joanna_discrete/sessions/student1_clockwise_002,,
combined_all,student1,clockwise,discrete,cosmos_multi_sensor_gesture,3,1,0,3.0,3.009558000000027,"mmwave,imu,uwb,rfid",30,9.968241183588995,301,151,150,0,/Users/tylerchen/Cosmos-Gesture-Recognition-/processed/session_joanna_discrete/sessions/student1_clockwise_003/trial_data.npz,/Users/tylerchen/Cosmos-Gesture-Recognition-/processed/session_joanna_discrete/sessions/student1_clockwise_003,,
combined_all,student1,clockwise,discrete,cosmos_multi_sensor_gesture,4,1,0,3.0,3.011999000000003,"mmwave,imu,uwb,rfid",30,9.960162669376706,301,150,150,0,/Users/tylerchen/Cosmos-Gesture-Recognition-/processed/session_joanna_discrete/sessions/student1_clockwise_004/trial_data.npz,/Users/tylerchen/Cosmos-Gesture-Recognition-/processed/session_joanna_discrete/sessions/student1_clockwise_004,,
combined_all,student1,clockwise,discrete,cosmos_multi_sensor_gesture,5,1,0,3.0,3.018259999999998,"mmwave,imu,uwb,rfid",30,9.939501567128087,302,150,150,0,/Users/tylerchen/Cosmos-Gesture-Recognition-/processed/session_joanna_discrete/sessions/student1_clockwise_005/trial_data.npz,/Users/tylerchen/Cosmos-Gesture-Recognition-/processed/session_joanna_discrete/sessions/student1_clockwise_005,,
combined_all,student1,clockwise,discrete,cosmos_multi_sensor_gesture,6,1,0,3.0,3.024911999999972,"mmwave,imu,uwb,rfid",30,9.917643885177577,302,151,151,0,/Users/tylerchen/Cosmos-Gesture-Recognition-/processed/session_joanna_discrete/sessions/student1_clockwise_006/trial_data.npz,/Users/tylerchen/Cosmos-Gesture-Recognition-/processed/session_joanna_discrete/sessions/student1_clockwise_006,,
combined_all,student1,clockwise,discrete,cosmos_multi_sensor_gesture,7,1,0,3.0,3.0234370000000013,"mmwave,imu,uwb,rfid",30,9.922482261082333,302,151,151,0,/Users/tylerchen/Cosmos-Gesture-Recognition-/processed/session_joanna_discrete/sessions/student1_clockwise_007/trial_data.npz,/Users/tylerchen/Cosmos-Gesture-Recognition-/processed/session_joanna_discrete/sessions/student1_clockwise_007,,
combined_all,student1,clockwise,discrete,cosmos_multi_sensor_gesture,8,1,0,3.0,3.022839000000033,"mmwave,imu,uwb,rfid",30,9.924445198702172,302,151,151,0,/Users/tylerchen/Cosmos-Gesture-Recognition-/processed/session_joanna_discrete/sessions/student1_clockwise_008/trial_data.npz,/Users/tylerchen/Cosmos-Gesture-Recognition-/processed/session_joanna_discrete/sessions/student1_clockwise_008,,
combined_all,student1,anti_clockwise,discrete,cosmos_multi_sensor_gesture,1,1,0,3.0,3.01276299999995,"mmwave,imu,uwb,rfid",30,9.957636893443162,301,150,150,0,/Users/tylerchen/Cosmos-Gesture-Recognition-/processed/session_joanna_discrete/sessions/student1_anti_clockwise_001/trial_data.npz,/Users/tylerchen/Cosmos-Gesture-Recognition-/processed/session_joanna_discrete/sessions/student1_anti_clockwise_001,,
combined_all,student1,anti_clockwise,discrete,cosmos_multi_sensor_gesture,2,1,0,3.0,3.0105819999999994,"mmwave,imu,uwb,rfid",30,9.964850650140075,301,150,149,0,/Users/tylerchen/Cosmos-Gesture-Recognition-/processed/session_joanna_discrete/sessions/student1_anti_clockwise_002/trial_data.npz,/Users/tylerchen/Cosmos-Gesture-Recognition-/processed/session_joanna_discrete/sessions/student1_anti_clockwise_002,,
combined_all,student1,anti_clockwise,discrete,cosmos_multi_sensor_gesture,3,1,0,3.0,3.021671999999967,"mmwave,imu,uwb,rfid",30,9.928278118869397,303,151,151,0,/Users/tylerchen/Cosmos-Gesture-Recognition-/processed/session_joanna_discrete/sessions/student1_anti_clockwise_003/trial_data.npz,/Users/tylerchen/Cosmos-Gesture-Recognition-/processed/session_joanna_discrete/sessions/student1_anti_clockwise_003,,
combined_all,student1,anti_clockwise,discrete,cosmos_multi_sensor_gesture,4,1,0,3.0,3.004986000000031,"mmwave,imu,uwb,rfid",30,9.983407576607576,301,150,150,0,/Users/tylerchen/Cosmos-Gesture-Recognition-/processed/session_joanna_discrete/sessions/student1_anti_clockwise_004/trial_data.npz,/Users/tylerchen/Cosmos-Gesture-Recognition-/processed/session_joanna_discrete/sessions/student1_anti_clockwise_004,,
combined_all,student1,anti_clockwise,discrete,cosmos_multi_sensor_gesture,5,1,0,3.0,3.0084620000000086,"mmwave,imu,uwb,rfid",30,9.971872671152209,300,150,150,0,/Users/tylerchen/Cosmos-Gesture-Recognition-/processed/session_joanna_discrete/sessions/student1_anti_clockwise_005/trial_data.npz,/Users/tylerchen/Cosmos-Gesture-Recognition-/processed/session_joanna_discrete/sessions/student1_anti_clockwise_005,,
combined_all,student1,anti_clockwise,discrete,cosmos_multi_sensor_gesture,6,1,0,3.0,3.003355000000056,"mmwave,imu,uwb,rfid",30,9.988829159389896,300,150,148,0,/Users/tylerchen/Cosmos-Gesture-Recognition-/processed/session_joanna_discrete/sessions/student1_anti_clockwise_006/trial_data.npz,/Users/tylerchen/Cosmos-Gesture-Recognition-/processed/session_joanna_discrete/sessions/student1_anti_clockwise_006,,
combined_all,student1,anti_clockwise,discrete,cosmos_multi_sensor_gesture,7,1,0,3.0,3.0231449999999995,"mmwave,imu,uwb,rfid",30,9.923440655344022,303,151,150,0,/Users/tylerchen/Cosmos-Gesture-Recognition-/processed/session_joanna_discrete/sessions/student1_anti_clockwise_007/trial_data.npz,/Users/tylerchen/Cosmos-Gesture-Recognition-/processed/session_joanna_discrete/sessions/student1_anti_clockwise_007,,
combined_all,student1,anti_clockwise,discrete,cosmos_multi_sensor_gesture,8,1,0,3.0,3.0010019999999713,"mmwave,imu,uwb,rfid",30,9.996661115187623,301,150,150,0,/Users/tylerchen/Cosmos-Gesture-Recognition-/processed/session_joanna_discrete/sessions/student1_anti_clockwise_008/trial_data.npz,/Users/tylerchen/Cosmos-Gesture-Recognition-/processed/session_joanna_discrete/sessions/student1_anti_clockwise_008,,
combined_all,student1,right,discrete,cosmos_multi_sensor_gesture,1,1,0,3.0,3.007385999999997,"mmwave,imu,uwb,rfid",31,10.30795514775956,301,150,150,0,/Users/tylerchen/Cosmos-Gesture-Recognition-/processed/session_joanna_discrete/sessions/student1_right_001/trial_data.npz,/Users/tylerchen/Cosmos-Gesture-Recognition-/processed/session_joanna_discrete/sessions/student1_right_001,,
combined_all,student1,right,discrete,cosmos_multi_sensor_gesture,2,1,0,3.0,3.0129230000000007,"mmwave,imu,uwb,rfid",31,10.289011700597722,302,151,151,0,/Users/tylerchen/Cosmos-Gesture-Recognition-/processed/session_joanna_discrete/sessions/student1_right_002/trial_data.npz,/Users/tylerchen/Cosmos-Gesture-Recognition-/processed/session_joanna_discrete/sessions/student1_right_002,,
combined_all,student1,right,discrete,cosmos_multi_sensor_gesture,3,1,0,3.0,3.018330999999989,"mmwave,imu,uwb,rfid",30,9.939267760891733,302,151,151,0,/Users/tylerchen/Cosmos-Gesture-Recognition-/processed/session_joanna_discrete/sessions/student1_right_003/trial_data.npz,/Users/tylerchen/Cosmos-Gesture-Recognition-/processed/session_joanna_discrete/sessions/student1_right_003,,
combined_all,student1,right,discrete,cosmos_multi_sensor_gesture,4,1,0,3.0,3.004764000000023,"mmwave,imu,uwb,rfid",30,9.984145177458121,300,151,151,0,/Users/tylerchen/Cosmos-Gesture-Recognition-/processed/session_joanna_discrete/sessions/student1_right_004/trial_data.npz,/Users/tylerchen/Cosmos-Gesture-Recognition-/processed/session_joanna_discrete/sessions/student1_right_004,,
combined_all,student1,right,discrete,cosmos_multi_sensor_gesture,5,1,0,3.0,3.016452000000072,"mmwave,imu,uwb,rfid",30,9.945459102282841,302,151,151,0,/Users/tylerchen/Cosmos-Gesture-Recognition-/processed/session_joanna_discrete/sessions/student1_right_005/trial_data.npz,/Users/tylerchen/Cosmos-Gesture-Recognition-/processed/session_joanna_discrete/sessions/student1_right_005,,
combined_all,student1,right,discrete,cosmos_multi_sensor_gesture,6,1,0,3.0,3.0117740000000595,"mmwave,imu,uwb,rfid",30,9.960906761264095,301,150,150,0,/Users/tylerchen/Cosmos-Gesture-Recognition-/processed/session_joanna_discrete/sessions/student1_right_006/trial_data.npz,/Users/tylerchen/Cosmos-Gesture-Recognition-/processed/session_joanna_discrete/sessions/student1_right_006,,
combined_all,student1,right,discrete,cosmos_multi_sensor_gesture,7,1,0,3.0,3.018778999999995,"mmwave,imu,uwb,rfid",31,10.26905248777736,302,151,150,0,/Users/tylerchen/Cosmos-Gesture-Recognition-/processed/session_joanna_discrete/sessions/student1_right_007/trial_data.npz,/Users/tylerchen/Cosmos-Gesture-Recognition-/processed/session_joanna_discrete/sessions/student1_right_007,,
combined_all,student1,right,discrete,cosmos_multi_sensor_gesture,8,1,0,3.0,3.021912000000043,"mmwave,imu,uwb,rfid",30,9.92748961584572,302,151,151,0,/Users/tylerchen/Cosmos-Gesture-Recognition-/processed/session_joanna_discrete/sessions/student1_right_008/trial_data.npz,/Users/tylerchen/Cosmos-Gesture-Recognition-/processed/session_joanna_discrete/sessions/student1_right_008,,
combined_all,student1,left,discrete,cosmos_multi_sensor_gesture,1,2,0,3.0,3.0058890000000247,"mmwave,imu,uwb,rfid",30,9.980408458196479,300,150,150,0,/Users/tylerchen/Cosmos-Gesture-Recognition-/processed/session_joanna_discrete/sessions/student1_left_001/trial_data.npz,/Users/tylerchen/Cosmos-Gesture-Recognition-/processed/session_joanna_discrete/sessions/student1_left_001,,
combined_all,student1,left,discrete,cosmos_multi_sensor_gesture,2,1,0,3.0,3.003922999999986,"mmwave,imu,uwb,rfid",30,9.986940410922696,300,151,151,0,/Users/tylerchen/Cosmos-Gesture-Recognition-/processed/session_joanna_discrete/sessions/student1_left_002/trial_data.npz,/Users/tylerchen/Cosmos-Gesture-Recognition-/processed/session_joanna_discrete/sessions/student1_left_002,,
combined_all,student1,left,discrete,cosmos_multi_sensor_gesture,3,1,0,3.0,3.0084969999999203,"mmwave,imu,uwb,rfid",30,9.971756661216812,301,151,149,0,/Users/tylerchen/Cosmos-Gesture-Recognition-/processed/session_joanna_discrete/sessions/student1_left_003/trial_data.npz,/Users/tylerchen/Cosmos-Gesture-Recognition-/processed/session_joanna_discrete/sessions/student1_left_003,,
combined_all,student1,left,discrete,cosmos_multi_sensor_gesture,4,1,0,3.0,3.015696000000048,"mmwave,imu,uwb,rfid",30,9.947952313495632,301,151,150,0,/Users/tylerchen/Cosmos-Gesture-Recognition-/processed/session_joanna_discrete/sessions/student1_left_004/trial_data.npz,/Users/tylerchen/Cosmos-Gesture-Recognition-/processed/session_joanna_discrete/sessions/student1_left_004,,
combined_all,student1,left,discrete,cosmos_multi_sensor_gesture,5,1,0,3.0,3.0172830000000204,"mmwave,imu,uwb,rfid",31,10.27414398980798,302,151,151,0,/Users/tylerchen/Cosmos-Gesture-Recognition-/processed/session_joanna_discrete/sessions/student1_left_005/trial_data.npz,/Users/tylerchen/Cosmos-Gesture-Recognition-/processed/session_joanna_discrete/sessions/student1_left_005,,
combined_all,student1,left,discrete,cosmos_multi_sensor_gesture,6,1,0,3.0,3.0243849999999384,"mmwave,imu,uwb,rfid",30,9.919372037621073,303,152,150,0,/Users/tylerchen/Cosmos-Gesture-Recognition-/processed/session_joanna_discrete/sessions/student1_left_006/trial_data.npz,/Users/tylerchen/Cosmos-Gesture-Recognition-/processed/session_joanna_discrete/sessions/student1_left_006,,
combined_all,student1,left,discrete,cosmos_multi_sensor_gesture,7,1,0,3.0,3.000676999999996,"mmwave,imu,uwb,rfid",30,9.997743842472895,300,150,149,0,/Users/tylerchen/Cosmos-Gesture-Recognition-/processed/session_joanna_discrete/sessions/student1_left_007/trial_data.npz,/Users/tylerchen/Cosmos-Gesture-Recognition-/processed/session_joanna_discrete/sessions/student1_left_007,,
combined_all,student1,left,discrete,cosmos_multi_sensor_gesture,8,1,0,3.0,3.006153999999924,"mmwave,imu,uwb,rfid",30,9.979528660208612,300,150,150,0,/Users/tylerchen/Cosmos-Gesture-Recognition-/processed/session_joanna_discrete/sessions/student1_left_008/trial_data.npz,/Users/tylerchen/Cosmos-Gesture-Recognition-/processed/session_joanna_discrete/sessions/student1_left_008,,
combined_all,student1,bye_bye,discrete,cosmos_multi_sensor_gesture,1,1,0,3.0,3.0015589999999293,"mmwave,imu,uwb,rfid",30,9.994806032465364,299,150,149,0,/Users/tylerchen/Cosmos-Gesture-Recognition-/processed/session_joanna_discrete/sessions/student1_bye_bye_001/trial_data.npz,/Users/tylerchen/Cosmos-Gesture-Recognition-/processed/session_joanna_discrete/sessions/student1_bye_bye_001,,
combined_all,student1,bye_bye,discrete,cosmos_multi_sensor_gesture,2,1,0,3.0,3.0186689999999317,"mmwave,imu,uwb,rfid",30,9.938154862292182,302,151,151,0,/Users/tylerchen/Cosmos-Gesture-Recognition-/processed/session_joanna_discrete/sessions/student1_bye_bye_002/trial_data.npz,/Users/tylerchen/Cosmos-Gesture-Recognition-/processed/session_joanna_discrete/sessions/student1_bye_bye_002,,
combined_all,student1,bye_bye,discrete,cosmos_multi_sensor_gesture,3,1,0,3.0,3.012316999999939,"mmwave,imu,uwb,rfid",30,9.959111209079458,301,150,150,0,/Users/tylerchen/Cosmos-Gesture-Recognition-/processed/session_joanna_discrete/sessions/student1_bye_bye_003/trial_data.npz,/Users/tylerchen/Cosmos-Gesture-Recognition-/processed/session_joanna_discrete/sessions/student1_bye_bye_003,,
combined_all,student1,bye_bye,discrete,cosmos_multi_sensor_gesture,4,1,0,3.0,3.0020620000000235,"mmwave,imu,uwb,rfid",30,9.993131387692781,300,150,150,0,/Users/tylerchen/Cosmos-Gesture-Recognition-/processed/session_joanna_discrete/sessions/student1_bye_bye_004/trial_data.npz,/Users/tylerchen/Cosmos-Gesture-Recognition-/processed/session_joanna_discrete/sessions/student1_bye_bye_004,,
combined_all,student1,bye_bye,discrete,cosmos_multi_sensor_gesture,5,1,0,3.0,3.0021500000000287,"mmwave,imu,uwb,rfid",30,9.992838465766106,301,150,150,0,/Users/tylerchen/Cosmos-Gesture-Recognition-/processed/session_joanna_discrete/sessions/student1_bye_bye_005/trial_data.npz,/Users/tylerchen/Cosmos-Gesture-Recognition-/processed/session_joanna_discrete/sessions/student1_bye_bye_005,,
combined_all,student1,bye_bye,discrete,cosmos_multi_sensor_gesture,6,1,0,3.0,3.0174619999999095,"mmwave,imu,uwb,rfid",31,10.2735345134424,301,151,151,0,/Users/tylerchen/Cosmos-Gesture-Recognition-/processed/session_joanna_discrete/sessions/student1_bye_bye_006/trial_data.npz,/Users/tylerchen/Cosmos-Gesture-Recognition-/processed/session_joanna_discrete/sessions/student1_bye_bye_006,,
combined_all,student1,bye_bye,discrete,cosmos_multi_sensor_gesture,7,1,0,3.0,3.0156200000000126,"mmwave,imu,uwb,rfid",30,9.94820302292725,302,151,151,0,/Users/tylerchen/Cosmos-Gesture-Recognition-/processed/session_joanna_discrete/sessions/student1_bye_bye_007/trial_data.npz,/Users/tylerchen/Cosmos-Gesture-Recognition-/processed/session_joanna_discrete/sessions/student1_bye_bye_007,,
combined_all,student1,bye_bye,discrete,cosmos_multi_sensor_gesture,8,1,0,3.0,3.0242529999999306,"mmwave,imu,uwb,rfid",31,10.250465156189218,302,151,151,0,/Users/tylerchen/Cosmos-Gesture-Recognition-/processed/session_joanna_discrete/sessions/student1_bye_bye_008/trial_data.npz,/Users/tylerchen/Cosmos-Gesture-Recognition-/processed/session_joanna_discrete/sessions/student1_bye_bye_008,,
combined_all,student1,t_arm,discrete,cosmos_multi_sensor_gesture,1,2,0,3.0,3.0056849999999713,"mmwave,imu,uwb,rfid",30,9.981085842328882,301,150,150,0,/Users/tylerchen/Cosmos-Gesture-Recognition-/processed/session_joanna_discrete/sessions/student1_t_arm_001/trial_data.npz,/Users/tylerchen/Cosmos-Gesture-Recognition-/processed/session_joanna_discrete/sessions/student1_t_arm_001,,
combined_all,student1,t_arm,discrete,cosmos_multi_sensor_gesture,2,1,0,3.0,3.006279999999947,"mmwave,imu,uwb,rfid",30,9.979110395572112,300,150,150,0,/Users/tylerchen/Cosmos-Gesture-Recognition-/processed/session_joanna_discrete/sessions/student1_t_arm_002/trial_data.npz,/Users/tylerchen/Cosmos-Gesture-Recognition-/processed/session_joanna_discrete/sessions/student1_t_arm_002,,
combined_all,student1,t_arm,discrete,cosmos_multi_sensor_gesture,3,1,0,3.0,3.0024439999999686,"mmwave,imu,uwb,rfid",30,9.991859964748823,300,150,149,0,/Users/tylerchen/Cosmos-Gesture-Recognition-/processed/session_joanna_discrete/sessions/student1_t_arm_003/trial_data.npz,/Users/tylerchen/Cosmos-Gesture-Recognition-/processed/session_joanna_discrete/sessions/student1_t_arm_003,,
combined_all,student1,t_arm,discrete,cosmos_multi_sensor_gesture,4,1,0,3.0,3.012691000000018,"mmwave,imu,uwb,rfid",30,9.957874870008183,302,150,149,0,/Users/tylerchen/Cosmos-Gesture-Recognition-/processed/session_joanna_discrete/sessions/student1_t_arm_004/trial_data.npz,/Users/tylerchen/Cosmos-Gesture-Recognition-/processed/session_joanna_discrete/sessions/student1_t_arm_004,,
combined_all,student1,t_arm,discrete,cosmos_multi_sensor_gesture,5,1,0,3.0,3.01094999999998,"mmwave,imu,uwb,rfid",30,9.963632740497252,301,150,150,0,/Users/tylerchen/Cosmos-Gesture-Recognition-/processed/session_joanna_discrete/sessions/student1_t_arm_005/trial_data.npz,/Users/tylerchen/Cosmos-Gesture-Recognition-/processed/session_joanna_discrete/sessions/student1_t_arm_005,,
combined_all,student1,t_arm,discrete,cosmos_multi_sensor_gesture,6,1,0,3.0,3.019247000000064,"mmwave,imu,uwb,rfid",30,9.936252317216631,302,151,151,0,/Users/tylerchen/Cosmos-Gesture-Recognition-/processed/session_joanna_discrete/sessions/student1_t_arm_006/trial_data.npz,/Users/tylerchen/Cosmos-Gesture-Recognition-/processed/session_joanna_discrete/sessions/student1_t_arm_006,,
combined_all,student1,t_arm,discrete,cosmos_multi_sensor_gesture,7,1,0,3.0,3.0108529999999973,"mmwave,imu,uwb,rfid",30,9.963953736698546,302,151,150,0,/Users/tylerchen/Cosmos-Gesture-Recognition-/processed/session_joanna_discrete/sessions/student1_t_arm_007/trial_data.npz,/Users/tylerchen/Cosmos-Gesture-Recognition-/processed/session_joanna_discrete/sessions/student1_t_arm_007,,
combined_all,student1,t_arm,discrete,cosmos_multi_sensor_gesture,8,1,0,3.0,3.004191999999989,"mmwave,imu,uwb,rfid",30,9.98604616482572,300,151,151,0,/Users/tylerchen/Cosmos-Gesture-Recognition-/processed/session_joanna_discrete/sessions/student1_t_arm_008/trial_data.npz,/Users/tylerchen/Cosmos-Gesture-Recognition-/processed/session_joanna_discrete/sessions/student1_t_arm_008,,
combined_all,student1,raise_arms,discrete,cosmos_multi_sensor_gesture,1,1,0,3.0,3.0022200000000794,"mmwave,imu,uwb,rfid",30,9.992605471950492,300,150,150,0,/Users/tylerchen/Cosmos-Gesture-Recognition-/processed/session_joanna_discrete/sessions/student1_raise_arms_001/trial_data.npz,/Users/tylerchen/Cosmos-Gesture-Recognition-/processed/session_joanna_discrete/sessions/student1_raise_arms_001,,
combined_all,student1,raise_arms,discrete,cosmos_multi_sensor_gesture,2,1,0,3.0,3.0024820000001,"mmwave,imu,uwb,rfid",30,9.991733505812524,300,150,150,0,/Users/tylerchen/Cosmos-Gesture-Recognition-/processed/session_joanna_discrete/sessions/student1_raise_arms_002/trial_data.npz,/Users/tylerchen/Cosmos-Gesture-Recognition-/processed/session_joanna_discrete/sessions/student1_raise_arms_002,,
combined_all,student1,raise_arms,discrete,cosmos_multi_sensor_gesture,3,1,0,3.0,3.014440000000036,"mmwave,imu,uwb,rfid",30,9.952097238624635,302,151,151,0,/Users/tylerchen/Cosmos-Gesture-Recognition-/processed/session_joanna_discrete/sessions/student1_raise_arms_003/trial_data.npz,/Users/tylerchen/Cosmos-Gesture-Recognition-/processed/session_joanna_discrete/sessions/student1_raise_arms_003,,
combined_all,student1,raise_arms,discrete,cosmos_multi_sensor_gesture,4,1,0,3.0,3.013046000000031,"mmwave,imu,uwb,rfid",30,9.956701623539663,302,151,151,0,/Users/tylerchen/Cosmos-Gesture-Recognition-/processed/session_joanna_discrete/sessions/student1_raise_arms_004/trial_data.npz,/Users/tylerchen/Cosmos-Gesture-Recognition-/processed/session_joanna_discrete/sessions/student1_raise_arms_004,,
combined_all,student1,raise_arms,discrete,cosmos_multi_sensor_gesture,5,1,0,3.0,3.023274000000015,"mmwave,imu,uwb,rfid",30,9.923017232311677,302,151,151,0,/Users/tylerchen/Cosmos-Gesture-Recognition-/processed/session_joanna_discrete/sessions/student1_raise_arms_005/trial_data.npz,/Users/tylerchen/Cosmos-Gesture-Recognition-/processed/session_joanna_discrete/sessions/student1_raise_arms_005,,
combined_all,student1,raise_arms,discrete,cosmos_multi_sensor_gesture,6,1,0,3.0,3.014630000000011,"mmwave,imu,uwb,rfid",30,9.951469997976497,302,151,151,0,/Users/tylerchen/Cosmos-Gesture-Recognition-/processed/session_joanna_discrete/sessions/student1_raise_arms_006/trial_data.npz,/Users/tylerchen/Cosmos-Gesture-Recognition-/processed/session_joanna_discrete/sessions/student1_raise_arms_006,,
combined_all,student1,raise_arms,discrete,cosmos_multi_sensor_gesture,7,1,0,3.0,3.005288999999948,"mmwave,imu,uwb,rfid",30,9.98240102698959,300,151,151,0,/Users/tylerchen/Cosmos-Gesture-Recognition-/processed/session_joanna_discrete/sessions/student1_raise_arms_007/trial_data.npz,/Users/tylerchen/Cosmos-Gesture-Recognition-/processed/session_joanna_discrete/sessions/student1_raise_arms_007,,
combined_all,student1,raise_arms,discrete,cosmos_multi_sensor_gesture,8,1,0,3.0,3.0226259999999456,"mmwave,imu,uwb,rfid",30,9.925144559730692,303,151,151,0,/Users/tylerchen/Cosmos-Gesture-Recognition-/processed/session_joanna_discrete/sessions/student1_raise_arms_008/trial_data.npz,/Users/tylerchen/Cosmos-Gesture-Recognition-/processed/session_joanna_discrete/sessions/student1_raise_arms_008,,
combined_all,student1,fist_open,discrete,cosmos_multi_sensor_gesture,1,1,0,3.0,3.010951999999861,"mmwave,imu,uwb,rfid",30,9.963626122236882,301,150,150,0,/Users/tylerchen/Cosmos-Gesture-Recognition-/processed/session_joanna_discrete/sessions/student1_fist_open_001/trial_data.npz,/Users/tylerchen/Cosmos-Gesture-Recognition-/processed/session_joanna_discrete/sessions/student1_fist_open_001,,
combined_all,student1,fist_open,discrete,cosmos_multi_sensor_gesture,2,1,0,3.0,3.000383000000056,"mmwave,imu,uwb,rfid",30,9.99872349630012,300,150,150,0,/Users/tylerchen/Cosmos-Gesture-Recognition-/processed/session_joanna_discrete/sessions/student1_fist_open_002/trial_data.npz,/Users/tylerchen/Cosmos-Gesture-Recognition-/processed/session_joanna_discrete/sessions/student1_fist_open_002,,
combined_all,student1,fist_open,discrete,cosmos_multi_sensor_gesture,3,1,0,3.0,3.019596999999976,"mmwave,imu,uwb,rfid",30,9.935100611108117,302,151,151,0,/Users/tylerchen/Cosmos-Gesture-Recognition-/processed/session_joanna_discrete/sessions/student1_fist_open_003/trial_data.npz,/Users/tylerchen/Cosmos-Gesture-Recognition-/processed/session_joanna_discrete/sessions/student1_fist_open_003,,
combined_all,student1,fist_open,discrete,cosmos_multi_sensor_gesture,4,1,0,3.0,3.01954499999988,"mmwave,imu,uwb,rfid",30,9.935271704843343,302,151,151,0,/Users/tylerchen/Cosmos-Gesture-Recognition-/processed/session_joanna_discrete/sessions/student1_fist_open_004/trial_data.npz,/Users/tylerchen/Cosmos-Gesture-Recognition-/processed/session_joanna_discrete/sessions/student1_fist_open_004,,
combined_all,student1,fist_open,discrete,cosmos_multi_sensor_gesture,5,1,0,3.0,3.001563000000033,"mmwave,imu,uwb,rfid",30,9.99479271299642,300,151,151,0,/Users/tylerchen/Cosmos-Gesture-Recognition-/processed/session_joanna_discrete/sessions/student1_fist_open_005/trial_data.npz,/Users/tylerchen/Cosmos-Gesture-Recognition-/processed/session_joanna_discrete/sessions/student1_fist_open_005,,
combined_all,student1,fist_open,discrete,cosmos_multi_sensor_gesture,6,1,0,3.0,3.0245609999999488,"mmwave,imu,uwb,rfid",30,9.918794826753539,302,151,151,0,/Users/tylerchen/Cosmos-Gesture-Recognition-/processed/session_joanna_discrete/sessions/student1_fist_open_006/trial_data.npz,/Users/tylerchen/Cosmos-Gesture-Recognition-/processed/session_joanna_discrete/sessions/student1_fist_open_006,,
combined_all,student1,fist_open,discrete,cosmos_multi_sensor_gesture,7,1,0,3.0,3.00338499999998,"mmwave,imu,uwb,rfid",30,9.988729383678814,300,150,150,0,/Users/tylerchen/Cosmos-Gesture-Recognition-/processed/session_joanna_discrete/sessions/student1_fist_open_007/trial_data.npz,/Users/tylerchen/Cosmos-Gesture-Recognition-/processed/session_joanna_discrete/sessions/student1_fist_open_007,,
combined_all,student1,fist_open,discrete,cosmos_multi_sensor_gesture,8,1,0,3.0,3.0126880000000256,"mmwave,imu,uwb,rfid",31,10.289814278810065,302,151,151,0,/Users/tylerchen/Cosmos-Gesture-Recognition-/processed/session_joanna_discrete/sessions/student1_fist_open_008/trial_data.npz,/Users/tylerchen/Cosmos-Gesture-Recognition-/processed/session_joanna_discrete/sessions/student1_fist_open_008,,
combined_all,student1,one_arm_boxing,periodic,cosmos_multi_sensor_gesture,1,1,0,9.0,3.0,"mmwave,imu,uwb,rfid",30,10.0,300,150,150,0,/Users/tylerchen/Cosmos-Gesture-Recognition-/processed/session_joanna_periodic/sessions/student1_one_arm_boxing_001_seg000/trial_data.npz,/Users/tylerchen/Cosmos-Gesture-Recognition-/processed/session_joanna_periodic/sessions/student1_one_arm_boxing_001_seg000,,
combined_all,student1,one_arm_boxing,periodic,cosmos_multi_sensor_gesture,1,1,1,9.0,3.0,"mmwave,imu,uwb,rfid",30,10.0,301,150,150,0,/Users/tylerchen/Cosmos-Gesture-Recognition-/processed/session_joanna_periodic/sessions/student1_one_arm_boxing_001_seg001/trial_data.npz,/Users/tylerchen/Cosmos-Gesture-Recognition-/processed/session_joanna_periodic/sessions/student1_one_arm_boxing_001_seg001,,
combined_all,student1,one_arm_boxing,periodic,cosmos_multi_sensor_gesture,1,1,2,9.0,3.0,"mmwave,imu,uwb,rfid",30,10.0,300,150,150,0,/Users/tylerchen/Cosmos-Gesture-Recognition-/processed/session_joanna_periodic/sessions/student1_one_arm_boxing_001_seg002/trial_data.npz,/Users/tylerchen/Cosmos-Gesture-Recognition-/processed/session_joanna_periodic/sessions/student1_one_arm_boxing_001_seg002,,
combined_all,student1,one_arm_boxing,periodic,cosmos_multi_sensor_gesture,2,1,0,9.0,3.0,"mmwave,imu,uwb,rfid",30,10.0,300,150,150,0,/Users/tylerchen/Cosmos-Gesture-Recognition-/processed/session_joanna_periodic/sessions/student1_one_arm_boxing_002_seg000/trial_data.npz,/Users/tylerchen/Cosmos-Gesture-Recognition-/processed/session_joanna_periodic/sessions/student1_one_arm_boxing_002_seg000,,
combined_all,student1,one_arm_boxing,periodic,cosmos_multi_sensor_gesture,2,1,1,9.0,3.0,"mmwave,imu,uwb,rfid",30,10.0,300,150,150,0,/Users/tylerchen/Cosmos-Gesture-Recognition-/processed/session_joanna_periodic/sessions/student1_one_arm_boxing_002_seg001/trial_data.npz,/Users/tylerchen/Cosmos-Gesture-Recognition-/processed/session_joanna_periodic/sessions/student1_one_arm_boxing_002_seg001,,
combined_all,student1,one_arm_boxing,periodic,cosmos_multi_sensor_gesture,2,1,2,9.0,3.0,"mmwave,imu,uwb,rfid",30,10.0,300,150,150,0,/Users/tylerchen/Cosmos-Gesture-Recognition-/processed/session_joanna_periodic/sessions/student1_one_arm_boxing_002_seg002/trial_data.npz,/Users/tylerchen/Cosmos-Gesture-Recognition-/processed/session_joanna_periodic/sessions/student1_one_arm_boxing_002_seg002,,
combined_all,student1,one_arm_boxing,periodic,cosmos_multi_sensor_gesture,3,1,0,9.0,3.0,"mmwave,imu,uwb,rfid",30,10.0,300,150,150,0,/Users/tylerchen/Cosmos-Gesture-Recognition-/processed/session_joanna_periodic/sessions/student1_one_arm_boxing_003_seg000/trial_data.npz,/Users/tylerchen/Cosmos-Gesture-Recognition-/processed/session_joanna_periodic/sessions/student1_one_arm_boxing_003_seg000,,
combined_all,student1,one_arm_boxing,periodic,cosmos_multi_sensor_gesture,3,1,1,9.0,3.0,"mmwave,imu,uwb,rfid",30,10.0,299,150,150,0,/Users/tylerchen/Cosmos-Gesture-Recognition-/processed/session_joanna_periodic/sessions/student1_one_arm_boxing_003_seg001/trial_data.npz,/Users/tylerchen/Cosmos-Gesture-Recognition-/processed/session_joanna_periodic/sessions/student1_one_arm_boxing_003_seg001,,
combined_all,student1,one_arm_boxing,periodic,cosmos_multi_sensor_gesture,3,1,2,9.0,3.0,"mmwave,imu,uwb,rfid",30,10.0,301,150,150,0,/Users/tylerchen/Cosmos-Gesture-Recognition-/processed/session_joanna_periodic/sessions/student1_one_arm_boxing_003_seg002/trial_data.npz,/Users/tylerchen/Cosmos-Gesture-Recognition-/processed/session_joanna_periodic/sessions/student1_one_arm_boxing_003_seg002,,
combined_all,student1,clapping,periodic,cosmos_multi_sensor_gesture,1,1,0,9.0,3.0,"mmwave,imu,uwb,rfid",30,10.0,300,150,148,0,/Users/tylerchen/Cosmos-Gesture-Recognition-/processed/session_joanna_periodic/sessions/student1_clapping_001_seg000/trial_data.npz,/Users/tylerchen/Cosmos-Gesture-Recognition-/processed/session_joanna_periodic/sessions/student1_clapping_001_seg000,,
combined_all,student1,clapping,periodic,cosmos_multi_sensor_gesture,1,1,1,9.0,3.0,"mmwave,imu,uwb,rfid",30,10.0,300,150,149,0,/Users/tylerchen/Cosmos-Gesture-Recognition-/processed/session_joanna_periodic/sessions/student1_clapping_001_seg001/trial_data.npz,/Users/tylerchen/Cosmos-Gesture-Recognition-/processed/session_joanna_periodic/sessions/student1_clapping_001_seg001,,
combined_all,student1,clapping,periodic,cosmos_multi_sensor_gesture,1,1,2,9.0,3.0,"mmwave,imu,uwb,rfid",30,10.0,300,150,139,0,/Users/tylerchen/Cosmos-Gesture-Recognition-/processed/session_joanna_periodic/sessions/student1_clapping_001_seg002/trial_data.npz,/Users/tylerchen/Cosmos-Gesture-Recognition-/processed/session_joanna_periodic/sessions/student1_clapping_001_seg002,,
combined_all,student1,clapping,periodic,cosmos_multi_sensor_gesture,2,1,0,9.0,3.0,"mmwave,imu,uwb,rfid",30,10.0,300,150,145,0,/Users/tylerchen/Cosmos-Gesture-Recognition-/processed/session_joanna_periodic/sessions/student1_clapping_002_seg000/trial_data.npz,/Users/tylerchen/Cosmos-Gesture-Recognition-/processed/session_joanna_periodic/sessions/student1_clapping_002_seg000,,
combined_all,student1,clapping,periodic,cosmos_multi_sensor_gesture,2,1,1,9.0,3.0,"mmwave,imu,uwb,rfid",30,10.0,299,150,145,0,/Users/tylerchen/Cosmos-Gesture-Recognition-/processed/session_joanna_periodic/sessions/student1_clapping_002_seg001/trial_data.npz,/Users/tylerchen/Cosmos-Gesture-Recognition-/processed/session_joanna_periodic/sessions/student1_clapping_002_seg001,,
combined_all,student1,clapping,periodic,cosmos_multi_sensor_gesture,2,1,2,9.0,3.0,"mmwave,imu,uwb,rfid",30,10.0,301,150,142,0,/Users/tylerchen/Cosmos-Gesture-Recognition-/processed/session_joanna_periodic/sessions/student1_clapping_002_seg002/trial_data.npz,/Users/tylerchen/Cosmos-Gesture-Recognition-/processed/session_joanna_periodic/sessions/student1_clapping_002_seg002,,
combined_all,student1,clapping,periodic,cosmos_multi_sensor_gesture,3,1,0,9.0,3.0,"mmwave,imu,uwb,rfid",30,10.0,300,150,132,0,/Users/tylerchen/Cosmos-Gesture-Recognition-/processed/session_joanna_periodic/sessions/student1_clapping_003_seg000/trial_data.npz,/Users/tylerchen/Cosmos-Gesture-Recognition-/processed/session_joanna_periodic/sessions/student1_clapping_003_seg000,,
combined_all,student1,clapping,periodic,cosmos_multi_sensor_gesture,3,1,1,9.0,3.0,"mmwave,imu,uwb,rfid",30,10.0,300,150,133,0,/Users/tylerchen/Cosmos-Gesture-Recognition-/processed/session_joanna_periodic/sessions/student1_clapping_003_seg001/trial_data.npz,/Users/tylerchen/Cosmos-Gesture-Recognition-/processed/session_joanna_periodic/sessions/student1_clapping_003_seg001,,
combined_all,student1,clapping,periodic,cosmos_multi_sensor_gesture,3,1,2,9.0,3.0,"mmwave,imu,uwb,rfid",30,10.0,300,150,146,0,/Users/tylerchen/Cosmos-Gesture-Recognition-/processed/session_joanna_periodic/sessions/student1_clapping_003_seg002/trial_data.npz,/Users/tylerchen/Cosmos-Gesture-Recognition-/processed/session_joanna_periodic/sessions/student1_clapping_003_seg002,,
combined_all,student1,two_arm_boxing,periodic,cosmos_multi_sensor_gesture,1,1,0,9.0,3.0,"mmwave,imu,uwb,rfid",30,10.0,300,150,150,0,/Users/tylerchen/Cosmos-Gesture-Recognition-/processed/session_joanna_periodic/sessions/student1_two_arm_boxing_001_seg000/trial_data.npz,/Users/tylerchen/Cosmos-Gesture-Recognition-/processed/session_joanna_periodic/sessions/student1_two_arm_boxing_001_seg000,,
combined_all,student1,two_arm_boxing,periodic,cosmos_multi_sensor_gesture,1,1,1,9.0,3.0,"mmwave,imu,uwb,rfid",30,10.0,300,150,150,0,/Users/tylerchen/Cosmos-Gesture-Recognition-/processed/session_joanna_periodic/sessions/student1_two_arm_boxing_001_seg001/trial_data.npz,/Users/tylerchen/Cosmos-Gesture-Recognition-/processed/session_joanna_periodic/sessions/student1_two_arm_boxing_001_seg001,,
combined_all,student1,two_arm_boxing,periodic,cosmos_multi_sensor_gesture,1,1,2,9.0,3.0,"mmwave,imu,uwb,rfid",30,10.0,301,150,149,0,/Users/tylerchen/Cosmos-Gesture-Recognition-/processed/session_joanna_periodic/sessions/student1_two_arm_boxing_001_seg002/trial_data.npz,/Users/tylerchen/Cosmos-Gesture-Recognition-/processed/session_joanna_periodic/sessions/student1_two_arm_boxing_001_seg002,,
combined_all,student1,two_arm_boxing,periodic,cosmos_multi_sensor_gesture,2,1,0,9.0,3.0,"mmwave,imu,uwb,rfid",30,10.0,300,150,150,0,/Users/tylerchen/Cosmos-Gesture-Recognition-/processed/session_joanna_periodic/sessions/student1_two_arm_boxing_002_seg000/trial_data.npz,/Users/tylerchen/Cosmos-Gesture-Recognition-/processed/session_joanna_periodic/sessions/student1_two_arm_boxing_002_seg000,,
combined_all,student1,two_arm_boxing,periodic,cosmos_multi_sensor_gesture,2,1,1,9.0,3.0,"mmwave,imu,uwb,rfid",30,10.0,300,150,150,0,/Users/tylerchen/Cosmos-Gesture-Recognition-/processed/session_joanna_periodic/sessions/student1_two_arm_boxing_002_seg001/trial_data.npz,/Users/tylerchen/Cosmos-Gesture-Recognition-/processed/session_joanna_periodic/sessions/student1_two_arm_boxing_002_seg001,,
combined_all,student1,two_arm_boxing,periodic,cosmos_multi_sensor_gesture,2,1,2,9.0,3.0,"mmwave,imu,uwb,rfid",30,10.0,300,150,149,0,/Users/tylerchen/Cosmos-Gesture-Recognition-/processed/session_joanna_periodic/sessions/student1_two_arm_boxing_002_seg002/trial_data.npz,/Users/tylerchen/Cosmos-Gesture-Recognition-/processed/session_joanna_periodic/sessions/student1_two_arm_boxing_002_seg002,,
combined_all,student1,two_arm_boxing,periodic,cosmos_multi_sensor_gesture,3,1,0,9.0,3.0,"mmwave,imu,uwb,rfid",30,10.0,300,150,147,0,/Users/tylerchen/Cosmos-Gesture-Recognition-/processed/session_joanna_periodic/sessions/student1_two_arm_boxing_003_seg000/trial_data.npz,/Users/tylerchen/Cosmos-Gesture-Recognition-/processed/session_joanna_periodic/sessions/student1_two_arm_boxing_003_seg000,,
combined_all,student1,two_arm_boxing,periodic,cosmos_multi_sensor_gesture,3,1,1,9.0,3.0,"mmwave,imu,uwb,rfid",30,10.0,300,150,148,0,/Users/tylerchen/Cosmos-Gesture-Recognition-/processed/session_joanna_periodic/sessions/student1_two_arm_boxing_003_seg001/trial_data.npz,/Users/tylerchen/Cosmos-Gesture-Recognition-/processed/session_joanna_periodic/sessions/student1_two_arm_boxing_003_seg001,,
combined_all,student1,two_arm_boxing,periodic,cosmos_multi_sensor_gesture,3,1,2,9.0,3.0,"mmwave,imu,uwb,rfid",30,10.0,300,150,139,0,/Users/tylerchen/Cosmos-Gesture-Recognition-/processed/session_joanna_periodic/sessions/student1_two_arm_boxing_003_seg002/trial_data.npz,/Users/tylerchen/Cosmos-Gesture-Recognition-/processed/session_joanna_periodic/sessions/student1_two_arm_boxing_003_seg002,,
combined_all,student1,soli,periodic,cosmos_multi_sensor_gesture,1,2,0,9.0,3.0,"mmwave,imu,uwb,rfid",30,10.0,300,150,150,0,/Users/tylerchen/Cosmos-Gesture-Recognition-/processed/session_joanna_periodic/sessions/student1_soli_001_seg000/trial_data.npz,/Users/tylerchen/Cosmos-Gesture-Recognition-/processed/session_joanna_periodic/sessions/student1_soli_001_seg000,,
combined_all,student1,soli,periodic,cosmos_multi_sensor_gesture,1,2,1,9.0,3.0,"mmwave,imu,uwb,rfid",30,10.0,300,150,148,0,/Users/tylerchen/Cosmos-Gesture-Recognition-/processed/session_joanna_periodic/sessions/student1_soli_001_seg001/trial_data.npz,/Users/tylerchen/Cosmos-Gesture-Recognition-/processed/session_joanna_periodic/sessions/student1_soli_001_seg001,,
combined_all,student1,soli,periodic,cosmos_multi_sensor_gesture,1,2,2,9.0,3.0,"mmwave,imu,uwb,rfid",30,10.0,300,150,150,0,/Users/tylerchen/Cosmos-Gesture-Recognition-/processed/session_joanna_periodic/sessions/student1_soli_001_seg002/trial_data.npz,/Users/tylerchen/Cosmos-Gesture-Recognition-/processed/session_joanna_periodic/sessions/student1_soli_001_seg002,,
combined_all,student1,soli,periodic,cosmos_multi_sensor_gesture,2,1,0,9.0,3.0,"mmwave,imu,uwb,rfid",30,10.0,300,150,150,0,/Users/tylerchen/Cosmos-Gesture-Recognition-/processed/session_joanna_periodic/sessions/student1_soli_002_seg000/trial_data.npz,/Users/tylerchen/Cosmos-Gesture-Recognition-/processed/session_joanna_periodic/sessions/student1_soli_002_seg000,,
combined_all,student1,soli,periodic,cosmos_multi_sensor_gesture,2,1,1,9.0,3.0,"mmwave,imu,uwb,rfid",30,10.0,301,150,150,0,/Users/tylerchen/Cosmos-Gesture-Recognition-/processed/session_joanna_periodic/sessions/student1_soli_002_seg001/trial_data.npz,/Users/tylerchen/Cosmos-Gesture-Recognition-/processed/session_joanna_periodic/sessions/student1_soli_002_seg001,,
combined_all,student1,soli,periodic,cosmos_multi_sensor_gesture,2,1,2,9.0,3.0,"mmwave,imu,uwb,rfid",30,10.0,299,150,150,0,/Users/tylerchen/Cosmos-Gesture-Recognition-/processed/session_joanna_periodic/sessions/student1_soli_002_seg002/trial_data.npz,/Users/tylerchen/Cosmos-Gesture-Recognition-/processed/session_joanna_periodic/sessions/student1_soli_002_seg002,,
combined_all,student1,soli,periodic,cosmos_multi_sensor_gesture,3,1,0,9.0,3.0,"mmwave,imu,uwb,rfid",30,10.0,300,150,150,0,/Users/tylerchen/Cosmos-Gesture-Recognition-/processed/session_joanna_periodic/sessions/student1_soli_003_seg000/trial_data.npz,/Users/tylerchen/Cosmos-Gesture-Recognition-/processed/session_joanna_periodic/sessions/student1_soli_003_seg000,,
combined_all,student1,soli,periodic,cosmos_multi_sensor_gesture,3,1,1,9.0,3.0,"mmwave,imu,uwb,rfid",30,10.0,300,150,150,0,/Users/tylerchen/Cosmos-Gesture-Recognition-/processed/session_joanna_periodic/sessions/student1_soli_003_seg001/trial_data.npz,/Users/tylerchen/Cosmos-Gesture-Recognition-/processed/session_joanna_periodic/sessions/student1_soli_003_seg001,,
combined_all,student1,soli,periodic,cosmos_multi_sensor_gesture,3,1,2,9.0,3.0,"mmwave,imu,uwb,rfid",30,10.0,300,150,150,0,/Users/tylerchen/Cosmos-Gesture-Recognition-/processed/session_joanna_periodic/sessions/student1_soli_003_seg002/trial_data.npz,/Users/tylerchen/Cosmos-Gesture-Recognition-/processed/session_joanna_periodic/sessions/student1_soli_003_seg002,,
combined_all,student1,palm_up_down,periodic,cosmos_multi_sensor_gesture,1,1,0,9.0,3.0,"mmwave,imu,uwb,rfid",30,10.0,300,150,150,0,/Users/tylerchen/Cosmos-Gesture-Recognition-/processed/session_joanna_periodic/sessions/student1_palm_up_down_001_seg000/trial_data.npz,/Users/tylerchen/Cosmos-Gesture-Recognition-/processed/session_joanna_periodic/sessions/student1_palm_up_down_001_seg000,,
combined_all,student1,palm_up_down,periodic,cosmos_multi_sensor_gesture,1,1,1,9.0,3.0,"mmwave,imu,uwb,rfid",30,10.0,300,150,150,0,/Users/tylerchen/Cosmos-Gesture-Recognition-/processed/session_joanna_periodic/sessions/student1_palm_up_down_001_seg001/trial_data.npz,/Users/tylerchen/Cosmos-Gesture-Recognition-/processed/session_joanna_periodic/sessions/student1_palm_up_down_001_seg001,,
combined_all,student1,palm_up_down,periodic,cosmos_multi_sensor_gesture,1,1,2,9.0,3.0,"mmwave,imu,uwb,rfid",30,10.0,300,150,150,0,/Users/tylerchen/Cosmos-Gesture-Recognition-/processed/session_joanna_periodic/sessions/student1_palm_up_down_001_seg002/trial_data.npz,/Users/tylerchen/Cosmos-Gesture-Recognition-/processed/session_joanna_periodic/sessions/student1_palm_up_down_001_seg002,,
combined_all,student1,palm_up_down,periodic,cosmos_multi_sensor_gesture,2,1,0,9.0,3.0,"mmwave,imu,uwb,rfid",30,10.0,299,150,150,0,/Users/tylerchen/Cosmos-Gesture-Recognition-/processed/session_joanna_periodic/sessions/student1_palm_up_down_002_seg000/trial_data.npz,/Users/tylerchen/Cosmos-Gesture-Recognition-/processed/session_joanna_periodic/sessions/student1_palm_up_down_002_seg000,,
combined_all,student1,palm_up_down,periodic,cosmos_multi_sensor_gesture,2,1,1,9.0,3.0,"mmwave,imu,uwb,rfid",30,10.0,300,150,150,0,/Users/tylerchen/Cosmos-Gesture-Recognition-/processed/session_joanna_periodic/sessions/student1_palm_up_down_002_seg001/trial_data.npz,/Users/tylerchen/Cosmos-Gesture-Recognition-/processed/session_joanna_periodic/sessions/student1_palm_up_down_002_seg001,,
combined_all,student1,palm_up_down,periodic,cosmos_multi_sensor_gesture,2,1,2,9.0,3.0,"mmwave,imu,uwb,rfid",30,10.0,300,150,150,0,/Users/tylerchen/Cosmos-Gesture-Recognition-/processed/session_joanna_periodic/sessions/student1_palm_up_down_002_seg002/trial_data.npz,/Users/tylerchen/Cosmos-Gesture-Recognition-/processed/session_joanna_periodic/sessions/student1_palm_up_down_002_seg002,,
combined_all,student1,palm_up_down,periodic,cosmos_multi_sensor_gesture,3,1,0,9.0,3.0,"mmwave,imu,uwb,rfid",30,10.0,300,150,150,0,/Users/tylerchen/Cosmos-Gesture-Recognition-/processed/session_joanna_periodic/sessions/student1_palm_up_down_003_seg000/trial_data.npz,/Users/tylerchen/Cosmos-Gesture-Recognition-/processed/session_joanna_periodic/sessions/student1_palm_up_down_003_seg000,,
combined_all,student1,palm_up_down,periodic,cosmos_multi_sensor_gesture,3,1,1,9.0,3.0,"mmwave,imu,uwb,rfid",30,10.0,300,150,150,0,/Users/tylerchen/Cosmos-Gesture-Recognition-/processed/session_joanna_periodic/sessions/student1_palm_up_down_003_seg001/trial_data.npz,/Users/tylerchen/Cosmos-Gesture-Recognition-/processed/session_joanna_periodic/sessions/student1_palm_up_down_003_seg001,,
combined_all,student1,palm_up_down,periodic,cosmos_multi_sensor_gesture,3,1,2,9.0,3.0,"mmwave,imu,uwb,rfid",30,10.0,300,150,150,0,/Users/tylerchen/Cosmos-Gesture-Recognition-/processed/session_joanna_periodic/sessions/student1_palm_up_down_003_seg002/trial_data.npz,/Users/tylerchen/Cosmos-Gesture-Recognition-/processed/session_joanna_periodic/sessions/student1_palm_up_down_003_seg002,,
combined_all,student1,pull,discrete,cosmos_multi_sensor_gesture,1,2,0,3.0,3.0240930000000006,"mmwave,imu,uwb,rfid",30,9.920329831126223,302,151,151,0,/Users/tylerchen/Cosmos-Gesture-Recognition-/processed/session_kaiwei_discrete/sessions/student1_pull_001/trial_data.npz,/Users/tylerchen/Cosmos-Gesture-Recognition-/processed/session_kaiwei_discrete/sessions/student1_pull_001,,
combined_all,student1,pull,discrete,cosmos_multi_sensor_gesture,2,1,0,3.0,3.0150329999999954,"mmwave,imu,uwb,rfid",30,9.950139849215596,302,151,151,0,/Users/tylerchen/Cosmos-Gesture-Recognition-/processed/session_kaiwei_discrete/sessions/student1_pull_002/trial_data.npz,/Users/tylerchen/Cosmos-Gesture-Recognition-/processed/session_kaiwei_discrete/sessions/student1_pull_002,,
combined_all,student1,pull,discrete,cosmos_multi_sensor_gesture,3,1,0,3.0,3.005412000000007,"mmwave,imu,uwb,rfid",30,9.981992485556034,301,150,150,0,/Users/tylerchen/Cosmos-Gesture-Recognition-/processed/session_kaiwei_discrete/sessions/student1_pull_003/trial_data.npz,/Users/tylerchen/Cosmos-Gesture-Recognition-/processed/session_kaiwei_discrete/sessions/student1_pull_003,,
combined_all,student1,pull,discrete,cosmos_multi_sensor_gesture,4,1,0,3.0,3.0138120000000015,"mmwave,imu,uwb,rfid",30,9.954170996731046,301,150,150,0,/Users/tylerchen/Cosmos-Gesture-Recognition-/processed/session_kaiwei_discrete/sessions/student1_pull_004/trial_data.npz,/Users/tylerchen/Cosmos-Gesture-Recognition-/processed/session_kaiwei_discrete/sessions/student1_pull_004,,
combined_all,student1,pull,discrete,cosmos_multi_sensor_gesture,5,1,0,3.0,3.0022730000000024,"mmwave,imu,uwb,rfid",30,9.992429069574944,300,150,149,0,/Users/tylerchen/Cosmos-Gesture-Recognition-/processed/session_kaiwei_discrete/sessions/student1_pull_005/trial_data.npz,/Users/tylerchen/Cosmos-Gesture-Recognition-/processed/session_kaiwei_discrete/sessions/student1_pull_005,,
combined_all,student1,pull,discrete,cosmos_multi_sensor_gesture,6,1,0,3.0,3.01108099999999,"mmwave,imu,uwb,rfid",30,9.963199262988972,301,151,151,0,/Users/tylerchen/Cosmos-Gesture-Recognition-/processed/session_kaiwei_discrete/sessions/student1_pull_006/trial_data.npz,/Users/tylerchen/Cosmos-Gesture-Recognition-/processed/session_kaiwei_discrete/sessions/student1_pull_006,,
combined_all,student1,pull,discrete,cosmos_multi_sensor_gesture,7,1,0,3.0,3.018326000000002,"mmwave,imu,uwb,rfid",30,9.93928422575957,302,151,151,0,/Users/tylerchen/Cosmos-Gesture-Recognition-/processed/session_kaiwei_discrete/sessions/student1_pull_007/trial_data.npz,/Users/tylerchen/Cosmos-Gesture-Recognition-/processed/session_kaiwei_discrete/sessions/student1_pull_007,,
combined_all,student1,pull,discrete,cosmos_multi_sensor_gesture,8,1,0,3.0,3.0017780000000016,"mmwave,imu,uwb,rfid",30,9.994076843790575,301,151,151,0,/Users/tylerchen/Cosmos-Gesture-Recognition-/processed/session_kaiwei_discrete/sessions/student1_pull_008/trial_data.npz,/Users/tylerchen/Cosmos-Gesture-Recognition-/processed/session_kaiwei_discrete/sessions/student1_pull_008,,
combined_all,student1,push,discrete,cosmos_multi_sensor_gesture,1,1,0,3.0,3.0091040000000078,"mmwave,imu,uwb,rfid",30,9.969745146728037,301,150,150,0,/Users/tylerchen/Cosmos-Gesture-Recognition-/processed/session_kaiwei_discrete/sessions/student1_push_001/trial_data.npz,/Users/tylerchen/Cosmos-Gesture-Recognition-/processed/session_kaiwei_discrete/sessions/student1_push_001,,
combined_all,student1,push,discrete,cosmos_multi_sensor_gesture,2,1,0,3.0,3.018336000000005,"mmwave,imu,uwb,rfid",30,9.939251296078352,302,151,151,0,/Users/tylerchen/Cosmos-Gesture-Recognition-/processed/session_kaiwei_discrete/sessions/student1_push_002/trial_data.npz,/Users/tylerchen/Cosmos-Gesture-Recognition-/processed/session_kaiwei_discrete/sessions/student1_push_002,,
combined_all,student1,push,discrete,cosmos_multi_sensor_gesture,3,1,0,3.0,3.010582999999997,"mmwave,imu,uwb,rfid",30,9.964847340199567,302,151,151,0,/Users/tylerchen/Cosmos-Gesture-Recognition-/processed/session_kaiwei_discrete/sessions/student1_push_003/trial_data.npz,/Users/tylerchen/Cosmos-Gesture-Recognition-/processed/session_kaiwei_discrete/sessions/student1_push_003,,
combined_all,student1,push,discrete,cosmos_multi_sensor_gesture,4,1,0,3.0,3.0081830000000025,"mmwave,imu,uwb,rfid",30,9.972797532596912,301,150,150,0,/Users/tylerchen/Cosmos-Gesture-Recognition-/processed/session_kaiwei_discrete/sessions/student1_push_004/trial_data.npz,/Users/tylerchen/Cosmos-Gesture-Recognition-/processed/session_kaiwei_discrete/sessions/student1_push_004,,
combined_all,student1,push,discrete,cosmos_multi_sensor_gesture,5,1,0,3.0,3.022041999999999,"mmwave,imu,uwb,rfid",30,9.927062562333683,302,151,150,0,/Users/tylerchen/Cosmos-Gesture-Recognition-/processed/session_kaiwei_discrete/sessions/student1_push_005/trial_data.npz,/Users/tylerchen/Cosmos-Gesture-Recognition-/processed/session_kaiwei_discrete/sessions/student1_push_005,,
combined_all,student1,push,discrete,cosmos_multi_sensor_gesture,6,1,0,3.0,3.0063080000000184,"mmwave,imu,uwb,rfid",30,9.979017452636196,301,150,150,0,/Users/tylerchen/Cosmos-Gesture-Recognition-/processed/session_kaiwei_discrete/sessions/student1_push_006/trial_data.npz,/Users/tylerchen/Cosmos-Gesture-Recognition-/processed/session_kaiwei_discrete/sessions/student1_push_006,,
combined_all,student1,push,discrete,cosmos_multi_sensor_gesture,7,1,0,3.0,3.0229190000000017,"mmwave,imu,uwb,rfid",30,9.924182553353226,303,151,151,0,/Users/tylerchen/Cosmos-Gesture-Recognition-/processed/session_kaiwei_discrete/sessions/student1_push_007/trial_data.npz,/Users/tylerchen/Cosmos-Gesture-Recognition-/processed/session_kaiwei_discrete/sessions/student1_push_007,,
combined_all,student1,push,discrete,cosmos_multi_sensor_gesture,8,1,0,3.0,3.0119929999999897,"mmwave,imu,uwb,rfid",31,10.292188594063832,301,150,150,0,/Users/tylerchen/Cosmos-Gesture-Recognition-/processed/session_kaiwei_discrete/sessions/student1_push_008/trial_data.npz,/Users/tylerchen/Cosmos-Gesture-Recognition-/processed/session_kaiwei_discrete/sessions/student1_push_008,,
combined_all,student1,clockwise,discrete,cosmos_multi_sensor_gesture,1,1,0,3.0,3.00473199999999,"mmwave,imu,uwb,rfid",30,9.984251507289203,300,150,149,0,/Users/tylerchen/Cosmos-Gesture-Recognition-/processed/session_kaiwei_discrete/sessions/student1_clockwise_001/trial_data.npz,/Users/tylerchen/Cosmos-Gesture-Recognition-/processed/session_kaiwei_discrete/sessions/student1_clockwise_001,,
combined_all,student1,clockwise,discrete,cosmos_multi_sensor_gesture,2,1,0,3.0,3.0064880000000187,"mmwave,imu,uwb,rfid",30,9.978420003671996,300,150,149,0,/Users/tylerchen/Cosmos-Gesture-Recognition-/processed/session_kaiwei_discrete/sessions/student1_clockwise_002/trial_data.npz,/Users/tylerchen/Cosmos-Gesture-Recognition-/processed/session_kaiwei_discrete/sessions/student1_clockwise_002,,
combined_all,student1,clockwise,discrete,cosmos_multi_sensor_gesture,3,1,0,3.0,3.0185030000000097,"mmwave,imu,uwb,rfid",30,9.938701402648897,302,151,151,0,/Users/tylerchen/Cosmos-Gesture-Recognition-/processed/session_kaiwei_discrete/sessions/student1_clockwise_003/trial_data.npz,/Users/tylerchen/Cosmos-Gesture-Recognition-/processed/session_kaiwei_discrete/sessions/student1_clockwise_003,,
combined_all,student1,clockwise,discrete,cosmos_multi_sensor_gesture,4,1,0,3.0,3.018917999999985,"mmwave,imu,uwb,rfid",31,10.268579669934775,302,151,150,0,/Users/tylerchen/Cosmos-Gesture-Recognition-/processed/session_kaiwei_discrete/sessions/student1_clockwise_004/trial_data.npz,/Users/tylerchen/Cosmos-Gesture-Recognition-/processed/session_kaiwei_discrete/sessions/student1_clockwise_004,,
combined_all,student1,clockwise,discrete,cosmos_multi_sensor_gesture,5,1,0,3.0,3.0202790000000164,"mmwave,imu,uwb,rfid",30,9.93285719630532,302,151,151,0,/Users/tylerchen/Cosmos-Gesture-Recognition-/processed/session_kaiwei_discrete/sessions/student1_clockwise_005/trial_data.npz,/Users/tylerchen/Cosmos-Gesture-Recognition-/processed/session_kaiwei_discrete/sessions/student1_clockwise_005,,
combined_all,student1,clockwise,discrete,cosmos_multi_sensor_gesture,6,1,0,3.0,3.0038339999999835,"mmwave,imu,uwb,rfid",31,10.320144189059771,301,151,150,0,/Users/tylerchen/Cosmos-Gesture-Recognition-/processed/session_kaiwei_discrete/sessions/student1_clockwise_006/trial_data.npz,/Users/tylerchen/Cosmos-Gesture-Recognition-/processed/session_kaiwei_discrete/sessions/student1_clockwise_006,,
combined_all,student1,clockwise,discrete,cosmos_multi_sensor_gesture,7,1,0,3.0,3.012516000000005,"mmwave,imu,uwb,rfid",30,9.958453332695976,302,150,147,0,/Users/tylerchen/Cosmos-Gesture-Recognition-/processed/session_kaiwei_discrete/sessions/student1_clockwise_007/trial_data.npz,/Users/tylerchen/Cosmos-Gesture-Recognition-/processed/session_kaiwei_discrete/sessions/student1_clockwise_007,,
combined_all,student1,clockwise,discrete,cosmos_multi_sensor_gesture,8,1,0,3.0,3.0216389999999933,"mmwave,imu,uwb,rfid",30,9.92838654783052,302,151,150,0,/Users/tylerchen/Cosmos-Gesture-Recognition-/processed/session_kaiwei_discrete/sessions/student1_clockwise_008/trial_data.npz,/Users/tylerchen/Cosmos-Gesture-Recognition-/processed/session_kaiwei_discrete/sessions/student1_clockwise_008,,
combined_all,student1,anti_clockwise,discrete,cosmos_multi_sensor_gesture,1,1,0,3.0,3.0234820000000013,"mmwave,imu,uwb,rfid",31,10.25307906579235,302,151,151,0,/Users/tylerchen/Cosmos-Gesture-Recognition-/processed/session_kaiwei_discrete/sessions/student1_anti_clockwise_001/trial_data.npz,/Users/tylerchen/Cosmos-Gesture-Recognition-/processed/session_kaiwei_discrete/sessions/student1_anti_clockwise_001,,
combined_all,student1,anti_clockwise,discrete,cosmos_multi_sensor_gesture,2,1,0,3.0,3.0148469999999747,"mmwave,imu,uwb,rfid",30,9.950753719840593,302,150,150,0,/Users/tylerchen/Cosmos-Gesture-Recognition-/processed/session_kaiwei_discrete/sessions/student1_anti_clockwise_002/trial_data.npz,/Users/tylerchen/Cosmos-Gesture-Recognition-/processed/session_kaiwei_discrete/sessions/student1_anti_clockwise_002,,
combined_all,student1,anti_clockwise,discrete,cosmos_multi_sensor_gesture,3,1,0,3.0,3.015138000000036,"mmwave,imu,uwb,rfid",30,9.949793342792152,302,151,151,0,/Users/tylerchen/Cosmos-Gesture-Recognition-/processed/session_kaiwei_discrete/sessions/student1_anti_clockwise_003/trial_data.npz,/Users/tylerchen/Cosmos-Gesture-Recognition-/processed/session_kaiwei_discrete/sessions/student1_anti_clockwise_003,,
combined_all,student1,anti_clockwise,discrete,cosmos_multi_sensor_gesture,4,1,0,3.0,3.015194000000008,"mmwave,imu,uwb,rfid",30,9.949608549234284,302,151,150,0,/Users/tylerchen/Cosmos-Gesture-Recognition-/processed/session_kaiwei_discrete/sessions/student1_anti_clockwise_004/trial_data.npz,/Users/tylerchen/Cosmos-Gesture-Recognition-/processed/session_kaiwei_discrete/sessions/student1_anti_clockwise_004,,
combined_all,student1,anti_clockwise,discrete,cosmos_multi_sensor_gesture,5,1,0,3.0,3.0042910000000234,"mmwave,imu,uwb,rfid",30,9.985717095980306,301,150,150,0,/Users/tylerchen/Cosmos-Gesture-Recognition-/processed/session_kaiwei_discrete/sessions/student1_anti_clockwise_005/trial_data.npz,/Users/tylerchen/Cosmos-Gesture-Recognition-/processed/session_kaiwei_discrete/sessions/student1_anti_clockwise_005,,
combined_all,student1,anti_clockwise,discrete,cosmos_multi_sensor_gesture,6,1,0,3.0,3.016052000000002,"mmwave,imu,uwb,rfid",30,9.94677810594777,301,151,151,0,/Users/tylerchen/Cosmos-Gesture-Recognition-/processed/session_kaiwei_discrete/sessions/student1_anti_clockwise_006/trial_data.npz,/Users/tylerchen/Cosmos-Gesture-Recognition-/processed/session_kaiwei_discrete/sessions/student1_anti_clockwise_006,,
combined_all,student1,anti_clockwise,discrete,cosmos_multi_sensor_gesture,7,1,0,3.0,3.0057469999999853,"mmwave,imu,uwb,rfid",30,9.980879960954846,301,150,150,0,/Users/tylerchen/Cosmos-Gesture-Recognition-/processed/session_kaiwei_discrete/sessions/student1_anti_clockwise_007/trial_data.npz,/Users/tylerchen/Cosmos-Gesture-Recognition-/processed/session_kaiwei_discrete/sessions/student1_anti_clockwise_007,,
combined_all,student1,anti_clockwise,discrete,cosmos_multi_sensor_gesture,8,1,0,3.0,3.0085639999999785,"mmwave,imu,uwb,rfid",30,9.971534592583112,301,151,150,0,/Users/tylerchen/Cosmos-Gesture-Recognition-/processed/session_kaiwei_discrete/sessions/student1_anti_clockwise_008/trial_data.npz,/Users/tylerchen/Cosmos-Gesture-Recognition-/processed/session_kaiwei_discrete/sessions/student1_anti_clockwise_008,,
combined_all,student1,right,discrete,cosmos_multi_sensor_gesture,1,1,0,3.0,3.0072440000000142,"mmwave,imu,uwb,rfid",30,9.97591149903362,301,150,149,0,/Users/tylerchen/Cosmos-Gesture-Recognition-/processed/session_kaiwei_discrete/sessions/student1_right_001/trial_data.npz,/Users/tylerchen/Cosmos-Gesture-Recognition-/processed/session_kaiwei_discrete/sessions/student1_right_001,,
combined_all,student1,right,discrete,cosmos_multi_sensor_gesture,2,1,0,3.0,3.008763999999985,"mmwave,imu,uwb,rfid",30,9.97087175996527,301,151,151,0,/Users/tylerchen/Cosmos-Gesture-Recognition-/processed/session_kaiwei_discrete/sessions/student1_right_002/trial_data.npz,/Users/tylerchen/Cosmos-Gesture-Recognition-/processed/session_kaiwei_discrete/sessions/student1_right_002,,
combined_all,student1,right,discrete,cosmos_multi_sensor_gesture,3,1,0,3.0,3.0164739999999597,"mmwave,imu,uwb,rfid",30,9.945386567230615,301,150,150,0,/Users/tylerchen/Cosmos-Gesture-Recognition-/processed/session_kaiwei_discrete/sessions/student1_right_003/trial_data.npz,/Users/tylerchen/Cosmos-Gesture-Recognition-/processed/session_kaiwei_discrete/sessions/student1_right_003,,
combined_all,student1,right,discrete,cosmos_multi_sensor_gesture,4,1,0,3.0,3.0161750000000325,"mmwave,imu,uwb,rfid",30,9.946372475071797,302,151,151,0,/Users/tylerchen/Cosmos-Gesture-Recognition-/processed/session_kaiwei_discrete/sessions/student1_right_004/trial_data.npz,/Users/tylerchen/Cosmos-Gesture-Recognition-/processed/session_kaiwei_discrete/sessions/student1_right_004,,
combined_all,student1,right,discrete,cosmos_multi_sensor_gesture,5,1,0,3.0,3.017351000000019,"mmwave,imu,uwb,rfid",30,9.94249591777682,302,151,151,0,/Users/tylerchen/Cosmos-Gesture-Recognition-/processed/session_kaiwei_discrete/sessions/student1_right_005/trial_data.npz,/Users/tylerchen/Cosmos-Gesture-Recognition-/processed/session_kaiwei_discrete/sessions/student1_right_005,,
combined_all,student1,right,discrete,cosmos_multi_sensor_gesture,6,1,0,3.0,3.0101769999999988,"mmwave,imu,uwb,rfid",31,10.298397735415563,301,150,150,0,/Users/tylerchen/Cosmos-Gesture-Recognition-/processed/session_kaiwei_discrete/sessions/student1_right_006/trial_data.npz,/Users/tylerchen/Cosmos-Gesture-Recognition-/processed/session_kaiwei_discrete/sessions/student1_right_006,,
combined_all,student1,right,discrete,cosmos_multi_sensor_gesture,7,1,0,3.0,3.0217570000000364,"mmwave,imu,uwb,rfid",30,9.927998843057082,301,151,151,0,/Users/tylerchen/Cosmos-Gesture-Recognition-/processed/session_kaiwei_discrete/sessions/student1_right_007/trial_data.npz,/Users/tylerchen/Cosmos-Gesture-Recognition-/processed/session_kaiwei_discrete/sessions/student1_right_007,,
combined_all,student1,right,discrete,cosmos_multi_sensor_gesture,8,1,0,3.0,3.011218000000042,"mmwave,imu,uwb,rfid",30,9.962745971895618,301,150,150,0,/Users/tylerchen/Cosmos-Gesture-Recognition-/processed/session_kaiwei_discrete/sessions/student1_right_008/trial_data.npz,/Users/tylerchen/Cosmos-Gesture-Recognition-/processed/session_kaiwei_discrete/sessions/student1_right_008,,
combined_all,student1,left,discrete,cosmos_multi_sensor_gesture,1,1,0,3.0,3.004353999999978,"mmwave,imu,uwb,rfid",30,9.98550769982506,301,150,150,0,/Users/tylerchen/Cosmos-Gesture-Recognition-/processed/session_kaiwei_discrete/sessions/student1_left_001/trial_data.npz,/Users/tylerchen/Cosmos-Gesture-Recognition-/processed/session_kaiwei_discrete/sessions/student1_left_001,,
combined_all,student1,left,discrete,cosmos_multi_sensor_gesture,2,1,0,3.0,3.024030000000039,"mmwave,imu,uwb,rfid",30,9.920536502613935,303,151,151,0,/Users/tylerchen/Cosmos-Gesture-Recognition-/processed/session_kaiwei_discrete/sessions/student1_left_002/trial_data.npz,/Users/tylerchen/Cosmos-Gesture-Recognition-/processed/session_kaiwei_discrete/sessions/student1_left_002,,
combined_all,student1,left,discrete,cosmos_multi_sensor_gesture,3,1,0,3.0,3.005650000000003,"mmwave,imu,uwb,rfid",30,9.981202069435886,301,150,150,0,/Users/tylerchen/Cosmos-Gesture-Recognition-/processed/session_kaiwei_discrete/sessions/student1_left_003/trial_data.npz,/Users/tylerchen/Cosmos-Gesture-Recognition-/processed/session_kaiwei_discrete/sessions/student1_left_003,,
combined_all,student1,left,discrete,cosmos_multi_sensor_gesture,4,1,0,3.0,3.014896999999962,"mmwave,imu,uwb,rfid",30,9.950588693411541,302,151,151,0,/Users/tylerchen/Cosmos-Gesture-Recognition-/processed/session_kaiwei_discrete/sessions/student1_left_004/trial_data.npz,/Users/tylerchen/Cosmos-Gesture-Recognition-/processed/session_kaiwei_discrete/sessions/student1_left_004,,
combined_all,student1,left,discrete,cosmos_multi_sensor_gesture,5,1,0,3.0,3.0193629999999985,"mmwave,imu,uwb,rfid",30,9.935870579324186,302,151,151,0,/Users/tylerchen/Cosmos-Gesture-Recognition-/processed/session_kaiwei_discrete/sessions/student1_left_005/trial_data.npz,/Users/tylerchen/Cosmos-Gesture-Recognition-/processed/session_kaiwei_discrete/sessions/student1_left_005,,
combined_all,student1,left,discrete,cosmos_multi_sensor_gesture,6,1,0,3.0,3.003562000000045,"mmwave,imu,uwb,rfid",30,9.988140747552256,301,150,149,0,/Users/tylerchen/Cosmos-Gesture-Recognition-/processed/session_kaiwei_discrete/sessions/student1_left_006/trial_data.npz,/Users/tylerchen/Cosmos-Gesture-Recognition-/processed/session_kaiwei_discrete/sessions/student1_left_006,,
combined_all,student1,left,discrete,cosmos_multi_sensor_gesture,7,1,0,3.0,3.019124999999974,"mmwave,imu,uwb,rfid",30,9.93665383182222,302,150,150,0,/Users/tylerchen/Cosmos-Gesture-Recognition-/processed/session_kaiwei_discrete/sessions/student1_left_007/trial_data.npz,/Users/tylerchen/Cosmos-Gesture-Recognition-/processed/session_kaiwei_discrete/sessions/student1_left_007,,
combined_all,student1,left,discrete,cosmos_multi_sensor_gesture,8,1,0,3.0,3.0000689999999963,"mmwave,imu,uwb,rfid",30,9.999770005289891,300,150,150,0,/Users/tylerchen/Cosmos-Gesture-Recognition-/processed/session_kaiwei_discrete/sessions/student1_left_008/trial_data.npz,/Users/tylerchen/Cosmos-Gesture-Recognition-/processed/session_kaiwei_discrete/sessions/student1_left_008,,
combined_all,student1,bye_bye,discrete,cosmos_multi_sensor_gesture,1,1,0,3.0,3.012488000000019,"mmwave,imu,uwb,rfid",30,9.95854589296283,301,151,150,0,/Users/tylerchen/Cosmos-Gesture-Recognition-/processed/session_kaiwei_discrete/sessions/student1_bye_bye_001/trial_data.npz,/Users/tylerchen/Cosmos-Gesture-Recognition-/processed/session_kaiwei_discrete/sessions/student1_bye_bye_001,,
combined_all,student1,bye_bye,discrete,cosmos_multi_sensor_gesture,2,1,0,3.0,3.011980000000051,"mmwave,imu,uwb,rfid",30,9.96022549950514,301,151,151,0,/Users/tylerchen/Cosmos-Gesture-Recognition-/processed/session_kaiwei_discrete/sessions/student1_bye_bye_002/trial_data.npz,/Users/tylerchen/Cosmos-Gesture-Recognition-/processed/session_kaiwei_discrete/sessions/student1_bye_bye_002,,
combined_all,student1,bye_bye,discrete,cosmos_multi_sensor_gesture,3,1,0,3.0,3.0133349999999837,"mmwave,imu,uwb,rfid",30,9.955746705892363,301,151,151,0,/Users/tylerchen/Cosmos-Gesture-Recognition-/processed/session_kaiwei_discrete/sessions/student1_bye_bye_003/trial_data.npz,/Users/tylerchen/Cosmos-Gesture-Recognition-/processed/session_kaiwei_discrete/sessions/student1_bye_bye_003,,
combined_all,student1,bye_bye,discrete,cosmos_multi_sensor_gesture,4,1,0,3.0,3.007673000000011,"mmwave,imu,uwb,rfid",30,9.97448858303409,301,151,151,0,/Users/tylerchen/Cosmos-Gesture-Recognition-/processed/session_kaiwei_discrete/sessions/student1_bye_bye_004/trial_data.npz,/Users/tylerchen/Cosmos-Gesture-Recognition-/processed/session_kaiwei_discrete/sessions/student1_bye_bye_004,,
combined_all,student1,bye_bye,discrete,cosmos_multi_sensor_gesture,5,1,0,3.0,3.00487099999998,"mmwave,imu,uwb,rfid",30,9.983789653532614,300,150,150,0,/Users/tylerchen/Cosmos-Gesture-Recognition-/processed/session_kaiwei_discrete/sessions/student1_bye_bye_005/trial_data.npz,/Users/tylerchen/Cosmos-Gesture-Recognition-/processed/session_kaiwei_discrete/sessions/student1_bye_bye_005,,
combined_all,student1,bye_bye,discrete,cosmos_multi_sensor_gesture,6,1,0,3.0,3.012411000000043,"mmwave,imu,uwb,rfid",30,9.95880044256895,301,151,151,0,/Users/tylerchen/Cosmos-Gesture-Recognition-/processed/session_kaiwei_discrete/sessions/student1_bye_bye_006/trial_data.npz,/Users/tylerchen/Cosmos-Gesture-Recognition-/processed/session_kaiwei_discrete/sessions/student1_bye_bye_006,,
combined_all,student1,bye_bye,discrete,cosmos_multi_sensor_gesture,7,1,0,3.0,3.004946000000018,"mmwave,imu,uwb,rfid",31,10.316325151932785,300,151,151,0,/Users/tylerchen/Cosmos-Gesture-Recognition-/processed/session_kaiwei_discrete/sessions/student1_bye_bye_007/trial_data.npz,/Users/tylerchen/Cosmos-Gesture-Recognition-/processed/session_kaiwei_discrete/sessions/student1_bye_bye_007,,
combined_all,student1,bye_bye,discrete,cosmos_multi_sensor_gesture,8,1,0,3.0,3.0191619999999375,"mmwave,imu,uwb,rfid",30,9.936532057571148,302,151,151,0,/Users/tylerchen/Cosmos-Gesture-Recognition-/processed/session_kaiwei_discrete/sessions/student1_bye_bye_008/trial_data.npz,/Users/tylerchen/Cosmos-Gesture-Recognition-/processed/session_kaiwei_discrete/sessions/student1_bye_bye_008,,
combined_all,student1,t_arm,discrete,cosmos_multi_sensor_gesture,1,1,0,3.0,3.015284999999949,"mmwave,imu,uwb,rfid",30,9.949308274342394,301,151,150,0,/Users/tylerchen/Cosmos-Gesture-Recognition-/processed/session_kaiwei_discrete/sessions/student1_t_arm_001/trial_data.npz,/Users/tylerchen/Cosmos-Gesture-Recognition-/processed/session_kaiwei_discrete/sessions/student1_t_arm_001,,
combined_all,student1,t_arm,discrete,cosmos_multi_sensor_gesture,2,1,0,3.0,3.009863999999993,"mmwave,imu,uwb,rfid",30,9.967227755141119,301,150,149,0,/Users/tylerchen/Cosmos-Gesture-Recognition-/processed/session_kaiwei_discrete/sessions/student1_t_arm_002/trial_data.npz,/Users/tylerchen/Cosmos-Gesture-Recognition-/processed/session_kaiwei_discrete/sessions/student1_t_arm_002,,
combined_all,student1,t_arm,discrete,cosmos_multi_sensor_gesture,3,1,0,3.0,3.0163949999999886,"mmwave,imu,uwb,rfid",30,9.945647038932274,302,150,149,0,/Users/tylerchen/Cosmos-Gesture-Recognition-/processed/session_kaiwei_discrete/sessions/student1_t_arm_003/trial_data.npz,/Users/tylerchen/Cosmos-Gesture-Recognition-/processed/session_kaiwei_discrete/sessions/student1_t_arm_003,,
combined_all,student1,t_arm,discrete,cosmos_multi_sensor_gesture,4,1,0,3.0,3.0200419999999895,"mmwave,imu,uwb,rfid",30,9.933636684522964,302,151,150,0,/Users/tylerchen/Cosmos-Gesture-Recognition-/processed/session_kaiwei_discrete/sessions/student1_t_arm_004/trial_data.npz,/Users/tylerchen/Cosmos-Gesture-Recognition-/processed/session_kaiwei_discrete/sessions/student1_t_arm_004,,
combined_all,student1,t_arm,discrete,cosmos_multi_sensor_gesture,5,1,0,3.0,3.0098829999999452,"mmwave,imu,uwb,rfid",30,9.967164836640011,301,150,150,0,/Users/tylerchen/Cosmos-Gesture-Recognition-/processed/session_kaiwei_discrete/sessions/student1_t_arm_005/trial_data.npz,/Users/tylerchen/Cosmos-Gesture-Recognition-/processed/session_kaiwei_discrete/sessions/student1_t_arm_005,,
combined_all,student1,t_arm,discrete,cosmos_multi_sensor_gesture,6,2,0,3.0,3.010477000000037,"mmwave,imu,uwb,rfid",30,9.96519820613133,301,151,148,0,/Users/tylerchen/Cosmos-Gesture-Recognition-/processed/session_kaiwei_discrete/sessions/student1_t_arm_006/trial_data.npz,/Users/tylerchen/Cosmos-Gesture-Recognition-/processed/session_kaiwei_discrete/sessions/student1_t_arm_006,,
combined_all,student1,t_arm,discrete,cosmos_multi_sensor_gesture,7,1,0,3.0,3.024349999999913,"mmwave,imu,uwb,rfid",30,9.919486831881516,303,151,151,0,/Users/tylerchen/Cosmos-Gesture-Recognition-/processed/session_kaiwei_discrete/sessions/student1_t_arm_007/trial_data.npz,/Users/tylerchen/Cosmos-Gesture-Recognition-/processed/session_kaiwei_discrete/sessions/student1_t_arm_007,,
combined_all,student1,t_arm,discrete,cosmos_multi_sensor_gesture,8,1,0,3.0,3.0241039999999657,"mmwave,imu,uwb,rfid",30,9.920293746511476,303,152,152,0,/Users/tylerchen/Cosmos-Gesture-Recognition-/processed/session_kaiwei_discrete/sessions/student1_t_arm_008/trial_data.npz,/Users/tylerchen/Cosmos-Gesture-Recognition-/processed/session_kaiwei_discrete/sessions/student1_t_arm_008,,
combined_all,student1,raise_arms,discrete,cosmos_multi_sensor_gesture,1,1,0,3.0,3.0161130000000185,"mmwave,imu,uwb,rfid",30,9.946576935280547,302,151,151,0,/Users/tylerchen/Cosmos-Gesture-Recognition-/processed/session_kaiwei_discrete/sessions/student1_raise_arms_001/trial_data.npz,/Users/tylerchen/Cosmos-Gesture-Recognition-/processed/session_kaiwei_discrete/sessions/student1_raise_arms_001,,
combined_all,student1,raise_arms,discrete,cosmos_multi_sensor_gesture,2,2,0,3.0,3.008613999999966,"mmwave,imu,uwb,rfid",30,9.971368876167013,301,151,151,0,/Users/tylerchen/Cosmos-Gesture-Recognition-/processed/session_kaiwei_discrete/sessions/student1_raise_arms_002/trial_data.npz,/Users/tylerchen/Cosmos-Gesture-Recognition-/processed/session_kaiwei_discrete/sessions/student1_raise_arms_002,,
combined_all,student1,raise_arms,discrete,cosmos_multi_sensor_gesture,3,1,0,3.0,3.0188759999999775,"mmwave,imu,uwb,rfid",30,9.937473417258683,302,151,151,0,/Users/tylerchen/Cosmos-Gesture-Recognition-/processed/session_kaiwei_discrete/sessions/student1_raise_arms_003/trial_data.npz,/Users/tylerchen/Cosmos-Gesture-Recognition-/processed/session_kaiwei_discrete/sessions/student1_raise_arms_003,,
combined_all,student1,raise_arms,discrete,cosmos_multi_sensor_gesture,4,1,0,3.0,3.0105740000000196,"mmwave,imu,uwb,rfid",30,9.9648771297433,301,150,149,0,/Users/tylerchen/Cosmos-Gesture-Recognition-/processed/session_kaiwei_discrete/sessions/student1_raise_arms_004/trial_data.npz,/Users/tylerchen/Cosmos-Gesture-Recognition-/processed/session_kaiwei_discrete/sessions/student1_raise_arms_004,,
combined_all,student1,raise_arms,discrete,cosmos_multi_sensor_gesture,5,1,0,3.0,3.002599000000032,"mmwave,imu,uwb,rfid",30,9.991344165504511,301,150,149,0,/Users/tylerchen/Cosmos-Gesture-Recognition-/processed/session_kaiwei_discrete/sessions/student1_raise_arms_005/trial_data.npz,/Users/tylerchen/Cosmos-Gesture-Recognition-/processed/session_kaiwei_discrete/sessions/student1_raise_arms_005,,
combined_all,student1,raise_arms,discrete,cosmos_multi_sensor_gesture,6,1,0,3.0,3.0098239999999805,"mmwave,imu,uwb,rfid",30,9.96736021774037,301,151,150,0,/Users/tylerchen/Cosmos-Gesture-Recognition-/processed/session_kaiwei_discrete/sessions/student1_raise_arms_006/trial_data.npz,/Users/tylerchen/Cosmos-Gesture-Recognition-/processed/session_kaiwei_discrete/sessions/student1_raise_arms_006,,
combined_all,student1,raise_arms,discrete,cosmos_multi_sensor_gesture,7,1,0,3.0,3.020313999999985,"mmwave,imu,uwb,rfid",30,9.932742092378524,302,151,151,0,/Users/tylerchen/Cosmos-Gesture-Recognition-/processed/session_kaiwei_discrete/sessions/student1_raise_arms_007/trial_data.npz,/Users/tylerchen/Cosmos-Gesture-Recognition-/processed/session_kaiwei_discrete/sessions/student1_raise_arms_007,,
combined_all,student1,raise_arms,discrete,cosmos_multi_sensor_gesture,8,1,0,3.0,3.004485999999929,"mmwave,imu,uwb,rfid",30,9.985068993498626,300,150,150,0,/Users/tylerchen/Cosmos-Gesture-Recognition-/processed/session_kaiwei_discrete/sessions/student1_raise_arms_008/trial_data.npz,/Users/tylerchen/Cosmos-Gesture-Recognition-/processed/session_kaiwei_discrete/sessions/student1_raise_arms_008,,
combined_all,student1,fist_open,discrete,cosmos_multi_sensor_gesture,1,1,0,3.0,3.022085000000061,"mmwave,imu,uwb,rfid",31,10.257818691399935,302,152,152,0,/Users/tylerchen/Cosmos-Gesture-Recognition-/processed/session_kaiwei_discrete/sessions/student1_fist_open_001/trial_data.npz,/Users/tylerchen/Cosmos-Gesture-Recognition-/processed/session_kaiwei_discrete/sessions/student1_fist_open_001,,
combined_all,student1,fist_open,discrete,cosmos_multi_sensor_gesture,2,1,0,3.0,3.0097379999999703,"mmwave,imu,uwb,rfid",30,9.967645024251379,301,150,150,0,/Users/tylerchen/Cosmos-Gesture-Recognition-/processed/session_kaiwei_discrete/sessions/student1_fist_open_002/trial_data.npz,/Users/tylerchen/Cosmos-Gesture-Recognition-/processed/session_kaiwei_discrete/sessions/student1_fist_open_002,,
combined_all,student1,fist_open,discrete,cosmos_multi_sensor_gesture,3,1,0,3.0,3.0088590000000295,"mmwave,imu,uwb,rfid",30,9.970556945340313,301,151,151,0,/Users/tylerchen/Cosmos-Gesture-Recognition-/processed/session_kaiwei_discrete/sessions/student1_fist_open_003/trial_data.npz,/Users/tylerchen/Cosmos-Gesture-Recognition-/processed/session_kaiwei_discrete/sessions/student1_fist_open_003,,
combined_all,student1,fist_open,discrete,cosmos_multi_sensor_gesture,4,2,0,3.0,3.0216050000000223,"mmwave,imu,uwb,rfid",30,9.928498264994856,302,151,150,0,/Users/tylerchen/Cosmos-Gesture-Recognition-/processed/session_kaiwei_discrete/sessions/student1_fist_open_004/trial_data.npz,/Users/tylerchen/Cosmos-Gesture-Recognition-/processed/session_kaiwei_discrete/sessions/student1_fist_open_004,,
combined_all,student1,fist_open,discrete,cosmos_multi_sensor_gesture,5,1,0,3.0,3.0139460000000327,"mmwave,imu,uwb,rfid",30,9.953728434417762,301,151,151,0,/Users/tylerchen/Cosmos-Gesture-Recognition-/processed/session_kaiwei_discrete/sessions/student1_fist_open_005/trial_data.npz,/Users/tylerchen/Cosmos-Gesture-Recognition-/processed/session_kaiwei_discrete/sessions/student1_fist_open_005,,
combined_all,student1,fist_open,discrete,cosmos_multi_sensor_gesture,6,1,0,3.0,3.0157800000000634,"mmwave,imu,uwb,rfid",30,9.947675228298937,302,151,151,0,/Users/tylerchen/Cosmos-Gesture-Recognition-/processed/session_kaiwei_discrete/sessions/student1_fist_open_006/trial_data.npz,/Users/tylerchen/Cosmos-Gesture-Recognition-/processed/session_kaiwei_discrete/sessions/student1_fist_open_006,,
combined_all,student1,fist_open,discrete,cosmos_multi_sensor_gesture,7,1,0,3.0,3.00492799999995,"mmwave,imu,uwb,rfid",30,9.983600272619011,301,150,150,0,/Users/tylerchen/Cosmos-Gesture-Recognition-/processed/session_kaiwei_discrete/sessions/student1_fist_open_007/trial_data.npz,/Users/tylerchen/Cosmos-Gesture-Recognition-/processed/session_kaiwei_discrete/sessions/student1_fist_open_007,,
combined_all,student1,fist_open,discrete,cosmos_multi_sensor_gesture,8,1,0,3.0,3.0018139999999676,"mmwave,imu,uwb,rfid",30,9.993956987341763,300,150,150,0,/Users/tylerchen/Cosmos-Gesture-Recognition-/processed/session_kaiwei_discrete/sessions/student1_fist_open_008/trial_data.npz,/Users/tylerchen/Cosmos-Gesture-Recognition-/processed/session_kaiwei_discrete/sessions/student1_fist_open_008,,
combined_all,student1,one_arm_boxing,periodic,cosmos_multi_sensor_gesture,1,1,0,9.0,3.0,"mmwave,imu,uwb,rfid",30,10.0,300,150,150,0,/Users/tylerchen/Cosmos-Gesture-Recognition-/processed/session_kaiwei_periodic/sessions/student1_one_arm_boxing_001_seg000/trial_data.npz,/Users/tylerchen/Cosmos-Gesture-Recognition-/processed/session_kaiwei_periodic/sessions/student1_one_arm_boxing_001_seg000,,
combined_all,student1,one_arm_boxing,periodic,cosmos_multi_sensor_gesture,1,1,1,9.0,2.9999999999999982,"mmwave,imu,uwb,rfid",30,10.000000000000005,300,150,150,0,/Users/tylerchen/Cosmos-Gesture-Recognition-/processed/session_kaiwei_periodic/sessions/student1_one_arm_boxing_001_seg001/trial_data.npz,/Users/tylerchen/Cosmos-Gesture-Recognition-/processed/session_kaiwei_periodic/sessions/student1_one_arm_boxing_001_seg001,,
combined_all,student1,one_arm_boxing,periodic,cosmos_multi_sensor_gesture,1,1,2,9.0,3.0,"mmwave,imu,uwb,rfid",30,10.0,300,150,150,0,/Users/tylerchen/Cosmos-Gesture-Recognition-/processed/session_kaiwei_periodic/sessions/student1_one_arm_boxing_001_seg002/trial_data.npz,/Users/tylerchen/Cosmos-Gesture-Recognition-/processed/session_kaiwei_periodic/sessions/student1_one_arm_boxing_001_seg002,,
combined_all,student1,one_arm_boxing,periodic,cosmos_multi_sensor_gesture,2,1,0,9.0,3.0,"mmwave,imu,uwb,rfid",30,10.0,299,150,150,0,/Users/tylerchen/Cosmos-Gesture-Recognition-/processed/session_kaiwei_periodic/sessions/student1_one_arm_boxing_002_seg000/trial_data.npz,/Users/tylerchen/Cosmos-Gesture-Recognition-/processed/session_kaiwei_periodic/sessions/student1_one_arm_boxing_002_seg000,,
combined_all,student1,one_arm_boxing,periodic,cosmos_multi_sensor_gesture,2,1,1,9.0,3.0,"mmwave,imu,uwb,rfid",30,10.0,301,150,150,0,/Users/tylerchen/Cosmos-Gesture-Recognition-/processed/session_kaiwei_periodic/sessions/student1_one_arm_boxing_002_seg001/trial_data.npz,/Users/tylerchen/Cosmos-Gesture-Recognition-/processed/session_kaiwei_periodic/sessions/student1_one_arm_boxing_002_seg001,,
combined_all,student1,one_arm_boxing,periodic,cosmos_multi_sensor_gesture,2,1,2,9.0,3.0,"mmwave,imu,uwb,rfid",30,10.0,300,150,150,0,/Users/tylerchen/Cosmos-Gesture-Recognition-/processed/session_kaiwei_periodic/sessions/student1_one_arm_boxing_002_seg002/trial_data.npz,/Users/tylerchen/Cosmos-Gesture-Recognition-/processed/session_kaiwei_periodic/sessions/student1_one_arm_boxing_002_seg002,,
combined_all,student1,one_arm_boxing,periodic,cosmos_multi_sensor_gesture,3,1,0,9.0,3.0,"mmwave,imu,uwb,rfid",30,10.0,299,150,150,0,/Users/tylerchen/Cosmos-Gesture-Recognition-/processed/session_kaiwei_periodic/sessions/student1_one_arm_boxing_003_seg000/trial_data.npz,/Users/tylerchen/Cosmos-Gesture-Recognition-/processed/session_kaiwei_periodic/sessions/student1_one_arm_boxing_003_seg000,,
combined_all,student1,one_arm_boxing,periodic,cosmos_multi_sensor_gesture,3,1,1,9.0,3.0,"mmwave,imu,uwb,rfid",30,10.0,300,150,150,0,/Users/tylerchen/Cosmos-Gesture-Recognition-/processed/session_kaiwei_periodic/sessions/student1_one_arm_boxing_003_seg001/trial_data.npz,/Users/tylerchen/Cosmos-Gesture-Recognition-/processed/session_kaiwei_periodic/sessions/student1_one_arm_boxing_003_seg001,,
combined_all,student1,one_arm_boxing,periodic,cosmos_multi_sensor_gesture,3,1,2,9.0,3.0,"mmwave,imu,uwb,rfid",30,10.0,301,150,150,0,/Users/tylerchen/Cosmos-Gesture-Recognition-/processed/session_kaiwei_periodic/sessions/student1_one_arm_boxing_003_seg002/trial_data.npz,/Users/tylerchen/Cosmos-Gesture-Recognition-/processed/session_kaiwei_periodic/sessions/student1_one_arm_boxing_003_seg002,,
combined_all,student1,clapping,periodic,cosmos_multi_sensor_gesture,1,1,0,9.0,3.0,"mmwave,imu,uwb,rfid",30,10.0,300,150,150,0,/Users/tylerchen/Cosmos-Gesture-Recognition-/processed/session_kaiwei_periodic/sessions/student1_clapping_001_seg000/trial_data.npz,/Users/tylerchen/Cosmos-Gesture-Recognition-/processed/session_kaiwei_periodic/sessions/student1_clapping_001_seg000,,
combined_all,student1,clapping,periodic,cosmos_multi_sensor_gesture,1,1,1,9.0,3.0,"mmwave,imu,uwb,rfid",30,10.0,300,150,149,0,/Users/tylerchen/Cosmos-Gesture-Recognition-/processed/session_kaiwei_periodic/sessions/student1_clapping_001_seg001/trial_data.npz,/Users/tylerchen/Cosmos-Gesture-Recognition-/processed/session_kaiwei_periodic/sessions/student1_clapping_001_seg001,,
combined_all,student1,clapping,periodic,cosmos_multi_sensor_gesture,1,1,2,9.0,3.0,"mmwave,imu,uwb,rfid",30,10.0,300,150,150,0,/Users/tylerchen/Cosmos-Gesture-Recognition-/processed/session_kaiwei_periodic/sessions/student1_clapping_001_seg002/trial_data.npz,/Users/tylerchen/Cosmos-Gesture-Recognition-/processed/session_kaiwei_periodic/sessions/student1_clapping_001_seg002,,
combined_all,student1,clapping,periodic,cosmos_multi_sensor_gesture,2,1,0,9.0,3.0,"mmwave,imu,uwb,rfid",30,10.0,300,150,150,0,/Users/tylerchen/Cosmos-Gesture-Recognition-/processed/session_kaiwei_periodic/sessions/student1_clapping_002_seg000/trial_data.npz,/Users/tylerchen/Cosmos-Gesture-Recognition-/processed/session_kaiwei_periodic/sessions/student1_clapping_002_seg000,,
combined_all,student1,clapping,periodic,cosmos_multi_sensor_gesture,2,1,1,9.0,3.0,"mmwave,imu,uwb,rfid",30,10.0,301,150,150,0,/Users/tylerchen/Cosmos-Gesture-Recognition-/processed/session_kaiwei_periodic/sessions/student1_clapping_002_seg001/trial_data.npz,/Users/tylerchen/Cosmos-Gesture-Recognition-/processed/session_kaiwei_periodic/sessions/student1_clapping_002_seg001,,
combined_all,student1,clapping,periodic,cosmos_multi_sensor_gesture,2,1,2,9.0,3.0,"mmwave,imu,uwb,rfid",30,10.0,300,150,145,0,/Users/tylerchen/Cosmos-Gesture-Recognition-/processed/session_kaiwei_periodic/sessions/student1_clapping_002_seg002/trial_data.npz,/Users/tylerchen/Cosmos-Gesture-Recognition-/processed/session_kaiwei_periodic/sessions/student1_clapping_002_seg002,,
combined_all,student1,clapping,periodic,cosmos_multi_sensor_gesture,3,1,0,9.0,3.0,"mmwave,imu,uwb,rfid",30,10.0,299,150,145,0,/Users/tylerchen/Cosmos-Gesture-Recognition-/processed/session_kaiwei_periodic/sessions/student1_clapping_003_seg000/trial_data.npz,/Users/tylerchen/Cosmos-Gesture-Recognition-/processed/session_kaiwei_periodic/sessions/student1_clapping_003_seg000,,
combined_all,student1,clapping,periodic,cosmos_multi_sensor_gesture,3,1,1,9.0,3.0,"mmwave,imu,uwb,rfid",30,10.0,301,150,149,0,/Users/tylerchen/Cosmos-Gesture-Recognition-/processed/session_kaiwei_periodic/sessions/student1_clapping_003_seg001/trial_data.npz,/Users/tylerchen/Cosmos-Gesture-Recognition-/processed/session_kaiwei_periodic/sessions/student1_clapping_003_seg001,,
combined_all,student1,clapping,periodic,cosmos_multi_sensor_gesture,3,1,2,9.0,3.0,"mmwave,imu,uwb,rfid",30,10.0,300,150,150,0,/Users/tylerchen/Cosmos-Gesture-Recognition-/processed/session_kaiwei_periodic/sessions/student1_clapping_003_seg002/trial_data.npz,/Users/tylerchen/Cosmos-Gesture-Recognition-/processed/session_kaiwei_periodic/sessions/student1_clapping_003_seg002,,
combined_all,student1,two_arm_boxing,periodic,cosmos_multi_sensor_gesture,1,2,0,9.0,3.0,"mmwave,imu,uwb,rfid",30,10.0,300,150,150,0,/Users/tylerchen/Cosmos-Gesture-Recognition-/processed/session_kaiwei_periodic/sessions/student1_two_arm_boxing_001_seg000/trial_data.npz,/Users/tylerchen/Cosmos-Gesture-Recognition-/processed/session_kaiwei_periodic/sessions/student1_two_arm_boxing_001_seg000,,
combined_all,student1,two_arm_boxing,periodic,cosmos_multi_sensor_gesture,1,2,1,9.0,3.0,"mmwave,imu,uwb,rfid",30,10.0,300,150,149,0,/Users/tylerchen/Cosmos-Gesture-Recognition-/processed/session_kaiwei_periodic/sessions/student1_two_arm_boxing_001_seg001/trial_data.npz,/Users/tylerchen/Cosmos-Gesture-Recognition-/processed/session_kaiwei_periodic/sessions/student1_two_arm_boxing_001_seg001,,
combined_all,student1,two_arm_boxing,periodic,cosmos_multi_sensor_gesture,1,2,2,9.0,3.0,"mmwave,imu,uwb,rfid",30,10.0,300,150,150,0,/Users/tylerchen/Cosmos-Gesture-Recognition-/processed/session_kaiwei_periodic/sessions/student1_two_arm_boxing_001_seg002/trial_data.npz,/Users/tylerchen/Cosmos-Gesture-Recognition-/processed/session_kaiwei_periodic/sessions/student1_two_arm_boxing_001_seg002,,
combined_all,student1,two_arm_boxing,periodic,cosmos_multi_sensor_gesture,2,1,0,9.0,3.0,"mmwave,imu,uwb,rfid",30,10.0,300,150,150,0,/Users/tylerchen/Cosmos-Gesture-Recognition-/processed/session_kaiwei_periodic/sessions/student1_two_arm_boxing_002_seg000/trial_data.npz,/Users/tylerchen/Cosmos-Gesture-Recognition-/processed/session_kaiwei_periodic/sessions/student1_two_arm_boxing_002_seg000,,
combined_all,student1,two_arm_boxing,periodic,cosmos_multi_sensor_gesture,2,1,1,9.0,3.0,"mmwave,imu,uwb,rfid",30,10.0,300,150,150,0,/Users/tylerchen/Cosmos-Gesture-Recognition-/processed/session_kaiwei_periodic/sessions/student1_two_arm_boxing_002_seg001/trial_data.npz,/Users/tylerchen/Cosmos-Gesture-Recognition-/processed/session_kaiwei_periodic/sessions/student1_two_arm_boxing_002_seg001,,
combined_all,student1,two_arm_boxing,periodic,cosmos_multi_sensor_gesture,2,1,2,9.0,3.0,"mmwave,imu,uwb,rfid",30,10.0,300,150,149,0,/Users/tylerchen/Cosmos-Gesture-Recognition-/processed/session_kaiwei_periodic/sessions/student1_two_arm_boxing_002_seg002/trial_data.npz,/Users/tylerchen/Cosmos-Gesture-Recognition-/processed/session_kaiwei_periodic/sessions/student1_two_arm_boxing_002_seg002,,
combined_all,student1,two_arm_boxing,periodic,cosmos_multi_sensor_gesture,3,1,0,9.0,3.0,"mmwave,imu,uwb,rfid",30,10.0,300,150,150,0,/Users/tylerchen/Cosmos-Gesture-Recognition-/processed/session_kaiwei_periodic/sessions/student1_two_arm_boxing_003_seg000/trial_data.npz,/Users/tylerchen/Cosmos-Gesture-Recognition-/processed/session_kaiwei_periodic/sessions/student1_two_arm_boxing_003_seg000,,
combined_all,student1,two_arm_boxing,periodic,cosmos_multi_sensor_gesture,3,1,1,9.0,3.0,"mmwave,imu,uwb,rfid",30,10.0,300,150,149,0,/Users/tylerchen/Cosmos-Gesture-Recognition-/processed/session_kaiwei_periodic/sessions/student1_two_arm_boxing_003_seg001/trial_data.npz,/Users/tylerchen/Cosmos-Gesture-Recognition-/processed/session_kaiwei_periodic/sessions/student1_two_arm_boxing_003_seg001,,
combined_all,student1,two_arm_boxing,periodic,cosmos_multi_sensor_gesture,3,1,2,9.0,3.0,"mmwave,imu,uwb,rfid",30,10.0,300,150,150,0,/Users/tylerchen/Cosmos-Gesture-Recognition-/processed/session_kaiwei_periodic/sessions/student1_two_arm_boxing_003_seg002/trial_data.npz,/Users/tylerchen/Cosmos-Gesture-Recognition-/processed/session_kaiwei_periodic/sessions/student1_two_arm_boxing_003_seg002,,
combined_all,student1,soli,periodic,cosmos_multi_sensor_gesture,1,1,0,9.0,3.0,"mmwave,imu,uwb,rfid",30,10.0,300,150,150,0,/Users/tylerchen/Cosmos-Gesture-Recognition-/processed/session_kaiwei_periodic/sessions/student1_soli_001_seg000/trial_data.npz,/Users/tylerchen/Cosmos-Gesture-Recognition-/processed/session_kaiwei_periodic/sessions/student1_soli_001_seg000,,
combined_all,student1,soli,periodic,cosmos_multi_sensor_gesture,1,1,1,9.0,3.0,"mmwave,imu,uwb,rfid",30,10.0,300,150,150,0,/Users/tylerchen/Cosmos-Gesture-Recognition-/processed/session_kaiwei_periodic/sessions/student1_soli_001_seg001/trial_data.npz,/Users/tylerchen/Cosmos-Gesture-Recognition-/processed/session_kaiwei_periodic/sessions/student1_soli_001_seg001,,
combined_all,student1,soli,periodic,cosmos_multi_sensor_gesture,1,1,2,9.0,3.0,"mmwave,imu,uwb,rfid",30,10.0,300,150,150,0,/Users/tylerchen/Cosmos-Gesture-Recognition-/processed/session_kaiwei_periodic/sessions/student1_soli_001_seg002/trial_data.npz,/Users/tylerchen/Cosmos-Gesture-Recognition-/processed/session_kaiwei_periodic/sessions/student1_soli_001_seg002,,
combined_all,student1,soli,periodic,cosmos_multi_sensor_gesture,2,1,0,9.0,3.0,"mmwave,imu,uwb,rfid",30,10.0,300,150,150,0,/Users/tylerchen/Cosmos-Gesture-Recognition-/processed/session_kaiwei_periodic/sessions/student1_soli_002_seg000/trial_data.npz,/Users/tylerchen/Cosmos-Gesture-Recognition-/processed/session_kaiwei_periodic/sessions/student1_soli_002_seg000,,
combined_all,student1,soli,periodic,cosmos_multi_sensor_gesture,2,1,1,9.0,3.0,"mmwave,imu,uwb,rfid",30,10.0,300,150,150,0,/Users/tylerchen/Cosmos-Gesture-Recognition-/processed/session_kaiwei_periodic/sessions/student1_soli_002_seg001/trial_data.npz,/Users/tylerchen/Cosmos-Gesture-Recognition-/processed/session_kaiwei_periodic/sessions/student1_soli_002_seg001,,
combined_all,student1,soli,periodic,cosmos_multi_sensor_gesture,2,1,2,9.0,3.0,"mmwave,imu,uwb,rfid",30,10.0,299,150,150,0,/Users/tylerchen/Cosmos-Gesture-Recognition-/processed/session_kaiwei_periodic/sessions/student1_soli_002_seg002/trial_data.npz,/Users/tylerchen/Cosmos-Gesture-Recognition-/processed/session_kaiwei_periodic/sessions/student1_soli_002_seg002,,
combined_all,student1,soli,periodic,cosmos_multi_sensor_gesture,3,2,0,9.0,3.0,"mmwave,imu,uwb,rfid",30,10.0,300,150,150,0,/Users/tylerchen/Cosmos-Gesture-Recognition-/processed/session_kaiwei_periodic/sessions/student1_soli_003_seg000/trial_data.npz,/Users/tylerchen/Cosmos-Gesture-Recognition-/processed/session_kaiwei_periodic/sessions/student1_soli_003_seg000,,
combined_all,student1,soli,periodic,cosmos_multi_sensor_gesture,3,2,1,9.0,3.0,"mmwave,imu,uwb,rfid",30,10.0,300,150,150,0,/Users/tylerchen/Cosmos-Gesture-Recognition-/processed/session_kaiwei_periodic/sessions/student1_soli_003_seg001/trial_data.npz,/Users/tylerchen/Cosmos-Gesture-Recognition-/processed/session_kaiwei_periodic/sessions/student1_soli_003_seg001,,
combined_all,student1,soli,periodic,cosmos_multi_sensor_gesture,3,2,2,9.0,3.0,"mmwave,imu,uwb,rfid",30,10.0,300,150,150,0,/Users/tylerchen/Cosmos-Gesture-Recognition-/processed/session_kaiwei_periodic/sessions/student1_soli_003_seg002/trial_data.npz,/Users/tylerchen/Cosmos-Gesture-Recognition-/processed/session_kaiwei_periodic/sessions/student1_soli_003_seg002,,
combined_all,student1,palm_up_down,periodic,cosmos_multi_sensor_gesture,1,1,0,9.0,3.0,"mmwave,imu,uwb,rfid",30,10.0,300,150,150,0,/Users/tylerchen/Cosmos-Gesture-Recognition-/processed/session_kaiwei_periodic/sessions/student1_palm_up_down_001_seg000/trial_data.npz,/Users/tylerchen/Cosmos-Gesture-Recognition-/processed/session_kaiwei_periodic/sessions/student1_palm_up_down_001_seg000,,
combined_all,student1,palm_up_down,periodic,cosmos_multi_sensor_gesture,1,1,1,9.0,3.0,"mmwave,imu,uwb,rfid",30,10.0,300,150,150,0,/Users/tylerchen/Cosmos-Gesture-Recognition-/processed/session_kaiwei_periodic/sessions/student1_palm_up_down_001_seg001/trial_data.npz,/Users/tylerchen/Cosmos-Gesture-Recognition-/processed/session_kaiwei_periodic/sessions/student1_palm_up_down_001_seg001,,
combined_all,student1,palm_up_down,periodic,cosmos_multi_sensor_gesture,1,1,2,9.0,3.0,"mmwave,imu,uwb,rfid",30,10.0,300,150,150,0,/Users/tylerchen/Cosmos-Gesture-Recognition-/processed/session_kaiwei_periodic/sessions/student1_palm_up_down_001_seg002/trial_data.npz,/Users/tylerchen/Cosmos-Gesture-Recognition-/processed/session_kaiwei_periodic/sessions/student1_palm_up_down_001_seg002,,
combined_all,student1,palm_up_down,periodic,cosmos_multi_sensor_gesture,2,1,0,9.0,3.0,"mmwave,imu,uwb,rfid",30,10.0,300,150,150,0,/Users/tylerchen/Cosmos-Gesture-Recognition-/processed/session_kaiwei_periodic/sessions/student1_palm_up_down_002_seg000/trial_data.npz,/Users/tylerchen/Cosmos-Gesture-Recognition-/processed/session_kaiwei_periodic/sessions/student1_palm_up_down_002_seg000,,
combined_all,student1,palm_up_down,periodic,cosmos_multi_sensor_gesture,2,1,1,9.0,3.0,"mmwave,imu,uwb,rfid",30,10.0,300,150,150,0,/Users/tylerchen/Cosmos-Gesture-Recognition-/processed/session_kaiwei_periodic/sessions/student1_palm_up_down_002_seg001/trial_data.npz,/Users/tylerchen/Cosmos-Gesture-Recognition-/processed/session_kaiwei_periodic/sessions/student1_palm_up_down_002_seg001,,
combined_all,student1,palm_up_down,periodic,cosmos_multi_sensor_gesture,2,1,2,9.0,3.0,"mmwave,imu,uwb,rfid",30,10.0,300,150,150,0,/Users/tylerchen/Cosmos-Gesture-Recognition-/processed/session_kaiwei_periodic/sessions/student1_palm_up_down_002_seg002/trial_data.npz,/Users/tylerchen/Cosmos-Gesture-Recognition-/processed/session_kaiwei_periodic/sessions/student1_palm_up_down_002_seg002,,
combined_all,student1,palm_up_down,periodic,cosmos_multi_sensor_gesture,3,1,0,9.0,3.0,"mmwave,imu,uwb,rfid",30,10.0,300,150,150,0,/Users/tylerchen/Cosmos-Gesture-Recognition-/processed/session_kaiwei_periodic/sessions/student1_palm_up_down_003_seg000/trial_data.npz,/Users/tylerchen/Cosmos-Gesture-Recognition-/processed/session_kaiwei_periodic/sessions/student1_palm_up_down_003_seg000,,
combined_all,student1,palm_up_down,periodic,cosmos_multi_sensor_gesture,3,1,1,9.0,3.0,"mmwave,imu,uwb,rfid",30,10.0,300,150,150,0,/Users/tylerchen/Cosmos-Gesture-Recognition-/processed/session_kaiwei_periodic/sessions/student1_palm_up_down_003_seg001/trial_data.npz,/Users/tylerchen/Cosmos-Gesture-Recognition-/processed/session_kaiwei_periodic/sessions/student1_palm_up_down_003_seg001,,
combined_all,student1,palm_up_down,periodic,cosmos_multi_sensor_gesture,3,1,2,9.0,3.0,"mmwave,imu,uwb,rfid",30,10.0,300,150,150,0,/Users/tylerchen/Cosmos-Gesture-Recognition-/processed/session_kaiwei_periodic/sessions/student1_palm_up_down_003_seg002/trial_data.npz,/Users/tylerchen/Cosmos-Gesture-Recognition-/processed/session_kaiwei_periodic/sessions/student1_palm_up_down_003_seg002,,
combined_all,leudies,pull,discrete,cosmos_multi_sensor_gesture,1,1,0,3.0,3.0097929999999735,"mmwave,imu,uwb",30,9.967462878676463,301,150,150,0,/Users/tylerchen/Cosmos-Gesture-Recognition-/processed/session_leudies_discrete/sessions/leudies_pull_001/trial_data.npz,/Users/tylerchen/Cosmos-Gesture-Recognition-/processed/session_leudies_discrete/sessions/leudies_pull_001,,
combined_all,leudies,pull,discrete,cosmos_multi_sensor_gesture,2,1,0,3.0,3.0104379999999935,"mmwave,imu,uwb",30,9.965327304531787,302,151,151,0,/Users/tylerchen/Cosmos-Gesture-Recognition-/processed/session_leudies_discrete/sessions/leudies_pull_002/trial_data.npz,/Users/tylerchen/Cosmos-Gesture-Recognition-/processed/session_leudies_discrete/sessions/leudies_pull_002,,
combined_all,leudies,pull,discrete,cosmos_multi_sensor_gesture,3,1,0,3.0,3.0094469999999944,"mmwave,imu,uwb",30,9.968608850729073,301,150,150,0,/Users/tylerchen/Cosmos-Gesture-Recognition-/processed/session_leudies_discrete/sessions/leudies_pull_003/trial_data.npz,/Users/tylerchen/Cosmos-Gesture-Recognition-/processed/session_leudies_discrete/sessions/leudies_pull_003,,
combined_all,leudies,pull,discrete,cosmos_multi_sensor_gesture,4,1,0,3.0,3.014823000000007,"mmwave,imu,uwb",30,9.950832934470757,301,151,151,0,/Users/tylerchen/Cosmos-Gesture-Recognition-/processed/session_leudies_discrete/sessions/leudies_pull_004/trial_data.npz,/Users/tylerchen/Cosmos-Gesture-Recognition-/processed/session_leudies_discrete/sessions/leudies_pull_004,,
combined_all,leudies,pull,discrete,cosmos_multi_sensor_gesture,5,1,0,3.0,3.019463000000002,"mmwave,imu,uwb",30,9.935541518475299,303,151,151,0,/Users/tylerchen/Cosmos-Gesture-Recognition-/processed/session_leudies_discrete/sessions/leudies_pull_005/trial_data.npz,/Users/tylerchen/Cosmos-Gesture-Recognition-/processed/session_leudies_discrete/sessions/leudies_pull_005,,
combined_all,leudies,pull,discrete,cosmos_multi_sensor_gesture,6,1,0,3.0,3.0018610000000194,"mmwave,imu,uwb",30,9.993800512415401,300,150,150,0,/Users/tylerchen/Cosmos-Gesture-Recognition-/processed/session_leudies_discrete/sessions/leudies_pull_006/trial_data.npz,/Users/tylerchen/Cosmos-Gesture-Recognition-/processed/session_leudies_discrete/sessions/leudies_pull_006,,
combined_all,leudies,pull,discrete,cosmos_multi_sensor_gesture,7,1,0,3.0,3.0070110000000057,"mmwave,imu,uwb",30,9.976684488350706,300,150,150,0,/Users/tylerchen/Cosmos-Gesture-Recognition-/processed/session_leudies_discrete/sessions/leudies_pull_007/trial_data.npz,/Users/tylerchen/Cosmos-Gesture-Recognition-/processed/session_leudies_discrete/sessions/leudies_pull_007,,
combined_all,leudies,pull,discrete,cosmos_multi_sensor_gesture,8,1,0,3.0,3.024834999999996,"mmwave,imu,uwb",30,9.91789634806528,303,151,151,0,/Users/tylerchen/Cosmos-Gesture-Recognition-/processed/session_leudies_discrete/sessions/leudies_pull_008/trial_data.npz,/Users/tylerchen/Cosmos-Gesture-Recognition-/processed/session_leudies_discrete/sessions/leudies_pull_008,,
combined_all,leudies,push,discrete,cosmos_multi_sensor_gesture,1,1,0,3.0,3.0038129999999796,"mmwave,imu,uwb",30,9.987306133903877,300,150,150,0,/Users/tylerchen/Cosmos-Gesture-Recognition-/processed/session_leudies_discrete/sessions/leudies_push_001/trial_data.npz,/Users/tylerchen/Cosmos-Gesture-Recognition-/processed/session_leudies_discrete/sessions/leudies_push_001,,
combined_all,leudies,push,discrete,cosmos_multi_sensor_gesture,2,1,0,3.0,3.0011189999999885,"mmwave,imu,uwb",30,9.99627139077128,300,150,150,0,/Users/tylerchen/Cosmos-Gesture-Recognition-/processed/session_leudies_discrete/sessions/leudies_push_002/trial_data.npz,/Users/tylerchen/Cosmos-Gesture-Recognition-/processed/session_leudies_discrete/sessions/leudies_push_002,,
combined_all,leudies,push,discrete,cosmos_multi_sensor_gesture,3,1,0,3.0,3.015428000000014,"mmwave,imu,uwb",30,9.948836450414289,302,151,151,0,/Users/tylerchen/Cosmos-Gesture-Recognition-/processed/session_leudies_discrete/sessions/leudies_push_003/trial_data.npz,/Users/tylerchen/Cosmos-Gesture-Recognition-/processed/session_leudies_discrete/sessions/leudies_push_003,,
combined_all,leudies,push,discrete,cosmos_multi_sensor_gesture,4,1,0,3.0,3.006270999999998,"mmwave,imu,uwb",30,9.979140270454666,300,150,150,0,/Users/tylerchen/Cosmos-Gesture-Recognition-/processed/session_leudies_discrete/sessions/leudies_push_004/trial_data.npz,/Users/tylerchen/Cosmos-Gesture-Recognition-/processed/session_leudies_discrete/sessions/leudies_push_004,,
combined_all,leudies,push,discrete,cosmos_multi_sensor_gesture,5,1,0,3.0,3.018695999999977,"mmwave,imu,uwb",31,10.269334838619137,302,151,151,0,/Users/tylerchen/Cosmos-Gesture-Recognition-/processed/session_leudies_discrete/sessions/leudies_push_005/trial_data.npz,/Users/tylerchen/Cosmos-Gesture-Recognition-/processed/session_leudies_discrete/sessions/leudies_push_005,,
combined_all,leudies,push,discrete,cosmos_multi_sensor_gesture,6,1,0,3.0,3.011379000000005,"mmwave,imu,uwb",30,9.962213324858794,301,151,151,0,/Users/tylerchen/Cosmos-Gesture-Recognition-/processed/session_leudies_discrete/sessions/leudies_push_006/trial_data.npz,/Users/tylerchen/Cosmos-Gesture-Recognition-/processed/session_leudies_discrete/sessions/leudies_push_006,,
combined_all,leudies,push,discrete,cosmos_multi_sensor_gesture,7,2,0,3.0,3.0187719999999842,"mmwave,imu,uwb",30,9.937815774096274,301,151,151,0,/Users/tylerchen/Cosmos-Gesture-Recognition-/processed/session_leudies_discrete/sessions/leudies_push_007/trial_data.npz,/Users/tylerchen/Cosmos-Gesture-Recognition-/processed/session_leudies_discrete/sessions/leudies_push_007,,
combined_all,leudies,push,discrete,cosmos_multi_sensor_gesture,8,1,0,3.0,3.0207249999999988,"mmwave,imu,uwb",30,9.931390642974787,302,151,151,0,/Users/tylerchen/Cosmos-Gesture-Recognition-/processed/session_leudies_discrete/sessions/leudies_push_008/trial_data.npz,/Users/tylerchen/Cosmos-Gesture-Recognition-/processed/session_leudies_discrete/sessions/leudies_push_008,,
combined_all,leudies,clockwise,discrete,cosmos_multi_sensor_gesture,1,1,0,3.0,3.0066249999999854,"mmwave,imu,uwb",30,9.977965326570539,301,151,151,0,/Users/tylerchen/Cosmos-Gesture-Recognition-/processed/session_leudies_discrete/sessions/leudies_clockwise_001/trial_data.npz,/Users/tylerchen/Cosmos-Gesture-Recognition-/processed/session_leudies_discrete/sessions/leudies_clockwise_001,,
combined_all,leudies,clockwise,discrete,cosmos_multi_sensor_gesture,2,1,0,3.0,3.0092199999999707,"mmwave,imu,uwb",30,9.969360831046016,301,150,150,0,/Users/tylerchen/Cosmos-Gesture-Recognition-/processed/session_leudies_discrete/sessions/leudies_clockwise_002/trial_data.npz,/Users/tylerchen/Cosmos-Gesture-Recognition-/processed/session_leudies_discrete/sessions/leudies_clockwise_002,,
combined_all,leudies,clockwise,discrete,cosmos_multi_sensor_gesture,3,1,0,3.0,3.018070000000023,"mmwave,imu,uwb",30,9.94012729989688,302,150,150,0,/Users/tylerchen/Cosmos-Gesture-Recognition-/processed/session_leudies_discrete/sessions/leudies_clockwise_003/trial_data.npz,/Users/tylerchen/Cosmos-Gesture-Recognition-/processed/session_leudies_discrete/sessions/leudies_clockwise_003,,
combined_all,leudies,clockwise,discrete,cosmos_multi_sensor_gesture,4,1,0,3.0,3.014312000000018,"mmwave,imu,uwb",30,9.952519845324511,302,150,148,0,/Users/tylerchen/Cosmos-Gesture-Recognition-/processed/session_leudies_discrete/sessions/leudies_clockwise_004/trial_data.npz,/Users/tylerchen/Cosmos-Gesture-Recognition-/processed/session_leudies_discrete/sessions/leudies_clockwise_004,,
combined_all,leudies,clockwise,discrete,cosmos_multi_sensor_gesture,5,1,0,3.0,3.0041709999999853,"mmwave,imu,uwb",30,9.986115970096291,301,151,149,0,/Users/tylerchen/Cosmos-Gesture-Recognition-/processed/session_leudies_discrete/sessions/leudies_clockwise_005/trial_data.npz,/Users/tylerchen/Cosmos-Gesture-Recognition-/processed/session_leudies_discrete/sessions/leudies_clockwise_005,,
combined_all,leudies,clockwise,discrete,cosmos_multi_sensor_gesture,6,1,0,3.0,3.0057110000000193,"mmwave,imu,uwb",30,9.980999503944261,300,151,148,0,/Users/tylerchen/Cosmos-Gesture-Recognition-/processed/session_leudies_discrete/sessions/leudies_clockwise_006/trial_data.npz,/Users/tylerchen/Cosmos-Gesture-Recognition-/processed/session_leudies_discrete/sessions/leudies_clockwise_006,,
combined_all,leudies,clockwise,discrete,cosmos_multi_sensor_gesture,7,1,0,3.0,3.0081799999999816,"mmwave,imu,uwb",30,9.972807478275962,301,150,150,0,/Users/tylerchen/Cosmos-Gesture-Recognition-/processed/session_leudies_discrete/sessions/leudies_clockwise_007/trial_data.npz,/Users/tylerchen/Cosmos-Gesture-Recognition-/processed/session_leudies_discrete/sessions/leudies_clockwise_007,,
combined_all,leudies,clockwise,discrete,cosmos_multi_sensor_gesture,8,1,0,3.0,3.0015860000000316,"mmwave,imu,uwb",30,9.99471612674089,301,150,149,0,/Users/tylerchen/Cosmos-Gesture-Recognition-/processed/session_leudies_discrete/sessions/leudies_clockwise_008/trial_data.npz,/Users/tylerchen/Cosmos-Gesture-Recognition-/processed/session_leudies_discrete/sessions/leudies_clockwise_008,,
combined_all,leudies,anti_clockwise,discrete,cosmos_multi_sensor_gesture,1,1,0,3.0,3.000140999999985,"mmwave,imu,uwb",30,9.999530022089012,300,150,150,0,/Users/tylerchen/Cosmos-Gesture-Recognition-/processed/session_leudies_discrete/sessions/leudies_anti_clockwise_001/trial_data.npz,/Users/tylerchen/Cosmos-Gesture-Recognition-/processed/session_leudies_discrete/sessions/leudies_anti_clockwise_001,,
combined_all,leudies,anti_clockwise,discrete,cosmos_multi_sensor_gesture,2,1,0,3.0,3.0247870000000034,"mmwave,imu,uwb",30,9.91805373403151,302,151,150,0,/Users/tylerchen/Cosmos-Gesture-Recognition-/processed/session_leudies_discrete/sessions/leudies_anti_clockwise_002/trial_data.npz,/Users/tylerchen/Cosmos-Gesture-Recognition-/processed/session_leudies_discrete/sessions/leudies_anti_clockwise_002,,
combined_all,leudies,anti_clockwise,discrete,cosmos_multi_sensor_gesture,3,1,0,3.0,3.003243999999995,"mmwave,imu,uwb",30,9.989198346854284,301,150,148,0,/Users/tylerchen/Cosmos-Gesture-Recognition-/processed/session_leudies_discrete/sessions/leudies_anti_clockwise_003/trial_data.npz,/Users/tylerchen/Cosmos-Gesture-Recognition-/processed/session_leudies_discrete/sessions/leudies_anti_clockwise_003,,
combined_all,leudies,anti_clockwise,discrete,cosmos_multi_sensor_gesture,4,1,0,3.0,3.018929999999955,"mmwave,imu,uwb",30,9.93729566435805,302,151,148,0,/Users/tylerchen/Cosmos-Gesture-Recognition-/processed/session_leudies_discrete/sessions/leudies_anti_clockwise_004/trial_data.npz,/Users/tylerchen/Cosmos-Gesture-Recognition-/processed/session_leudies_discrete/sessions/leudies_anti_clockwise_004,,
combined_all,leudies,anti_clockwise,discrete,cosmos_multi_sensor_gesture,5,1,0,3.0,3.0049700000000144,"mmwave,imu,uwb",30,9.983460733384979,300,150,150,0,/Users/tylerchen/Cosmos-Gesture-Recognition-/processed/session_leudies_discrete/sessions/leudies_anti_clockwise_005/trial_data.npz,/Users/tylerchen/Cosmos-Gesture-Recognition-/processed/session_leudies_discrete/sessions/leudies_anti_clockwise_005,,
combined_all,leudies,anti_clockwise,discrete,cosmos_multi_sensor_gesture,6,1,0,3.0,3.0126859999999738,"mmwave,imu,uwb",30,9.957891396581077,301,150,148,0,/Users/tylerchen/Cosmos-Gesture-Recognition-/processed/session_leudies_discrete/sessions/leudies_anti_clockwise_006/trial_data.npz,/Users/tylerchen/Cosmos-Gesture-Recognition-/processed/session_leudies_discrete/sessions/leudies_anti_clockwise_006,,
combined_all,leudies,anti_clockwise,discrete,cosmos_multi_sensor_gesture,7,1,0,3.0,3.0045599999999695,"mmwave,imu,uwb",30,9.98482306893532,300,150,150,0,/Users/tylerchen/Cosmos-Gesture-Recognition-/processed/session_leudies_discrete/sessions/leudies_anti_clockwise_007/trial_data.npz,/Users/tylerchen/Cosmos-Gesture-Recognition-/processed/session_leudies_discrete/sessions/leudies_anti_clockwise_007,,
combined_all,leudies,anti_clockwise,discrete,cosmos_multi_sensor_gesture,8,1,0,3.0,3.0019910000000323,"mmwave,imu,uwb",30,9.993367734946466,300,150,150,0,/Users/tylerchen/Cosmos-Gesture-Recognition-/processed/session_leudies_discrete/sessions/leudies_anti_clockwise_008/trial_data.npz,/Users/tylerchen/Cosmos-Gesture-Recognition-/processed/session_leudies_discrete/sessions/leudies_anti_clockwise_008,,
combined_all,leudies,right,discrete,cosmos_multi_sensor_gesture,1,1,0,3.0,3.0063559999999825,"mmwave,imu,uwb",30,9.97885812591728,301,151,150,0,/Users/tylerchen/Cosmos-Gesture-Recognition-/processed/session_leudies_discrete/sessions/leudies_right_001/trial_data.npz,/Users/tylerchen/Cosmos-Gesture-Recognition-/processed/session_leudies_discrete/sessions/leudies_right_001,,
combined_all,leudies,right,discrete,cosmos_multi_sensor_gesture,2,1,0,3.0,3.0117460000000165,"mmwave,imu,uwb",30,9.960999367144453,301,151,150,0,/Users/tylerchen/Cosmos-Gesture-Recognition-/processed/session_leudies_discrete/sessions/leudies_right_002/trial_data.npz,/Users/tylerchen/Cosmos-Gesture-Recognition-/processed/session_leudies_discrete/sessions/leudies_right_002,,
combined_all,leudies,right,discrete,cosmos_multi_sensor_gesture,3,1,0,3.0,3.0171569999999974,"mmwave,imu,uwb",31,10.274573050060049,301,151,151,0,/Users/tylerchen/Cosmos-Gesture-Recognition-/processed/session_leudies_discrete/sessions/leudies_right_003/trial_data.npz,/Users/tylerchen/Cosmos-Gesture-Recognition-/processed/session_leudies_discrete/sessions/leudies_right_003,,
combined_all,leudies,right,discrete,cosmos_multi_sensor_gesture,4,1,0,3.0,3.0118609999999535,"mmwave,imu,uwb",30,9.960619032551788,301,151,151,0,/Users/tylerchen/Cosmos-Gesture-Recognition-/processed/session_leudies_discrete/sessions/leudies_right_004/trial_data.npz,/Users/tylerchen/Cosmos-Gesture-Recognition-/processed/session_leudies_discrete/sessions/leudies_right_004,,
combined_all,leudies,right,discrete,cosmos_multi_sensor_gesture,5,1,0,3.0,3.0187779999999975,"mmwave,imu,uwb",30,9.937796022099016,302,151,151,0,/Users/tylerchen/Cosmos-Gesture-Recognition-/processed/session_leudies_discrete/sessions/leudies_right_005/trial_data.npz,/Users/tylerchen/Cosmos-Gesture-Recognition-/processed/session_leudies_discrete/sessions/leudies_right_005,,
combined_all,leudies,right,discrete,cosmos_multi_sensor_gesture,6,1,0,3.0,3.018813000000023,"mmwave,imu,uwb",30,9.937680803680047,303,151,150,0,/Users/tylerchen/Cosmos-Gesture-Recognition-/processed/session_leudies_discrete/sessions/leudies_right_006/trial_data.npz,/Users/tylerchen/Cosmos-Gesture-Recognition-/processed/session_leudies_discrete/sessions/leudies_right_006,,
combined_all,leudies,right,discrete,cosmos_multi_sensor_gesture,7,1,0,3.0,3.00375600000001,"mmwave,imu,uwb",30,9.987495655439357,300,150,149,0,/Users/tylerchen/Cosmos-Gesture-Recognition-/processed/session_leudies_discrete/sessions/leudies_right_007/trial_data.npz,/Users/tylerchen/Cosmos-Gesture-Recognition-/processed/session_leudies_discrete/sessions/leudies_right_007,,
combined_all,leudies,right,discrete,cosmos_multi_sensor_gesture,8,1,0,3.0,3.023253000000011,"mmwave,imu,uwb",30,9.923086159180158,303,151,151,0,/Users/tylerchen/Cosmos-Gesture-Recognition-/processed/session_leudies_discrete/sessions/leudies_right_008/trial_data.npz,/Users/tylerchen/Cosmos-Gesture-Recognition-/processed/session_leudies_discrete/sessions/leudies_right_008,,
combined_all,leudies,left,discrete,cosmos_multi_sensor_gesture,1,1,0,3.0,3.0063940000000002,"mmwave,imu,uwb",30,9.978731995872796,301,150,149,0,/Users/tylerchen/Cosmos-Gesture-Recognition-/processed/session_leudies_discrete/sessions/leudies_left_001/trial_data.npz,/Users/tylerchen/Cosmos-Gesture-Recognition-/processed/session_leudies_discrete/sessions/leudies_left_001,,
combined_all,leudies,left,discrete,cosmos_multi_sensor_gesture,2,1,0,3.0,3.0077740000000404,"mmwave,imu,uwb",30,9.974153643192473,301,150,150,0,/Users/tylerchen/Cosmos-Gesture-Recognition-/processed/session_leudies_discrete/sessions/leudies_left_002/trial_data.npz,/Users/tylerchen/Cosmos-Gesture-Recognition-/processed/session_leudies_discrete/sessions/leudies_left_002,,
combined_all,leudies,left,discrete,cosmos_multi_sensor_gesture,3,1,0,3.0,3.001654999999971,"mmwave,imu,uwb",30,9.994486375016546,300,150,150,0,/Users/tylerchen/Cosmos-Gesture-Recognition-/processed/session_leudies_discrete/sessions/leudies_left_003/trial_data.npz,/Users/tylerchen/Cosmos-Gesture-Recognition-/processed/session_leudies_discrete/sessions/leudies_left_003,,
combined_all,leudies,left,discrete,cosmos_multi_sensor_gesture,4,1,0,3.0,3.001843000000008,"mmwave,imu,uwb",30,9.99386043840398,300,150,148,0,/Users/tylerchen/Cosmos-Gesture-Recognition-/processed/session_leudies_discrete/sessions/leudies_left_004/trial_data.npz,/Users/tylerchen/Cosmos-Gesture-Recognition-/processed/session_leudies_discrete/sessions/leudies_left_004,,
combined_all,leudies,left,discrete,cosmos_multi_sensor_gesture,5,1,0,3.0,3.0156410000000164,"mmwave,imu,uwb",30,9.94813374668929,302,150,150,0,/Users/tylerchen/Cosmos-Gesture-Recognition-/processed/session_leudies_discrete/sessions/leudies_left_005/trial_data.npz,/Users/tylerchen/Cosmos-Gesture-Recognition-/processed/session_leudies_discrete/sessions/leudies_left_005,,
combined_all,leudies,left,discrete,cosmos_multi_sensor_gesture,6,1,0,3.0,3.0246099999999956,"mmwave,imu,uwb",30,9.91863413795499,302,151,151,0,/Users/tylerchen/Cosmos-Gesture-Recognition-/processed/session_leudies_discrete/sessions/leudies_left_006/trial_data.npz,/Users/tylerchen/Cosmos-Gesture-Recognition-/processed/session_leudies_discrete/sessions/leudies_left_006,,
combined_all,leudies,left,discrete,cosmos_multi_sensor_gesture,7,1,0,3.0,3.0046870000000467,"mmwave,imu,uwb",30,9.984401037445675,300,151,149,0,/Users/tylerchen/Cosmos-Gesture-Recognition-/processed/session_leudies_discrete/sessions/leudies_left_007/trial_data.npz,/Users/tylerchen/Cosmos-Gesture-Recognition-/processed/session_leudies_discrete/sessions/leudies_left_007,,
combined_all,leudies,left,discrete,cosmos_multi_sensor_gesture,8,1,0,3.0,3.000944000000004,"mmwave,imu,uwb",30,9.996854323172961,300,150,150,0,/Users/tylerchen/Cosmos-Gesture-Recognition-/processed/session_leudies_discrete/sessions/leudies_left_008/trial_data.npz,/Users/tylerchen/Cosmos-Gesture-Recognition-/processed/session_leudies_discrete/sessions/leudies_left_008,,
combined_all,leudies,bye_bye,discrete,cosmos_multi_sensor_gesture,1,2,0,3.0,3.0140989999999874,"mmwave,imu,uwb",31,10.284997274475765,302,150,150,0,/Users/tylerchen/Cosmos-Gesture-Recognition-/processed/session_leudies_discrete/sessions/leudies_bye_bye_001/trial_data.npz,/Users/tylerchen/Cosmos-Gesture-Recognition-/processed/session_leudies_discrete/sessions/leudies_bye_bye_001,,
combined_all,leudies,bye_bye,discrete,cosmos_multi_sensor_gesture,2,1,0,3.0,3.0196800000000508,"mmwave,imu,uwb",30,9.934827531393887,302,151,151,0,/Users/tylerchen/Cosmos-Gesture-Recognition-/processed/session_leudies_discrete/sessions/leudies_bye_bye_002/trial_data.npz,/Users/tylerchen/Cosmos-Gesture-Recognition-/processed/session_leudies_discrete/sessions/leudies_bye_bye_002,,
combined_all,leudies,bye_bye,discrete,cosmos_multi_sensor_gesture,3,1,0,3.0,3.017844000000082,"mmwave,imu,uwb",30,9.940871695156936,301,151,150,0,/Users/tylerchen/Cosmos-Gesture-Recognition-/processed/session_leudies_discrete/sessions/leudies_bye_bye_003/trial_data.npz,/Users/tylerchen/Cosmos-Gesture-Recognition-/processed/session_leudies_discrete/sessions/leudies_bye_bye_003,,
combined_all,leudies,bye_bye,discrete,cosmos_multi_sensor_gesture,4,1,0,3.0,3.0082459999999855,"mmwave,imu,uwb",30,9.97258867792067,302,150,150,0,/Users/tylerchen/Cosmos-Gesture-Recognition-/processed/session_leudies_discrete/sessions/leudies_bye_bye_004/trial_data.npz,/Users/tylerchen/Cosmos-Gesture-Recognition-/processed/session_leudies_discrete/sessions/leudies_bye_bye_004,,
combined_all,leudies,bye_bye,discrete,cosmos_multi_sensor_gesture,5,1,0,3.0,3.0017139999999927,"mmwave,imu,uwb",30,9.994289929020578,300,150,150,0,/Users/tylerchen/Cosmos-Gesture-Recognition-/processed/session_leudies_discrete/sessions/leudies_bye_bye_005/trial_data.npz,/Users/tylerchen/Cosmos-Gesture-Recognition-/processed/session_leudies_discrete/sessions/leudies_bye_bye_005,,
combined_all,leudies,bye_bye,discrete,cosmos_multi_sensor_gesture,6,1,0,3.0,3.005358000000001,"mmwave,imu,uwb",30,9.982171841091807,301,150,150,0,/Users/tylerchen/Cosmos-Gesture-Recognition-/processed/session_leudies_discrete/sessions/leudies_bye_bye_006/trial_data.npz,/Users/tylerchen/Cosmos-Gesture-Recognition-/processed/session_leudies_discrete/sessions/leudies_bye_bye_006,,
combined_all,leudies,bye_bye,discrete,cosmos_multi_sensor_gesture,7,1,0,3.0,3.0107870000000503,"mmwave,imu,uwb",30,9.964172158309273,301,150,150,0,/Users/tylerchen/Cosmos-Gesture-Recognition-/processed/session_leudies_discrete/sessions/leudies_bye_bye_007/trial_data.npz,/Users/tylerchen/Cosmos-Gesture-Recognition-/processed/session_leudies_discrete/sessions/leudies_bye_bye_007,,
combined_all,leudies,bye_bye,discrete,cosmos_multi_sensor_gesture,8,1,0,3.0,3.0161450000000514,"mmwave,imu,uwb",30,9.946471406381155,301,150,150,0,/Users/tylerchen/Cosmos-Gesture-Recognition-/processed/session_leudies_discrete/sessions/leudies_bye_bye_008/trial_data.npz,/Users/tylerchen/Cosmos-Gesture-Recognition-/processed/session_leudies_discrete/sessions/leudies_bye_bye_008,,
combined_all,leudies,t_arm,discrete,cosmos_multi_sensor_gesture,1,1,0,3.0,3.0107150000000047,"mmwave,imu,uwb",30,9.964410447352192,301,150,146,0,/Users/tylerchen/Cosmos-Gesture-Recognition-/processed/session_leudies_discrete/sessions/leudies_t_arm_001/trial_data.npz,/Users/tylerchen/Cosmos-Gesture-Recognition-/processed/session_leudies_discrete/sessions/leudies_t_arm_001,,
combined_all,leudies,t_arm,discrete,cosmos_multi_sensor_gesture,2,1,0,3.0,3.0055790000000115,"mmwave,imu,uwb",30,9.981437852739816,300,150,150,0,/Users/tylerchen/Cosmos-Gesture-Recognition-/processed/session_leudies_discrete/sessions/leudies_t_arm_002/trial_data.npz,/Users/tylerchen/Cosmos-Gesture-Recognition-/processed/session_leudies_discrete/sessions/leudies_t_arm_002,,
combined_all,leudies,t_arm,discrete,cosmos_multi_sensor_gesture,3,1,0,3.0,3.018406999999911,"mmwave,imu,uwb",30,9.939017501616211,303,151,151,0,/Users/tylerchen/Cosmos-Gesture-Recognition-/processed/session_leudies_discrete/sessions/leudies_t_arm_003/trial_data.npz,/Users/tylerchen/Cosmos-Gesture-Recognition-/processed/session_leudies_discrete/sessions/leudies_t_arm_003,,
combined_all,leudies,t_arm,discrete,cosmos_multi_sensor_gesture,4,1,0,3.0,3.016554000000042,"mmwave,imu,uwb",30,9.945122812321472,302,151,150,0,/Users/tylerchen/Cosmos-Gesture-Recognition-/processed/session_leudies_discrete/sessions/leudies_t_arm_004/trial_data.npz,/Users/tylerchen/Cosmos-Gesture-Recognition-/processed/session_leudies_discrete/sessions/leudies_t_arm_004,,
combined_all,leudies,t_arm,discrete,cosmos_multi_sensor_gesture,5,1,0,3.0,3.0113209999999526,"mmwave,imu,uwb",30,9.962405203563643,302,151,151,0,/Users/tylerchen/Cosmos-Gesture-Recognition-/processed/session_leudies_discrete/sessions/leudies_t_arm_005/trial_data.npz,/Users/tylerchen/Cosmos-Gesture-Recognition-/processed/session_leudies_discrete/sessions/leudies_t_arm_005,,
combined_all,leudies,t_arm,discrete,cosmos_multi_sensor_gesture,6,1,0,3.0,3.0203650000000835,"mmwave,imu,uwb",31,10.263660186765224,303,151,151,0,/Users/tylerchen/Cosmos-Gesture-Recognition-/processed/session_leudies_discrete/sessions/leudies_t_arm_006/trial_data.npz,/Users/tylerchen/Cosmos-Gesture-Recognition-/processed/session_leudies_discrete/sessions/leudies_t_arm_006,,
combined_all,leudies,t_arm,discrete,cosmos_multi_sensor_gesture,7,1,0,3.0,3.0033829999999853,"mmwave,imu,uwb",30,9.988736035330874,300,150,150,0,/Users/tylerchen/Cosmos-Gesture-Recognition-/processed/session_leudies_discrete/sessions/leudies_t_arm_007/trial_data.npz,/Users/tylerchen/Cosmos-Gesture-Recognition-/processed/session_leudies_discrete/sessions/leudies_t_arm_007,,
combined_all,leudies,t_arm,discrete,cosmos_multi_sensor_gesture,8,1,0,3.0,3.0221070000000054,"mmwave,imu,uwb",31,10.257744017667125,302,151,150,0,/Users/tylerchen/Cosmos-Gesture-Recognition-/processed/session_leudies_discrete/sessions/leudies_t_arm_008/trial_data.npz,/Users/tylerchen/Cosmos-Gesture-Recognition-/processed/session_leudies_discrete/sessions/leudies_t_arm_008,,
combined_all,leudies,raise_arms,discrete,cosmos_multi_sensor_gesture,1,1,0,3.0,3.013712000000055,"mmwave,imu,uwb",30,9.954501292757719,301,151,151,0,/Users/tylerchen/Cosmos-Gesture-Recognition-/processed/session_leudies_discrete/sessions/leudies_raise_arms_001/trial_data.npz,/Users/tylerchen/Cosmos-Gesture-Recognition-/processed/session_leudies_discrete/sessions/leudies_raise_arms_001,,
combined_all,leudies,raise_arms,discrete,cosmos_multi_sensor_gesture,2,1,0,3.0,3.0207319999999527,"mmwave,imu,uwb",30,9.931367628773579,302,151,150,0,/Users/tylerchen/Cosmos-Gesture-Recognition-/processed/session_leudies_discrete/sessions/leudies_raise_arms_002/trial_data.npz,/Users/tylerchen/Cosmos-Gesture-Recognition-/processed/session_leudies_discrete/sessions/leudies_raise_arms_002,,
combined_all,leudies,raise_arms,discrete,cosmos_multi_sensor_gesture,3,1,0,3.0,3.0045840000000226,"mmwave,imu,uwb",30,9.984743312218855,300,150,149,0,/Users/tylerchen/Cosmos-Gesture-Recognition-/processed/session_leudies_discrete/sessions/leudies_raise_arms_003/trial_data.npz,/Users/tylerchen/Cosmos-Gesture-Recognition-/processed/session_leudies_discrete/sessions/leudies_raise_arms_003,,
combined_all,leudies,raise_arms,discrete,cosmos_multi_sensor_gesture,4,1,0,3.0,3.003608999999983,"mmwave,imu,uwb",31,10.320917269857752,300,150,148,0,/Users/tylerchen/Cosmos-Gesture-Recognition-/processed/session_leudies_discrete/sessions/leudies_raise_arms_004/trial_data.npz,/Users/tylerchen/Cosmos-Gesture-Recognition-/processed/session_leudies_discrete/sessions/leudies_raise_arms_004,,
combined_all,leudies,raise_arms,discrete,cosmos_multi_sensor_gesture,5,1,0,3.0,3.000817999999981,"mmwave,imu,uwb",30,9.997274076601842,301,150,149,0,/Users/tylerchen/Cosmos-Gesture-Recognition-/processed/session_leudies_discrete/sessions/leudies_raise_arms_005/trial_data.npz,/Users/tylerchen/Cosmos-Gesture-Recognition-/processed/session_leudies_discrete/sessions/leudies_raise_arms_005,,
combined_all,leudies,raise_arms,discrete,cosmos_multi_sensor_gesture,6,1,0,3.0,3.014487000000031,"mmwave,imu,uwb",30,9.951942071735486,302,151,151,0,/Users/tylerchen/Cosmos-Gesture-Recognition-/processed/session_leudies_discrete/sessions/leudies_raise_arms_006/trial_data.npz,/Users/tylerchen/Cosmos-Gesture-Recognition-/processed/session_leudies_discrete/sessions/leudies_raise_arms_006,,
combined_all,leudies,raise_arms,discrete,cosmos_multi_sensor_gesture,7,1,0,3.0,3.0056990000000496,"mmwave,imu,uwb",30,9.98103935224369,301,151,150,0,/Users/tylerchen/Cosmos-Gesture-Recognition-/processed/session_leudies_discrete/sessions/leudies_raise_arms_007/trial_data.npz,/Users/tylerchen/Cosmos-Gesture-Recognition-/processed/session_leudies_discrete/sessions/leudies_raise_arms_007,,
combined_all,leudies,raise_arms,discrete,cosmos_multi_sensor_gesture,8,1,0,3.0,3.0149659999999585,"mmwave,imu,uwb",30,9.95036096592811,302,150,150,0,/Users/tylerchen/Cosmos-Gesture-Recognition-/processed/session_leudies_discrete/sessions/leudies_raise_arms_008/trial_data.npz,/Users/tylerchen/Cosmos-Gesture-Recognition-/processed/session_leudies_discrete/sessions/leudies_raise_arms_008,,
combined_all,leudies,fist_open,discrete,cosmos_multi_sensor_gesture,1,1,0,3.0,3.0124450000000706,"mmwave,imu,uwb",30,9.958688042437055,302,150,150,0,/Users/tylerchen/Cosmos-Gesture-Recognition-/processed/session_leudies_discrete/sessions/leudies_fist_open_001/trial_data.npz,/Users/tylerchen/Cosmos-Gesture-Recognition-/processed/session_leudies_discrete/sessions/leudies_fist_open_001,,
combined_all,leudies,fist_open,discrete,cosmos_multi_sensor_gesture,2,1,0,3.0,3.014061999999967,"mmwave,imu,uwb",30,9.953345352550919,302,150,150,0,/Users/tylerchen/Cosmos-Gesture-Recognition-/processed/session_leudies_discrete/sessions/leudies_fist_open_002/trial_data.npz,/Users/tylerchen/Cosmos-Gesture-Recognition-/processed/session_leudies_discrete/sessions/leudies_fist_open_002,,
combined_all,leudies,fist_open,discrete,cosmos_multi_sensor_gesture,3,1,0,3.0,3.0180540000000065,"mmwave,imu,uwb",30,9.94017999677936,302,151,151,0,/Users/tylerchen/Cosmos-Gesture-Recognition-/processed/session_leudies_discrete/sessions/leudies_fist_open_003/trial_data.npz,/Users/tylerchen/Cosmos-Gesture-Recognition-/processed/session_leudies_discrete/sessions/leudies_fist_open_003,,
combined_all,leudies,fist_open,discrete,cosmos_multi_sensor_gesture,4,1,0,3.0,3.0057140000000118,"mmwave,imu,uwb",30,9.980989541919119,301,150,150,0,/Users/tylerchen/Cosmos-Gesture-Recognition-/processed/session_leudies_discrete/sessions/leudies_fist_open_004/trial_data.npz,/Users/tylerchen/Cosmos-Gesture-Recognition-/processed/session_leudies_discrete/sessions/leudies_fist_open_004,,
combined_all,leudies,fist_open,discrete,cosmos_multi_sensor_gesture,5,1,0,3.0,3.0199610000000803,"mmwave,imu,uwb",30,9.93390311994069,302,151,151,0,/Users/tylerchen/Cosmos-Gesture-Recognition-/processed/session_leudies_discrete/sessions/leudies_fist_open_005/trial_data.npz,/Users/tylerchen/Cosmos-Gesture-Recognition-/processed/session_leudies_discrete/sessions/leudies_fist_open_005,,
combined_all,leudies,fist_open,discrete,cosmos_multi_sensor_gesture,6,1,0,3.0,3.012507000000028,"mmwave,imu,uwb",30,9.958483084022618,301,151,151,0,/Users/tylerchen/Cosmos-Gesture-Recognition-/processed/session_leudies_discrete/sessions/leudies_fist_open_006/trial_data.npz,/Users/tylerchen/Cosmos-Gesture-Recognition-/processed/session_leudies_discrete/sessions/leudies_fist_open_006,,
combined_all,leudies,fist_open,discrete,cosmos_multi_sensor_gesture,7,1,0,3.0,3.011382000000026,"mmwave,imu,uwb",30,9.96220340029918,302,150,150,0,/Users/tylerchen/Cosmos-Gesture-Recognition-/processed/session_leudies_discrete/sessions/leudies_fist_open_007/trial_data.npz,/Users/tylerchen/Cosmos-Gesture-Recognition-/processed/session_leudies_discrete/sessions/leudies_fist_open_007,,
combined_all,leudies,fist_open,discrete,cosmos_multi_sensor_gesture,8,1,0,3.0,3.0152520000000322,"mmwave,imu,uwb",30,9.949417163142476,302,151,151,0,/Users/tylerchen/Cosmos-Gesture-Recognition-/processed/session_leudies_discrete/sessions/leudies_fist_open_008/trial_data.npz,/Users/tylerchen/Cosmos-Gesture-Recognition-/processed/session_leudies_discrete/sessions/leudies_fist_open_008,,
combined_all,leudies,clapping,periodic,cosmos_multi_sensor_gesture,1,1,0,9.0,3.0,"mmwave,imu,uwb",30,10.0,300,150,149,0,/Users/tylerchen/Cosmos-Gesture-Recognition-/processed/session_leudies_periodic/sessions/leudies_clapping_001_seg000/trial_data.npz,/Users/tylerchen/Cosmos-Gesture-Recognition-/processed/session_leudies_periodic/sessions/leudies_clapping_001_seg000,,
combined_all,leudies,clapping,periodic,cosmos_multi_sensor_gesture,1,1,1,9.0,3.0,"mmwave,imu,uwb",30,10.0,300,150,144,0,/Users/tylerchen/Cosmos-Gesture-Recognition-/processed/session_leudies_periodic/sessions/leudies_clapping_001_seg001/trial_data.npz,/Users/tylerchen/Cosmos-Gesture-Recognition-/processed/session_leudies_periodic/sessions/leudies_clapping_001_seg001,,
combined_all,leudies,clapping,periodic,cosmos_multi_sensor_gesture,1,1,2,9.0,3.0,"mmwave,imu,uwb",30,10.0,300,150,149,0,/Users/tylerchen/Cosmos-Gesture-Recognition-/processed/session_leudies_periodic/sessions/leudies_clapping_001_seg002/trial_data.npz,/Users/tylerchen/Cosmos-Gesture-Recognition-/processed/session_leudies_periodic/sessions/leudies_clapping_001_seg002,,
combined_all,leudies,clapping,periodic,cosmos_multi_sensor_gesture,2,1,0,9.0,3.0000000000000018,"mmwave,imu,uwb",30,9.999999999999995,300,150,146,0,/Users/tylerchen/Cosmos-Gesture-Recognition-/processed/session_leudies_periodic/sessions/leudies_clapping_002_seg000/trial_data.npz,/Users/tylerchen/Cosmos-Gesture-Recognition-/processed/session_leudies_periodic/sessions/leudies_clapping_002_seg000,,
combined_all,leudies,clapping,periodic,cosmos_multi_sensor_gesture,2,1,1,9.0,3.0,"mmwave,imu,uwb",30,10.0,300,150,145,0,/Users/tylerchen/Cosmos-Gesture-Recognition-/processed/session_leudies_periodic/sessions/leudies_clapping_002_seg001/trial_data.npz,/Users/tylerchen/Cosmos-Gesture-Recognition-/processed/session_leudies_periodic/sessions/leudies_clapping_002_seg001,,
combined_all,leudies,clapping,periodic,cosmos_multi_sensor_gesture,2,1,2,9.0,3.0,"mmwave,imu,uwb",30,10.0,300,150,149,0,/Users/tylerchen/Cosmos-Gesture-Recognition-/processed/session_leudies_periodic/sessions/leudies_clapping_002_seg002/trial_data.npz,/Users/tylerchen/Cosmos-Gesture-Recognition-/processed/session_leudies_periodic/sessions/leudies_clapping_002_seg002,,
combined_all,leudies,clapping,periodic,cosmos_multi_sensor_gesture,3,1,0,9.0,3.0,"mmwave,imu,uwb",30,10.0,300,150,149,0,/Users/tylerchen/Cosmos-Gesture-Recognition-/processed/session_leudies_periodic/sessions/leudies_clapping_003_seg000/trial_data.npz,/Users/tylerchen/Cosmos-Gesture-Recognition-/processed/session_leudies_periodic/sessions/leudies_clapping_003_seg000,,
combined_all,leudies,clapping,periodic,cosmos_multi_sensor_gesture,3,1,1,9.0,2.9999999999999964,"mmwave,imu,uwb",30,10.000000000000012,300,150,146,0,/Users/tylerchen/Cosmos-Gesture-Recognition-/processed/session_leudies_periodic/sessions/leudies_clapping_003_seg001/trial_data.npz,/Users/tylerchen/Cosmos-Gesture-Recognition-/processed/session_leudies_periodic/sessions/leudies_clapping_003_seg001,,
combined_all,leudies,clapping,periodic,cosmos_multi_sensor_gesture,3,1,2,9.0,3.0,"mmwave,imu,uwb",30,10.0,300,150,145,0,/Users/tylerchen/Cosmos-Gesture-Recognition-/processed/session_leudies_periodic/sessions/leudies_clapping_003_seg002/trial_data.npz,/Users/tylerchen/Cosmos-Gesture-Recognition-/processed/session_leudies_periodic/sessions/leudies_clapping_003_seg002,,
combined_all,leudies,two_arm_boxing,periodic,cosmos_multi_sensor_gesture,1,2,0,9.0,3.0,"mmwave,imu,uwb",30,10.0,300,150,148,0,/Users/tylerchen/Cosmos-Gesture-Recognition-/processed/session_leudies_periodic/sessions/leudies_two_arm_boxing_001_seg000/trial_data.npz,/Users/tylerchen/Cosmos-Gesture-Recognition-/processed/session_leudies_periodic/sessions/leudies_two_arm_boxing_001_seg000,,
combined_all,leudies,two_arm_boxing,periodic,cosmos_multi_sensor_gesture,1,2,1,9.0,3.0,"mmwave,imu,uwb",30,10.0,299,150,150,0,/Users/tylerchen/Cosmos-Gesture-Recognition-/processed/session_leudies_periodic/sessions/leudies_two_arm_boxing_001_seg001/trial_data.npz,/Users/tylerchen/Cosmos-Gesture-Recognition-/processed/session_leudies_periodic/sessions/leudies_two_arm_boxing_001_seg001,,
combined_all,leudies,two_arm_boxing,periodic,cosmos_multi_sensor_gesture,1,2,2,9.0,3.0,"mmwave,imu,uwb",30,10.0,301,150,148,0,/Users/tylerchen/Cosmos-Gesture-Recognition-/processed/session_leudies_periodic/sessions/leudies_two_arm_boxing_001_seg002/trial_data.npz,/Users/tylerchen/Cosmos-Gesture-Recognition-/processed/session_leudies_periodic/sessions/leudies_two_arm_boxing_001_seg002,,
combined_all,leudies,two_arm_boxing,periodic,cosmos_multi_sensor_gesture,2,1,0,9.0,3.0,"mmwave,imu,uwb",30,10.0,300,150,150,0,/Users/tylerchen/Cosmos-Gesture-Recognition-/processed/session_leudies_periodic/sessions/leudies_two_arm_boxing_002_seg000/trial_data.npz,/Users/tylerchen/Cosmos-Gesture-Recognition-/processed/session_leudies_periodic/sessions/leudies_two_arm_boxing_002_seg000,,
combined_all,leudies,two_arm_boxing,periodic,cosmos_multi_sensor_gesture,2,1,1,9.0,3.0,"mmwave,imu,uwb",30,10.0,299,150,150,0,/Users/tylerchen/Cosmos-Gesture-Recognition-/processed/session_leudies_periodic/sessions/leudies_two_arm_boxing_002_seg001/trial_data.npz,/Users/tylerchen/Cosmos-Gesture-Recognition-/processed/session_leudies_periodic/sessions/leudies_two_arm_boxing_002_seg001,,
combined_all,leudies,two_arm_boxing,periodic,cosmos_multi_sensor_gesture,2,1,2,9.0,3.0,"mmwave,imu,uwb",30,10.0,300,150,150,0,/Users/tylerchen/Cosmos-Gesture-Recognition-/processed/session_leudies_periodic/sessions/leudies_two_arm_boxing_002_seg002/trial_data.npz,/Users/tylerchen/Cosmos-Gesture-Recognition-/processed/session_leudies_periodic/sessions/leudies_two_arm_boxing_002_seg002,,
combined_all,leudies,two_arm_boxing,periodic,cosmos_multi_sensor_gesture,3,1,0,9.0,3.0,"mmwave,imu,uwb",30,10.0,300,150,148,0,/Users/tylerchen/Cosmos-Gesture-Recognition-/processed/session_leudies_periodic/sessions/leudies_two_arm_boxing_003_seg000/trial_data.npz,/Users/tylerchen/Cosmos-Gesture-Recognition-/processed/session_leudies_periodic/sessions/leudies_two_arm_boxing_003_seg000,,
combined_all,leudies,two_arm_boxing,periodic,cosmos_multi_sensor_gesture,3,1,1,9.0,3.0,"mmwave,imu,uwb",30,10.0,300,150,150,0,/Users/tylerchen/Cosmos-Gesture-Recognition-/processed/session_leudies_periodic/sessions/leudies_two_arm_boxing_003_seg001/trial_data.npz,/Users/tylerchen/Cosmos-Gesture-Recognition-/processed/session_leudies_periodic/sessions/leudies_two_arm_boxing_003_seg001,,
combined_all,leudies,two_arm_boxing,periodic,cosmos_multi_sensor_gesture,3,1,2,9.0,3.0,"mmwave,imu,uwb",30,10.0,299,150,150,0,/Users/tylerchen/Cosmos-Gesture-Recognition-/processed/session_leudies_periodic/sessions/leudies_two_arm_boxing_003_seg002/trial_data.npz,/Users/tylerchen/Cosmos-Gesture-Recognition-/processed/session_leudies_periodic/sessions/leudies_two_arm_boxing_003_seg002,,
combined_all,leudies,soli,periodic,cosmos_multi_sensor_gesture,1,1,0,9.0,3.0,"mmwave,imu,uwb",30,10.0,300,150,150,0,/Users/tylerchen/Cosmos-Gesture-Recognition-/processed/session_leudies_periodic/sessions/leudies_soli_001_seg000/trial_data.npz,/Users/tylerchen/Cosmos-Gesture-Recognition-/processed/session_leudies_periodic/sessions/leudies_soli_001_seg000,,
combined_all,leudies,soli,periodic,cosmos_multi_sensor_gesture,1,1,1,9.0,3.0,"mmwave,imu,uwb",30,10.0,300,150,150,0,/Users/tylerchen/Cosmos-Gesture-Recognition-/processed/session_leudies_periodic/sessions/leudies_soli_001_seg001/trial_data.npz,/Users/tylerchen/Cosmos-Gesture-Recognition-/processed/session_leudies_periodic/sessions/leudies_soli_001_seg001,,
combined_all,leudies,soli,periodic,cosmos_multi_sensor_gesture,1,1,2,9.0,3.0,"mmwave,imu,uwb",30,10.0,300,150,150,0,/Users/tylerchen/Cosmos-Gesture-Recognition-/processed/session_leudies_periodic/sessions/leudies_soli_001_seg002/trial_data.npz,/Users/tylerchen/Cosmos-Gesture-Recognition-/processed/session_leudies_periodic/sessions/leudies_soli_001_seg002,,
combined_all,leudies,soli,periodic,cosmos_multi_sensor_gesture,2,1,0,9.0,3.0,"mmwave,imu,uwb",30,10.0,300,150,150,0,/Users/tylerchen/Cosmos-Gesture-Recognition-/processed/session_leudies_periodic/sessions/leudies_soli_002_seg000/trial_data.npz,/Users/tylerchen/Cosmos-Gesture-Recognition-/processed/session_leudies_periodic/sessions/leudies_soli_002_seg000,,
combined_all,leudies,soli,periodic,cosmos_multi_sensor_gesture,2,1,1,9.0,3.000000000000014,"mmwave,imu,uwb",30,9.999999999999952,300,150,150,0,/Users/tylerchen/Cosmos-Gesture-Recognition-/processed/session_leudies_periodic/sessions/leudies_soli_002_seg001/trial_data.npz,/Users/tylerchen/Cosmos-Gesture-Recognition-/processed/session_leudies_periodic/sessions/leudies_soli_002_seg001,,
combined_all,leudies,soli,periodic,cosmos_multi_sensor_gesture,2,1,2,9.0,3.0,"mmwave,imu,uwb",30,10.0,300,150,150,0,/Users/tylerchen/Cosmos-Gesture-Recognition-/processed/session_leudies_periodic/sessions/leudies_soli_002_seg002/trial_data.npz,/Users/tylerchen/Cosmos-Gesture-Recognition-/processed/session_leudies_periodic/sessions/leudies_soli_002_seg002,,
combined_all,leudies,soli,periodic,cosmos_multi_sensor_gesture,3,1,0,9.0,3.0,"mmwave,imu,uwb",30,10.0,299,150,150,0,/Users/tylerchen/Cosmos-Gesture-Recognition-/processed/session_leudies_periodic/sessions/leudies_soli_003_seg000/trial_data.npz,/Users/tylerchen/Cosmos-Gesture-Recognition-/processed/session_leudies_periodic/sessions/leudies_soli_003_seg000,,
combined_all,leudies,soli,periodic,cosmos_multi_sensor_gesture,3,1,1,9.0,3.0,"mmwave,imu,uwb",30,10.0,301,150,150,0,/Users/tylerchen/Cosmos-Gesture-Recognition-/processed/session_leudies_periodic/sessions/leudies_soli_003_seg001/trial_data.npz,/Users/tylerchen/Cosmos-Gesture-Recognition-/processed/session_leudies_periodic/sessions/leudies_soli_003_seg001,,
combined_all,leudies,soli,periodic,cosmos_multi_sensor_gesture,3,1,2,9.0,3.0,"mmwave,imu,uwb",30,10.0,300,150,150,0,/Users/tylerchen/Cosmos-Gesture-Recognition-/processed/session_leudies_periodic/sessions/leudies_soli_003_seg002/trial_data.npz,/Users/tylerchen/Cosmos-Gesture-Recognition-/processed/session_leudies_periodic/sessions/leudies_soli_003_seg002,,
combined_all,leudies,palm_up_down,periodic,cosmos_multi_sensor_gesture,1,1,0,9.0,3.0,"mmwave,imu,uwb",30,10.0,300,150,150,0,/Users/tylerchen/Cosmos-Gesture-Recognition-/processed/session_leudies_periodic/sessions/leudies_palm_up_down_001_seg000/trial_data.npz,/Users/tylerchen/Cosmos-Gesture-Recognition-/processed/session_leudies_periodic/sessions/leudies_palm_up_down_001_seg000,,
combined_all,leudies,palm_up_down,periodic,cosmos_multi_sensor_gesture,1,1,1,9.0,3.0,"mmwave,imu,uwb",30,10.0,299,150,150,0,/Users/tylerchen/Cosmos-Gesture-Recognition-/processed/session_leudies_periodic/sessions/leudies_palm_up_down_001_seg001/trial_data.npz,/Users/tylerchen/Cosmos-Gesture-Recognition-/processed/session_leudies_periodic/sessions/leudies_palm_up_down_001_seg001,,
combined_all,leudies,palm_up_down,periodic,cosmos_multi_sensor_gesture,1,1,2,9.0,3.0,"mmwave,imu,uwb",30,10.0,300,150,150,0,/Users/tylerchen/Cosmos-Gesture-Recognition-/processed/session_leudies_periodic/sessions/leudies_palm_up_down_001_seg002/trial_data.npz,/Users/tylerchen/Cosmos-Gesture-Recognition-/processed/session_leudies_periodic/sessions/leudies_palm_up_down_001_seg002,,
combined_all,leudies,palm_up_down,periodic,cosmos_multi_sensor_gesture,2,1,0,9.0,3.0,"mmwave,imu,uwb",30,10.0,301,150,150,0,/Users/tylerchen/Cosmos-Gesture-Recognition-/processed/session_leudies_periodic/sessions/leudies_palm_up_down_002_seg000/trial_data.npz,/Users/tylerchen/Cosmos-Gesture-Recognition-/processed/session_leudies_periodic/sessions/leudies_palm_up_down_002_seg000,,
combined_all,leudies,palm_up_down,periodic,cosmos_multi_sensor_gesture,2,1,1,9.0,3.0,"mmwave,imu,uwb",30,10.0,299,150,150,0,/Users/tylerchen/Cosmos-Gesture-Recognition-/processed/session_leudies_periodic/sessions/leudies_palm_up_down_002_seg001/trial_data.npz,/Users/tylerchen/Cosmos-Gesture-Recognition-/processed/session_leudies_periodic/sessions/leudies_palm_up_down_002_seg001,,
combined_all,leudies,palm_up_down,periodic,cosmos_multi_sensor_gesture,2,1,2,9.0,3.0,"mmwave,imu,uwb",30,10.0,301,150,150,0,/Users/tylerchen/Cosmos-Gesture-Recognition-/processed/session_leudies_periodic/sessions/leudies_palm_up_down_002_seg002/trial_data.npz,/Users/tylerchen/Cosmos-Gesture-Recognition-/processed/session_leudies_periodic/sessions/leudies_palm_up_down_002_seg002,,
combined_all,leudies,palm_up_down,periodic,cosmos_multi_sensor_gesture,3,1,0,9.0,3.0,"mmwave,imu,uwb",30,10.0,300,150,150,0,/Users/tylerchen/Cosmos-Gesture-Recognition-/processed/session_leudies_periodic/sessions/leudies_palm_up_down_003_seg000/trial_data.npz,/Users/tylerchen/Cosmos-Gesture-Recognition-/processed/session_leudies_periodic/sessions/leudies_palm_up_down_003_seg000,,
combined_all,leudies,palm_up_down,periodic,cosmos_multi_sensor_gesture,3,1,1,9.0,3.0,"mmwave,imu,uwb",30,10.0,300,150,150,0,/Users/tylerchen/Cosmos-Gesture-Recognition-/processed/session_leudies_periodic/sessions/leudies_palm_up_down_003_seg001/trial_data.npz,/Users/tylerchen/Cosmos-Gesture-Recognition-/processed/session_leudies_periodic/sessions/leudies_palm_up_down_003_seg001,,
combined_all,leudies,palm_up_down,periodic,cosmos_multi_sensor_gesture,3,1,2,9.0,3.0,"mmwave,imu,uwb",30,10.0,300,150,150,0,/Users/tylerchen/Cosmos-Gesture-Recognition-/processed/session_leudies_periodic/sessions/leudies_palm_up_down_003_seg002/trial_data.npz,/Users/tylerchen/Cosmos-Gesture-Recognition-/processed/session_leudies_periodic/sessions/leudies_palm_up_down_003_seg002,,
combined_all,peter,pull,discrete,cosmos_multi_sensor_gesture,1,1,0,3.0,3.0082109999999993,"mmwave,imu,uwb",30,9.972704707216351,301,151,151,0,/Users/tylerchen/Cosmos-Gesture-Recognition-/processed/session_peter_discrete/sessions/peter_pull_001/trial_data.npz,/Users/tylerchen/Cosmos-Gesture-Recognition-/processed/session_peter_discrete/sessions/peter_pull_001,,
combined_all,peter,pull,discrete,cosmos_multi_sensor_gesture,2,2,0,3.0,3.0192000000000014,"mmwave,imu,uwb",30,9.93640699523052,301,151,151,0,/Users/tylerchen/Cosmos-Gesture-Recognition-/processed/session_peter_discrete/sessions/peter_pull_002/trial_data.npz,/Users/tylerchen/Cosmos-Gesture-Recognition-/processed/session_peter_discrete/sessions/peter_pull_002,,
combined_all,peter,pull,discrete,cosmos_multi_sensor_gesture,3,1,0,3.0,3.020657,"mmwave,imu,uwb",30,9.931614215053216,302,151,151,0,/Users/tylerchen/Cosmos-Gesture-Recognition-/processed/session_peter_discrete/sessions/peter_pull_003/trial_data.npz,/Users/tylerchen/Cosmos-Gesture-Recognition-/processed/session_peter_discrete/sessions/peter_pull_003,,
combined_all,peter,pull,discrete,cosmos_multi_sensor_gesture,4,1,0,3.0,3.0098410000000015,"mmwave,imu,uwb",30,9.96730392070544,301,150,150,0,/Users/tylerchen/Cosmos-Gesture-Recognition-/processed/session_peter_discrete/sessions/peter_pull_004/trial_data.npz,/Users/tylerchen/Cosmos-Gesture-Recognition-/processed/session_peter_discrete/sessions/peter_pull_004,,
combined_all,peter,pull,discrete,cosmos_multi_sensor_gesture,5,1,0,3.0,3.015188000000002,"mmwave,imu,uwb",30,9.949628348215759,301,151,151,0,/Users/tylerchen/Cosmos-Gesture-Recognition-/processed/session_peter_discrete/sessions/peter_pull_005/trial_data.npz,/Users/tylerchen/Cosmos-Gesture-Recognition-/processed/session_peter_discrete/sessions/peter_pull_005,,
combined_all,peter,pull,discrete,cosmos_multi_sensor_gesture,6,1,0,3.0,3.009771999999998,"mmwave,imu,uwb",30,9.967532424382982,302,151,151,0,/Users/tylerchen/Cosmos-Gesture-Recognition-/processed/session_peter_discrete/sessions/peter_pull_006/trial_data.npz,/Users/tylerchen/Cosmos-Gesture-Recognition-/processed/session_peter_discrete/sessions/peter_pull_006,,
combined_all,peter,pull,discrete,cosmos_multi_sensor_gesture,7,1,0,3.0,3.0208630000000056,"mmwave,imu,uwb",30,9.930936954108791,302,151,151,0,/Users/tylerchen/Cosmos-Gesture-Recognition-/processed/session_peter_discrete/sessions/peter_pull_007/trial_data.npz,/Users/tylerchen/Cosmos-Gesture-Recognition-/processed/session_peter_discrete/sessions/peter_pull_007,,
combined_all,peter,pull,discrete,cosmos_multi_sensor_gesture,8,1,0,3.0,3.0219980000000035,"mmwave,imu,uwb",30,9.927207099409054,302,151,151,0,/Users/tylerchen/Cosmos-Gesture-Recognition-/processed/session_peter_discrete/sessions/peter_pull_008/trial_data.npz,/Users/tylerchen/Cosmos-Gesture-Recognition-/processed/session_peter_discrete/sessions/peter_pull_008,,
combined_all,peter,push,discrete,cosmos_multi_sensor_gesture,1,2,0,3.0,3.013428999999988,"mmwave,imu,uwb",30,9.95543614931698,302,150,150,0,/Users/tylerchen/Cosmos-Gesture-Recognition-/processed/session_peter_discrete/sessions/peter_push_001/trial_data.npz,/Users/tylerchen/Cosmos-Gesture-Recognition-/processed/session_peter_discrete/sessions/peter_push_001,,
combined_all,peter,push,discrete,cosmos_multi_sensor_gesture,2,1,0,3.0,3.0081619999999987,"mmwave,imu,uwb",30,9.972867152766378,301,151,151,0,/Users/tylerchen/Cosmos-Gesture-Recognition-/processed/session_peter_discrete/sessions/peter_push_002/trial_data.npz,/Users/tylerchen/Cosmos-Gesture-Recognition-/processed/session_peter_discrete/sessions/peter_push_002,,
combined_all,peter,push,discrete,cosmos_multi_sensor_gesture,3,1,0,3.0,3.004222000000013,"mmwave,imu,uwb",30,9.985946444703444,300,150,150,0,/Users/tylerchen/Cosmos-Gesture-Recognition-/processed/session_peter_discrete/sessions/peter_push_003/trial_data.npz,/Users/tylerchen/Cosmos-Gesture-Recognition-/processed/session_peter_discrete/sessions/peter_push_003,,
combined_all,peter,push,discrete,cosmos_multi_sensor_gesture,4,1,0,3.0,3.0032539999999983,"mmwave,imu,uwb",30,9.98916508560382,300,151,151,0,/Users/tylerchen/Cosmos-Gesture-Recognition-/processed/session_peter_discrete/sessions/peter_push_004/trial_data.npz,/Users/tylerchen/Cosmos-Gesture-Recognition-/processed/session_peter_discrete/sessions/peter_push_004,,
combined_all,peter,push,discrete,cosmos_multi_sensor_gesture,5,1,0,3.0,3.0077660000000037,"mmwave,imu,uwb",30,9.974180172260729,301,150,150,0,/Users/tylerchen/Cosmos-Gesture-Recognition-/processed/session_peter_discrete/sessions/peter_push_005/trial_data.npz,/Users/tylerchen/Cosmos-Gesture-Recognition-/processed/session_peter_discrete/sessions/peter_push_005,,
combined_all,peter,push,discrete,cosmos_multi_sensor_gesture,6,1,0,3.0,3.0173670000000072,"mmwave,imu,uwb",30,9.942443196336384,302,150,150,0,/Users/tylerchen/Cosmos-Gesture-Recognition-/processed/session_peter_discrete/sessions/peter_push_006/trial_data.npz,/Users/tylerchen/Cosmos-Gesture-Recognition-/processed/session_peter_discrete/sessions/peter_push_006,,
combined_all,peter,push,discrete,cosmos_multi_sensor_gesture,7,1,0,3.0,3.016664000000006,"mmwave,imu,uwb",30,9.944760172163669,302,150,150,0,/Users/tylerchen/Cosmos-Gesture-Recognition-/processed/session_peter_discrete/sessions/peter_push_007/trial_data.npz,/Users/tylerchen/Cosmos-Gesture-Recognition-/processed/session_peter_discrete/sessions/peter_push_007,,
combined_all,peter,push,discrete,cosmos_multi_sensor_gesture,8,1,0,3.0,3.012518,"mmwave,imu,uwb",31,10.290394945358003,301,151,151,0,/Users/tylerchen/Cosmos-Gesture-Recognition-/processed/session_peter_discrete/sessions/peter_push_008/trial_data.npz,/Users/tylerchen/Cosmos-Gesture-Recognition-/processed/session_peter_discrete/sessions/peter_push_008,,
combined_all,peter,clockwise,discrete,cosmos_multi_sensor_gesture,1,1,0,3.0,3.0122530000000154,"mmwave,imu,uwb",30,9.95932280588644,301,151,151,0,/Users/tylerchen/Cosmos-Gesture-Recognition-/processed/session_peter_discrete/sessions/peter_clockwise_001/trial_data.npz,/Users/tylerchen/Cosmos-Gesture-Recognition-/processed/session_peter_discrete/sessions/peter_clockwise_001,,
combined_all,peter,clockwise,discrete,cosmos_multi_sensor_gesture,2,1,0,3.0,3.00463400000001,"mmwave,imu,uwb",30,9.984577156485582,301,150,148,0,/Users/tylerchen/Cosmos-Gesture-Recognition-/processed/session_peter_discrete/sessions/peter_clockwise_002/trial_data.npz,/Users/tylerchen/Cosmos-Gesture-Recognition-/processed/session_peter_discrete/sessions/peter_clockwise_002,,
combined_all,peter,clockwise,discrete,cosmos_multi_sensor_gesture,3,1,0,3.0,3.0137730000000147,"mmwave,imu,uwb",30,9.954299809574197,301,151,151,0,/Users/tylerchen/Cosmos-Gesture-Recognition-/processed/session_peter_discrete/sessions/peter_clockwise_003/trial_data.npz,/Users/tylerchen/Cosmos-Gesture-Recognition-/processed/session_peter_discrete/sessions/peter_clockwise_003,,
combined_all,peter,clockwise,discrete,cosmos_multi_sensor_gesture,4,1,0,3.0,3.022638999999998,"mmwave,imu,uwb",30,9.925101872899813,303,151,149,0,/Users/tylerchen/Cosmos-Gesture-Recognition-/processed/session_peter_discrete/sessions/peter_clockwise_004/trial_data.npz,/Users/tylerchen/Cosmos-Gesture-Recognition-/processed/session_peter_discrete/sessions/peter_clockwise_004,,
combined_all,peter,clockwise,discrete,cosmos_multi_sensor_gesture,5,1,0,3.0,3.007515999999981,"mmwave,imu,uwb",30,9.975009276758689,301,151,151,0,/Users/tylerchen/Cosmos-Gesture-Recognition-/processed/session_peter_discrete/sessions/peter_clockwise_005/trial_data.npz,/Users/tylerchen/Cosmos-Gesture-Recognition-/processed/session_peter_discrete/sessions/peter_clockwise_005,,
combined_all,peter,clockwise,discrete,cosmos_multi_sensor_gesture,6,1,0,3.0,3.0159629999999993,"mmwave,imu,uwb",30,9.947071631846946,302,151,151,0,/Users/tylerchen/Cosmos-Gesture-Recognition-/processed/session_peter_discrete/sessions/peter_clockwise_006/trial_data.npz,/Users/tylerchen/Cosmos-Gesture-Recognition-/processed/session_peter_discrete/sessions/peter_clockwise_006,,
combined_all,peter,clockwise,discrete,cosmos_multi_sensor_gesture,7,1,0,3.0,3.0230149999999867,"mmwave,imu,uwb",30,9.923867397283882,302,152,152,0,/Users/tylerchen/Cosmos-Gesture-Recognition-/processed/session_peter_discrete/sessions/peter_clockwise_007/trial_data.npz,/Users/tylerchen/Cosmos-Gesture-Recognition-/processed/session_peter_discrete/sessions/peter_clockwise_007,,
combined_all,peter,clockwise,discrete,cosmos_multi_sensor_gesture,8,1,0,3.0,3.0195889999999963,"mmwave,imu,uwb",30,9.93512693283756,302,151,151,0,/Users/tylerchen/Cosmos-Gesture-Recognition-/processed/session_peter_discrete/sessions/peter_clockwise_008/trial_data.npz,/Users/tylerchen/Cosmos-Gesture-Recognition-/processed/session_peter_discrete/sessions/peter_clockwise_008,,
combined_all,peter,anti_clockwise,discrete,cosmos_multi_sensor_gesture,1,1,0,3.0,3.001591999999988,"mmwave,imu,uwb",30,9.994696147910881,301,150,150,0,/Users/tylerchen/Cosmos-Gesture-Recognition-/processed/session_peter_discrete/sessions/peter_anti_clockwise_001/trial_data.npz,/Users/tylerchen/Cosmos-Gesture-Recognition-/processed/session_peter_discrete/sessions/peter_anti_clockwise_001,,
combined_all,peter,anti_clockwise,discrete,cosmos_multi_sensor_gesture,2,1,0,3.0,3.007526999999982,"mmwave,imu,uwb",30,9.974972793261767,300,150,150,0,/Users/tylerchen/Cosmos-Gesture-Recognition-/processed/session_peter_discrete/sessions/peter_anti_clockwise_002/trial_data.npz,/Users/tylerchen/Cosmos-Gesture-Recognition-/processed/session_peter_discrete/sessions/peter_anti_clockwise_002,,
combined_all,peter,anti_clockwise,discrete,cosmos_multi_sensor_gesture,3,1,0,3.0,3.0237260000000106,"mmwave,imu,uwb",30,9.921533895597648,303,151,151,0,/Users/tylerchen/Cosmos-Gesture-Recognition-/processed/session_peter_discrete/sessions/peter_anti_clockwise_003/trial_data.npz,/Users/tylerchen/Cosmos-Gesture-Recognition-/processed/session_peter_discrete/sessions/peter_anti_clockwise_003,,
combined_all,peter,anti_clockwise,discrete,cosmos_multi_sensor_gesture,4,2,0,3.0,3.002381000000014,"mmwave,imu,uwb",30,9.99206962740567,300,150,149,0,/Users/tylerchen/Cosmos-Gesture-Recognition-/processed/session_peter_discrete/sessions/peter_anti_clockwise_004/trial_data.npz,/Users/tylerchen/Cosmos-Gesture-Recognition-/processed/session_peter_discrete/sessions/peter_anti_clockwise_004,,
combined_all,peter,anti_clockwise,discrete,cosmos_multi_sensor_gesture,5,1,0,3.0,3.020634000000001,"mmwave,imu,uwb",30,9.931689837299054,303,151,151,0,/Users/tylerchen/Cosmos-Gesture-Recognition-/processed/session_peter_discrete/sessions/peter_anti_clockwise_005/trial_data.npz,/Users/tylerchen/Cosmos-Gesture-Recognition-/processed/session_peter_discrete/sessions/peter_anti_clockwise_005,,
combined_all,peter,anti_clockwise,discrete,cosmos_multi_sensor_gesture,6,2,0,3.0,3.0153250000000185,"mmwave,imu,uwb",30,9.949176291112837,301,151,150,0,/Users/tylerchen/Cosmos-Gesture-Recognition-/processed/session_peter_discrete/sessions/peter_anti_clockwise_006/trial_data.npz,/Users/tylerchen/Cosmos-Gesture-Recognition-/processed/session_peter_discrete/sessions/peter_anti_clockwise_006,,
combined_all,peter,anti_clockwise,discrete,cosmos_multi_sensor_gesture,7,1,0,3.0,3.014125999999976,"mmwave,imu,uwb",30,9.953134009659927,301,150,150,0,/Users/tylerchen/Cosmos-Gesture-Recognition-/processed/session_peter_discrete/sessions/peter_anti_clockwise_007/trial_data.npz,/Users/tylerchen/Cosmos-Gesture-Recognition-/processed/session_peter_discrete/sessions/peter_anti_clockwise_007,,
combined_all,peter,anti_clockwise,discrete,cosmos_multi_sensor_gesture,8,1,0,3.0,3.0111890000000017,"mmwave,imu,uwb",30,9.962841920583525,301,150,150,0,/Users/tylerchen/Cosmos-Gesture-Recognition-/processed/session_peter_discrete/sessions/peter_anti_clockwise_008/trial_data.npz,/Users/tylerchen/Cosmos-Gesture-Recognition-/processed/session_peter_discrete/sessions/peter_anti_clockwise_008,,
combined_all,peter,right,discrete,cosmos_multi_sensor_gesture,1,2,0,3.0,3.015328000000011,"mmwave,imu,uwb",30,9.949166392511824,301,151,151,0,/Users/tylerchen/Cosmos-Gesture-Recognition-/processed/session_peter_discrete/sessions/peter_right_001/trial_data.npz,/Users/tylerchen/Cosmos-Gesture-Recognition-/processed/session_peter_discrete/sessions/peter_right_001,,
combined_all,peter,right,discrete,cosmos_multi_sensor_gesture,2,1,0,3.0,3.01311000000004,"mmwave,imu,uwb",30,9.956490138096386,301,151,149,0,/Users/tylerchen/Cosmos-Gesture-Recognition-/processed/session_peter_discrete/sessions/peter_right_002/trial_data.npz,/Users/tylerchen/Cosmos-Gesture-Recognition-/processed/session_peter_discrete/sessions/peter_right_002,,
combined_all,peter,right,discrete,cosmos_multi_sensor_gesture,3,1,0,3.0,3.021253999999999,"mmwave,imu,uwb",30,9.929651727395317,302,151,151,0,/Users/tylerchen/Cosmos-Gesture-Recognition-/processed/session_peter_discrete/sessions/peter_right_003/trial_data.npz,/Users/tylerchen/Cosmos-Gesture-Recognition-/processed/session_peter_discrete/sessions/peter_right_003,,
combined_all,peter,right,discrete,cosmos_multi_sensor_gesture,4,1,0,3.0,3.021345999999994,"mmwave,imu,uwb",30,9.929349369453236,302,151,151,0,/Users/tylerchen/Cosmos-Gesture-Recognition-/processed/session_peter_discrete/sessions/peter_right_004/trial_data.npz,/Users/tylerchen/Cosmos-Gesture-Recognition-/processed/session_peter_discrete/sessions/peter_right_004,,
combined_all,peter,right,discrete,cosmos_multi_sensor_gesture,5,1,0,3.0,3.013430000000028,"mmwave,imu,uwb",30,9.955432845627648,301,150,146,0,/Users/tylerchen/Cosmos-Gesture-Recognition-/processed/session_peter_discrete/sessions/peter_right_005/trial_data.npz,/Users/tylerchen/Cosmos-Gesture-Recognition-/processed/session_peter_discrete/sessions/peter_right_005,,
combined_all,peter,right,discrete,cosmos_multi_sensor_gesture,6,1,0,3.0,3.0004900000000134,"mmwave,imu,uwb",30,9.998366933400833,299,150,149,0,/Users/tylerchen/Cosmos-Gesture-Recognition-/processed/session_peter_discrete/sessions/peter_right_006/trial_data.npz,/Users/tylerchen/Cosmos-Gesture-Recognition-/processed/session_peter_discrete/sessions/peter_right_006,,
combined_all,peter,right,discrete,cosmos_multi_sensor_gesture,7,1,0,3.0,3.0188019999999938,"mmwave,imu,uwb",30,9.937717014895334,302,151,151,0,/Users/tylerchen/Cosmos-Gesture-Recognition-/processed/session_peter_discrete/sessions/peter_right_007/trial_data.npz,/Users/tylerchen/Cosmos-Gesture-Recognition-/processed/session_peter_discrete/sessions/peter_right_007,,
combined_all,peter,right,discrete,cosmos_multi_sensor_gesture,8,1,0,3.0,3.0072450000000117,"mmwave,imu,uwb",31,10.308438454465758,300,151,150,0,/Users/tylerchen/Cosmos-Gesture-Recognition-/processed/session_peter_discrete/sessions/peter_right_008/trial_data.npz,/Users/tylerchen/Cosmos-Gesture-Recognition-/processed/session_peter_discrete/sessions/peter_right_008,,
combined_all,peter,left,discrete,cosmos_multi_sensor_gesture,1,1,0,3.0,3.0237940000000094,"mmwave,imu,uwb",31,10.252021136360447,303,151,150,0,/Users/tylerchen/Cosmos-Gesture-Recognition-/processed/session_peter_discrete/sessions/peter_left_001/trial_data.npz,/Users/tylerchen/Cosmos-Gesture-Recognition-/processed/session_peter_discrete/sessions/peter_left_001,,
combined_all,peter,left,discrete,cosmos_multi_sensor_gesture,2,1,0,3.0,3.016387000000009,"mmwave,imu,uwb",31,10.27719586379331,301,151,151,0,/Users/tylerchen/Cosmos-Gesture-Recognition-/processed/session_peter_discrete/sessions/peter_left_002/trial_data.npz,/Users/tylerchen/Cosmos-Gesture-Recognition-/processed/session_peter_discrete/sessions/peter_left_002,,
combined_all,peter,left,discrete,cosmos_multi_sensor_gesture,3,1,0,3.0,3.017063999999948,"mmwave,imu,uwb",30,9.943441703590151,301,151,150,0,/Users/tylerchen/Cosmos-Gesture-Recognition-/processed/session_peter_discrete/sessions/peter_left_003/trial_data.npz,/Users/tylerchen/Cosmos-Gesture-Recognition-/processed/session_peter_discrete/sessions/peter_left_003,,
combined_all,peter,left,discrete,cosmos_multi_sensor_gesture,4,1,0,3.0,3.018530999999996,"mmwave,imu,uwb",30,9.938609210904259,302,151,151,0,/Users/tylerchen/Cosmos-Gesture-Recognition-/processed/session_peter_discrete/sessions/peter_left_004/trial_data.npz,/Users/tylerchen/Cosmos-Gesture-Recognition-/processed/session_peter_discrete/sessions/peter_left_004,,
combined_all,peter,left,discrete,cosmos_multi_sensor_gesture,5,1,0,3.0,3.0100439999999935,"mmwave,imu,uwb",30,9.966631717011467,301,150,150,0,/Users/tylerchen/Cosmos-Gesture-Recognition-/processed/session_peter_discrete/sessions/peter_left_005/trial_data.npz,/Users/tylerchen/Cosmos-Gesture-Recognition-/processed/session_peter_discrete/sessions/peter_left_005,,
combined_all,peter,left,discrete,cosmos_multi_sensor_gesture,6,1,0,3.0,3.014880000000005,"mmwave,imu,uwb",30,9.950644801783138,302,151,151,0,/Users/tylerchen/Cosmos-Gesture-Recognition-/processed/session_peter_discrete/sessions/peter_left_006/trial_data.npz,/Users/tylerchen/Cosmos-Gesture-Recognition-/processed/session_peter_discrete/sessions/peter_left_006,,
combined_all,peter,left,discrete,cosmos_multi_sensor_gesture,7,1,0,3.0,3.0089530000000195,"mmwave,imu,uwb",30,9.970245464119847,300,151,151,0,/Users/tylerchen/Cosmos-Gesture-Recognition-/processed/session_peter_discrete/sessions/peter_left_007/trial_data.npz,/Users/tylerchen/Cosmos-Gesture-Recognition-/processed/session_peter_discrete/sessions/peter_left_007,,
combined_all,peter,left,discrete,cosmos_multi_sensor_gesture,8,1,0,3.0,3.003725999999972,"mmwave,imu,uwb",30,9.987595406505214,300,150,149,0,/Users/tylerchen/Cosmos-Gesture-Recognition-/processed/session_peter_discrete/sessions/peter_left_008/trial_data.npz,/Users/tylerchen/Cosmos-Gesture-Recognition-/processed/session_peter_discrete/sessions/peter_left_008,,
combined_all,peter,bye_bye,discrete,cosmos_multi_sensor_gesture,1,1,0,3.0,3.012908999999979,"mmwave,imu,uwb",30,9.95715436476847,301,151,151,0,/Users/tylerchen/Cosmos-Gesture-Recognition-/processed/session_peter_discrete/sessions/peter_bye_bye_001/trial_data.npz,/Users/tylerchen/Cosmos-Gesture-Recognition-/processed/session_peter_discrete/sessions/peter_bye_bye_001,,
combined_all,peter,bye_bye,discrete,cosmos_multi_sensor_gesture,2,1,0,3.0,3.000355000000013,"mmwave,imu,uwb",30,9.998816806677832,300,150,150,0,/Users/tylerchen/Cosmos-Gesture-Recognition-/processed/session_peter_discrete/sessions/peter_bye_bye_002/trial_data.npz,/Users/tylerchen/Cosmos-Gesture-Recognition-/processed/session_peter_discrete/sessions/peter_bye_bye_002,,
combined_all,peter,bye_bye,discrete,cosmos_multi_sensor_gesture,3,1,0,3.0,3.015726000000029,"mmwave,imu,uwb",30,9.94785335272492,301,151,151,0,/Users/tylerchen/Cosmos-Gesture-Recognition-/processed/session_peter_discrete/sessions/peter_bye_bye_003/trial_data.npz,/Users/tylerchen/Cosmos-Gesture-Recognition-/processed/session_peter_discrete/sessions/peter_bye_bye_003,,
combined_all,peter,bye_bye,discrete,cosmos_multi_sensor_gesture,4,1,0,3.0,3.01859300000001,"mmwave,imu,uwb",31,10.26968524739834,302,151,151,0,/Users/tylerchen/Cosmos-Gesture-Recognition-/processed/session_peter_discrete/sessions/peter_bye_bye_004/trial_data.npz,/Users/tylerchen/Cosmos-Gesture-Recognition-/processed/session_peter_discrete/sessions/peter_bye_bye_004,,
combined_all,peter,bye_bye,discrete,cosmos_multi_sensor_gesture,5,1,0,3.0,3.023190999999997,"mmwave,imu,uwb",31,10.2540659852454,302,151,151,0,/Users/tylerchen/Cosmos-Gesture-Recognition-/processed/session_peter_discrete/sessions/peter_bye_bye_005/trial_data.npz,/Users/tylerchen/Cosmos-Gesture-Recognition-/processed/session_peter_discrete/sessions/peter_bye_bye_005,,
combined_all,peter,bye_bye,discrete,cosmos_multi_sensor_gesture,6,1,0,3.0,3.02248400000002,"mmwave,imu,uwb",31,10.256464550349909,302,152,152,0,/Users/tylerchen/Cosmos-Gesture-Recognition-/processed/session_peter_discrete/sessions/peter_bye_bye_006/trial_data.npz,/Users/tylerchen/Cosmos-Gesture-Recognition-/processed/session_peter_discrete/sessions/peter_bye_bye_006,,
combined_all,peter,bye_bye,discrete,cosmos_multi_sensor_gesture,7,1,0,3.0,3.0176250000000095,"mmwave,imu,uwb",30,9.941593140300702,301,150,150,0,/Users/tylerchen/Cosmos-Gesture-Recognition-/processed/session_peter_discrete/sessions/peter_bye_bye_007/trial_data.npz,/Users/tylerchen/Cosmos-Gesture-Recognition-/processed/session_peter_discrete/sessions/peter_bye_bye_007,,
combined_all,peter,bye_bye,discrete,cosmos_multi_sensor_gesture,8,1,0,3.0,3.006409000000019,"mmwave,imu,uwb",30,9.978682208575018,301,150,150,0,/Users/tylerchen/Cosmos-Gesture-Recognition-/processed/session_peter_discrete/sessions/peter_bye_bye_008/trial_data.npz,/Users/tylerchen/Cosmos-Gesture-Recognition-/processed/session_peter_discrete/sessions/peter_bye_bye_008,,
combined_all,peter,t_arm,discrete,cosmos_multi_sensor_gesture,1,1,0,3.0,3.0176349999999843,"mmwave,imu,uwb",31,10.272945535162524,302,150,150,0,/Users/tylerchen/Cosmos-Gesture-Recognition-/processed/session_peter_discrete/sessions/peter_t_arm_001/trial_data.npz,/Users/tylerchen/Cosmos-Gesture-Recognition-/processed/session_peter_discrete/sessions/peter_t_arm_001,,
combined_all,peter,t_arm,discrete,cosmos_multi_sensor_gesture,2,1,0,3.0,3.0085710000000176,"mmwave,imu,uwb",30,9.97151139195313,301,150,149,0,/Users/tylerchen/Cosmos-Gesture-Recognition-/processed/session_peter_discrete/sessions/peter_t_arm_002/trial_data.npz,/Users/tylerchen/Cosmos-Gesture-Recognition-/processed/session_peter_discrete/sessions/peter_t_arm_002,,
combined_all,peter,t_arm,discrete,cosmos_multi_sensor_gesture,3,1,0,3.0,3.0111870000000067,"mmwave,imu,uwb",30,9.962848537802513,301,150,148,0,/Users/tylerchen/Cosmos-Gesture-Recognition-/processed/session_peter_discrete/sessions/peter_t_arm_003/trial_data.npz,/Users/tylerchen/Cosmos-Gesture-Recognition-/processed/session_peter_discrete/sessions/peter_t_arm_003,,
combined_all,peter,t_arm,discrete,cosmos_multi_sensor_gesture,4,1,0,3.0,3.003451000000041,"mmwave,imu,uwb",30,9.988509884129819,300,150,148,0,/Users/tylerchen/Cosmos-Gesture-Recognition-/processed/session_peter_discrete/sessions/peter_t_arm_004/trial_data.npz,/Users/tylerchen/Cosmos-Gesture-Recognition-/processed/session_peter_discrete/sessions/peter_t_arm_004,,
combined_all,peter,t_arm,discrete,cosmos_multi_sensor_gesture,5,3,0,3.0,3.0066819999999552,"mmwave,imu,uwb",30,9.977776166551848,300,151,150,0,/Users/tylerchen/Cosmos-Gesture-Recognition-/processed/session_peter_discrete/sessions/peter_t_arm_005/trial_data.npz,/Users/tylerchen/Cosmos-Gesture-Recognition-/processed/session_peter_discrete/sessions/peter_t_arm_005,,
combined_all,peter,t_arm,discrete,cosmos_multi_sensor_gesture,6,1,0,3.0,3.0078700000000254,"mmwave,imu,uwb",30,9.97383530538213,301,151,151,0,/Users/tylerchen/Cosmos-Gesture-Recognition-/processed/session_peter_discrete/sessions/peter_t_arm_006/trial_data.npz,/Users/tylerchen/Cosmos-Gesture-Recognition-/processed/session_peter_discrete/sessions/peter_t_arm_006,,
combined_all,peter,t_arm,discrete,cosmos_multi_sensor_gesture,7,1,0,3.0,3.0004769999999326,"mmwave,imu,uwb",30,9.998410252770034,300,150,149,0,/Users/tylerchen/Cosmos-Gesture-Recognition-/processed/session_peter_discrete/sessions/peter_t_arm_007/trial_data.npz,/Users/tylerchen/Cosmos-Gesture-Recognition-/processed/session_peter_discrete/sessions/peter_t_arm_007,,
combined_all,peter,t_arm,discrete,cosmos_multi_sensor_gesture,8,1,0,3.0,3.0030980000000227,"mmwave,imu,uwb",30,9.9896839863367,300,150,149,0,/Users/tylerchen/Cosmos-Gesture-Recognition-/processed/session_peter_discrete/sessions/peter_t_arm_008/trial_data.npz,/Users/tylerchen/Cosmos-Gesture-Recognition-/processed/session_peter_discrete/sessions/peter_t_arm_008,,
combined_all,peter,raise_arms,discrete,cosmos_multi_sensor_gesture,1,1,0,3.0,3.015404999999987,"mmwave,imu,uwb",31,10.280542746330969,301,151,151,0,/Users/tylerchen/Cosmos-Gesture-Recognition-/processed/session_peter_discrete/sessions/peter_raise_arms_001/trial_data.npz,/Users/tylerchen/Cosmos-Gesture-Recognition-/processed/session_peter_discrete/sessions/peter_raise_arms_001,,
combined_all,peter,raise_arms,discrete,cosmos_multi_sensor_gesture,2,1,0,3.0,3.018162000000075,"mmwave,imu,uwb",30,9.939824303665361,302,151,151,0,/Users/tylerchen/Cosmos-Gesture-Recognition-/processed/session_peter_discrete/sessions/peter_raise_arms_002/trial_data.npz,/Users/tylerchen/Cosmos-Gesture-Recognition-/processed/session_peter_discrete/sessions/peter_raise_arms_002,,
combined_all,peter,raise_arms,discrete,cosmos_multi_sensor_gesture,3,1,0,3.0,3.003529999999955,"mmwave,imu,uwb",30,9.988247162505601,301,150,147,0,/Users/tylerchen/Cosmos-Gesture-Recognition-/processed/session_peter_discrete/sessions/peter_raise_arms_003/trial_data.npz,/Users/tylerchen/Cosmos-Gesture-Recognition-/processed/session_peter_discrete/sessions/peter_raise_arms_003,,
combined_all,peter,raise_arms,discrete,cosmos_multi_sensor_gesture,4,1,0,3.0,3.0172340000000304,"mmwave,imu,uwb",30,9.942881460304271,301,151,151,0,/Users/tylerchen/Cosmos-Gesture-Recognition-/processed/session_peter_discrete/sessions/peter_raise_arms_004/trial_data.npz,/Users/tylerchen/Cosmos-Gesture-Recognition-/processed/session_peter_discrete/sessions/peter_raise_arms_004,,
combined_all,peter,raise_arms,discrete,cosmos_multi_sensor_gesture,5,1,0,3.0,3.0191770000000133,"mmwave,imu,uwb",31,10.267698780164219,302,151,150,0,/Users/tylerchen/Cosmos-Gesture-Recognition-/processed/session_peter_discrete/sessions/peter_raise_arms_005/trial_data.npz,/Users/tylerchen/Cosmos-Gesture-Recognition-/processed/session_peter_discrete/sessions/peter_raise_arms_005,,
combined_all,peter,raise_arms,discrete,cosmos_multi_sensor_gesture,6,1,0,3.0,3.0155790000000025,"mmwave,imu,uwb",30,9.948338279315507,301,151,149,0,/Users/tylerchen/Cosmos-Gesture-Recognition-/processed/session_peter_discrete/sessions/peter_raise_arms_006/trial_data.npz,/Users/tylerchen/Cosmos-Gesture-Recognition-/processed/session_peter_discrete/sessions/peter_raise_arms_006,,
combined_all,peter,raise_arms,discrete,cosmos_multi_sensor_gesture,7,1,0,3.0,3.012740000000008,"mmwave,imu,uwb",30,9.95771291249823,302,151,149,0,/Users/tylerchen/Cosmos-Gesture-Recognition-/processed/session_peter_discrete/sessions/peter_raise_arms_007/trial_data.npz,/Users/tylerchen/Cosmos-Gesture-Recognition-/processed/session_peter_discrete/sessions/peter_raise_arms_007,,
combined_all,peter,raise_arms,discrete,cosmos_multi_sensor_gesture,8,1,0,3.0,3.007569999999987,"mmwave,imu,uwb",30,9.974830178516253,301,150,150,0,/Users/tylerchen/Cosmos-Gesture-Recognition-/processed/session_peter_discrete/sessions/peter_raise_arms_008/trial_data.npz,/Users/tylerchen/Cosmos-Gesture-Recognition-/processed/session_peter_discrete/sessions/peter_raise_arms_008,,
combined_all,peter,fist_open,discrete,cosmos_multi_sensor_gesture,1,1,0,3.0,3.004876000000081,"mmwave,imu,uwb",30,9.983773040883946,301,150,150,0,/Users/tylerchen/Cosmos-Gesture-Recognition-/processed/session_peter_discrete/sessions/peter_fist_open_001/trial_data.npz,/Users/tylerchen/Cosmos-Gesture-Recognition-/processed/session_peter_discrete/sessions/peter_fist_open_001,,
combined_all,peter,fist_open,discrete,cosmos_multi_sensor_gesture,2,1,0,3.0,3.0148289999999633,"mmwave,imu,uwb",31,10.282506901718266,301,151,151,0,/Users/tylerchen/Cosmos-Gesture-Recognition-/processed/session_peter_discrete/sessions/peter_fist_open_002/trial_data.npz,/Users/tylerchen/Cosmos-Gesture-Recognition-/processed/session_peter_discrete/sessions/peter_fist_open_002,,
combined_all,peter,fist_open,discrete,cosmos_multi_sensor_gesture,3,1,0,3.0,3.0112609999999904,"mmwave,imu,uwb",30,9.962603706553532,301,151,151,0,/Users/tylerchen/Cosmos-Gesture-Recognition-/processed/session_peter_discrete/sessions/peter_fist_open_003/trial_data.npz,/Users/tylerchen/Cosmos-Gesture-Recognition-/processed/session_peter_discrete/sessions/peter_fist_open_003,,
combined_all,peter,fist_open,discrete,cosmos_multi_sensor_gesture,4,1,0,3.0,3.0180629999999837,"mmwave,imu,uwb",30,9.94015035471432,302,151,151,0,/Users/tylerchen/Cosmos-Gesture-Recognition-/processed/session_peter_discrete/sessions/peter_fist_open_004/trial_data.npz,/Users/tylerchen/Cosmos-Gesture-Recognition-/processed/session_peter_discrete/sessions/peter_fist_open_004,,
combined_all,peter,fist_open,discrete,cosmos_multi_sensor_gesture,5,1,0,3.0,3.0023139999999557,"mmwave,imu,uwb",31,10.32536903202012,300,150,150,0,/Users/tylerchen/Cosmos-Gesture-Recognition-/processed/session_peter_discrete/sessions/peter_fist_open_005/trial_data.npz,/Users/tylerchen/Cosmos-Gesture-Recognition-/processed/session_peter_discrete/sessions/peter_fist_open_005,,
combined_all,peter,fist_open,discrete,cosmos_multi_sensor_gesture,6,1,0,3.0,3.006625999999983,"mmwave,imu,uwb",30,9.977962007911916,301,151,151,0,/Users/tylerchen/Cosmos-Gesture-Recognition-/processed/session_peter_discrete/sessions/peter_fist_open_006/trial_data.npz,/Users/tylerchen/Cosmos-Gesture-Recognition-/processed/session_peter_discrete/sessions/peter_fist_open_006,,
combined_all,peter,fist_open,discrete,cosmos_multi_sensor_gesture,7,1,0,3.0,3.003031000000078,"mmwave,imu,uwb",30,9.989906864098046,300,150,150,0,/Users/tylerchen/Cosmos-Gesture-Recognition-/processed/session_peter_discrete/sessions/peter_fist_open_007/trial_data.npz,/Users/tylerchen/Cosmos-Gesture-Recognition-/processed/session_peter_discrete/sessions/peter_fist_open_007,,
combined_all,peter,fist_open,discrete,cosmos_multi_sensor_gesture,8,1,0,3.0,3.017185999999924,"mmwave,imu,uwb",30,9.943039640247818,301,151,151,0,/Users/tylerchen/Cosmos-Gesture-Recognition-/processed/session_peter_discrete/sessions/peter_fist_open_008/trial_data.npz,/Users/tylerchen/Cosmos-Gesture-Recognition-/processed/session_peter_discrete/sessions/peter_fist_open_008,,
combined_all,peter,one_arm_boxing,periodic,cosmos_multi_sensor_gesture,1,1,0,9.0,3.0,"mmwave,imu,uwb",30,10.0,300,150,150,0,/Users/tylerchen/Cosmos-Gesture-Recognition-/processed/session_peter_periodic/sessions/peter_one_arm_boxing_001_seg000/trial_data.npz,/Users/tylerchen/Cosmos-Gesture-Recognition-/processed/session_peter_periodic/sessions/peter_one_arm_boxing_001_seg000,,
combined_all,peter,one_arm_boxing,periodic,cosmos_multi_sensor_gesture,1,1,1,9.0,3.0,"mmwave,imu,uwb",30,10.0,300,150,150,0,/Users/tylerchen/Cosmos-Gesture-Recognition-/processed/session_peter_periodic/sessions/peter_one_arm_boxing_001_seg001/trial_data.npz,/Users/tylerchen/Cosmos-Gesture-Recognition-/processed/session_peter_periodic/sessions/peter_one_arm_boxing_001_seg001,,
combined_all,peter,one_arm_boxing,periodic,cosmos_multi_sensor_gesture,1,1,2,9.0,3.0,"mmwave,imu,uwb",30,10.0,300,150,150,0,/Users/tylerchen/Cosmos-Gesture-Recognition-/processed/session_peter_periodic/sessions/peter_one_arm_boxing_001_seg002/trial_data.npz,/Users/tylerchen/Cosmos-Gesture-Recognition-/processed/session_peter_periodic/sessions/peter_one_arm_boxing_001_seg002,,
combined_all,peter,one_arm_boxing,periodic,cosmos_multi_sensor_gesture,2,1,0,9.0,3.0,"mmwave,imu,uwb",30,10.0,300,150,150,0,/Users/tylerchen/Cosmos-Gesture-Recognition-/processed/session_peter_periodic/sessions/peter_one_arm_boxing_002_seg000/trial_data.npz,/Users/tylerchen/Cosmos-Gesture-Recognition-/processed/session_peter_periodic/sessions/peter_one_arm_boxing_002_seg000,,
combined_all,peter,one_arm_boxing,periodic,cosmos_multi_sensor_gesture,2,1,1,9.0,3.0,"mmwave,imu,uwb",30,10.0,301,150,150,0,/Users/tylerchen/Cosmos-Gesture-Recognition-/processed/session_peter_periodic/sessions/peter_one_arm_boxing_002_seg001/trial_data.npz,/Users/tylerchen/Cosmos-Gesture-Recognition-/processed/session_peter_periodic/sessions/peter_one_arm_boxing_002_seg001,,
combined_all,peter,one_arm_boxing,periodic,cosmos_multi_sensor_gesture,2,1,2,9.0,3.0,"mmwave,imu,uwb",30,10.0,299,150,149,0,/Users/tylerchen/Cosmos-Gesture-Recognition-/processed/session_peter_periodic/sessions/peter_one_arm_boxing_002_seg002/trial_data.npz,/Users/tylerchen/Cosmos-Gesture-Recognition-/processed/session_peter_periodic/sessions/peter_one_arm_boxing_002_seg002,,
combined_all,peter,one_arm_boxing,periodic,cosmos_multi_sensor_gesture,3,1,0,9.0,3.0,"mmwave,imu,uwb",30,10.0,300,150,150,0,/Users/tylerchen/Cosmos-Gesture-Recognition-/processed/session_peter_periodic/sessions/peter_one_arm_boxing_003_seg000/trial_data.npz,/Users/tylerchen/Cosmos-Gesture-Recognition-/processed/session_peter_periodic/sessions/peter_one_arm_boxing_003_seg000,,
combined_all,peter,one_arm_boxing,periodic,cosmos_multi_sensor_gesture,3,1,1,9.0,3.0,"mmwave,imu,uwb",30,10.0,300,150,150,0,/Users/tylerchen/Cosmos-Gesture-Recognition-/processed/session_peter_periodic/sessions/peter_one_arm_boxing_003_seg001/trial_data.npz,/Users/tylerchen/Cosmos-Gesture-Recognition-/processed/session_peter_periodic/sessions/peter_one_arm_boxing_003_seg001,,
combined_all,peter,one_arm_boxing,periodic,cosmos_multi_sensor_gesture,3,1,2,9.0,3.0,"mmwave,imu,uwb",30,10.0,300,150,150,0,/Users/tylerchen/Cosmos-Gesture-Recognition-/processed/session_peter_periodic/sessions/peter_one_arm_boxing_003_seg002/trial_data.npz,/Users/tylerchen/Cosmos-Gesture-Recognition-/processed/session_peter_periodic/sessions/peter_one_arm_boxing_003_seg002,,
combined_all,peter,clapping,periodic,cosmos_multi_sensor_gesture,1,1,0,9.0,3.0,"mmwave,imu,uwb",30,10.0,300,150,150,0,/Users/tylerchen/Cosmos-Gesture-Recognition-/processed/session_peter_periodic/sessions/peter_clapping_001_seg000/trial_data.npz,/Users/tylerchen/Cosmos-Gesture-Recognition-/processed/session_peter_periodic/sessions/peter_clapping_001_seg000,,
combined_all,peter,clapping,periodic,cosmos_multi_sensor_gesture,1,1,1,9.0,3.0,"mmwave,imu,uwb",30,10.0,300,150,139,0,/Users/tylerchen/Cosmos-Gesture-Recognition-/processed/session_peter_periodic/sessions/peter_clapping_001_seg001/trial_data.npz,/Users/tylerchen/Cosmos-Gesture-Recognition-/processed/session_peter_periodic/sessions/peter_clapping_001_seg001,,
combined_all,peter,clapping,periodic,cosmos_multi_sensor_gesture,1,1,2,9.0,3.0,"mmwave,imu,uwb",30,10.0,300,150,149,0,/Users/tylerchen/Cosmos-Gesture-Recognition-/processed/session_peter_periodic/sessions/peter_clapping_001_seg002/trial_data.npz,/Users/tylerchen/Cosmos-Gesture-Recognition-/processed/session_peter_periodic/sessions/peter_clapping_001_seg002,,
combined_all,peter,clapping,periodic,cosmos_multi_sensor_gesture,2,1,0,9.0,3.0,"mmwave,imu,uwb",30,10.0,300,150,147,0,/Users/tylerchen/Cosmos-Gesture-Recognition-/processed/session_peter_periodic/sessions/peter_clapping_002_seg000/trial_data.npz,/Users/tylerchen/Cosmos-Gesture-Recognition-/processed/session_peter_periodic/sessions/peter_clapping_002_seg000,,
combined_all,peter,clapping,periodic,cosmos_multi_sensor_gesture,2,1,1,9.0,3.0,"mmwave,imu,uwb",30,10.0,300,150,124,0,/Users/tylerchen/Cosmos-Gesture-Recognition-/processed/session_peter_periodic/sessions/peter_clapping_002_seg001/trial_data.npz,/Users/tylerchen/Cosmos-Gesture-Recognition-/processed/session_peter_periodic/sessions/peter_clapping_002_seg001,,
combined_all,peter,clapping,periodic,cosmos_multi_sensor_gesture,2,1,2,9.0,3.0,"mmwave,imu,uwb",30,10.0,300,150,137,0,/Users/tylerchen/Cosmos-Gesture-Recognition-/processed/session_peter_periodic/sessions/peter_clapping_002_seg002/trial_data.npz,/Users/tylerchen/Cosmos-Gesture-Recognition-/processed/session_peter_periodic/sessions/peter_clapping_002_seg002,,
combined_all,peter,clapping,periodic,cosmos_multi_sensor_gesture,3,1,0,9.0,2.999999999999993,"mmwave,imu,uwb",30,10.000000000000023,301,150,150,0,/Users/tylerchen/Cosmos-Gesture-Recognition-/processed/session_peter_periodic/sessions/peter_clapping_003_seg000/trial_data.npz,/Users/tylerchen/Cosmos-Gesture-Recognition-/processed/session_peter_periodic/sessions/peter_clapping_003_seg000,,
combined_all,peter,clapping,periodic,cosmos_multi_sensor_gesture,3,1,1,9.0,3.0,"mmwave,imu,uwb",30,10.0,299,150,149,0,/Users/tylerchen/Cosmos-Gesture-Recognition-/processed/session_peter_periodic/sessions/peter_clapping_003_seg001/trial_data.npz,/Users/tylerchen/Cosmos-Gesture-Recognition-/processed/session_peter_periodic/sessions/peter_clapping_003_seg001,,
combined_all,peter,clapping,periodic,cosmos_multi_sensor_gesture,3,1,2,9.0,3.0,"mmwave,imu,uwb",30,10.0,301,150,150,0,/Users/tylerchen/Cosmos-Gesture-Recognition-/processed/session_peter_periodic/sessions/peter_clapping_003_seg002/trial_data.npz,/Users/tylerchen/Cosmos-Gesture-Recognition-/processed/session_peter_periodic/sessions/peter_clapping_003_seg002,,
combined_all,peter,two_arm_boxing,periodic,cosmos_multi_sensor_gesture,1,1,0,9.0,3.0,"mmwave,imu,uwb",30,10.0,300,150,150,0,/Users/tylerchen/Cosmos-Gesture-Recognition-/processed/session_peter_periodic/sessions/peter_two_arm_boxing_001_seg000/trial_data.npz,/Users/tylerchen/Cosmos-Gesture-Recognition-/processed/session_peter_periodic/sessions/peter_two_arm_boxing_001_seg000,,
combined_all,peter,two_arm_boxing,periodic,cosmos_multi_sensor_gesture,1,1,1,9.0,3.0,"mmwave,imu,uwb",30,10.0,300,150,150,0,/Users/tylerchen/Cosmos-Gesture-Recognition-/processed/session_peter_periodic/sessions/peter_two_arm_boxing_001_seg001/trial_data.npz,/Users/tylerchen/Cosmos-Gesture-Recognition-/processed/session_peter_periodic/sessions/peter_two_arm_boxing_001_seg001,,
combined_all,peter,two_arm_boxing,periodic,cosmos_multi_sensor_gesture,1,1,2,9.0,3.0,"mmwave,imu,uwb",30,10.0,300,150,150,0,/Users/tylerchen/Cosmos-Gesture-Recognition-/processed/session_peter_periodic/sessions/peter_two_arm_boxing_001_seg002/trial_data.npz,/Users/tylerchen/Cosmos-Gesture-Recognition-/processed/session_peter_periodic/sessions/peter_two_arm_boxing_001_seg002,,
combined_all,peter,two_arm_boxing,periodic,cosmos_multi_sensor_gesture,2,1,0,9.0,3.0,"mmwave,imu,uwb",30,10.0,299,150,150,0,/Users/tylerchen/Cosmos-Gesture-Recognition-/processed/session_peter_periodic/sessions/peter_two_arm_boxing_002_seg000/trial_data.npz,/Users/tylerchen/Cosmos-Gesture-Recognition-/processed/session_peter_periodic/sessions/peter_two_arm_boxing_002_seg000,,
combined_all,peter,two_arm_boxing,periodic,cosmos_multi_sensor_gesture,2,1,1,9.0,3.0,"mmwave,imu,uwb",30,10.0,300,150,149,0,/Users/tylerchen/Cosmos-Gesture-Recognition-/processed/session_peter_periodic/sessions/peter_two_arm_boxing_002_seg001/trial_data.npz,/Users/tylerchen/Cosmos-Gesture-Recognition-/processed/session_peter_periodic/sessions/peter_two_arm_boxing_002_seg001,,
combined_all,peter,two_arm_boxing,periodic,cosmos_multi_sensor_gesture,2,1,2,9.0,3.0,"mmwave,imu,uwb",30,10.0,301,150,149,0,/Users/tylerchen/Cosmos-Gesture-Recognition-/processed/session_peter_periodic/sessions/peter_two_arm_boxing_002_seg002/trial_data.npz,/Users/tylerchen/Cosmos-Gesture-Recognition-/processed/session_peter_periodic/sessions/peter_two_arm_boxing_002_seg002,,
combined_all,peter,two_arm_boxing,periodic,cosmos_multi_sensor_gesture,3,1,0,9.0,3.0,"mmwave,imu,uwb",30,10.0,301,150,148,0,/Users/tylerchen/Cosmos-Gesture-Recognition-/processed/session_peter_periodic/sessions/peter_two_arm_boxing_003_seg000/trial_data.npz,/Users/tylerchen/Cosmos-Gesture-Recognition-/processed/session_peter_periodic/sessions/peter_two_arm_boxing_003_seg000,,
combined_all,peter,two_arm_boxing,periodic,cosmos_multi_sensor_gesture,3,1,1,9.0,3.0,"mmwave,imu,uwb",30,10.0,299,150,150,0,/Users/tylerchen/Cosmos-Gesture-Recognition-/processed/session_peter_periodic/sessions/peter_two_arm_boxing_003_seg001/trial_data.npz,/Users/tylerchen/Cosmos-Gesture-Recognition-/processed/session_peter_periodic/sessions/peter_two_arm_boxing_003_seg001,,
combined_all,peter,two_arm_boxing,periodic,cosmos_multi_sensor_gesture,3,1,2,9.0,3.0,"mmwave,imu,uwb",30,10.0,301,150,149,0,/Users/tylerchen/Cosmos-Gesture-Recognition-/processed/session_peter_periodic/sessions/peter_two_arm_boxing_003_seg002/trial_data.npz,/Users/tylerchen/Cosmos-Gesture-Recognition-/processed/session_peter_periodic/sessions/peter_two_arm_boxing_003_seg002,,
combined_all,peter,soli,periodic,cosmos_multi_sensor_gesture,1,1,0,9.0,3.0,"mmwave,imu,uwb",30,10.0,300,150,150,0,/Users/tylerchen/Cosmos-Gesture-Recognition-/processed/session_peter_periodic/sessions/peter_soli_001_seg000/trial_data.npz,/Users/tylerchen/Cosmos-Gesture-Recognition-/processed/session_peter_periodic/sessions/peter_soli_001_seg000,,
combined_all,peter,soli,periodic,cosmos_multi_sensor_gesture,1,1,1,9.0,2.999999999999986,"mmwave,imu,uwb",30,10.000000000000048,300,150,150,0,/Users/tylerchen/Cosmos-Gesture-Recognition-/processed/session_peter_periodic/sessions/peter_soli_001_seg001/trial_data.npz,/Users/tylerchen/Cosmos-Gesture-Recognition-/processed/session_peter_periodic/sessions/peter_soli_001_seg001,,
combined_all,peter,soli,periodic,cosmos_multi_sensor_gesture,1,1,2,9.0,3.0,"mmwave,imu,uwb",30,10.0,300,150,150,0,/Users/tylerchen/Cosmos-Gesture-Recognition-/processed/session_peter_periodic/sessions/peter_soli_001_seg002/trial_data.npz,/Users/tylerchen/Cosmos-Gesture-Recognition-/processed/session_peter_periodic/sessions/peter_soli_001_seg002,,
combined_all,peter,soli,periodic,cosmos_multi_sensor_gesture,2,1,0,9.0,3.0,"mmwave,imu,uwb",30,10.0,300,150,150,0,/Users/tylerchen/Cosmos-Gesture-Recognition-/processed/session_peter_periodic/sessions/peter_soli_002_seg000/trial_data.npz,/Users/tylerchen/Cosmos-Gesture-Recognition-/processed/session_peter_periodic/sessions/peter_soli_002_seg000,,
combined_all,peter,soli,periodic,cosmos_multi_sensor_gesture,2,1,1,9.0,3.0,"mmwave,imu,uwb",30,10.0,300,150,150,0,/Users/tylerchen/Cosmos-Gesture-Recognition-/processed/session_peter_periodic/sessions/peter_soli_002_seg001/trial_data.npz,/Users/tylerchen/Cosmos-Gesture-Recognition-/processed/session_peter_periodic/sessions/peter_soli_002_seg001,,
combined_all,peter,soli,periodic,cosmos_multi_sensor_gesture,2,1,2,9.0,3.0,"mmwave,imu,uwb",30,10.0,300,150,150,0,/Users/tylerchen/Cosmos-Gesture-Recognition-/processed/session_peter_periodic/sessions/peter_soli_002_seg002/trial_data.npz,/Users/tylerchen/Cosmos-Gesture-Recognition-/processed/session_peter_periodic/sessions/peter_soli_002_seg002,,
combined_all,peter,soli,periodic,cosmos_multi_sensor_gesture,3,1,0,9.0,3.0,"mmwave,imu,uwb",30,10.0,300,150,150,0,/Users/tylerchen/Cosmos-Gesture-Recognition-/processed/session_peter_periodic/sessions/peter_soli_003_seg000/trial_data.npz,/Users/tylerchen/Cosmos-Gesture-Recognition-/processed/session_peter_periodic/sessions/peter_soli_003_seg000,,
combined_all,peter,soli,periodic,cosmos_multi_sensor_gesture,3,1,1,9.0,3.0,"mmwave,imu,uwb",30,10.0,300,150,150,0,/Users/tylerchen/Cosmos-Gesture-Recognition-/processed/session_peter_periodic/sessions/peter_soli_003_seg001/trial_data.npz,/Users/tylerchen/Cosmos-Gesture-Recognition-/processed/session_peter_periodic/sessions/peter_soli_003_seg001,,
combined_all,peter,soli,periodic,cosmos_multi_sensor_gesture,3,1,2,9.0,3.0,"mmwave,imu,uwb",30,10.0,300,150,150,0,/Users/tylerchen/Cosmos-Gesture-Recognition-/processed/session_peter_periodic/sessions/peter_soli_003_seg002/trial_data.npz,/Users/tylerchen/Cosmos-Gesture-Recognition-/processed/session_peter_periodic/sessions/peter_soli_003_seg002,,
combined_all,peter,palm_up_down,periodic,cosmos_multi_sensor_gesture,1,2,0,9.0,3.0,"mmwave,imu,uwb",30,10.0,300,150,150,0,/Users/tylerchen/Cosmos-Gesture-Recognition-/processed/session_peter_periodic/sessions/peter_palm_up_down_001_seg000/trial_data.npz,/Users/tylerchen/Cosmos-Gesture-Recognition-/processed/session_peter_periodic/sessions/peter_palm_up_down_001_seg000,,
combined_all,peter,palm_up_down,periodic,cosmos_multi_sensor_gesture,1,2,1,9.0,3.0,"mmwave,imu,uwb",30,10.0,300,150,150,0,/Users/tylerchen/Cosmos-Gesture-Recognition-/processed/session_peter_periodic/sessions/peter_palm_up_down_001_seg001/trial_data.npz,/Users/tylerchen/Cosmos-Gesture-Recognition-/processed/session_peter_periodic/sessions/peter_palm_up_down_001_seg001,,
combined_all,peter,palm_up_down,periodic,cosmos_multi_sensor_gesture,1,2,2,9.0,3.0,"mmwave,imu,uwb",30,10.0,300,150,150,0,/Users/tylerchen/Cosmos-Gesture-Recognition-/processed/session_peter_periodic/sessions/peter_palm_up_down_001_seg002/trial_data.npz,/Users/tylerchen/Cosmos-Gesture-Recognition-/processed/session_peter_periodic/sessions/peter_palm_up_down_001_seg002,,
combined_all,peter,palm_up_down,periodic,cosmos_multi_sensor_gesture,2,1,0,9.0,3.0,"mmwave,imu,uwb",30,10.0,299,150,150,0,/Users/tylerchen/Cosmos-Gesture-Recognition-/processed/session_peter_periodic/sessions/peter_palm_up_down_002_seg000/trial_data.npz,/Users/tylerchen/Cosmos-Gesture-Recognition-/processed/session_peter_periodic/sessions/peter_palm_up_down_002_seg000,,
combined_all,peter,palm_up_down,periodic,cosmos_multi_sensor_gesture,2,1,1,9.0,3.0,"mmwave,imu,uwb",30,10.0,300,150,150,0,/Users/tylerchen/Cosmos-Gesture-Recognition-/processed/session_peter_periodic/sessions/peter_palm_up_down_002_seg001/trial_data.npz,/Users/tylerchen/Cosmos-Gesture-Recognition-/processed/session_peter_periodic/sessions/peter_palm_up_down_002_seg001,,
combined_all,peter,palm_up_down,periodic,cosmos_multi_sensor_gesture,2,1,2,9.0,3.0,"mmwave,imu,uwb",30,10.0,301,150,150,0,/Users/tylerchen/Cosmos-Gesture-Recognition-/processed/session_peter_periodic/sessions/peter_palm_up_down_002_seg002/trial_data.npz,/Users/tylerchen/Cosmos-Gesture-Recognition-/processed/session_peter_periodic/sessions/peter_palm_up_down_002_seg002,,
combined_all,peter,palm_up_down,periodic,cosmos_multi_sensor_gesture,3,1,0,9.0,3.0,"mmwave,imu,uwb",30,10.0,300,150,150,0,/Users/tylerchen/Cosmos-Gesture-Recognition-/processed/session_peter_periodic/sessions/peter_palm_up_down_003_seg000/trial_data.npz,/Users/tylerchen/Cosmos-Gesture-Recognition-/processed/session_peter_periodic/sessions/peter_palm_up_down_003_seg000,,
combined_all,peter,palm_up_down,periodic,cosmos_multi_sensor_gesture,3,1,1,9.0,3.0,"mmwave,imu,uwb",30,10.0,300,150,150,0,/Users/tylerchen/Cosmos-Gesture-Recognition-/processed/session_peter_periodic/sessions/peter_palm_up_down_003_seg001/trial_data.npz,/Users/tylerchen/Cosmos-Gesture-Recognition-/processed/session_peter_periodic/sessions/peter_palm_up_down_003_seg001,,
combined_all,peter,palm_up_down,periodic,cosmos_multi_sensor_gesture,3,1,2,9.0,3.0,"mmwave,imu,uwb",30,10.0,300,150,150,0,/Users/tylerchen/Cosmos-Gesture-Recognition-/processed/session_peter_periodic/sessions/peter_palm_up_down_003_seg002/trial_data.npz,/Users/tylerchen/Cosmos-Gesture-Recognition-/processed/session_peter_periodic/sessions/peter_palm_up_down_003_seg002,,
combined_all,tyler,pull,discrete,cosmos_multi_sensor_gesture,1,1,0,3.0,3.0016820000000006,"mmwave,imu,uwb",30,9.99439647504299,300,150,148,0,/Users/tylerchen/Cosmos-Gesture-Recognition-/processed/session_tyler_discrete/sessions/tyler_pull_001/trial_data.npz,/Users/tylerchen/Cosmos-Gesture-Recognition-/processed/session_tyler_discrete/sessions/tyler_pull_001,,
combined_all,tyler,pull,discrete,cosmos_multi_sensor_gesture,2,1,0,3.0,3.0229870000000005,"mmwave,imu,uwb",30,9.923959315736388,303,152,150,0,/Users/tylerchen/Cosmos-Gesture-Recognition-/processed/session_tyler_discrete/sessions/tyler_pull_002/trial_data.npz,/Users/tylerchen/Cosmos-Gesture-Recognition-/processed/session_tyler_discrete/sessions/tyler_pull_002,,
combined_all,tyler,pull,discrete,cosmos_multi_sensor_gesture,3,1,0,3.0,3.010949,"mmwave,imu,uwb",30,9.963636049630864,301,150,141,0,/Users/tylerchen/Cosmos-Gesture-Recognition-/processed/session_tyler_discrete/sessions/tyler_pull_003/trial_data.npz,/Users/tylerchen/Cosmos-Gesture-Recognition-/processed/session_tyler_discrete/sessions/tyler_pull_003,,
combined_all,tyler,pull,discrete,cosmos_multi_sensor_gesture,4,1,0,3.0,3.0174480000000017,"mmwave,imu,uwb",30,9.942176302623933,302,151,149,0,/Users/tylerchen/Cosmos-Gesture-Recognition-/processed/session_tyler_discrete/sessions/tyler_pull_004/trial_data.npz,/Users/tylerchen/Cosmos-Gesture-Recognition-/processed/session_tyler_discrete/sessions/tyler_pull_004,,
combined_all,tyler,pull,discrete,cosmos_multi_sensor_gesture,5,1,0,3.0,3.0017660000000035,"mmwave,imu,uwb",30,9.99411679657907,300,150,150,0,/Users/tylerchen/Cosmos-Gesture-Recognition-/processed/session_tyler_discrete/sessions/tyler_pull_005/trial_data.npz,/Users/tylerchen/Cosmos-Gesture-Recognition-/processed/session_tyler_discrete/sessions/tyler_pull_005,,
combined_all,tyler,pull,discrete,cosmos_multi_sensor_gesture,6,2,0,3.0,3.0018829999999994,"mmwave,imu,uwb",30,9.99372727051654,300,150,149,0,/Users/tylerchen/Cosmos-Gesture-Recognition-/processed/session_tyler_discrete/sessions/tyler_pull_006/trial_data.npz,/Users/tylerchen/Cosmos-Gesture-Recognition-/processed/session_tyler_discrete/sessions/tyler_pull_006,,
combined_all,tyler,pull,discrete,cosmos_multi_sensor_gesture,7,1,0,3.0,3.000268999999996,"mmwave,imu,uwb",30,9.99910341372725,300,150,147,0,/Users/tylerchen/Cosmos-Gesture-Recognition-/processed/session_tyler_discrete/sessions/tyler_pull_007/trial_data.npz,/Users/tylerchen/Cosmos-Gesture-Recognition-/processed/session_tyler_discrete/sessions/tyler_pull_007,,
combined_all,tyler,pull,discrete,cosmos_multi_sensor_gesture,8,1,0,3.0,3.0007930000000016,"mmwave,imu,uwb",30,9.997357365203126,300,150,150,0,/Users/tylerchen/Cosmos-Gesture-Recognition-/processed/session_tyler_discrete/sessions/tyler_pull_008/trial_data.npz,/Users/tylerchen/Cosmos-Gesture-Recognition-/processed/session_tyler_discrete/sessions/tyler_pull_008,,
combined_all,tyler,push,discrete,cosmos_multi_sensor_gesture,1,1,0,3.0,3.0178169999999938,"mmwave,imu,uwb",30,9.940960634790002,302,150,150,0,/Users/tylerchen/Cosmos-Gesture-Recognition-/processed/session_tyler_discrete/sessions/tyler_push_001/trial_data.npz,/Users/tylerchen/Cosmos-Gesture-Recognition-/processed/session_tyler_discrete/sessions/tyler_push_001,,
combined_all,tyler,push,discrete,cosmos_multi_sensor_gesture,2,1,0,3.0,3.0171709999999905,"mmwave,imu,uwb",31,10.274525374929064,302,151,151,0,/Users/tylerchen/Cosmos-Gesture-Recognition-/processed/session_tyler_discrete/sessions/tyler_push_002/trial_data.npz,/Users/tylerchen/Cosmos-Gesture-Recognition-/processed/session_tyler_discrete/sessions/tyler_push_002,,
combined_all,tyler,push,discrete,cosmos_multi_sensor_gesture,3,1,0,3.0,3.0092890000000097,"mmwave,imu,uwb",31,10.301436651647583,301,150,149,0,/Users/tylerchen/Cosmos-Gesture-Recognition-/processed/session_tyler_discrete/sessions/tyler_push_003/trial_data.npz,/Users/tylerchen/Cosmos-Gesture-Recognition-/processed/session_tyler_discrete/sessions/tyler_push_003,,
combined_all,tyler,push,discrete,cosmos_multi_sensor_gesture,4,1,0,3.0,3.024133000000006,"mmwave,imu,uwb",30,9.920198615603196,301,151,151,0,/Users/tylerchen/Cosmos-Gesture-Recognition-/processed/session_tyler_discrete/sessions/tyler_push_004/trial_data.npz,/Users/tylerchen/Cosmos-Gesture-Recognition-/processed/session_tyler_discrete/sessions/tyler_push_004,,
combined_all,tyler,push,discrete,cosmos_multi_sensor_gesture,5,1,0,3.0,3.0046269999999993,"mmwave,imu,uwb",30,9.984600417955376,300,150,149,0,/Users/tylerchen/Cosmos-Gesture-Recognition-/processed/session_tyler_discrete/sessions/tyler_push_005/trial_data.npz,/Users/tylerchen/Cosmos-Gesture-Recognition-/processed/session_tyler_discrete/sessions/tyler_push_005,,
combined_all,tyler,push,discrete,cosmos_multi_sensor_gesture,6,1,0,3.0,3.012855000000002,"mmwave,imu,uwb",30,9.957332828828465,300,150,149,0,/Users/tylerchen/Cosmos-Gesture-Recognition-/processed/session_tyler_discrete/sessions/tyler_push_006/trial_data.npz,/Users/tylerchen/Cosmos-Gesture-Recognition-/processed/session_tyler_discrete/sessions/tyler_push_006,,
combined_all,tyler,push,discrete,cosmos_multi_sensor_gesture,7,1,0,3.0,3.007878000000005,"mmwave,imu,uwb",30,9.973808778148564,301,150,150,0,/Users/tylerchen/Cosmos-Gesture-Recognition-/processed/session_tyler_discrete/sessions/tyler_push_007/trial_data.npz,/Users/tylerchen/Cosmos-Gesture-Recognition-/processed/session_tyler_discrete/sessions/tyler_push_007,,
combined_all,tyler,push,discrete,cosmos_multi_sensor_gesture,8,1,0,3.0,3.015429999999995,"mmwave,imu,uwb",30,9.948829851795615,301,151,151,0,/Users/tylerchen/Cosmos-Gesture-Recognition-/processed/session_tyler_discrete/sessions/tyler_push_008/trial_data.npz,/Users/tylerchen/Cosmos-Gesture-Recognition-/processed/session_tyler_discrete/sessions/tyler_push_008,,
combined_all,tyler,clockwise,discrete,cosmos_multi_sensor_gesture,1,1,0,3.0,3.013715999999988,"mmwave,imu,uwb",30,9.954488080496011,301,150,148,0,/Users/tylerchen/Cosmos-Gesture-Recognition-/processed/session_tyler_discrete/sessions/tyler_clockwise_001/trial_data.npz,/Users/tylerchen/Cosmos-Gesture-Recognition-/processed/session_tyler_discrete/sessions/tyler_clockwise_001,,
combined_all,tyler,clockwise,discrete,cosmos_multi_sensor_gesture,2,1,0,3.0,3.0136819999999886,"mmwave,imu,uwb",30,9.95460038584035,301,151,148,0,/Users/tylerchen/Cosmos-Gesture-Recognition-/processed/session_tyler_discrete/sessions/tyler_clockwise_002/trial_data.npz,/Users/tylerchen/Cosmos-Gesture-Recognition-/processed/session_tyler_discrete/sessions/tyler_clockwise_002,,
combined_all,tyler,clockwise,discrete,cosmos_multi_sensor_gesture,3,1,0,3.0,3.0004539999999906,"mmwave,imu,uwb",30,9.998486895649823,300,150,149,0,/Users/tylerchen/Cosmos-Gesture-Recognition-/processed/session_tyler_discrete/sessions/tyler_clockwise_003/trial_data.npz,/Users/tylerchen/Cosmos-Gesture-Recognition-/processed/session_tyler_discrete/sessions/tyler_clockwise_003,,
combined_all,tyler,clockwise,discrete,cosmos_multi_sensor_gesture,4,1,0,3.0,3.0103369999999927,"mmwave,imu,uwb",30,9.965661651835019,301,151,150,0,/Users/tylerchen/Cosmos-Gesture-Recognition-/processed/session_tyler_discrete/sessions/tyler_clockwise_004/trial_data.npz,/Users/tylerchen/Cosmos-Gesture-Recognition-/processed/session_tyler_discrete/sessions/tyler_clockwise_004,,
combined_all,tyler,clockwise,discrete,cosmos_multi_sensor_gesture,5,1,0,3.0,3.009387000000004,"mmwave,imu,uwb",30,9.968807601016406,300,150,150,0,/Users/tylerchen/Cosmos-Gesture-Recognition-/processed/session_tyler_discrete/sessions/tyler_clockwise_005/trial_data.npz,/Users/tylerchen/Cosmos-Gesture-Recognition-/processed/session_tyler_discrete/sessions/tyler_clockwise_005,,
combined_all,tyler,clockwise,discrete,cosmos_multi_sensor_gesture,6,1,0,3.0,3.0026840000000163,"mmwave,imu,uwb",30,9.991061330462959,301,151,149,0,/Users/tylerchen/Cosmos-Gesture-Recognition-/processed/session_tyler_discrete/sessions/tyler_clockwise_006/trial_data.npz,/Users/tylerchen/Cosmos-Gesture-Recognition-/processed/session_tyler_discrete/sessions/tyler_clockwise_006,,
combined_all,tyler,clockwise,discrete,cosmos_multi_sensor_gesture,7,1,0,3.0,3.0113800000000026,"mmwave,imu,uwb",30,9.96221001667009,301,151,149,0,/Users/tylerchen/Cosmos-Gesture-Recognition-/processed/session_tyler_discrete/sessions/tyler_clockwise_007/trial_data.npz,/Users/tylerchen/Cosmos-Gesture-Recognition-/processed/session_tyler_discrete/sessions/tyler_clockwise_007,,
combined_all,tyler,clockwise,discrete,cosmos_multi_sensor_gesture,8,1,0,3.0,3.0144209999999987,"mmwave,imu,uwb",30,9.952159967038451,302,150,149,0,/Users/tylerchen/Cosmos-Gesture-Recognition-/processed/session_tyler_discrete/sessions/tyler_clockwise_008/trial_data.npz,/Users/tylerchen/Cosmos-Gesture-Recognition-/processed/session_tyler_discrete/sessions/tyler_clockwise_008,,
combined_all,tyler,anti_clockwise,discrete,cosmos_multi_sensor_gesture,1,1,0,3.0,3.0226030000000037,"mmwave,imu,uwb",30,9.925220083484323,302,151,149,0,/Users/tylerchen/Cosmos-Gesture-Recognition-/processed/session_tyler_discrete/sessions/tyler_anti_clockwise_001/trial_data.npz,/Users/tylerchen/Cosmos-Gesture-Recognition-/processed/session_tyler_discrete/sessions/tyler_anti_clockwise_001,,
combined_all,tyler,anti_clockwise,discrete,cosmos_multi_sensor_gesture,2,1,0,3.0,3.019962000000021,"mmwave,imu,uwb",30,9.9338998305276,302,151,150,0,/Users/tylerchen/Cosmos-Gesture-Recognition-/processed/session_tyler_discrete/sessions/tyler_anti_clockwise_002/trial_data.npz,/Users/tylerchen/Cosmos-Gesture-Recognition-/processed/session_tyler_discrete/sessions/tyler_anti_clockwise_002,,
combined_all,tyler,anti_clockwise,discrete,cosmos_multi_sensor_gesture,3,1,0,3.0,3.0088289999999915,"mmwave,imu,uwb",30,9.970656358337441,300,150,150,0,/Users/tylerchen/Cosmos-Gesture-Recognition-/processed/session_tyler_discrete/sessions/tyler_anti_clockwise_003/trial_data.npz,/Users/tylerchen/Cosmos-Gesture-Recognition-/processed/session_tyler_discrete/sessions/tyler_anti_clockwise_003,,
combined_all,tyler,anti_clockwise,discrete,cosmos_multi_sensor_gesture,4,1,0,3.0,3.003395999999981,"mmwave,imu,uwb",30,9.988692799750746,301,150,149,0,/Users/tylerchen/Cosmos-Gesture-Recognition-/processed/session_tyler_discrete/sessions/tyler_anti_clockwise_004/trial_data.npz,/Users/tylerchen/Cosmos-Gesture-Recognition-/processed/session_tyler_discrete/sessions/tyler_anti_clockwise_004,,
combined_all,tyler,anti_clockwise,discrete,cosmos_multi_sensor_gesture,5,1,0,3.0,3.0198900000000037,"mmwave,imu,uwb",30,9.934136673852347,302,151,150,0,/Users/tylerchen/Cosmos-Gesture-Recognition-/processed/session_tyler_discrete/sessions/tyler_anti_clockwise_005/trial_data.npz,/Users/tylerchen/Cosmos-Gesture-Recognition-/processed/session_tyler_discrete/sessions/tyler_anti_clockwise_005,,
combined_all,tyler,anti_clockwise,discrete,cosmos_multi_sensor_gesture,6,1,0,3.0,3.023202999999995,"mmwave,imu,uwb",30,9.923250274625968,302,151,151,0,/Users/tylerchen/Cosmos-Gesture-Recognition-/processed/session_tyler_discrete/sessions/tyler_anti_clockwise_006/trial_data.npz,/Users/tylerchen/Cosmos-Gesture-Recognition-/processed/session_tyler_discrete/sessions/tyler_anti_clockwise_006,,
combined_all,tyler,anti_clockwise,discrete,cosmos_multi_sensor_gesture,7,1,0,3.0,3.007984999999991,"mmwave,imu,uwb",30,9.973453989963412,301,151,150,0,/Users/tylerchen/Cosmos-Gesture-Recognition-/processed/session_tyler_discrete/sessions/tyler_anti_clockwise_007/trial_data.npz,/Users/tylerchen/Cosmos-Gesture-Recognition-/processed/session_tyler_discrete/sessions/tyler_anti_clockwise_007,,
combined_all,tyler,anti_clockwise,discrete,cosmos_multi_sensor_gesture,8,1,0,3.0,3.023925999999989,"mmwave,imu,uwb",31,10.251573616550179,302,151,151,0,/Users/tylerchen/Cosmos-Gesture-Recognition-/processed/session_tyler_discrete/sessions/tyler_anti_clockwise_008/trial_data.npz,/Users/tylerchen/Cosmos-Gesture-Recognition-/processed/session_tyler_discrete/sessions/tyler_anti_clockwise_008,,
combined_all,tyler,right,discrete,cosmos_multi_sensor_gesture,1,1,0,3.0,3.0166499999999985,"mmwave,imu,uwb",30,9.944806324896827,302,151,151,0,/Users/tylerchen/Cosmos-Gesture-Recognition-/processed/session_tyler_discrete/sessions/tyler_right_001/trial_data.npz,/Users/tylerchen/Cosmos-Gesture-Recognition-/processed/session_tyler_discrete/sessions/tyler_right_001,,
combined_all,tyler,right,discrete,cosmos_multi_sensor_gesture,2,1,0,3.0,3.0080799999999783,"mmwave,imu,uwb",30,9.973139012260384,301,151,151,0,/Users/tylerchen/Cosmos-Gesture-Recognition-/processed/session_tyler_discrete/sessions/tyler_right_002/trial_data.npz,/Users/tylerchen/Cosmos-Gesture-Recognition-/processed/session_tyler_discrete/sessions/tyler_right_002,,
combined_all,tyler,right,discrete,cosmos_multi_sensor_gesture,3,1,0,3.0,3.019945000000007,"mmwave,imu,uwb",30,9.933955750849744,302,151,151,0,/Users/tylerchen/Cosmos-Gesture-Recognition-/processed/session_tyler_discrete/sessions/tyler_right_003/trial_data.npz,/Users/tylerchen/Cosmos-Gesture-Recognition-/processed/session_tyler_discrete/sessions/tyler_right_003,,
combined_all,tyler,right,discrete,cosmos_multi_sensor_gesture,4,1,0,3.0,3.0107869999999934,"mmwave,imu,uwb",30,9.964172158309461,301,150,150,0,/Users/tylerchen/Cosmos-Gesture-Recognition-/processed/session_tyler_discrete/sessions/tyler_right_004/trial_data.npz,/Users/tylerchen/Cosmos-Gesture-Recognition-/processed/session_tyler_discrete/sessions/tyler_right_004,,
combined_all,tyler,right,discrete,cosmos_multi_sensor_gesture,5,1,0,3.0,3.0049129999999877,"mmwave,imu,uwb",30,9.983650109004861,301,150,150,0,/Users/tylerchen/Cosmos-Gesture-Recognition-/processed/session_tyler_discrete/sessions/tyler_right_005/trial_data.npz,/Users/tylerchen/Cosmos-Gesture-Recognition-/processed/session_tyler_discrete/sessions/tyler_right_005,,
combined_all,tyler,right,discrete,cosmos_multi_sensor_gesture,6,1,0,3.0,3.00734300000002,"mmwave,imu,uwb",30,9.975583097770956,301,150,149,0,/Users/tylerchen/Cosmos-Gesture-Recognition-/processed/session_tyler_discrete/sessions/tyler_right_006/trial_data.npz,/Users/tylerchen/Cosmos-Gesture-Recognition-/processed/session_tyler_discrete/sessions/tyler_right_006,,
combined_all,tyler,right,discrete,cosmos_multi_sensor_gesture,7,1,0,3.0,3.00035299999999,"mmwave,imu,uwb",30,9.998823471771523,300,150,149,0,/Users/tylerchen/Cosmos-Gesture-Recognition-/processed/session_tyler_discrete/sessions/tyler_right_007/trial_data.npz,/Users/tylerchen/Cosmos-Gesture-Recognition-/processed/session_tyler_discrete/sessions/tyler_right_007,,
combined_all,tyler,right,discrete,cosmos_multi_sensor_gesture,8,1,0,3.0,3.010784000000001,"mmwave,imu,uwb",30,9.964182086792007,301,151,151,0,/Users/tylerchen/Cosmos-Gesture-Recognition-/processed/session_tyler_discrete/sessions/tyler_right_008/trial_data.npz,/Users/tylerchen/Cosmos-Gesture-Recognition-/processed/session_tyler_discrete/sessions/tyler_right_008,,
combined_all,tyler,left,discrete,cosmos_multi_sensor_gesture,1,1,0,3.0,3.0232990000000086,"mmwave,imu,uwb",30,9.922935177764394,303,151,151,0,/Users/tylerchen/Cosmos-Gesture-Recognition-/processed/session_tyler_discrete/sessions/tyler_left_001/trial_data.npz,/Users/tylerchen/Cosmos-Gesture-Recognition-/processed/session_tyler_discrete/sessions/tyler_left_001,,
combined_all,tyler,left,discrete,cosmos_multi_sensor_gesture,2,1,0,3.0,3.0244220000000155,"mmwave,imu,uwb",30,9.919250686577417,302,152,152,0,/Users/tylerchen/Cosmos-Gesture-Recognition-/processed/session_tyler_discrete/sessions/tyler_left_002/trial_data.npz,/Users/tylerchen/Cosmos-Gesture-Recognition-/processed/session_tyler_discrete/sessions/tyler_left_002,,
combined_all,tyler,left,discrete,cosmos_multi_sensor_gesture,3,1,0,3.0,3.0075720000000388,"mmwave,imu,uwb",30,9.974823545371354,300,150,150,0,/Users/tylerchen/Cosmos-Gesture-Recognition-/processed/session_tyler_discrete/sessions/tyler_left_003/trial_data.npz,/Users/tylerchen/Cosmos-Gesture-Recognition-/processed/session_tyler_discrete/sessions/tyler_left_003,,
combined_all,tyler,left,discrete,cosmos_multi_sensor_gesture,4,1,0,3.0,3.012703999999985,"mmwave,imu,uwb",30,9.95783190117587,301,150,150,0,/Users/tylerchen/Cosmos-Gesture-Recognition-/processed/session_tyler_discrete/sessions/tyler_left_004/trial_data.npz,/Users/tylerchen/Cosmos-Gesture-Recognition-/processed/session_tyler_discrete/sessions/tyler_left_004,,
combined_all,tyler,left,discrete,cosmos_multi_sensor_gesture,5,1,0,3.0,3.011909000000003,"mmwave,imu,uwb",30,9.96046029279104,301,151,151,0,/Users/tylerchen/Cosmos-Gesture-Recognition-/processed/session_tyler_discrete/sessions/tyler_left_005/trial_data.npz,/Users/tylerchen/Cosmos-Gesture-Recognition-/processed/session_tyler_discrete/sessions/tyler_left_005,,
combined_all,tyler,left,discrete,cosmos_multi_sensor_gesture,6,1,0,3.0,3.0148779999999533,"mmwave,imu,uwb",30,9.95065140280982,302,150,150,0,/Users/tylerchen/Cosmos-Gesture-Recognition-/processed/session_tyler_discrete/sessions/tyler_left_006/trial_data.npz,/Users/tylerchen/Cosmos-Gesture-Recognition-/processed/session_tyler_discrete/sessions/tyler_left_006,,
combined_all,tyler,left,discrete,cosmos_multi_sensor_gesture,7,1,0,3.0,3.006890999999996,"mmwave,imu,uwb",30,9.977082641173238,301,151,151,0,/Users/tylerchen/Cosmos-Gesture-Recognition-/processed/session_tyler_discrete/sessions/tyler_left_007/trial_data.npz,/Users/tylerchen/Cosmos-Gesture-Recognition-/processed/session_tyler_discrete/sessions/tyler_left_007,,
combined_all,tyler,left,discrete,cosmos_multi_sensor_gesture,8,1,0,3.0,3.011047000000019,"mmwave,imu,uwb",31,10.29542215714328,301,151,151,0,/Users/tylerchen/Cosmos-Gesture-Recognition-/processed/session_tyler_discrete/sessions/tyler_left_008/trial_data.npz,/Users/tylerchen/Cosmos-Gesture-Recognition-/processed/session_tyler_discrete/sessions/tyler_left_008,,
combined_all,tyler,bye_bye,discrete,cosmos_multi_sensor_gesture,1,1,0,3.0,3.0206019999999967,"mmwave,imu,uwb",30,9.931795052774259,301,151,151,0,/Users/tylerchen/Cosmos-Gesture-Recognition-/processed/session_tyler_discrete/sessions/tyler_bye_bye_001/trial_data.npz,/Users/tylerchen/Cosmos-Gesture-Recognition-/processed/session_tyler_discrete/sessions/tyler_bye_bye_001,,
combined_all,tyler,bye_bye,discrete,cosmos_multi_sensor_gesture,2,1,0,3.0,3.000256000000036,"mmwave,imu,uwb",30,9.999146739478112,300,150,149,0,/Users/tylerchen/Cosmos-Gesture-Recognition-/processed/session_tyler_discrete/sessions/tyler_bye_bye_002/trial_data.npz,/Users/tylerchen/Cosmos-Gesture-Recognition-/processed/session_tyler_discrete/sessions/tyler_bye_bye_002,,
combined_all,tyler,bye_bye,discrete,cosmos_multi_sensor_gesture,3,1,0,3.0,3.0197489999999902,"mmwave,imu,uwb",30,9.934600524745631,302,151,149,0,/Users/tylerchen/Cosmos-Gesture-Recognition-/processed/session_tyler_discrete/sessions/tyler_bye_bye_003/trial_data.npz,/Users/tylerchen/Cosmos-Gesture-Recognition-/processed/session_tyler_discrete/sessions/tyler_bye_bye_003,,
combined_all,tyler,bye_bye,discrete,cosmos_multi_sensor_gesture,4,1,0,3.0,3.0145100000000298,"mmwave,imu,uwb",30,9.95186614076573,301,150,150,0,/Users/tylerchen/Cosmos-Gesture-Recognition-/processed/session_tyler_discrete/sessions/tyler_bye_bye_004/trial_data.npz,/Users/tylerchen/Cosmos-Gesture-Recognition-/processed/session_tyler_discrete/sessions/tyler_bye_bye_004,,
combined_all,tyler,bye_bye,discrete,cosmos_multi_sensor_gesture,5,1,0,3.0,3.0112550000000056,"mmwave,imu,uwb",31,10.294711009197142,301,151,149,0,/Users/tylerchen/Cosmos-Gesture-Recognition-/processed/session_tyler_discrete/sessions/tyler_bye_bye_005/trial_data.npz,/Users/tylerchen/Cosmos-Gesture-Recognition-/processed/session_tyler_discrete/sessions/tyler_bye_bye_005,,
combined_all,tyler,bye_bye,discrete,cosmos_multi_sensor_gesture,6,1,0,3.0,3.005914999999959,"mmwave,imu,uwb",30,9.980322131530801,301,151,151,0,/Users/tylerchen/Cosmos-Gesture-Recognition-/processed/session_tyler_discrete/sessions/tyler_bye_bye_006/trial_data.npz,/Users/tylerchen/Cosmos-Gesture-Recognition-/processed/session_tyler_discrete/sessions/tyler_bye_bye_006,,
combined_all,tyler,bye_bye,discrete,cosmos_multi_sensor_gesture,7,1,0,3.0,3.0093230000000517,"mmwave,imu,uwb",30,9.969019610058304,300,150,149,0,/Users/tylerchen/Cosmos-Gesture-Recognition-/processed/session_tyler_discrete/sessions/tyler_bye_bye_007/trial_data.npz,/Users/tylerchen/Cosmos-Gesture-Recognition-/processed/session_tyler_discrete/sessions/tyler_bye_bye_007,,
combined_all,tyler,bye_bye,discrete,cosmos_multi_sensor_gesture,8,1,0,3.0,3.02370099999996,"mmwave,imu,uwb",30,9.921615926971747,302,151,149,0,/Users/tylerchen/Cosmos-Gesture-Recognition-/processed/session_tyler_discrete/sessions/tyler_bye_bye_008/trial_data.npz,/Users/tylerchen/Cosmos-Gesture-Recognition-/processed/session_tyler_discrete/sessions/tyler_bye_bye_008,,
combined_all,tyler,t_arm,discrete,cosmos_multi_sensor_gesture,1,1,0,3.0,3.00380100000001,"mmwave,imu,uwb",30,9.987346032576692,300,150,148,0,/Users/tylerchen/Cosmos-Gesture-Recognition-/processed/session_tyler_discrete/sessions/tyler_t_arm_001/trial_data.npz,/Users/tylerchen/Cosmos-Gesture-Recognition-/processed/session_tyler_discrete/sessions/tyler_t_arm_001,,
combined_all,tyler,t_arm,discrete,cosmos_multi_sensor_gesture,2,1,0,3.0,3.0231210000000033,"mmwave,imu,uwb",31,10.25430341689928,302,151,150,0,/Users/tylerchen/Cosmos-Gesture-Recognition-/processed/session_tyler_discrete/sessions/tyler_t_arm_002/trial_data.npz,/Users/tylerchen/Cosmos-Gesture-Recognition-/processed/session_tyler_discrete/sessions/tyler_t_arm_002,,
combined_all,tyler,t_arm,discrete,cosmos_multi_sensor_gesture,3,1,0,3.0,3.0226450000000114,"mmwave,imu,uwb",31,10.255918243789754,302,151,150,0,/Users/tylerchen/Cosmos-Gesture-Recognition-/processed/session_tyler_discrete/sessions/tyler_t_arm_003/trial_data.npz,/Users/tylerchen/Cosmos-Gesture-Recognition-/processed/session_tyler_discrete/sessions/tyler_t_arm_003,,
combined_all,tyler,t_arm,discrete,cosmos_multi_sensor_gesture,4,1,0,3.0,3.016038999999978,"mmwave,imu,uwb",31,10.278381678751577,302,151,149,0,/Users/tylerchen/Cosmos-Gesture-Recognition-/processed/session_tyler_discrete/sessions/tyler_t_arm_004/trial_data.npz,/Users/tylerchen/Cosmos-Gesture-Recognition-/processed/session_tyler_discrete/sessions/tyler_t_arm_004,,
combined_all,tyler,t_arm,discrete,cosmos_multi_sensor_gesture,5,1,0,3.0,3.022689000000014,"mmwave,imu,uwb",30,9.924937696203566,302,151,150,0,/Users/tylerchen/Cosmos-Gesture-Recognition-/processed/session_tyler_discrete/sessions/tyler_t_arm_005/trial_data.npz,/Users/tylerchen/Cosmos-Gesture-Recognition-/processed/session_tyler_discrete/sessions/tyler_t_arm_005,,
combined_all,tyler,t_arm,discrete,cosmos_multi_sensor_gesture,6,1,0,3.0,3.0035819999999944,"mmwave,imu,uwb",30,9.988074239358225,300,150,146,0,/Users/tylerchen/Cosmos-Gesture-Recognition-/processed/session_tyler_discrete/sessions/tyler_t_arm_006/trial_data.npz,/Users/tylerchen/Cosmos-Gesture-Recognition-/processed/session_tyler_discrete/sessions/tyler_t_arm_006,,
combined_all,tyler,t_arm,discrete,cosmos_multi_sensor_gesture,7,1,0,3.0,3.0235309999999913,"mmwave,imu,uwb",30,9.922173776290068,303,151,149,0,/Users/tylerchen/Cosmos-Gesture-Recognition-/processed/session_tyler_discrete/sessions/tyler_t_arm_007/trial_data.npz,/Users/tylerchen/Cosmos-Gesture-Recognition-/processed/session_tyler_discrete/sessions/tyler_t_arm_007,,
combined_all,tyler,t_arm,discrete,cosmos_multi_sensor_gesture,8,1,0,3.0,3.00764700000002,"mmwave,imu,uwb",30,9.974574808812271,302,151,151,0,/Users/tylerchen/Cosmos-Gesture-Recognition-/processed/session_tyler_discrete/sessions/tyler_t_arm_008/trial_data.npz,/Users/tylerchen/Cosmos-Gesture-Recognition-/processed/session_tyler_discrete/sessions/tyler_t_arm_008,,
combined_all,tyler,raise_arms,discrete,cosmos_multi_sensor_gesture,1,1,0,3.0,3.0064870000000496,"mmwave,imu,uwb",30,9.97842332263519,301,150,150,0,/Users/tylerchen/Cosmos-Gesture-Recognition-/processed/session_tyler_discrete/sessions/tyler_raise_arms_001/trial_data.npz,/Users/tylerchen/Cosmos-Gesture-Recognition-/processed/session_tyler_discrete/sessions/tyler_raise_arms_001,,
combined_all,tyler,raise_arms,discrete,cosmos_multi_sensor_gesture,2,1,0,3.0,3.005318999999986,"mmwave,imu,uwb",30,9.98230137965392,301,150,150,0,/Users/tylerchen/Cosmos-Gesture-Recognition-/processed/session_tyler_discrete/sessions/tyler_raise_arms_002/trial_data.npz,/Users/tylerchen/Cosmos-Gesture-Recognition-/processed/session_tyler_discrete/sessions/tyler_raise_arms_002,,
combined_all,tyler,raise_arms,discrete,cosmos_multi_sensor_gesture,3,1,0,3.0,3.0007289999999784,"mmwave,imu,uwb",30,9.997570590346617,300,150,150,0,/Users/tylerchen/Cosmos-Gesture-Recognition-/processed/session_tyler_discrete/sessions/tyler_raise_arms_003/trial_data.npz,/Users/tylerchen/Cosmos-Gesture-Recognition-/processed/session_tyler_discrete/sessions/tyler_raise_arms_003,,
combined_all,tyler,raise_arms,discrete,cosmos_multi_sensor_gesture,4,1,0,3.0,3.012012000000027,"mmwave,imu,uwb",30,9.960119680797995,302,151,151,0,/Users/tylerchen/Cosmos-Gesture-Recognition-/processed/session_tyler_discrete/sessions/tyler_raise_arms_004/trial_data.npz,/Users/tylerchen/Cosmos-Gesture-Recognition-/processed/session_tyler_discrete/sessions/tyler_raise_arms_004,,
combined_all,tyler,raise_arms,discrete,cosmos_multi_sensor_gesture,5,1,0,3.0,3.022672,"mmwave,imu,uwb",31,10.255826632859932,303,151,151,0,/Users/tylerchen/Cosmos-Gesture-Recognition-/processed/session_tyler_discrete/sessions/tyler_raise_arms_005/trial_data.npz,/Users/tylerchen/Cosmos-Gesture-Recognition-/processed/session_tyler_discrete/sessions/tyler_raise_arms_005,,
combined_all,tyler,raise_arms,discrete,cosmos_multi_sensor_gesture,6,1,0,3.0,3.0108639999999696,"mmwave,imu,uwb",30,9.963917334027808,301,151,151,0,/Users/tylerchen/Cosmos-Gesture-Recognition-/processed/session_tyler_discrete/sessions/tyler_raise_arms_006/trial_data.npz,/Users/tylerchen/Cosmos-Gesture-Recognition-/processed/session_tyler_discrete/sessions/tyler_raise_arms_006,,
combined_all,tyler,raise_arms,discrete,cosmos_multi_sensor_gesture,7,2,0,3.0,3.00472400000001,"mmwave,imu,uwb",30,9.984278090100755,300,151,150,0,/Users/tylerchen/Cosmos-Gesture-Recognition-/processed/session_tyler_discrete/sessions/tyler_raise_arms_007/trial_data.npz,/Users/tylerchen/Cosmos-Gesture-Recognition-/processed/session_tyler_discrete/sessions/tyler_raise_arms_007,,
combined_all,tyler,raise_arms,discrete,cosmos_multi_sensor_gesture,8,1,0,3.0,3.0221900000000232,"mmwave,imu,uwb",31,10.257462303825955,302,151,150,0,/Users/tylerchen/Cosmos-Gesture-Recognition-/processed/session_tyler_discrete/sessions/tyler_raise_arms_008/trial_data.npz,/Users/tylerchen/Cosmos-Gesture-Recognition-/processed/session_tyler_discrete/sessions/tyler_raise_arms_008,,
combined_all,tyler,fist_open,discrete,cosmos_multi_sensor_gesture,1,1,0,3.0,3.0166679999999815,"mmwave,imu,uwb",30,9.94474698574725,302,151,151,0,/Users/tylerchen/Cosmos-Gesture-Recognition-/processed/session_tyler_discrete/sessions/tyler_fist_open_001/trial_data.npz,/Users/tylerchen/Cosmos-Gesture-Recognition-/processed/session_tyler_discrete/sessions/tyler_fist_open_001,,
combined_all,tyler,fist_open,discrete,cosmos_multi_sensor_gesture,2,1,0,3.0,3.0023350000000164,"mmwave,imu,uwb",30,9.992222719982893,300,150,150,0,/Users/tylerchen/Cosmos-Gesture-Recognition-/processed/session_tyler_discrete/sessions/tyler_fist_open_002/trial_data.npz,/Users/tylerchen/Cosmos-Gesture-Recognition-/processed/session_tyler_discrete/sessions/tyler_fist_open_002,,
combined_all,tyler,fist_open,discrete,cosmos_multi_sensor_gesture,3,1,0,3.0,3.0059059999999818,"mmwave,imu,uwb",30,9.980352013669151,300,150,150,0,/Users/tylerchen/Cosmos-Gesture-Recognition-/processed/session_tyler_discrete/sessions/tyler_fist_open_003/trial_data.npz,/Users/tylerchen/Cosmos-Gesture-Recognition-/processed/session_tyler_discrete/sessions/tyler_fist_open_003,,
combined_all,tyler,fist_open,discrete,cosmos_multi_sensor_gesture,4,2,0,3.0,3.014246000000014,"mmwave,imu,uwb",30,9.952737765928813,301,151,151,0,/Users/tylerchen/Cosmos-Gesture-Recognition-/processed/session_tyler_discrete/sessions/tyler_fist_open_004/trial_data.npz,/Users/tylerchen/Cosmos-Gesture-Recognition-/processed/session_tyler_discrete/sessions/tyler_fist_open_004,,
combined_all,tyler,fist_open,discrete,cosmos_multi_sensor_gesture,5,1,0,3.0,3.000487000000021,"mmwave,imu,uwb",30,9.998376930144936,300,150,150,0,/Users/tylerchen/Cosmos-Gesture-Recognition-/processed/session_tyler_discrete/sessions/tyler_fist_open_005/trial_data.npz,/Users/tylerchen/Cosmos-Gesture-Recognition-/processed/session_tyler_discrete/sessions/tyler_fist_open_005,,
combined_all,tyler,fist_open,discrete,cosmos_multi_sensor_gesture,6,1,0,3.0,3.000317999999993,"mmwave,imu,uwb",30,9.998940112348114,300,150,143,0,/Users/tylerchen/Cosmos-Gesture-Recognition-/processed/session_tyler_discrete/sessions/tyler_fist_open_006/trial_data.npz,/Users/tylerchen/Cosmos-Gesture-Recognition-/processed/session_tyler_discrete/sessions/tyler_fist_open_006,,
combined_all,tyler,fist_open,discrete,cosmos_multi_sensor_gesture,7,1,0,3.0,3.0139689999999746,"mmwave,imu,uwb",30,9.9536524761868,301,150,136,0,/Users/tylerchen/Cosmos-Gesture-Recognition-/processed/session_tyler_discrete/sessions/tyler_fist_open_007/trial_data.npz,/Users/tylerchen/Cosmos-Gesture-Recognition-/processed/session_tyler_discrete/sessions/tyler_fist_open_007,,
combined_all,tyler,fist_open,discrete,cosmos_multi_sensor_gesture,8,1,0,3.0,3.0027450000000044,"mmwave,imu,uwb",30,9.990858364596379,301,151,151,0,/Users/tylerchen/Cosmos-Gesture-Recognition-/processed/session_tyler_discrete/sessions/tyler_fist_open_008/trial_data.npz,/Users/tylerchen/Cosmos-Gesture-Recognition-/processed/session_tyler_discrete/sessions/tyler_fist_open_008,,
combined_all,tyler,one_arm_boxing,periodic,cosmos_multi_sensor_gesture,1,1,0,9.0,2.9999999999999996,"mmwave,imu,uwb",30,10.000000000000002,300,150,150,0,/Users/tylerchen/Cosmos-Gesture-Recognition-/processed/session_tyler_periodic/sessions/tyler_one_arm_boxing_001_seg000/trial_data.npz,/Users/tylerchen/Cosmos-Gesture-Recognition-/processed/session_tyler_periodic/sessions/tyler_one_arm_boxing_001_seg000,,
combined_all,tyler,one_arm_boxing,periodic,cosmos_multi_sensor_gesture,1,1,1,9.0,3.0,"mmwave,imu,uwb",30,10.0,300,150,149,0,/Users/tylerchen/Cosmos-Gesture-Recognition-/processed/session_tyler_periodic/sessions/tyler_one_arm_boxing_001_seg001/trial_data.npz,/Users/tylerchen/Cosmos-Gesture-Recognition-/processed/session_tyler_periodic/sessions/tyler_one_arm_boxing_001_seg001,,
combined_all,tyler,one_arm_boxing,periodic,cosmos_multi_sensor_gesture,1,1,2,9.0,3.0,"mmwave,imu,uwb",30,10.0,300,150,150,0,/Users/tylerchen/Cosmos-Gesture-Recognition-/processed/session_tyler_periodic/sessions/tyler_one_arm_boxing_001_seg002/trial_data.npz,/Users/tylerchen/Cosmos-Gesture-Recognition-/processed/session_tyler_periodic/sessions/tyler_one_arm_boxing_001_seg002,,
combined_all,tyler,one_arm_boxing,periodic,cosmos_multi_sensor_gesture,2,1,0,9.0,3.0,"mmwave,imu,uwb",30,10.0,300,150,150,0,/Users/tylerchen/Cosmos-Gesture-Recognition-/processed/session_tyler_periodic/sessions/tyler_one_arm_boxing_002_seg000/trial_data.npz,/Users/tylerchen/Cosmos-Gesture-Recognition-/processed/session_tyler_periodic/sessions/tyler_one_arm_boxing_002_seg000,,
combined_all,tyler,one_arm_boxing,periodic,cosmos_multi_sensor_gesture,2,1,1,9.0,3.0,"mmwave,imu,uwb",30,10.0,300,150,150,0,/Users/tylerchen/Cosmos-Gesture-Recognition-/processed/session_tyler_periodic/sessions/tyler_one_arm_boxing_002_seg001/trial_data.npz,/Users/tylerchen/Cosmos-Gesture-Recognition-/processed/session_tyler_periodic/sessions/tyler_one_arm_boxing_002_seg001,,
combined_all,tyler,one_arm_boxing,periodic,cosmos_multi_sensor_gesture,2,1,2,9.0,3.0,"mmwave,imu,uwb",30,10.0,300,150,150,0,/Users/tylerchen/Cosmos-Gesture-Recognition-/processed/session_tyler_periodic/sessions/tyler_one_arm_boxing_002_seg002/trial_data.npz,/Users/tylerchen/Cosmos-Gesture-Recognition-/processed/session_tyler_periodic/sessions/tyler_one_arm_boxing_002_seg002,,
combined_all,tyler,one_arm_boxing,periodic,cosmos_multi_sensor_gesture,3,1,0,9.0,3.0,"mmwave,imu,uwb",30,10.0,301,150,150,0,/Users/tylerchen/Cosmos-Gesture-Recognition-/processed/session_tyler_periodic/sessions/tyler_one_arm_boxing_003_seg000/trial_data.npz,/Users/tylerchen/Cosmos-Gesture-Recognition-/processed/session_tyler_periodic/sessions/tyler_one_arm_boxing_003_seg000,,
combined_all,tyler,one_arm_boxing,periodic,cosmos_multi_sensor_gesture,3,1,1,9.0,3.0,"mmwave,imu,uwb",30,10.0,300,150,150,0,/Users/tylerchen/Cosmos-Gesture-Recognition-/processed/session_tyler_periodic/sessions/tyler_one_arm_boxing_003_seg001/trial_data.npz,/Users/tylerchen/Cosmos-Gesture-Recognition-/processed/session_tyler_periodic/sessions/tyler_one_arm_boxing_003_seg001,,
combined_all,tyler,one_arm_boxing,periodic,cosmos_multi_sensor_gesture,3,1,2,9.0,3.0,"mmwave,imu,uwb",30,10.0,300,150,150,0,/Users/tylerchen/Cosmos-Gesture-Recognition-/processed/session_tyler_periodic/sessions/tyler_one_arm_boxing_003_seg002/trial_data.npz,/Users/tylerchen/Cosmos-Gesture-Recognition-/processed/session_tyler_periodic/sessions/tyler_one_arm_boxing_003_seg002,,
combined_all,tyler,clapping,periodic,cosmos_multi_sensor_gesture,1,1,0,9.0,3.0,"mmwave,imu,uwb",30,10.0,300,150,106,0,/Users/tylerchen/Cosmos-Gesture-Recognition-/processed/session_tyler_periodic/sessions/tyler_clapping_001_seg000/trial_data.npz,/Users/tylerchen/Cosmos-Gesture-Recognition-/processed/session_tyler_periodic/sessions/tyler_clapping_001_seg000,,
combined_all,tyler,clapping,periodic,cosmos_multi_sensor_gesture,1,1,1,9.0,3.0,"mmwave,imu,uwb",30,10.0,300,150,105,0,/Users/tylerchen/Cosmos-Gesture-Recognition-/processed/session_tyler_periodic/sessions/tyler_clapping_001_seg001/trial_data.npz,/Users/tylerchen/Cosmos-Gesture-Recognition-/processed/session_tyler_periodic/sessions/tyler_clapping_001_seg001,,
combined_all,tyler,clapping,periodic,cosmos_multi_sensor_gesture,1,1,2,9.0,3.0,"mmwave,imu,uwb",30,10.0,300,150,91,0,/Users/tylerchen/Cosmos-Gesture-Recognition-/processed/session_tyler_periodic/sessions/tyler_clapping_001_seg002/trial_data.npz,/Users/tylerchen/Cosmos-Gesture-Recognition-/processed/session_tyler_periodic/sessions/tyler_clapping_001_seg002,,
combined_all,tyler,clapping,periodic,cosmos_multi_sensor_gesture,2,1,0,9.0,3.0,"mmwave,imu,uwb",30,10.0,300,150,81,0,/Users/tylerchen/Cosmos-Gesture-Recognition-/processed/session_tyler_periodic/sessions/tyler_clapping_002_seg000/trial_data.npz,/Users/tylerchen/Cosmos-Gesture-Recognition-/processed/session_tyler_periodic/sessions/tyler_clapping_002_seg000,,
combined_all,tyler,clapping,periodic,cosmos_multi_sensor_gesture,2,1,1,9.0,3.0,"mmwave,imu,uwb",30,10.0,300,150,119,0,/Users/tylerchen/Cosmos-Gesture-Recognition-/processed/session_tyler_periodic/sessions/tyler_clapping_002_seg001/trial_data.npz,/Users/tylerchen/Cosmos-Gesture-Recognition-/processed/session_tyler_periodic/sessions/tyler_clapping_002_seg001,,
combined_all,tyler,clapping,periodic,cosmos_multi_sensor_gesture,2,1,2,9.0,3.0,"mmwave,imu,uwb",30,10.0,300,150,92,0,/Users/tylerchen/Cosmos-Gesture-Recognition-/processed/session_tyler_periodic/sessions/tyler_clapping_002_seg002/trial_data.npz,/Users/tylerchen/Cosmos-Gesture-Recognition-/processed/session_tyler_periodic/sessions/tyler_clapping_002_seg002,,
combined_all,tyler,clapping,periodic,cosmos_multi_sensor_gesture,3,1,0,9.0,3.0,"mmwave,imu,uwb",30,10.0,300,150,113,0,/Users/tylerchen/Cosmos-Gesture-Recognition-/processed/session_tyler_periodic/sessions/tyler_clapping_003_seg000/trial_data.npz,/Users/tylerchen/Cosmos-Gesture-Recognition-/processed/session_tyler_periodic/sessions/tyler_clapping_003_seg000,,
combined_all,tyler,clapping,periodic,cosmos_multi_sensor_gesture,3,1,1,9.0,3.000000000000007,"mmwave,imu,uwb",30,9.999999999999977,300,150,121,0,/Users/tylerchen/Cosmos-Gesture-Recognition-/processed/session_tyler_periodic/sessions/tyler_clapping_003_seg001/trial_data.npz,/Users/tylerchen/Cosmos-Gesture-Recognition-/processed/session_tyler_periodic/sessions/tyler_clapping_003_seg001,,
combined_all,tyler,clapping,periodic,cosmos_multi_sensor_gesture,3,1,2,9.0,3.0,"mmwave,imu,uwb",30,10.0,300,150,117,0,/Users/tylerchen/Cosmos-Gesture-Recognition-/processed/session_tyler_periodic/sessions/tyler_clapping_003_seg002/trial_data.npz,/Users/tylerchen/Cosmos-Gesture-Recognition-/processed/session_tyler_periodic/sessions/tyler_clapping_003_seg002,,
combined_all,tyler,two_arm_boxing,periodic,cosmos_multi_sensor_gesture,1,1,0,9.0,3.0,"mmwave,imu,uwb",30,10.0,300,150,147,0,/Users/tylerchen/Cosmos-Gesture-Recognition-/processed/session_tyler_periodic/sessions/tyler_two_arm_boxing_001_seg000/trial_data.npz,/Users/tylerchen/Cosmos-Gesture-Recognition-/processed/session_tyler_periodic/sessions/tyler_two_arm_boxing_001_seg000,,
combined_all,tyler,two_arm_boxing,periodic,cosmos_multi_sensor_gesture,1,1,1,9.0,3.0,"mmwave,imu,uwb",30,10.0,300,150,150,0,/Users/tylerchen/Cosmos-Gesture-Recognition-/processed/session_tyler_periodic/sessions/tyler_two_arm_boxing_001_seg001/trial_data.npz,/Users/tylerchen/Cosmos-Gesture-Recognition-/processed/session_tyler_periodic/sessions/tyler_two_arm_boxing_001_seg001,,
combined_all,tyler,two_arm_boxing,periodic,cosmos_multi_sensor_gesture,1,1,2,9.0,3.0,"mmwave,imu,uwb",30,10.0,301,150,150,0,/Users/tylerchen/Cosmos-Gesture-Recognition-/processed/session_tyler_periodic/sessions/tyler_two_arm_boxing_001_seg002/trial_data.npz,/Users/tylerchen/Cosmos-Gesture-Recognition-/processed/session_tyler_periodic/sessions/tyler_two_arm_boxing_001_seg002,,
combined_all,tyler,two_arm_boxing,periodic,cosmos_multi_sensor_gesture,2,1,0,9.0,3.0,"mmwave,imu,uwb",30,10.0,300,150,150,0,/Users/tylerchen/Cosmos-Gesture-Recognition-/processed/session_tyler_periodic/sessions/tyler_two_arm_boxing_002_seg000/trial_data.npz,/Users/tylerchen/Cosmos-Gesture-Recognition-/processed/session_tyler_periodic/sessions/tyler_two_arm_boxing_002_seg000,,
combined_all,tyler,two_arm_boxing,periodic,cosmos_multi_sensor_gesture,2,1,1,9.0,3.0,"mmwave,imu,uwb",30,10.0,300,150,150,0,/Users/tylerchen/Cosmos-Gesture-Recognition-/processed/session_tyler_periodic/sessions/tyler_two_arm_boxing_002_seg001/trial_data.npz,/Users/tylerchen/Cosmos-Gesture-Recognition-/processed/session_tyler_periodic/sessions/tyler_two_arm_boxing_002_seg001,,
combined_all,tyler,two_arm_boxing,periodic,cosmos_multi_sensor_gesture,2,1,2,9.0,3.0,"mmwave,imu,uwb",30,10.0,299,150,150,0,/Users/tylerchen/Cosmos-Gesture-Recognition-/processed/session_tyler_periodic/sessions/tyler_two_arm_boxing_002_seg002/trial_data.npz,/Users/tylerchen/Cosmos-Gesture-Recognition-/processed/session_tyler_periodic/sessions/tyler_two_arm_boxing_002_seg002,,
combined_all,tyler,two_arm_boxing,periodic,cosmos_multi_sensor_gesture,3,1,0,9.0,3.0,"mmwave,imu,uwb",30,10.0,300,150,149,0,/Users/tylerchen/Cosmos-Gesture-Recognition-/processed/session_tyler_periodic/sessions/tyler_two_arm_boxing_003_seg000/trial_data.npz,/Users/tylerchen/Cosmos-Gesture-Recognition-/processed/session_tyler_periodic/sessions/tyler_two_arm_boxing_003_seg000,,
combined_all,tyler,two_arm_boxing,periodic,cosmos_multi_sensor_gesture,3,1,1,9.0,3.0,"mmwave,imu,uwb",30,10.0,300,150,150,0,/Users/tylerchen/Cosmos-Gesture-Recognition-/processed/session_tyler_periodic/sessions/tyler_two_arm_boxing_003_seg001/trial_data.npz,/Users/tylerchen/Cosmos-Gesture-Recognition-/processed/session_tyler_periodic/sessions/tyler_two_arm_boxing_003_seg001,,
combined_all,tyler,two_arm_boxing,periodic,cosmos_multi_sensor_gesture,3,1,2,9.0,3.0,"mmwave,imu,uwb",30,10.0,300,150,150,0,/Users/tylerchen/Cosmos-Gesture-Recognition-/processed/session_tyler_periodic/sessions/tyler_two_arm_boxing_003_seg002/trial_data.npz,/Users/tylerchen/Cosmos-Gesture-Recognition-/processed/session_tyler_periodic/sessions/tyler_two_arm_boxing_003_seg002,,
combined_all,tyler,soli,periodic,cosmos_multi_sensor_gesture,1,1,0,9.0,3.0,"mmwave,imu,uwb",30,10.0,300,150,150,0,/Users/tylerchen/Cosmos-Gesture-Recognition-/processed/session_tyler_periodic/sessions/tyler_soli_001_seg000/trial_data.npz,/Users/tylerchen/Cosmos-Gesture-Recognition-/processed/session_tyler_periodic/sessions/tyler_soli_001_seg000,,
combined_all,tyler,soli,periodic,cosmos_multi_sensor_gesture,1,1,1,9.0,3.000000000000014,"mmwave,imu,uwb",30,9.999999999999952,300,150,150,0,/Users/tylerchen/Cosmos-Gesture-Recognition-/processed/session_tyler_periodic/sessions/tyler_soli_001_seg001/trial_data.npz,/Users/tylerchen/Cosmos-Gesture-Recognition-/processed/session_tyler_periodic/sessions/tyler_soli_001_seg001,,
combined_all,tyler,soli,periodic,cosmos_multi_sensor_gesture,1,1,2,9.0,3.0,"mmwave,imu,uwb",30,10.0,300,150,150,0,/Users/tylerchen/Cosmos-Gesture-Recognition-/processed/session_tyler_periodic/sessions/tyler_soli_001_seg002/trial_data.npz,/Users/tylerchen/Cosmos-Gesture-Recognition-/processed/session_tyler_periodic/sessions/tyler_soli_001_seg002,,
combined_all,tyler,soli,periodic,cosmos_multi_sensor_gesture,2,1,0,9.0,3.0,"mmwave,imu,uwb",30,10.0,300,150,150,0,/Users/tylerchen/Cosmos-Gesture-Recognition-/processed/session_tyler_periodic/sessions/tyler_soli_002_seg000/trial_data.npz,/Users/tylerchen/Cosmos-Gesture-Recognition-/processed/session_tyler_periodic/sessions/tyler_soli_002_seg000,,
combined_all,tyler,soli,periodic,cosmos_multi_sensor_gesture,2,1,1,9.0,3.0,"mmwave,imu,uwb",30,10.0,299,150,150,0,/Users/tylerchen/Cosmos-Gesture-Recognition-/processed/session_tyler_periodic/sessions/tyler_soli_002_seg001/trial_data.npz,/Users/tylerchen/Cosmos-Gesture-Recognition-/processed/session_tyler_periodic/sessions/tyler_soli_002_seg001,,
combined_all,tyler,soli,periodic,cosmos_multi_sensor_gesture,2,1,2,9.0,3.0,"mmwave,imu,uwb",30,10.0,300,150,150,0,/Users/tylerchen/Cosmos-Gesture-Recognition-/processed/session_tyler_periodic/sessions/tyler_soli_002_seg002/trial_data.npz,/Users/tylerchen/Cosmos-Gesture-Recognition-/processed/session_tyler_periodic/sessions/tyler_soli_002_seg002,,
combined_all,tyler,soli,periodic,cosmos_multi_sensor_gesture,3,1,0,9.0,3.0,"mmwave,imu,uwb",30,10.0,299,150,150,0,/Users/tylerchen/Cosmos-Gesture-Recognition-/processed/session_tyler_periodic/sessions/tyler_soli_003_seg000/trial_data.npz,/Users/tylerchen/Cosmos-Gesture-Recognition-/processed/session_tyler_periodic/sessions/tyler_soli_003_seg000,,
combined_all,tyler,soli,periodic,cosmos_multi_sensor_gesture,3,1,1,9.0,3.0,"mmwave,imu,uwb",30,10.0,301,150,150,0,/Users/tylerchen/Cosmos-Gesture-Recognition-/processed/session_tyler_periodic/sessions/tyler_soli_003_seg001/trial_data.npz,/Users/tylerchen/Cosmos-Gesture-Recognition-/processed/session_tyler_periodic/sessions/tyler_soli_003_seg001,,
combined_all,tyler,soli,periodic,cosmos_multi_sensor_gesture,3,1,2,9.0,3.0,"mmwave,imu,uwb",30,10.0,300,150,150,0,/Users/tylerchen/Cosmos-Gesture-Recognition-/processed/session_tyler_periodic/sessions/tyler_soli_003_seg002/trial_data.npz,/Users/tylerchen/Cosmos-Gesture-Recognition-/processed/session_tyler_periodic/sessions/tyler_soli_003_seg002,,
combined_all,tyler,palm_up_down,periodic,cosmos_multi_sensor_gesture,1,1,0,9.0,3.0,"mmwave,imu,uwb",30,10.0,299,150,150,0,/Users/tylerchen/Cosmos-Gesture-Recognition-/processed/session_tyler_periodic/sessions/tyler_palm_up_down_001_seg000/trial_data.npz,/Users/tylerchen/Cosmos-Gesture-Recognition-/processed/session_tyler_periodic/sessions/tyler_palm_up_down_001_seg000,,
combined_all,tyler,palm_up_down,periodic,cosmos_multi_sensor_gesture,1,1,1,9.0,3.0,"mmwave,imu,uwb",30,10.0,301,150,149,0,/Users/tylerchen/Cosmos-Gesture-Recognition-/processed/session_tyler_periodic/sessions/tyler_palm_up_down_001_seg001/trial_data.npz,/Users/tylerchen/Cosmos-Gesture-Recognition-/processed/session_tyler_periodic/sessions/tyler_palm_up_down_001_seg001,,
combined_all,tyler,palm_up_down,periodic,cosmos_multi_sensor_gesture,1,1,2,9.0,3.0,"mmwave,imu,uwb",30,10.0,299,150,150,0,/Users/tylerchen/Cosmos-Gesture-Recognition-/processed/session_tyler_periodic/sessions/tyler_palm_up_down_001_seg002/trial_data.npz,/Users/tylerchen/Cosmos-Gesture-Recognition-/processed/session_tyler_periodic/sessions/tyler_palm_up_down_001_seg002,,
combined_all,tyler,palm_up_down,periodic,cosmos_multi_sensor_gesture,2,1,0,9.0,3.0,"mmwave,imu,uwb",30,10.0,300,150,150,0,/Users/tylerchen/Cosmos-Gesture-Recognition-/processed/session_tyler_periodic/sessions/tyler_palm_up_down_002_seg000/trial_data.npz,/Users/tylerchen/Cosmos-Gesture-Recognition-/processed/session_tyler_periodic/sessions/tyler_palm_up_down_002_seg000,,
combined_all,tyler,palm_up_down,periodic,cosmos_multi_sensor_gesture,2,1,1,9.0,3.0,"mmwave,imu,uwb",30,10.0,300,150,150,0,/Users/tylerchen/Cosmos-Gesture-Recognition-/processed/session_tyler_periodic/sessions/tyler_palm_up_down_002_seg001/trial_data.npz,/Users/tylerchen/Cosmos-Gesture-Recognition-/processed/session_tyler_periodic/sessions/tyler_palm_up_down_002_seg001,,
combined_all,tyler,palm_up_down,periodic,cosmos_multi_sensor_gesture,2,1,2,9.0,3.0,"mmwave,imu,uwb",30,10.0,300,150,150,0,/Users/tylerchen/Cosmos-Gesture-Recognition-/processed/session_tyler_periodic/sessions/tyler_palm_up_down_002_seg002/trial_data.npz,/Users/tylerchen/Cosmos-Gesture-Recognition-/processed/session_tyler_periodic/sessions/tyler_palm_up_down_002_seg002,,
combined_all,tyler,palm_up_down,periodic,cosmos_multi_sensor_gesture,3,1,0,9.0,3.0,"mmwave,imu,uwb",30,10.0,300,150,148,0,/Users/tylerchen/Cosmos-Gesture-Recognition-/processed/session_tyler_periodic/sessions/tyler_palm_up_down_003_seg000/trial_data.npz,/Users/tylerchen/Cosmos-Gesture-Recognition-/processed/session_tyler_periodic/sessions/tyler_palm_up_down_003_seg000,,
combined_all,tyler,palm_up_down,periodic,cosmos_multi_sensor_gesture,3,1,1,9.0,3.0,"mmwave,imu,uwb",30,10.0,300,150,147,0,/Users/tylerchen/Cosmos-Gesture-Recognition-/processed/session_tyler_periodic/sessions/tyler_palm_up_down_003_seg001/trial_data.npz,/Users/tylerchen/Cosmos-Gesture-Recognition-/processed/session_tyler_periodic/sessions/tyler_palm_up_down_003_seg001,,
combined_all,tyler,palm_up_down,periodic,cosmos_multi_sensor_gesture,3,1,2,9.0,3.0,"mmwave,imu,uwb",30,10.0,300,150,150,0,/Users/tylerchen/Cosmos-Gesture-Recognition-/processed/session_tyler_periodic/sessions/tyler_palm_up_down_003_seg002/trial_data.npz,/Users/tylerchen/Cosmos-Gesture-Recognition-/processed/session_tyler_periodic/sessions/tyler_palm_up_down_003_seg002,,
combined_all,vibha,pull,discrete,cosmos_multi_sensor_gesture,1,1,0,3.0,3.013863999999998,"mmwave,imu,uwb",30,9.953999251459262,301,151,151,0,/Users/tylerchen/Cosmos-Gesture-Recognition-/processed/session_vibha_discrete/sessions/vibha_pull_001/trial_data.npz,/Users/tylerchen/Cosmos-Gesture-Recognition-/processed/session_vibha_discrete/sessions/vibha_pull_001,,
combined_all,vibha,pull,discrete,cosmos_multi_sensor_gesture,2,1,0,3.0,3.0132150000000024,"mmwave,imu,uwb",30,9.956143189251339,302,151,151,0,/Users/tylerchen/Cosmos-Gesture-Recognition-/processed/session_vibha_discrete/sessions/vibha_pull_002/trial_data.npz,/Users/tylerchen/Cosmos-Gesture-Recognition-/processed/session_vibha_discrete/sessions/vibha_pull_002,,
combined_all,vibha,pull,discrete,cosmos_multi_sensor_gesture,3,1,0,3.0,3.0089049999999986,"mmwave,imu,uwb",30,9.970404515928557,301,150,146,0,/Users/tylerchen/Cosmos-Gesture-Recognition-/processed/session_vibha_discrete/sessions/vibha_pull_003/trial_data.npz,/Users/tylerchen/Cosmos-Gesture-Recognition-/processed/session_vibha_discrete/sessions/vibha_pull_003,,
combined_all,vibha,pull,discrete,cosmos_multi_sensor_gesture,4,1,0,3.0,3.0163590000000085,"mmwave,imu,uwb",30,9.9457657394229,301,151,151,0,/Users/tylerchen/Cosmos-Gesture-Recognition-/processed/session_vibha_discrete/sessions/vibha_pull_004/trial_data.npz,/Users/tylerchen/Cosmos-Gesture-Recognition-/processed/session_vibha_discrete/sessions/vibha_pull_004,,
combined_all,vibha,pull,discrete,cosmos_multi_sensor_gesture,5,1,0,3.0,3.007002,"mmwave,imu,uwb",30,9.97671434871011,301,151,150,0,/Users/tylerchen/Cosmos-Gesture-Recognition-/processed/session_vibha_discrete/sessions/vibha_pull_005/trial_data.npz,/Users/tylerchen/Cosmos-Gesture-Recognition-/processed/session_vibha_discrete/sessions/vibha_pull_005,,
combined_all,vibha,pull,discrete,cosmos_multi_sensor_gesture,6,1,0,3.0,3.011340000000004,"mmwave,imu,uwb",31,10.294420424130108,301,151,151,0,/Users/tylerchen/Cosmos-Gesture-Recognition-/processed/session_vibha_discrete/sessions/vibha_pull_006/trial_data.npz,/Users/tylerchen/Cosmos-Gesture-Recognition-/processed/session_vibha_discrete/sessions/vibha_pull_006,,
combined_all,vibha,pull,discrete,cosmos_multi_sensor_gesture,7,1,0,3.0,3.015912,"mmwave,imu,uwb",31,10.278814501218868,302,151,148,0,/Users/tylerchen/Cosmos-Gesture-Recognition-/processed/session_vibha_discrete/sessions/vibha_pull_007/trial_data.npz,/Users/tylerchen/Cosmos-Gesture-Recognition-/processed/session_vibha_discrete/sessions/vibha_pull_007,,
combined_all,vibha,pull,discrete,cosmos_multi_sensor_gesture,8,1,0,3.0,3.010086000000001,"mmwave,imu,uwb",30,9.966492651704964,301,150,149,0,/Users/tylerchen/Cosmos-Gesture-Recognition-/processed/session_vibha_discrete/sessions/vibha_pull_008/trial_data.npz,/Users/tylerchen/Cosmos-Gesture-Recognition-/processed/session_vibha_discrete/sessions/vibha_pull_008,,
combined_all,vibha,push,discrete,cosmos_multi_sensor_gesture,1,1,0,3.0,3.0205940000000027,"mmwave,imu,uwb",30,9.931821356991364,302,151,151,0,/Users/tylerchen/Cosmos-Gesture-Recognition-/processed/session_vibha_discrete/sessions/vibha_push_001/trial_data.npz,/Users/tylerchen/Cosmos-Gesture-Recognition-/processed/session_vibha_discrete/sessions/vibha_push_001,,
combined_all,vibha,push,discrete,cosmos_multi_sensor_gesture,2,1,0,3.0,3.0140879999999868,"mmwave,imu,uwb",30,9.95325949341895,302,151,148,0,/Users/tylerchen/Cosmos-Gesture-Recognition-/processed/session_vibha_discrete/sessions/vibha_push_002/trial_data.npz,/Users/tylerchen/Cosmos-Gesture-Recognition-/processed/session_vibha_discrete/sessions/vibha_push_002,,
combined_all,vibha,push,discrete,cosmos_multi_sensor_gesture,3,1,0,3.0,3.0059380000000147,"mmwave,imu,uwb",30,9.98024576687871,301,150,148,0,/Users/tylerchen/Cosmos-Gesture-Recognition-/processed/session_vibha_discrete/sessions/vibha_push_003/trial_data.npz,/Users/tylerchen/Cosmos-Gesture-Recognition-/processed/session_vibha_discrete/sessions/vibha_push_003,,
combined_all,vibha,push,discrete,cosmos_multi_sensor_gesture,4,1,0,3.0,3.0079819999999984,"mmwave,imu,uwb",30,9.973463936951756,301,151,151,0,/Users/tylerchen/Cosmos-Gesture-Recognition-/processed/session_vibha_discrete/sessions/vibha_push_004/trial_data.npz,/Users/tylerchen/Cosmos-Gesture-Recognition-/processed/session_vibha_discrete/sessions/vibha_push_004,,
combined_all,vibha,push,discrete,cosmos_multi_sensor_gesture,5,1,0,3.0,3.018926999999991,"mmwave,imu,uwb",30,9.937305539352257,302,151,151,0,/Users/tylerchen/Cosmos-Gesture-Recognition-/processed/session_vibha_discrete/sessions/vibha_push_005/trial_data.npz,/Users/tylerchen/Cosmos-Gesture-Recognition-/processed/session_vibha_discrete/sessions/vibha_push_005,,
combined_all,vibha,push,discrete,cosmos_multi_sensor_gesture,6,1,0,3.0,3.004615000000001,"mmwave,imu,uwb",30,9.984640295012834,300,150,148,0,/Users/tylerchen/Cosmos-Gesture-Recognition-/processed/session_vibha_discrete/sessions/vibha_push_006/trial_data.npz,/Users/tylerchen/Cosmos-Gesture-Recognition-/processed/session_vibha_discrete/sessions/vibha_push_006,,
combined_all,vibha,push,discrete,cosmos_multi_sensor_gesture,7,1,0,3.0,3.0221380000000124,"mmwave,imu,uwb",30,9.926747223323314,302,151,151,0,/Users/tylerchen/Cosmos-Gesture-Recognition-/processed/session_vibha_discrete/sessions/vibha_push_007/trial_data.npz,/Users/tylerchen/Cosmos-Gesture-Recognition-/processed/session_vibha_discrete/sessions/vibha_push_007,,
combined_all,vibha,push,discrete,cosmos_multi_sensor_gesture,8,1,0,3.0,3.024553000000026,"mmwave,imu,uwb",30,9.918821062153562,303,151,149,0,/Users/tylerchen/Cosmos-Gesture-Recognition-/processed/session_vibha_discrete/sessions/vibha_push_008/trial_data.npz,/Users/tylerchen/Cosmos-Gesture-Recognition-/processed/session_vibha_discrete/sessions/vibha_push_008,,
combined_all,vibha,clockwise,discrete,cosmos_multi_sensor_gesture,1,1,0,3.0,3.00175999999999,"mmwave,imu,uwb",30,9.994136773093151,300,151,150,0,/Users/tylerchen/Cosmos-Gesture-Recognition-/processed/session_vibha_discrete/sessions/vibha_clockwise_001/trial_data.npz,/Users/tylerchen/Cosmos-Gesture-Recognition-/processed/session_vibha_discrete/sessions/vibha_clockwise_001,,
combined_all,vibha,clockwise,discrete,cosmos_multi_sensor_gesture,2,1,0,3.0,3.0038940000000025,"mmwave,imu,uwb",30,9.987036826199585,300,151,151,0,/Users/tylerchen/Cosmos-Gesture-Recognition-/processed/session_vibha_discrete/sessions/vibha_clockwise_002/trial_data.npz,/Users/tylerchen/Cosmos-Gesture-Recognition-/processed/session_vibha_discrete/sessions/vibha_clockwise_002,,
combined_all,vibha,clockwise,discrete,cosmos_multi_sensor_gesture,3,1,0,3.0,3.006420999999989,"mmwave,imu,uwb",30,9.978642379094648,301,150,148,0,/Users/tylerchen/Cosmos-Gesture-Recognition-/processed/session_vibha_discrete/sessions/vibha_clockwise_003/trial_data.npz,/Users/tylerchen/Cosmos-Gesture-Recognition-/processed/session_vibha_discrete/sessions/vibha_clockwise_003,,
combined_all,vibha,clockwise,discrete,cosmos_multi_sensor_gesture,4,1,0,3.0,3.0156399999999906,"mmwave,imu,uwb",30,9.94813704553597,302,151,149,0,/Users/tylerchen/Cosmos-Gesture-Recognition-/processed/session_vibha_discrete/sessions/vibha_clockwise_004/trial_data.npz,/Users/tylerchen/Cosmos-Gesture-Recognition-/processed/session_vibha_discrete/sessions/vibha_clockwise_004,,
combined_all,vibha,clockwise,discrete,cosmos_multi_sensor_gesture,5,1,0,3.0,3.014548999999988,"mmwave,imu,uwb",30,9.951737390899972,301,150,149,0,/Users/tylerchen/Cosmos-Gesture-Recognition-/processed/session_vibha_discrete/sessions/vibha_clockwise_005/trial_data.npz,/Users/tylerchen/Cosmos-Gesture-Recognition-/processed/session_vibha_discrete/sessions/vibha_clockwise_005,,
combined_all,vibha,clockwise,discrete,cosmos_multi_sensor_gesture,6,1,0,3.0,3.0005219999999895,"mmwave,imu,uwb",30,9.998260302707363,300,150,150,0,/Users/tylerchen/Cosmos-Gesture-Recognition-/processed/session_vibha_discrete/sessions/vibha_clockwise_006/trial_data.npz,/Users/tylerchen/Cosmos-Gesture-Recognition-/processed/session_vibha_discrete/sessions/vibha_clockwise_006,,
combined_all,vibha,clockwise,discrete,cosmos_multi_sensor_gesture,7,1,0,3.0,3.0140989999999874,"mmwave,imu,uwb",30,9.953223168847515,301,150,150,0,/Users/tylerchen/Cosmos-Gesture-Recognition-/processed/session_vibha_discrete/sessions/vibha_clockwise_007/trial_data.npz,/Users/tylerchen/Cosmos-Gesture-Recognition-/processed/session_vibha_discrete/sessions/vibha_clockwise_007,,
combined_all,vibha,clockwise,discrete,cosmos_multi_sensor_gesture,8,1,0,3.0,3.015076999999991,"mmwave,imu,uwb",30,9.949994643586248,301,150,146,0,/Users/tylerchen/Cosmos-Gesture-Recognition-/processed/session_vibha_discrete/sessions/vibha_clockwise_008/trial_data.npz,/Users/tylerchen/Cosmos-Gesture-Recognition-/processed/session_vibha_discrete/sessions/vibha_clockwise_008,,
combined_all,vibha,anti_clockwise,discrete,cosmos_multi_sensor_gesture,1,1,0,3.0,3.0198350000000005,"mmwave,imu,uwb",30,9.93431760344522,302,151,149,0,/Users/tylerchen/Cosmos-Gesture-Recognition-/processed/session_vibha_discrete/sessions/vibha_anti_clockwise_001/trial_data.npz,/Users/tylerchen/Cosmos-Gesture-Recognition-/processed/session_vibha_discrete/sessions/vibha_anti_clockwise_001,,
combined_all,vibha,anti_clockwise,discrete,cosmos_multi_sensor_gesture,2,1,0,3.0,3.010257999999993,"mmwave,imu,uwb",30,9.96592318665047,301,150,149,0,/Users/tylerchen/Cosmos-Gesture-Recognition-/processed/session_vibha_discrete/sessions/vibha_anti_clockwise_002/trial_data.npz,/Users/tylerchen/Cosmos-Gesture-Recognition-/processed/session_vibha_discrete/sessions/vibha_anti_clockwise_002,,
combined_all,vibha,anti_clockwise,discrete,cosmos_multi_sensor_gesture,3,1,0,3.0,3.006196000000017,"mmwave,imu,uwb",30,9.979389234767071,300,150,149,0,/Users/tylerchen/Cosmos-Gesture-Recognition-/processed/session_vibha_discrete/sessions/vibha_anti_clockwise_003/trial_data.npz,/Users/tylerchen/Cosmos-Gesture-Recognition-/processed/session_vibha_discrete/sessions/vibha_anti_clockwise_003,,
combined_all,vibha,anti_clockwise,discrete,cosmos_multi_sensor_gesture,4,1,0,3.0,3.001464999999996,"mmwave,imu,uwb",30,9.995119050197166,300,150,149,0,/Users/tylerchen/Cosmos-Gesture-Recognition-/processed/session_vibha_discrete/sessions/vibha_anti_clockwise_004/trial_data.npz,/Users/tylerchen/Cosmos-Gesture-Recognition-/processed/session_vibha_discrete/sessions/vibha_anti_clockwise_004,,
combined_all,vibha,anti_clockwise,discrete,cosmos_multi_sensor_gesture,5,1,0,3.0,3.010448999999994,"mmwave,imu,uwb",30,9.965290891823797,301,150,150,0,/Users/tylerchen/Cosmos-Gesture-Recognition-/processed/session_vibha_discrete/sessions/vibha_anti_clockwise_005/trial_data.npz,/Users/tylerchen/Cosmos-Gesture-Recognition-/processed/session_vibha_discrete/sessions/vibha_anti_clockwise_005,,
combined_all,vibha,anti_clockwise,discrete,cosmos_multi_sensor_gesture,6,1,0,3.0,3.0139879999999835,"mmwave,imu,uwb",30,9.953589728957171,301,151,151,0,/Users/tylerchen/Cosmos-Gesture-Recognition-/processed/session_vibha_discrete/sessions/vibha_anti_clockwise_006/trial_data.npz,/Users/tylerchen/Cosmos-Gesture-Recognition-/processed/session_vibha_discrete/sessions/vibha_anti_clockwise_006,,
combined_all,vibha,anti_clockwise,discrete,cosmos_multi_sensor_gesture,7,1,0,3.0,3.016785000000027,"mmwave,imu,uwb",30,9.94436129853461,302,151,150,0,/Users/tylerchen/Cosmos-Gesture-Recognition-/processed/session_vibha_discrete/sessions/vibha_anti_clockwise_007/trial_data.npz,/Users/tylerchen/Cosmos-Gesture-Recognition-/processed/session_vibha_discrete/sessions/vibha_anti_clockwise_007,,
combined_all,vibha,anti_clockwise,discrete,cosmos_multi_sensor_gesture,8,1,0,3.0,3.020162999999968,"mmwave,imu,uwb",30,9.933238702679397,301,151,151,0,/Users/tylerchen/Cosmos-Gesture-Recognition-/processed/session_vibha_discrete/sessions/vibha_anti_clockwise_008/trial_data.npz,/Users/tylerchen/Cosmos-Gesture-Recognition-/processed/session_vibha_discrete/sessions/vibha_anti_clockwise_008,,
combined_all,vibha,right,discrete,cosmos_multi_sensor_gesture,1,1,0,3.0,3.0167320000000473,"mmwave,imu,uwb",30,9.94453600783879,302,150,150,0,/Users/tylerchen/Cosmos-Gesture-Recognition-/processed/session_vibha_discrete/sessions/vibha_right_001/trial_data.npz,/Users/tylerchen/Cosmos-Gesture-Recognition-/processed/session_vibha_discrete/sessions/vibha_right_001,,
combined_all,vibha,right,discrete,cosmos_multi_sensor_gesture,2,1,0,3.0,3.0179150000000163,"mmwave,imu,uwb",30,9.940637824458223,302,151,150,0,/Users/tylerchen/Cosmos-Gesture-Recognition-/processed/session_vibha_discrete/sessions/vibha_right_002/trial_data.npz,/Users/tylerchen/Cosmos-Gesture-Recognition-/processed/session_vibha_discrete/sessions/vibha_right_002,,
combined_all,vibha,right,discrete,cosmos_multi_sensor_gesture,3,1,0,3.0,3.0224509999999896,"mmwave,imu,uwb",30,9.925719225886574,302,152,152,0,/Users/tylerchen/Cosmos-Gesture-Recognition-/processed/session_vibha_discrete/sessions/vibha_right_003/trial_data.npz,/Users/tylerchen/Cosmos-Gesture-Recognition-/processed/session_vibha_discrete/sessions/vibha_right_003,,
combined_all,vibha,right,discrete,cosmos_multi_sensor_gesture,4,1,0,3.0,3.0145969999999807,"mmwave,imu,uwb",30,9.951578934099713,302,150,149,0,/Users/tylerchen/Cosmos-Gesture-Recognition-/processed/session_vibha_discrete/sessions/vibha_right_004/trial_data.npz,/Users/tylerchen/Cosmos-Gesture-Recognition-/processed/session_vibha_discrete/sessions/vibha_right_004,,
combined_all,vibha,right,discrete,cosmos_multi_sensor_gesture,5,1,0,3.0,3.001102000000003,"mmwave,imu,uwb",30,9.99632801550896,299,150,150,0,/Users/tylerchen/Cosmos-Gesture-Recognition-/processed/session_vibha_discrete/sessions/vibha_right_005/trial_data.npz,/Users/tylerchen/Cosmos-Gesture-Recognition-/processed/session_vibha_discrete/sessions/vibha_right_005,,
combined_all,vibha,right,discrete,cosmos_multi_sensor_gesture,6,1,0,3.0,3.003638999999964,"mmwave,imu,uwb",30,9.987884695864036,300,150,150,0,/Users/tylerchen/Cosmos-Gesture-Recognition-/processed/session_vibha_discrete/sessions/vibha_right_006/trial_data.npz,/Users/tylerchen/Cosmos-Gesture-Recognition-/processed/session_vibha_discrete/sessions/vibha_right_006,,
combined_all,vibha,right,discrete,cosmos_multi_sensor_gesture,7,1,0,3.0,3.0120919999999956,"mmwave,imu,uwb",30,9.959855143866802,302,151,151,0,/Users/tylerchen/Cosmos-Gesture-Recognition-/processed/session_vibha_discrete/sessions/vibha_right_007/trial_data.npz,/Users/tylerchen/Cosmos-Gesture-Recognition-/processed/session_vibha_discrete/sessions/vibha_right_007,,
combined_all,vibha,right,discrete,cosmos_multi_sensor_gesture,8,1,0,3.0,3.0056899999999587,"mmwave,imu,uwb",30,9.981069238677446,300,150,149,0,/Users/tylerchen/Cosmos-Gesture-Recognition-/processed/session_vibha_discrete/sessions/vibha_right_008/trial_data.npz,/Users/tylerchen/Cosmos-Gesture-Recognition-/processed/session_vibha_discrete/sessions/vibha_right_008,,
combined_all,vibha,left,discrete,cosmos_multi_sensor_gesture,1,1,0,3.0,3.0065890000000195,"mmwave,imu,uwb",31,10.310687626409795,301,150,150,0,/Users/tylerchen/Cosmos-Gesture-Recognition-/processed/session_vibha_discrete/sessions/vibha_left_001/trial_data.npz,/Users/tylerchen/Cosmos-Gesture-Recognition-/processed/session_vibha_discrete/sessions/vibha_left_001,,
combined_all,vibha,left,discrete,cosmos_multi_sensor_gesture,2,1,0,3.0,3.012856999999997,"mmwave,imu,uwb",30,9.957326218934398,301,151,150,0,/Users/tylerchen/Cosmos-Gesture-Recognition-/processed/session_vibha_discrete/sessions/vibha_left_002/trial_data.npz,/Users/tylerchen/Cosmos-Gesture-Recognition-/processed/session_vibha_discrete/sessions/vibha_left_002,,
combined_all,vibha,left,discrete,cosmos_multi_sensor_gesture,3,1,0,3.0,3.0216800000000035,"mmwave,imu,uwb",30,9.92825183341716,302,152,152,0,/Users/tylerchen/Cosmos-Gesture-Recognition-/processed/session_vibha_discrete/sessions/vibha_left_003/trial_data.npz,/Users/tylerchen/Cosmos-Gesture-Recognition-/processed/session_vibha_discrete/sessions/vibha_left_003,,
combined_all,vibha,left,discrete,cosmos_multi_sensor_gesture,4,1,0,3.0,3.004320000000007,"mmwave,imu,uwb",30,9.985620706183074,300,151,151,0,/Users/tylerchen/Cosmos-Gesture-Recognition-/processed/session_vibha_discrete/sessions/vibha_left_004/trial_data.npz,/Users/tylerchen/Cosmos-Gesture-Recognition-/processed/session_vibha_discrete/sessions/vibha_left_004,,
combined_all,vibha,left,discrete,cosmos_multi_sensor_gesture,5,1,0,3.0,3.0072230000000104,"mmwave,imu,uwb",30,9.975981162687269,301,151,151,0,/Users/tylerchen/Cosmos-Gesture-Recognition-/processed/session_vibha_discrete/sessions/vibha_left_005/trial_data.npz,/Users/tylerchen/Cosmos-Gesture-Recognition-/processed/session_vibha_discrete/sessions/vibha_left_005,,
combined_all,vibha,left,discrete,cosmos_multi_sensor_gesture,6,1,0,3.0,3.020843999999954,"mmwave,imu,uwb",30,9.930999416057386,302,152,144,0,/Users/tylerchen/Cosmos-Gesture-Recognition-/processed/session_vibha_discrete/sessions/vibha_left_006/trial_data.npz,/Users/tylerchen/Cosmos-Gesture-Recognition-/processed/session_vibha_discrete/sessions/vibha_left_006,,
combined_all,vibha,left,discrete,cosmos_multi_sensor_gesture,7,1,0,3.0,3.0228629999999725,"mmwave,imu,uwb",30,9.924366403637967,302,151,151,0,/Users/tylerchen/Cosmos-Gesture-Recognition-/processed/session_vibha_discrete/sessions/vibha_left_007/trial_data.npz,/Users/tylerchen/Cosmos-Gesture-Recognition-/processed/session_vibha_discrete/sessions/vibha_left_007,,
combined_all,vibha,left,discrete,cosmos_multi_sensor_gesture,8,1,0,3.0,3.0184919999999806,"mmwave,imu,uwb",31,10.27002887534577,302,151,151,0,/Users/tylerchen/Cosmos-Gesture-Recognition-/processed/session_vibha_discrete/sessions/vibha_left_008/trial_data.npz,/Users/tylerchen/Cosmos-Gesture-Recognition-/processed/session_vibha_discrete/sessions/vibha_left_008,,
combined_all,vibha,bye_bye,discrete,cosmos_multi_sensor_gesture,1,1,0,3.0,3.0184099999999603,"mmwave,imu,uwb",30,9.939007623218977,302,151,151,0,/Users/tylerchen/Cosmos-Gesture-Recognition-/processed/session_vibha_discrete/sessions/vibha_bye_bye_001/trial_data.npz,/Users/tylerchen/Cosmos-Gesture-Recognition-/processed/session_vibha_discrete/sessions/vibha_bye_bye_001,,
combined_all,vibha,bye_bye,discrete,cosmos_multi_sensor_gesture,2,1,0,3.0,3.014751999999987,"mmwave,imu,uwb",30,9.951067285136597,301,151,151,0,/Users/tylerchen/Cosmos-Gesture-Recognition-/processed/session_vibha_discrete/sessions/vibha_bye_bye_002/trial_data.npz,/Users/tylerchen/Cosmos-Gesture-Recognition-/processed/session_vibha_discrete/sessions/vibha_bye_bye_002,,
combined_all,vibha,bye_bye,discrete,cosmos_multi_sensor_gesture,3,1,0,3.0,3.0116449999999872,"mmwave,imu,uwb",30,9.96133342409219,301,150,150,0,/Users/tylerchen/Cosmos-Gesture-Recognition-/processed/session_vibha_discrete/sessions/vibha_bye_bye_003/trial_data.npz,/Users/tylerchen/Cosmos-Gesture-Recognition-/processed/session_vibha_discrete/sessions/vibha_bye_bye_003,,
combined_all,vibha,bye_bye,discrete,cosmos_multi_sensor_gesture,4,1,0,3.0,3.0139310000000137,"mmwave,imu,uwb",30,9.953777973019244,301,151,151,0,/Users/tylerchen/Cosmos-Gesture-Recognition-/processed/session_vibha_discrete/sessions/vibha_bye_bye_004/trial_data.npz,/Users/tylerchen/Cosmos-Gesture-Recognition-/processed/session_vibha_discrete/sessions/vibha_bye_bye_004,,
combined_all,vibha,bye_bye,discrete,cosmos_multi_sensor_gesture,5,1,0,3.0,3.0042799999999943,"mmwave,imu,uwb",30,9.985753658114442,300,150,150,0,/Users/tylerchen/Cosmos-Gesture-Recognition-/processed/session_vibha_discrete/sessions/vibha_bye_bye_005/trial_data.npz,/Users/tylerchen/Cosmos-Gesture-Recognition-/processed/session_vibha_discrete/sessions/vibha_bye_bye_005,,
combined_all,vibha,bye_bye,discrete,cosmos_multi_sensor_gesture,6,1,0,3.0,3.010662000000025,"mmwave,imu,uwb",30,9.964585861846913,301,151,151,0,/Users/tylerchen/Cosmos-Gesture-Recognition-/processed/session_vibha_discrete/sessions/vibha_bye_bye_006/trial_data.npz,/Users/tylerchen/Cosmos-Gesture-Recognition-/processed/session_vibha_discrete/sessions/vibha_bye_bye_006,,
combined_all,vibha,bye_bye,discrete,cosmos_multi_sensor_gesture,7,1,0,3.0,3.0189249999999674,"mmwave,imu,uwb",31,10.26855586011588,303,151,151,0,/Users/tylerchen/Cosmos-Gesture-Recognition-/processed/session_vibha_discrete/sessions/vibha_bye_bye_007/trial_data.npz,/Users/tylerchen/Cosmos-Gesture-Recognition-/processed/session_vibha_discrete/sessions/vibha_bye_bye_007,,
combined_all,vibha,bye_bye,discrete,cosmos_multi_sensor_gesture,8,1,0,3.0,3.003229000000033,"mmwave,imu,uwb",30,9.989248239145157,301,150,148,0,/Users/tylerchen/Cosmos-Gesture-Recognition-/processed/session_vibha_discrete/sessions/vibha_bye_bye_008/trial_data.npz,/Users/tylerchen/Cosmos-Gesture-Recognition-/processed/session_vibha_discrete/sessions/vibha_bye_bye_008,,
combined_all,vibha,t_arm,discrete,cosmos_multi_sensor_gesture,1,1,0,3.0,3.003165000000024,"mmwave,imu,uwb",30,9.989461118519882,300,150,150,0,/Users/tylerchen/Cosmos-Gesture-Recognition-/processed/session_vibha_discrete/sessions/vibha_t_arm_001/trial_data.npz,/Users/tylerchen/Cosmos-Gesture-Recognition-/processed/session_vibha_discrete/sessions/vibha_t_arm_001,,
combined_all,vibha,t_arm,discrete,cosmos_multi_sensor_gesture,2,1,0,3.0,3.018196000000046,"mmwave,imu,uwb",31,10.271036075854427,302,151,151,0,/Users/tylerchen/Cosmos-Gesture-Recognition-/processed/session_vibha_discrete/sessions/vibha_t_arm_002/trial_data.npz,/Users/tylerchen/Cosmos-Gesture-Recognition-/processed/session_vibha_discrete/sessions/vibha_t_arm_002,,
combined_all,vibha,t_arm,discrete,cosmos_multi_sensor_gesture,3,1,0,3.0,3.011523000000011,"mmwave,imu,uwb",30,9.961736968304704,302,151,151,0,/Users/tylerchen/Cosmos-Gesture-Recognition-/processed/session_vibha_discrete/sessions/vibha_t_arm_003/trial_data.npz,/Users/tylerchen/Cosmos-Gesture-Recognition-/processed/session_vibha_discrete/sessions/vibha_t_arm_003,,
combined_all,vibha,t_arm,discrete,cosmos_multi_sensor_gesture,4,1,0,3.0,3.0194209999999657,"mmwave,imu,uwb",31,10.266869045423064,302,151,151,0,/Users/tylerchen/Cosmos-Gesture-Recognition-/processed/session_vibha_discrete/sessions/vibha_t_arm_004/trial_data.npz,/Users/tylerchen/Cosmos-Gesture-Recognition-/processed/session_vibha_discrete/sessions/vibha_t_arm_004,,
combined_all,vibha,t_arm,discrete,cosmos_multi_sensor_gesture,5,1,0,3.0,3.0083309999999983,"mmwave,imu,uwb",30,9.972306903728352,301,151,149,0,/Users/tylerchen/Cosmos-Gesture-Recognition-/processed/session_vibha_discrete/sessions/vibha_t_arm_005/trial_data.npz,/Users/tylerchen/Cosmos-Gesture-Recognition-/processed/session_vibha_discrete/sessions/vibha_t_arm_005,,
combined_all,vibha,t_arm,discrete,cosmos_multi_sensor_gesture,6,1,0,3.0,3.004568000000063,"mmwave,imu,uwb",30,9.98479648322134,300,150,150,0,/Users/tylerchen/Cosmos-Gesture-Recognition-/processed/session_vibha_discrete/sessions/vibha_t_arm_006/trial_data.npz,/Users/tylerchen/Cosmos-Gesture-Recognition-/processed/session_vibha_discrete/sessions/vibha_t_arm_006,,
combined_all,vibha,t_arm,discrete,cosmos_multi_sensor_gesture,7,1,0,3.0,3.002108000000021,"mmwave,imu,uwb",31,10.326077542846487,300,150,150,0,/Users/tylerchen/Cosmos-Gesture-Recognition-/processed/session_vibha_discrete/sessions/vibha_t_arm_007/trial_data.npz,/Users/tylerchen/Cosmos-Gesture-Recognition-/processed/session_vibha_discrete/sessions/vibha_t_arm_007,,
combined_all,vibha,t_arm,discrete,cosmos_multi_sensor_gesture,8,1,0,3.0,3.0032770000000255,"mmwave,imu,uwb",30,9.989088585568279,300,150,150,0,/Users/tylerchen/Cosmos-Gesture-Recognition-/processed/session_vibha_discrete/sessions/vibha_t_arm_008/trial_data.npz,/Users/tylerchen/Cosmos-Gesture-Recognition-/processed/session_vibha_discrete/sessions/vibha_t_arm_008,,
combined_all,vibha,raise_arms,discrete,cosmos_multi_sensor_gesture,1,1,0,3.0,3.024654000000055,"mmwave,imu,uwb",30,9.918489850409156,303,151,151,0,/Users/tylerchen/Cosmos-Gesture-Recognition-/processed/session_vibha_discrete/sessions/vibha_raise_arms_001/trial_data.npz,/Users/tylerchen/Cosmos-Gesture-Recognition-/processed/session_vibha_discrete/sessions/vibha_raise_arms_001,,
combined_all,vibha,raise_arms,discrete,cosmos_multi_sensor_gesture,2,1,0,3.0,3.0230790000000525,"mmwave,imu,uwb",31,10.254445881169318,302,151,151,0,/Users/tylerchen/Cosmos-Gesture-Recognition-/processed/session_vibha_discrete/sessions/vibha_raise_arms_002/trial_data.npz,/Users/tylerchen/Cosmos-Gesture-Recognition-/processed/session_vibha_discrete/sessions/vibha_raise_arms_002,,
combined_all,vibha,raise_arms,discrete,cosmos_multi_sensor_gesture,3,1,0,3.0,3.0234219999999823,"mmwave,imu,uwb",31,10.253282538792197,303,151,151,0,/Users/tylerchen/Cosmos-Gesture-Recognition-/processed/session_vibha_discrete/sessions/vibha_raise_arms_003/trial_data.npz,/Users/tylerchen/Cosmos-Gesture-Recognition-/processed/session_vibha_discrete/sessions/vibha_raise_arms_003,,
combined_all,vibha,raise_arms,discrete,cosmos_multi_sensor_gesture,4,1,0,3.0,3.011161000000129,"mmwave,imu,uwb",30,9.962934562449073,301,151,151,0,/Users/tylerchen/Cosmos-Gesture-Recognition-/processed/session_vibha_discrete/sessions/vibha_raise_arms_004/trial_data.npz,/Users/tylerchen/Cosmos-Gesture-Recognition-/processed/session_vibha_discrete/sessions/vibha_raise_arms_004,,
combined_all,vibha,raise_arms,discrete,cosmos_multi_sensor_gesture,5,1,0,3.0,3.009369000000106,"mmwave,imu,uwb",31,10.301162801902628,300,150,150,0,/Users/tylerchen/Cosmos-Gesture-Recognition-/processed/session_vibha_discrete/sessions/vibha_raise_arms_005/trial_data.npz,/Users/tylerchen/Cosmos-Gesture-Recognition-/processed/session_vibha_discrete/sessions/vibha_raise_arms_005,,
combined_all,vibha,raise_arms,discrete,cosmos_multi_sensor_gesture,6,1,0,3.0,3.0178750000000036,"mmwave,imu,uwb",30,9.94076958124507,302,151,151,0,/Users/tylerchen/Cosmos-Gesture-Recognition-/processed/session_vibha_discrete/sessions/vibha_raise_arms_006/trial_data.npz,/Users/tylerchen/Cosmos-Gesture-Recognition-/processed/session_vibha_discrete/sessions/vibha_raise_arms_006,,
combined_all,vibha,raise_arms,discrete,cosmos_multi_sensor_gesture,7,1,0,3.0,3.0046990000000733,"mmwave,imu,uwb",30,9.984361162299209,300,150,150,0,/Users/tylerchen/Cosmos-Gesture-Recognition-/processed/session_vibha_discrete/sessions/vibha_raise_arms_007/trial_data.npz,/Users/tylerchen/Cosmos-Gesture-Recognition-/processed/session_vibha_discrete/sessions/vibha_raise_arms_007,,
combined_all,vibha,raise_arms,discrete,cosmos_multi_sensor_gesture,8,1,0,3.0,3.000182999999879,"mmwave,imu,uwb",30,9.999390037208133,300,150,150,0,/Users/tylerchen/Cosmos-Gesture-Recognition-/processed/session_vibha_discrete/sessions/vibha_raise_arms_008/trial_data.npz,/Users/tylerchen/Cosmos-Gesture-Recognition-/processed/session_vibha_discrete/sessions/vibha_raise_arms_008,,
combined_all,vibha,fist_open,discrete,cosmos_multi_sensor_gesture,1,1,0,3.0,3.009600999999975,"mmwave,imu,uwb",30,9.96809876126445,301,150,137,0,/Users/tylerchen/Cosmos-Gesture-Recognition-/processed/session_vibha_discrete/sessions/vibha_fist_open_001/trial_data.npz,/Users/tylerchen/Cosmos-Gesture-Recognition-/processed/session_vibha_discrete/sessions/vibha_fist_open_001,,
combined_all,vibha,fist_open,discrete,cosmos_multi_sensor_gesture,2,2,0,3.0,3.020896999999877,"mmwave,imu,uwb",30,9.930825182057257,302,151,149,0,/Users/tylerchen/Cosmos-Gesture-Recognition-/processed/session_vibha_discrete/sessions/vibha_fist_open_002/trial_data.npz,/Users/tylerchen/Cosmos-Gesture-Recognition-/processed/session_vibha_discrete/sessions/vibha_fist_open_002,,
combined_all,vibha,fist_open,discrete,cosmos_multi_sensor_gesture,3,1,0,3.0,3.013136999999915,"mmwave,imu,uwb",30,9.956400920369981,301,151,150,0,/Users/tylerchen/Cosmos-Gesture-Recognition-/processed/session_vibha_discrete/sessions/vibha_fist_open_003/trial_data.npz,/Users/tylerchen/Cosmos-Gesture-Recognition-/processed/session_vibha_discrete/sessions/vibha_fist_open_003,,
combined_all,vibha,fist_open,discrete,cosmos_multi_sensor_gesture,4,1,0,3.0,3.0120529999999235,"mmwave,imu,uwb",30,9.959984103865624,301,151,151,0,/Users/tylerchen/Cosmos-Gesture-Recognition-/processed/session_vibha_discrete/sessions/vibha_fist_open_004/trial_data.npz,/Users/tylerchen/Cosmos-Gesture-Recognition-/processed/session_vibha_discrete/sessions/vibha_fist_open_004,,
combined_all,vibha,fist_open,discrete,cosmos_multi_sensor_gesture,5,1,0,3.0,3.0107539999999062,"mmwave,imu,uwb",30,9.964281372706283,301,150,149,0,/Users/tylerchen/Cosmos-Gesture-Recognition-/processed/session_vibha_discrete/sessions/vibha_fist_open_005/trial_data.npz,/Users/tylerchen/Cosmos-Gesture-Recognition-/processed/session_vibha_discrete/sessions/vibha_fist_open_005,,
combined_all,vibha,fist_open,discrete,cosmos_multi_sensor_gesture,6,1,0,3.0,3.0048400000000584,"mmwave,imu,uwb",30,9.983892653185999,300,150,150,0,/Users/tylerchen/Cosmos-Gesture-Recognition-/processed/session_vibha_discrete/sessions/vibha_fist_open_006/trial_data.npz,/Users/tylerchen/Cosmos-Gesture-Recognition-/processed/session_vibha_discrete/sessions/vibha_fist_open_006,,
combined_all,vibha,fist_open,discrete,cosmos_multi_sensor_gesture,7,1,0,3.0,3.023961999999983,"mmwave,imu,uwb",30,9.920759586264698,302,151,151,0,/Users/tylerchen/Cosmos-Gesture-Recognition-/processed/session_vibha_discrete/sessions/vibha_fist_open_007/trial_data.npz,/Users/tylerchen/Cosmos-Gesture-Recognition-/processed/session_vibha_discrete/sessions/vibha_fist_open_007,,
combined_all,vibha,fist_open,discrete,cosmos_multi_sensor_gesture,8,1,0,3.0,3.00883900000008,"mmwave,imu,uwb",30,9.97062322045121,301,150,150,0,/Users/tylerchen/Cosmos-Gesture-Recognition-/processed/session_vibha_discrete/sessions/vibha_fist_open_008/trial_data.npz,/Users/tylerchen/Cosmos-Gesture-Recognition-/processed/session_vibha_discrete/sessions/vibha_fist_open_008,,
combined_all,student1,one_arm_boxing,periodic,cosmos_multi_sensor_gesture,1,2,0,9.0,3.0,"mmwave,imu,uwb",30,10.0,299,150,150,0,/Users/tylerchen/Cosmos-Gesture-Recognition-/processed/session_vibha_periodic/sessions/student1_one_arm_boxing_001_seg000/trial_data.npz,/Users/tylerchen/Cosmos-Gesture-Recognition-/processed/session_vibha_periodic/sessions/student1_one_arm_boxing_001_seg000,,
combined_all,student1,one_arm_boxing,periodic,cosmos_multi_sensor_gesture,1,2,1,9.0,3.0,"mmwave,imu,uwb",30,10.0,301,150,150,0,/Users/tylerchen/Cosmos-Gesture-Recognition-/processed/session_vibha_periodic/sessions/student1_one_arm_boxing_001_seg001/trial_data.npz,/Users/tylerchen/Cosmos-Gesture-Recognition-/processed/session_vibha_periodic/sessions/student1_one_arm_boxing_001_seg001,,
combined_all,student1,one_arm_boxing,periodic,cosmos_multi_sensor_gesture,1,2,2,9.0,3.0,"mmwave,imu,uwb",30,10.0,300,150,150,0,/Users/tylerchen/Cosmos-Gesture-Recognition-/processed/session_vibha_periodic/sessions/student1_one_arm_boxing_001_seg002/trial_data.npz,/Users/tylerchen/Cosmos-Gesture-Recognition-/processed/session_vibha_periodic/sessions/student1_one_arm_boxing_001_seg002,,
combined_all,student1,one_arm_boxing,periodic,cosmos_multi_sensor_gesture,2,1,0,9.0,3.0,"mmwave,imu,uwb",30,10.0,300,150,149,0,/Users/tylerchen/Cosmos-Gesture-Recognition-/processed/session_vibha_periodic/sessions/student1_one_arm_boxing_002_seg000/trial_data.npz,/Users/tylerchen/Cosmos-Gesture-Recognition-/processed/session_vibha_periodic/sessions/student1_one_arm_boxing_002_seg000,,
combined_all,student1,one_arm_boxing,periodic,cosmos_multi_sensor_gesture,2,1,1,9.0,3.0,"mmwave,imu,uwb",30,10.0,300,150,150,0,/Users/tylerchen/Cosmos-Gesture-Recognition-/processed/session_vibha_periodic/sessions/student1_one_arm_boxing_002_seg001/trial_data.npz,/Users/tylerchen/Cosmos-Gesture-Recognition-/processed/session_vibha_periodic/sessions/student1_one_arm_boxing_002_seg001,,
combined_all,student1,one_arm_boxing,periodic,cosmos_multi_sensor_gesture,2,1,2,9.0,3.0,"mmwave,imu,uwb",30,10.0,300,150,148,0,/Users/tylerchen/Cosmos-Gesture-Recognition-/processed/session_vibha_periodic/sessions/student1_one_arm_boxing_002_seg002/trial_data.npz,/Users/tylerchen/Cosmos-Gesture-Recognition-/processed/session_vibha_periodic/sessions/student1_one_arm_boxing_002_seg002,,
combined_all,student1,one_arm_boxing,periodic,cosmos_multi_sensor_gesture,3,1,0,9.0,3.0,"mmwave,imu,uwb",30,10.0,300,150,149,0,/Users/tylerchen/Cosmos-Gesture-Recognition-/processed/session_vibha_periodic/sessions/student1_one_arm_boxing_003_seg000/trial_data.npz,/Users/tylerchen/Cosmos-Gesture-Recognition-/processed/session_vibha_periodic/sessions/student1_one_arm_boxing_003_seg000,,
combined_all,student1,one_arm_boxing,periodic,cosmos_multi_sensor_gesture,3,1,1,9.0,3.0,"mmwave,imu,uwb",30,10.0,299,150,150,0,/Users/tylerchen/Cosmos-Gesture-Recognition-/processed/session_vibha_periodic/sessions/student1_one_arm_boxing_003_seg001/trial_data.npz,/Users/tylerchen/Cosmos-Gesture-Recognition-/processed/session_vibha_periodic/sessions/student1_one_arm_boxing_003_seg001,,
combined_all,student1,one_arm_boxing,periodic,cosmos_multi_sensor_gesture,3,1,2,9.0,3.0,"mmwave,imu,uwb",29,9.666666666666666,301,150,150,0,/Users/tylerchen/Cosmos-Gesture-Recognition-/processed/session_vibha_periodic/sessions/student1_one_arm_boxing_003_seg002/trial_data.npz,/Users/tylerchen/Cosmos-Gesture-Recognition-/processed/session_vibha_periodic/sessions/student1_one_arm_boxing_003_seg002,,
combined_all,student1,clapping,periodic,cosmos_multi_sensor_gesture,1,1,0,9.0,3.0,"mmwave,imu,uwb",30,10.0,301,150,150,0,/Users/tylerchen/Cosmos-Gesture-Recognition-/processed/session_vibha_periodic/sessions/student1_clapping_001_seg000/trial_data.npz,/Users/tylerchen/Cosmos-Gesture-Recognition-/processed/session_vibha_periodic/sessions/student1_clapping_001_seg000,,
combined_all,student1,clapping,periodic,cosmos_multi_sensor_gesture,1,1,1,9.0,3.0,"mmwave,imu,uwb",30,10.0,299,150,149,0,/Users/tylerchen/Cosmos-Gesture-Recognition-/processed/session_vibha_periodic/sessions/student1_clapping_001_seg001/trial_data.npz,/Users/tylerchen/Cosmos-Gesture-Recognition-/processed/session_vibha_periodic/sessions/student1_clapping_001_seg001,,
combined_all,student1,clapping,periodic,cosmos_multi_sensor_gesture,1,1,2,9.0,3.0,"mmwave,imu,uwb",30,10.0,301,150,149,0,/Users/tylerchen/Cosmos-Gesture-Recognition-/processed/session_vibha_periodic/sessions/student1_clapping_001_seg002/trial_data.npz,/Users/tylerchen/Cosmos-Gesture-Recognition-/processed/session_vibha_periodic/sessions/student1_clapping_001_seg002,,
combined_all,student1,clapping,periodic,cosmos_multi_sensor_gesture,2,1,0,9.0,3.0,"mmwave,imu,uwb",30,10.0,300,150,150,0,/Users/tylerchen/Cosmos-Gesture-Recognition-/processed/session_vibha_periodic/sessions/student1_clapping_002_seg000/trial_data.npz,/Users/tylerchen/Cosmos-Gesture-Recognition-/processed/session_vibha_periodic/sessions/student1_clapping_002_seg000,,
combined_all,student1,clapping,periodic,cosmos_multi_sensor_gesture,2,1,1,9.0,3.0,"mmwave,imu,uwb",30,10.0,300,150,146,0,/Users/tylerchen/Cosmos-Gesture-Recognition-/processed/session_vibha_periodic/sessions/student1_clapping_002_seg001/trial_data.npz,/Users/tylerchen/Cosmos-Gesture-Recognition-/processed/session_vibha_periodic/sessions/student1_clapping_002_seg001,,
combined_all,student1,clapping,periodic,cosmos_multi_sensor_gesture,2,1,2,9.0,3.0,"mmwave,imu,uwb",30,10.0,300,150,148,0,/Users/tylerchen/Cosmos-Gesture-Recognition-/processed/session_vibha_periodic/sessions/student1_clapping_002_seg002/trial_data.npz,/Users/tylerchen/Cosmos-Gesture-Recognition-/processed/session_vibha_periodic/sessions/student1_clapping_002_seg002,,
combined_all,student1,clapping,periodic,cosmos_multi_sensor_gesture,3,1,0,9.0,3.0,"mmwave,imu,uwb",30,10.0,300,150,144,0,/Users/tylerchen/Cosmos-Gesture-Recognition-/processed/session_vibha_periodic/sessions/student1_clapping_003_seg000/trial_data.npz,/Users/tylerchen/Cosmos-Gesture-Recognition-/processed/session_vibha_periodic/sessions/student1_clapping_003_seg000,,
combined_all,student1,clapping,periodic,cosmos_multi_sensor_gesture,3,1,1,9.0,3.0,"mmwave,imu,uwb",30,10.0,300,150,140,0,/Users/tylerchen/Cosmos-Gesture-Recognition-/processed/session_vibha_periodic/sessions/student1_clapping_003_seg001/trial_data.npz,/Users/tylerchen/Cosmos-Gesture-Recognition-/processed/session_vibha_periodic/sessions/student1_clapping_003_seg001,,
combined_all,student1,clapping,periodic,cosmos_multi_sensor_gesture,3,1,2,9.0,3.0,"mmwave,imu,uwb",30,10.0,300,150,135,0,/Users/tylerchen/Cosmos-Gesture-Recognition-/processed/session_vibha_periodic/sessions/student1_clapping_003_seg002/trial_data.npz,/Users/tylerchen/Cosmos-Gesture-Recognition-/processed/session_vibha_periodic/sessions/student1_clapping_003_seg002,,
combined_all,student1,two_arm_boxing,periodic,cosmos_multi_sensor_gesture,1,1,0,9.0,3.0,"mmwave,imu,uwb",30,10.0,300,149,149,0,/Users/tylerchen/Cosmos-Gesture-Recognition-/processed/session_vibha_periodic/sessions/student1_two_arm_boxing_001_seg000/trial_data.npz,/Users/tylerchen/Cosmos-Gesture-Recognition-/processed/session_vibha_periodic/sessions/student1_two_arm_boxing_001_seg000,,
combined_all,student1,two_arm_boxing,periodic,cosmos_multi_sensor_gesture,1,1,1,9.0,3.0,"mmwave,imu,uwb",30,10.0,299,150,150,0,/Users/tylerchen/Cosmos-Gesture-Recognition-/processed/session_vibha_periodic/sessions/student1_two_arm_boxing_001_seg001/trial_data.npz,/Users/tylerchen/Cosmos-Gesture-Recognition-/processed/session_vibha_periodic/sessions/student1_two_arm_boxing_001_seg001,,
combined_all,student1,two_arm_boxing,periodic,cosmos_multi_sensor_gesture,1,1,2,9.0,3.0,"mmwave,imu,uwb",30,10.0,301,150,149,0,/Users/tylerchen/Cosmos-Gesture-Recognition-/processed/session_vibha_periodic/sessions/student1_two_arm_boxing_001_seg002/trial_data.npz,/Users/tylerchen/Cosmos-Gesture-Recognition-/processed/session_vibha_periodic/sessions/student1_two_arm_boxing_001_seg002,,
combined_all,student1,two_arm_boxing,periodic,cosmos_multi_sensor_gesture,2,1,0,9.0,3.0,"mmwave,imu,uwb",30,10.0,300,150,150,0,/Users/tylerchen/Cosmos-Gesture-Recognition-/processed/session_vibha_periodic/sessions/student1_two_arm_boxing_002_seg000/trial_data.npz,/Users/tylerchen/Cosmos-Gesture-Recognition-/processed/session_vibha_periodic/sessions/student1_two_arm_boxing_002_seg000,,
combined_all,student1,two_arm_boxing,periodic,cosmos_multi_sensor_gesture,2,1,1,9.0,3.0,"mmwave,imu,uwb",30,10.0,300,150,150,0,/Users/tylerchen/Cosmos-Gesture-Recognition-/processed/session_vibha_periodic/sessions/student1_two_arm_boxing_002_seg001/trial_data.npz,/Users/tylerchen/Cosmos-Gesture-Recognition-/processed/session_vibha_periodic/sessions/student1_two_arm_boxing_002_seg001,,
combined_all,student1,two_arm_boxing,periodic,cosmos_multi_sensor_gesture,2,1,2,9.0,3.0,"mmwave,imu,uwb",30,10.0,300,150,150,0,/Users/tylerchen/Cosmos-Gesture-Recognition-/processed/session_vibha_periodic/sessions/student1_two_arm_boxing_002_seg002/trial_data.npz,/Users/tylerchen/Cosmos-Gesture-Recognition-/processed/session_vibha_periodic/sessions/student1_two_arm_boxing_002_seg002,,
combined_all,student1,two_arm_boxing,periodic,cosmos_multi_sensor_gesture,3,1,0,9.0,3.0,"mmwave,imu,uwb",30,10.0,300,150,150,0,/Users/tylerchen/Cosmos-Gesture-Recognition-/processed/session_vibha_periodic/sessions/student1_two_arm_boxing_003_seg000/trial_data.npz,/Users/tylerchen/Cosmos-Gesture-Recognition-/processed/session_vibha_periodic/sessions/student1_two_arm_boxing_003_seg000,,
combined_all,student1,two_arm_boxing,periodic,cosmos_multi_sensor_gesture,3,1,1,9.0,3.0,"mmwave,imu,uwb",30,10.0,299,150,149,0,/Users/tylerchen/Cosmos-Gesture-Recognition-/processed/session_vibha_periodic/sessions/student1_two_arm_boxing_003_seg001/trial_data.npz,/Users/tylerchen/Cosmos-Gesture-Recognition-/processed/session_vibha_periodic/sessions/student1_two_arm_boxing_003_seg001,,
combined_all,student1,two_arm_boxing,periodic,cosmos_multi_sensor_gesture,3,1,2,9.0,3.0,"mmwave,imu,uwb",30,10.0,300,150,149,0,/Users/tylerchen/Cosmos-Gesture-Recognition-/processed/session_vibha_periodic/sessions/student1_two_arm_boxing_003_seg002/trial_data.npz,/Users/tylerchen/Cosmos-Gesture-Recognition-/processed/session_vibha_periodic/sessions/student1_two_arm_boxing_003_seg002,,
combined_all,student1,soli,periodic,cosmos_multi_sensor_gesture,1,1,0,9.0,3.0,"mmwave,imu,uwb",31,10.333333333333334,300,150,150,0,/Users/tylerchen/Cosmos-Gesture-Recognition-/processed/session_vibha_periodic/sessions/student1_soli_001_seg000/trial_data.npz,/Users/tylerchen/Cosmos-Gesture-Recognition-/processed/session_vibha_periodic/sessions/student1_soli_001_seg000,,
combined_all,student1,soli,periodic,cosmos_multi_sensor_gesture,1,1,1,9.0,3.0,"mmwave,imu,uwb",30,10.0,300,150,150,0,/Users/tylerchen/Cosmos-Gesture-Recognition-/processed/session_vibha_periodic/sessions/student1_soli_001_seg001/trial_data.npz,/Users/tylerchen/Cosmos-Gesture-Recognition-/processed/session_vibha_periodic/sessions/student1_soli_001_seg001,,
combined_all,student1,soli,periodic,cosmos_multi_sensor_gesture,1,1,2,9.0,3.0,"mmwave,imu,uwb",30,10.0,300,150,150,0,/Users/tylerchen/Cosmos-Gesture-Recognition-/processed/session_vibha_periodic/sessions/student1_soli_001_seg002/trial_data.npz,/Users/tylerchen/Cosmos-Gesture-Recognition-/processed/session_vibha_periodic/sessions/student1_soli_001_seg002,,
combined_all,student1,soli,periodic,cosmos_multi_sensor_gesture,2,1,0,9.0,3.0,"mmwave,imu,uwb",29,9.666666666666666,300,150,149,0,/Users/tylerchen/Cosmos-Gesture-Recognition-/processed/session_vibha_periodic/sessions/student1_soli_002_seg000/trial_data.npz,/Users/tylerchen/Cosmos-Gesture-Recognition-/processed/session_vibha_periodic/sessions/student1_soli_002_seg000,,
combined_all,student1,soli,periodic,cosmos_multi_sensor_gesture,2,1,1,9.0,3.0,"mmwave,imu,uwb",31,10.333333333333334,300,150,150,0,/Users/tylerchen/Cosmos-Gesture-Recognition-/processed/session_vibha_periodic/sessions/student1_soli_002_seg001/trial_data.npz,/Users/tylerchen/Cosmos-Gesture-Recognition-/processed/session_vibha_periodic/sessions/student1_soli_002_seg001,,
combined_all,student1,soli,periodic,cosmos_multi_sensor_gesture,2,1,2,9.0,3.0,"mmwave,imu,uwb",30,10.0,300,150,150,0,/Users/tylerchen/Cosmos-Gesture-Recognition-/processed/session_vibha_periodic/sessions/student1_soli_002_seg002/trial_data.npz,/Users/tylerchen/Cosmos-Gesture-Recognition-/processed/session_vibha_periodic/sessions/student1_soli_002_seg002,,
combined_all,student1,soli,periodic,cosmos_multi_sensor_gesture,3,2,0,9.0,3.0,"mmwave,imu,uwb",30,10.0,300,150,147,0,/Users/tylerchen/Cosmos-Gesture-Recognition-/processed/session_vibha_periodic/sessions/student1_soli_003_seg000/trial_data.npz,/Users/tylerchen/Cosmos-Gesture-Recognition-/processed/session_vibha_periodic/sessions/student1_soli_003_seg000,,
combined_all,student1,soli,periodic,cosmos_multi_sensor_gesture,3,2,1,9.0,3.0,"mmwave,imu,uwb",30,10.0,300,150,150,0,/Users/tylerchen/Cosmos-Gesture-Recognition-/processed/session_vibha_periodic/sessions/student1_soli_003_seg001/trial_data.npz,/Users/tylerchen/Cosmos-Gesture-Recognition-/processed/session_vibha_periodic/sessions/student1_soli_003_seg001,,
combined_all,student1,soli,periodic,cosmos_multi_sensor_gesture,3,2,2,9.0,3.0,"mmwave,imu,uwb",30,10.0,300,150,150,0,/Users/tylerchen/Cosmos-Gesture-Recognition-/processed/session_vibha_periodic/sessions/student1_soli_003_seg002/trial_data.npz,/Users/tylerchen/Cosmos-Gesture-Recognition-/processed/session_vibha_periodic/sessions/student1_soli_003_seg002,,
combined_all,student1,palm_up_down,periodic,cosmos_multi_sensor_gesture,1,1,0,9.0,3.0,"mmwave,imu,uwb",30,10.0,300,150,149,0,/Users/tylerchen/Cosmos-Gesture-Recognition-/processed/session_vibha_periodic/sessions/student1_palm_up_down_001_seg000/trial_data.npz,/Users/tylerchen/Cosmos-Gesture-Recognition-/processed/session_vibha_periodic/sessions/student1_palm_up_down_001_seg000,,
combined_all,student1,palm_up_down,periodic,cosmos_multi_sensor_gesture,1,1,1,9.0,3.0,"mmwave,imu,uwb",30,10.0,300,150,148,0,/Users/tylerchen/Cosmos-Gesture-Recognition-/processed/session_vibha_periodic/sessions/student1_palm_up_down_001_seg001/trial_data.npz,/Users/tylerchen/Cosmos-Gesture-Recognition-/processed/session_vibha_periodic/sessions/student1_palm_up_down_001_seg001,,
combined_all,student1,palm_up_down,periodic,cosmos_multi_sensor_gesture,1,1,2,9.0,3.0,"mmwave,imu,uwb",30,10.0,300,150,148,0,/Users/tylerchen/Cosmos-Gesture-Recognition-/processed/session_vibha_periodic/sessions/student1_palm_up_down_001_seg002/trial_data.npz,/Users/tylerchen/Cosmos-Gesture-Recognition-/processed/session_vibha_periodic/sessions/student1_palm_up_down_001_seg002,,
combined_all,student1,palm_up_down,periodic,cosmos_multi_sensor_gesture,2,1,0,9.0,3.0,"mmwave,imu,uwb",30,10.0,300,150,147,0,/Users/tylerchen/Cosmos-Gesture-Recognition-/processed/session_vibha_periodic/sessions/student1_palm_up_down_002_seg000/trial_data.npz,/Users/tylerchen/Cosmos-Gesture-Recognition-/processed/session_vibha_periodic/sessions/student1_palm_up_down_002_seg000,,
combined_all,student1,palm_up_down,periodic,cosmos_multi_sensor_gesture,2,1,1,9.0,3.0,"mmwave,imu,uwb",30,10.0,300,150,150,0,/Users/tylerchen/Cosmos-Gesture-Recognition-/processed/session_vibha_periodic/sessions/student1_palm_up_down_002_seg001/trial_data.npz,/Users/tylerchen/Cosmos-Gesture-Recognition-/processed/session_vibha_periodic/sessions/student1_palm_up_down_002_seg001,,
combined_all,student1,palm_up_down,periodic,cosmos_multi_sensor_gesture,2,1,2,9.0,3.0,"mmwave,imu,uwb",30,10.0,300,150,148,0,/Users/tylerchen/Cosmos-Gesture-Recognition-/processed/session_vibha_periodic/sessions/student1_palm_up_down_002_seg002/trial_data.npz,/Users/tylerchen/Cosmos-Gesture-Recognition-/processed/session_vibha_periodic/sessions/student1_palm_up_down_002_seg002,,
combined_all,student1,palm_up_down,periodic,cosmos_multi_sensor_gesture,3,1,0,9.0,3.0,"mmwave,imu,uwb",30,10.0,300,150,149,0,/Users/tylerchen/Cosmos-Gesture-Recognition-/processed/session_vibha_periodic/sessions/student1_palm_up_down_003_seg000/trial_data.npz,/Users/tylerchen/Cosmos-Gesture-Recognition-/processed/session_vibha_periodic/sessions/student1_palm_up_down_003_seg000,,
combined_all,student1,palm_up_down,periodic,cosmos_multi_sensor_gesture,3,1,1,9.0,3.0,"mmwave,imu,uwb",30,10.0,301,150,145,0,/Users/tylerchen/Cosmos-Gesture-Recognition-/processed/session_vibha_periodic/sessions/student1_palm_up_down_003_seg001/trial_data.npz,/Users/tylerchen/Cosmos-Gesture-Recognition-/processed/session_vibha_periodic/sessions/student1_palm_up_down_003_seg001,,
combined_all,student1,palm_up_down,periodic,cosmos_multi_sensor_gesture,3,1,2,9.0,3.0,"mmwave,imu,uwb",30,10.0,300,150,150,0,/Users/tylerchen/Cosmos-Gesture-Recognition-/processed/session_vibha_periodic/sessions/student1_palm_up_down_003_seg002/trial_data.npz,/Users/tylerchen/Cosmos-Gesture-Recognition-/processed/session_vibha_periodic/sessions/student1_palm_up_down_003_seg002,,
