gesture,collector,source_dataset,session_dir,mmwave_frame_count,mmwave_energy_mean,mmwave_energy_std,mmwave_energy_min,mmwave_energy_max,mmwave_energy_first,mmwave_energy_last,mmwave_energy_delta,mmwave_point_count_mean,mmwave_point_count_std,mmwave_velocity_abs_mean,mmwave_velocity_std,mmwave_velocity_abs_max,imu_line_count,imu_record_count,imu_ax_mean,imu_ax_std,imu_ax_min,imu_ax_max,imu_ay_mean,imu_ay_std,imu_ay_min,imu_ay_max,imu_az_mean,imu_az_std,imu_az_min,imu_az_max,imu_gx_mean,imu_gx_std,imu_gx_min,imu_gx_max,imu_gy_mean,imu_gy_std,imu_gy_min,imu_gy_max,imu_gz_mean,imu_gz_std,imu_gz_min,imu_gz_max,imu_accel_mag_mean,imu_accel_mag_std,uwb_count,uwb_mean_cm,uwb_std_cm,uwb_min_cm,uwb_max_cm,uwb_median_cm,uwb_range_cm,uwb_q25_cm,uwb_q75_cm,uwb_iqr_cm,uwb_first_cm,uwb_last_cm,uwb_delta_cm,uwb_abs_delta_cm,uwb_mean_abs_step_cm,uwb_max_abs_step_cm,uwb_slope_cm_per_sample
pull,student1,ian_discrete,/Users/ianba/Desktop/COSMOS/final project/Cosmos-Gesture-Recognition-/data/processed/ian_discrete/sessions/student1_pull_001,30.0,413499.93333333335,89457.54574431133,299576.0,587214.0,319362.0,335701.0,16339.0,5.633333333333334,2.6643740144523425,0.0,0.0,0.0,300.0,300.0,0.7740433333333333,0.11571024784156136,0.486,1.082,-0.0039633333333333335,0.10948565502181351,-0.218,0.3,-0.6016766666666666,0.13765984208265758,-0.906,-0.188,-0.8770666666666663,19.113951154297972,-51.12,55.73,7.414066666666668,17.854504271907288,-49.99,65.46,-2.465366666666667,21.560877089431116,-36.32,69.31,1.0014021292892266,0.05189969930872692,149.0,71.1744966442953,6.409169469768949,51.0,88.0,73.0,37.0,69.0,75.0,6.0,77.0,67.0,-10.0,10.0,3.2027027027027026,20.0,-0.07400326500997632
pull,student1,ian_discrete,/Users/ianba/Desktop/COSMOS/final project/Cosmos-Gesture-Recognition-/data/processed/ian_discrete/sessions/student1_pull_002,30.0,450456.1666666667,95822.59316329782,308116.0,656496.0,380948.0,402813.0,21865.0,6.633333333333334,2.258071940591993,0.0,0.0,0.0,300.0,300.0,0.8538399999999999,0.1285985785302466,0.511,1.154,0.09021000000000001,0.14151842954187982,-0.288,0.473,-0.4566233333333333,0.18854483495680513,-0.894,0.028,-4.8754333333333335,24.18592458736187,-85.85,55.36,8.763633333333333,14.557506006600931,-25.42,51.0,-1.5886333333333331,21.90059213352207,-42.73,62.35,1.0049333589807672,0.08893040729112864,150.0,77.14666666666666,6.406149171193207,59.0,92.0,79.0,33.0,71.25,82.0,10.75,79.0,69.0,-10.0,10.0,3.6778523489932886,29.0,-0.09597937686119365
pull,student1,ian_discrete,/Users/ianba/Desktop/COSMOS/final project/Cosmos-Gesture-Recognition-/data/processed/ian_discrete/sessions/student1_pull_003,30.0,412050.6666666667,68946.1301854974,319737.0,565771.0,391684.0,381716.0,-9968.0,5.433333333333334,1.7829438827088442,0.0,0.0,0.0,301.0,301.0,0.7155847176079734,0.1514349206151966,0.412,1.182,0.12635880398671098,0.13150063159619219,-0.167,0.396,-0.6670265780730897,0.16725181233344522,-0.991,-0.321,-9.329900332225911,23.295035723493474,-78.07,51.15,4.8672093023255805,19.82520805953958,-69.73,37.97,-3.206345514950166,19.928194586280497,-60.03,49.44,1.0140884905270935,0.11302718556242031,150.0,69.73333333333333,5.048312451995755,55.0,86.0,70.0,31.0,67.0,72.0,5.0,75.0,84.0,9.0,9.0,2.785234899328859,30.0,-0.011054713542823832
pull,student1,ian_discrete,/Users/ianba/Desktop/COSMOS/final project/Cosmos-Gesture-Recognition-/data/processed/ian_discrete/sessions/student1_pull_004,31.0,418902.12903225806,71001.79708209206,322954.0,599811.0,322954.0,356314.0,33360.0,5.806451612903226,1.941388841720139,0.0,0.0,0.0,302.0,302.0,0.7536357615894039,0.11981680185131356,0.447,1.047,0.0004403973509933775,0.0825345287396687,-0.23,0.202,-0.6430430463576159,0.11625813993288163,-0.953,-0.256,-3.759966887417218,16.98182884515257,-59.91,34.91,5.123278145695364,16.495085627234168,-48.34,42.85,0.6618543046357612,20.673324043925074,-32.84,71.35,1.0047249995416587,0.08174998105182628,151.0,70.11258278145695,4.170600350641166,61.0,82.0,69.0,21.0,68.0,72.0,4.0,75.0,72.0,-3.0,3.0,2.953333333333333,11.0,-0.01729871035203952
pull,student1,ian_discrete,/Users/ianba/Desktop/COSMOS/final project/Cosmos-Gesture-Recognition-/data/processed/ian_discrete/sessions/student1_pull_005,31.0,429396.6451612903,62652.59709188407,331760.0,574582.0,351062.0,361899.0,10837.0,6.709677419354839,1.7633097249956708,0.0,0.0,0.0,302.0,302.0,0.7448940397350994,0.1254351975022253,0.519,1.089,0.02882781456953643,0.12351484676768654,-0.304,0.337,-0.6367880794701987,0.14355475726955955,-0.9,-0.122,-8.762549668874172,19.732524243887614,-82.43,30.46,7.3907284768211925,14.154612525982909,-45.63,49.04,2.7082450331125822,19.402514991095714,-52.13,73.09,1.005129682661355,0.05009418123244313,151.0,71.25827814569537,5.65740055285575,58.0,84.0,71.0,26.0,67.0,76.0,9.0,77.0,66.0,-11.0,11.0,2.033333333333333,10.0,-0.11664342976646978
pull,student1,ian_discrete,/Users/ianba/Desktop/COSMOS/final project/Cosmos-Gesture-Recognition-/data/processed/ian_discrete/sessions/student1_pull_006,30.0,404885.86666666664,74573.83604756356,334779.0,637032.0,432095.0,486599.0,54504.0,5.1,1.598957994028194,0.0,0.0,0.0,300.0,300.0,0.6586166666666667,0.09665472771100692,0.452,0.889,0.07482,0.08462454884173189,-0.137,0.435,-0.7293933333333332,0.09914184428831696,-0.894,-0.48,-0.2768666666666665,12.05252829004032,-39.8,29.3,5.6447666666666665,9.643317839081918,-24.63,25.06,-6.028766666666667,9.844595004987367,-31.74,22.31,0.9979046560966848,0.04367418009789978,150.0,73.60666666666667,5.156473310532804,64.0,99.0,73.0,35.0,69.0,76.75,7.75,99.0,78.0,-21.0,21.0,2.3288590604026846,9.0,-0.09237921685408199
pull,student1,ian_discrete,/Users/ianba/Desktop/COSMOS/final project/Cosmos-Gesture-Recognition-/data/processed/ian_discrete/sessions/student1_pull_007,30.0,374440.93333333335,58274.55440638068,288226.0,507450.0,368419.0,329066.0,-39353.0,5.166666666666667,2.266911751455907,0.0,0.0,0.0,300.0,300.0,0.68884,0.1295410658182699,0.295,1.038,0.02922,0.1104348296507945,-0.283,0.443,-0.7002066666666668,0.12864948745417612,-0.935,-0.306,0.4920333333333332,16.860190435823146,-56.34,47.61,4.983066666666667,12.760339673988135,-19.9,29.24,-1.2207333333333341,19.266327295627004,-24.93,76.42,1.004069536076575,0.054913811768732376,150.0,69.4,6.7862870021218376,47.0,83.0,69.0,36.0,66.0,75.0,9.0,61.0,68.0,7.0,7.0,2.0067114093959733,11.0,-0.10497177652340084
pull,student1,ian_discrete,/Users/ianba/Desktop/COSMOS/final project/Cosmos-Gesture-Recognition-/data/processed/ian_discrete/sessions/student1_pull_008,30.0,385128.4666666667,60938.48635125607,305948.0,576331.0,320948.0,360914.0,39966.0,4.6,2.1228911104120876,0.0,0.0,0.0,301.0,301.0,0.6543189368770764,0.1031784150026439,0.466,0.938,0.05140863787375415,0.09064931401487385,-0.142,0.294,-0.7347906976744186,0.10675649651434911,-0.902,-0.398,-1.2254152823920266,14.540576822437329,-47.49,38.73,7.8543189368770765,12.338772047189241,-24.66,47.73,-1.6371760797342192,17.245649699379655,-34.27,46.57,0.9998209324502155,0.03621635858373814,150.0,69.04666666666667,5.726819826429393,57.0,80.0,69.0,23.0,64.0,73.0,9.0,77.0,57.0,-20.0,20.0,2.61744966442953,10.0,-0.11226632294768635
push,student1,ian_discrete,/Users/ianba/Desktop/COSMOS/final project/Cosmos-Gesture-Recognition-/data/processed/ian_discrete/sessions/student1_push_001,31.0,410082.32258064515,88350.09677318652,310475.0,676378.0,342530.0,367158.0,24628.0,5.290322580645161,2.2887318419440983,0.0,0.0,0.0,302.0,302.0,0.6651655629139073,0.11212557591536376,0.352,0.943,0.016205298013245037,0.09196171949635217,-0.243,0.323,-0.7229470198675497,0.13109514708964842,-1.052,-0.34,-0.8313245033112584,15.324085127688956,-71.87,42.36,-3.1617218543046355,23.83869892782829,-90.43,65.25,0.6618543046357616,19.399582329905954,-38.97,51.3,1.0005242523759132,0.05026422117967118,151.0,70.28476821192054,5.121689152930842,56.0,85.0,70.0,29.0,67.0,74.0,7.0,85.0,71.0,-14.0,14.0,2.4266666666666667,23.0,0.06697455559428363
push,student1,ian_discrete,/Users/ianba/Desktop/COSMOS/final project/Cosmos-Gesture-Recognition-/data/processed/ian_discrete/sessions/student1_push_002,30.0,409661.4666666667,90804.90825050275,299453.0,581518.0,344122.0,299453.0,-44669.0,5.3,2.59679289380831,0.0,0.0,0.0,302.0,302.0,0.6435761589403973,0.13831490307170924,0.447,0.928,0.031056291390728488,0.07824786654828872,-0.157,0.244,-0.7367615894039735,0.1325911511340904,-0.93,-0.466,1.4747019867549669,12.646315004353395,-52.43,34.67,-5.690827814569537,15.37542596115335,-41.84,27.56,0.7225827814569541,15.310640219313706,-28.47,42.05,0.9988713591697818,0.05534046831173569,151.0,75.29139072847683,5.462098990892921,61.0,87.0,76.0,26.0,71.0,80.0,9.0,69.0,77.0,8.0,8.0,2.1866666666666665,9.0,0.07636110142906896
push,student1,ian_discrete,/Users/ianba/Desktop/COSMOS/final project/Cosmos-Gesture-Recognition-/data/processed/ian_discrete/sessions/student1_push_003,31.0,412079.48387096776,65846.18703677531,290414.0,557683.0,433401.0,307938.0,-125463.0,5.645161290322581,2.222297374148366,0.0,0.0,0.0,301.0,301.0,0.6495016611295681,0.15914394379849642,0.315,1.087,0.06170764119601328,0.08665224867681355,-0.147,0.362,-0.7404617940199336,0.14942341909772572,-1.062,-0.261,-1.451063122923588,13.63343608928676,-33.97,50.81,-6.434983388704319,11.372369605681529,-42.02,22.83,1.1696345514950168,16.098624552769472,-47.0,54.51,1.0098064903252244,0.09694084028755444,151.0,73.73509933774834,9.180197519120501,51.0,93.0,77.0,42.0,68.0,80.5,12.5,61.0,90.0,29.0,29.0,3.7933333333333334,27.0,0.13604391774137314
push,student1,ian_discrete,/Users/ianba/Desktop/COSMOS/final project/Cosmos-Gesture-Recognition-/data/processed/ian_discrete/sessions/student1_push_004,30.0,420405.9,88893.6185547459,299771.0,639891.0,347777.0,302018.0,-45759.0,5.133333333333334,2.526306042866189,0.0,0.0,0.0,300.0,300.0,0.71158,0.08736423906076597,0.527,0.92,0.06709333333333332,0.07620226126711872,-0.115,0.27,-0.6839566666666667,0.09536205458962992,-0.936,-0.445,1.7971333333333328,10.378356217736131,-38.21,28.2,-3.102066666666666,15.199339976751915,-49.23,41.32,1.1038,12.333397864876222,-21.03,32.59,0.9989066113113195,0.057992515711396464,150.0,73.77333333333333,6.736803323213463,48.0,88.0,75.0,40.0,70.0,78.0,8.0,61.0,82.0,21.0,21.0,3.6711409395973154,29.0,0.028043913062802822
push,student1,ian_discrete,/Users/ianba/Desktop/COSMOS/final project/Cosmos-Gesture-Recognition-/data/processed/ian_discrete/sessions/student1_push_005,31.0,410877.1612903226,70766.55296846457,301914.0,640062.0,301914.0,380541.0,78627.0,5.838709677419355,1.743129817562103,0.0,0.0,0.0,301.0,301.0,0.7870299003322259,0.0733690152244575,0.487,0.922,0.05502990033222591,0.08739064796542768,-0.189,0.266,-0.5950299003322259,0.10391954354797418,-0.892,-0.38,2.793189368770764,11.96733238081807,-25.57,34.42,-4.181229235880399,18.483232523979424,-44.89,46.39,0.9916279069767446,11.48008466264717,-30.12,30.3,0.9992378486711209,0.04298915326056696,151.0,70.27152317880795,6.2385188144136015,53.0,88.0,69.0,35.0,67.0,72.0,5.0,68.0,84.0,16.0,16.0,2.493333333333333,9.0,0.10937608922969645
push,student1,ian_discrete,/Users/ianba/Desktop/COSMOS/final project/Cosmos-Gesture-Recognition-/data/processed/ian_discrete/sessions/student1_push_006,30.0,430444.7,94737.4341617047,304361.0,737141.0,341653.0,304361.0,-37292.0,6.566666666666666,3.383128072591334,0.0,0.0,0.0,301.0,301.0,0.6581162790697676,0.12302724936838731,0.312,0.845,0.07912956810631229,0.09771529508305724,-0.416,0.352,-0.7242524916943521,0.12718609081361557,-0.976,-0.446,-1.1046179401993355,11.829805462444405,-40.53,27.8,-4.9132890365448505,16.060466603467937,-58.14,20.2,1.2422591362126247,18.012356654210915,-85.67,43.03,1.0003301887646252,0.06418718854805651,150.0,73.68666666666667,6.282111245451143,59.0,93.0,72.0,34.0,69.0,78.0,9.0,71.0,66.0,-5.0,5.0,3.0805369127516777,22.0,0.05717054091292952
push,student1,ian_discrete,/Users/ianba/Desktop/COSMOS/final project/Cosmos-Gesture-Recognition-/data/processed/ian_discrete/sessions/student1_push_007,30.0,412841.5,70905.70012523676,301500.0,561009.0,311760.0,353122.0,41362.0,5.5,2.1252450839060106,0.0,0.0,0.0,301.0,301.0,0.666687707641196,0.11624182384019642,0.468,0.91,0.034232558139534894,0.12195995913002533,-0.327,0.308,-0.7162823920265781,0.12450893571153467,-1.004,-0.401,-1.5654152823920264,14.738214895838391,-42.33,82.67,-6.964318936877077,13.48632128289458,-44.89,13.58,4.334916943521595,16.34876322172857,-35.28,70.77,1.0000874424634265,0.04918138289678766,150.0,74.09333333333333,6.800460571321835,51.0,88.0,76.0,37.0,69.25,79.0,9.75,66.0,74.0,8.0,8.0,2.859060402684564,14.0,0.07716254055735816
push,student1,ian_discrete,/Users/ianba/Desktop/COSMOS/final project/Cosmos-Gesture-Recognition-/data/processed/ian_discrete/sessions/student1_push_008,30.0,385082.0,48404.60895272956,305261.0,498545.0,322736.0,366954.0,44218.0,5.5,1.8929694486000912,0.0,0.0,0.0,301.0,301.0,0.6912624584717608,0.1422588565901656,0.425,0.919,0.04159800664451827,0.07861822379261442,-0.192,0.211,-0.6925415282392026,0.13441188162973494,-0.962,-0.456,5.770398671096345,13.951769098240892,-23.44,43.86,-8.773720930232559,11.661669647979163,-51.52,12.57,0.5767441860465106,15.611818635060672,-41.35,40.28,1.0010338853228302,0.04005085185713779,150.0,73.38,3.9944088440497443,65.0,86.0,73.0,21.0,70.0,76.0,6.0,75.0,72.0,-3.0,3.0,2.261744966442953,10.0,0.04950086670518691
clockwise,student1,ian_discrete,/Users/ianba/Desktop/COSMOS/final project/Cosmos-Gesture-Recognition-/data/processed/ian_discrete/sessions/student1_clockwise_001,30.0,490564.1666666667,85908.91482536736,390029.0,749087.0,420112.0,591337.0,171225.0,7.566666666666666,1.7829438827088442,0.0,0.0,0.0,299.0,299.0,0.29407023411371236,0.6202937957617183,-1.354,0.996,-0.16640802675585284,0.49594546786190297,-1.066,0.709,-0.5022642140468228,0.4051454841181194,-1.144,0.131,-35.38458193979933,41.18686933267971,-167.91,78.28,-47.420869565217394,81.8463142711935,-182.38,114.6,-32.12428093645485,86.44896057800848,-234.41,110.84,1.0588547370754278,0.20033492930594235,150.0,86.82,35.496113786719405,20.0,143.0,104.0,123.0,52.0,114.75,62.75,110.0,59.0,-51.0,51.0,7.644295302013423,36.0,-0.7015405129116845
clockwise,student1,ian_discrete,/Users/ianba/Desktop/COSMOS/final project/Cosmos-Gesture-Recognition-/data/processed/ian_discrete/sessions/student1_clockwise_002,30.0,501172.8,123726.2776614572,325954.0,884594.0,368170.0,601350.0,233180.0,6.566666666666666,1.8381754238616317,0.0,0.0,0.0,303.0,303.0,0.01944884488448845,0.5891096626077981,-1.159,0.805,-0.2227458745874587,0.5029882434451496,-0.897,0.9,-0.6253168316831683,0.37191412643171634,-1.411,0.072,-47.914983498349834,49.86384445081997,-205.24,87.92,-27.549471947194714,87.53018287752313,-180.03,186.04,-13.619570957095709,91.30877575665419,-195.1,154.3,1.066228688939596,0.20624982458871718,151.0,86.43046357615894,38.95202347055068,18.0,234.0,96.0,216.0,60.0,113.0,53.0,106.0,81.0,-25.0,25.0,12.22,155.0,-0.6010805158591853
clockwise,student1,ian_discrete,/Users/ianba/Desktop/COSMOS/final project/Cosmos-Gesture-Recognition-/data/processed/ian_discrete/sessions/student1_clockwise_003,30.0,538618.2666666667,137618.65459738937,349745.0,951932.0,349745.0,455376.0,105631.0,7.633333333333334,1.601735170231195,0.0,0.0,0.0,303.0,303.0,0.13800330033003294,0.7786121082866783,-1.873,1.098,-0.2663069306930693,0.3935521338160593,-1.072,0.471,-0.4763069306930693,0.36235876709495984,-1.47,0.223,-92.38155115511552,76.37517645231317,-420.42,227.27,-26.77125412541254,97.19840374294397,-244.33,160.68,-8.391650165016504,101.70281189383084,-299.97,116.92,1.0550480315896147,0.3100487200338929,151.0,91.35761589403974,38.144522432604646,17.0,238.0,101.0,221.0,65.0,118.5,53.5,112.0,127.0,15.0,15.0,11.153333333333334,151.0,-0.17844196584175748
clockwise,student1,ian_discrete,/Users/ianba/Desktop/COSMOS/final project/Cosmos-Gesture-Recognition-/data/processed/ian_discrete/sessions/student1_clockwise_004,30.0,522788.23333333334,106480.84885827539,331615.0,833100.0,331615.0,611786.0,280171.0,6.866666666666666,1.8571184369578824,0.0,0.0,0.0,300.0,300.0,0.10390999999999999,0.704964213205181,-1.969,0.929,-0.17111333333333334,0.3937390258647076,-1.352,0.464,-0.6092933333333334,0.369026603316828,-1.306,0.062,-68.10893333333334,65.10471788994165,-373.73,33.14,-20.606366666666673,93.56119080294754,-210.7,130.31,-18.79123333333333,97.73810594037631,-367.23,135.11,1.048881529606939,0.3151960662551821,150.0,96.49333333333334,51.2516814805732,24.0,304.0,98.5,280.0,62.25,114.0,51.75,132.0,124.0,-8.0,8.0,14.885906040268456,179.0,-0.5009502644561977
clockwise,student1,ian_discrete,/Users/ianba/Desktop/COSMOS/final project/Cosmos-Gesture-Recognition-/data/processed/ian_discrete/sessions/student1_clockwise_005,30.0,466629.06666666665,89456.5131390418,302581.0,641015.0,482640.0,435641.0,-46999.0,6.466666666666667,1.892675942210452,0.0,0.0,0.0,301.0,301.0,0.012029900332225944,0.6200368457889179,-1.086,0.858,-0.4718006644518272,0.5394128469007314,-1.092,1.142,-0.4742358803986711,0.18814596592360913,-0.856,-0.03,-52.84920265780731,49.690968911773325,-192.79,74.59,-47.22840531561461,56.75027455945267,-156.07,67.96,13.44863787375415,80.5334761112208,-133.34,186.93,1.0651348900085222,0.15472147832145108,150.0,83.12666666666667,34.744763820975834,11.0,158.0,97.0,147.0,53.25,110.0,56.75,110.0,18.0,-92.0,92.0,7.959731543624161,53.0,-0.7077416774078843
clockwise,student1,ian_discrete,/Users/ianba/Desktop/COSMOS/final project/Cosmos-Gesture-Recognition-/data/processed/ian_discrete/sessions/student1_clockwise_006,30.0,517263.8333333333,120790.1820753887,354106.0,812620.0,510267.0,549026.0,38759.0,7.133333333333334,2.4184476196289406,0.0,0.0,0.0,300.0,300.0,0.0890466666666667,0.7063279204134263,-1.542,0.979,-0.32637333333333335,0.5529477256385895,-1.229,0.798,-0.47862000000000005,0.2942057368577302,-1.239,0.172,-86.11649999999999,88.13677964816958,-430.25,129.31,-32.76376666666667,90.28421368182566,-230.05,101.75,-5.231700000000001,103.11360636749157,-228.19,166.36,1.0732928103363941,0.28770791313449334,149.0,90.80536912751678,44.47982808097199,21.0,295.0,91.0,274.0,67.0,111.0,44.0,112.0,111.0,-1.0,1.0,11.39864864864865,155.0,-0.5510575004534736
clockwise,student1,ian_discrete,/Users/ianba/Desktop/COSMOS/final project/Cosmos-Gesture-Recognition-/data/processed/ian_discrete/sessions/student1_clockwise_007,30.0,517866.1,91160.75145088483,392593.0,728152.0,588795.0,586446.0,-2349.0,7.033333333333333,2.301931556082606,0.0,0.0,0.0,301.0,301.0,0.17614950166112958,0.7540115402952549,-1.767,1.07,-0.5442491694352161,0.5172638283769229,-2.875,0.434,-0.27917940199335545,0.29632309470036,-1.632,0.331,-53.544784053156135,104.09089510722093,-503.31,414.35,-41.348604651162795,88.99359922882567,-363.66,83.71,-3.9395681063122905,102.16023599596052,-313.58,166.11,1.102018659713966,0.3385771182527842,150.0,94.03333333333333,41.11228962174005,21.0,260.0,107.0,239.0,68.5,119.0,50.5,121.0,55.0,-66.0,66.0,12.953020134228188,142.0,-0.6740904040179554
clockwise,student1,ian_discrete,/Users/ianba/Desktop/COSMOS/final project/Cosmos-Gesture-Recognition-/data/processed/ian_discrete/sessions/student1_clockwise_008,31.0,437777.5483870968,103483.42268390956,284901.0,759557.0,331131.0,406921.0,75790.0,5.741935483870968,2.382296830662807,0.0,0.0,0.0,302.0,302.0,0.12136754966887414,0.7033128330026271,-1.377,0.974,-0.23283443708609272,0.5190970118275189,-1.16,0.799,-0.48907615894039735,0.27462278311852206,-1.154,-0.053,-48.54764900662252,73.37514259225051,-397.35,102.57,-48.64923841059603,79.57948008591464,-236.64,83.19,-10.141059602649005,86.09335628775595,-244.15,103.7,1.048368314332824,0.22043059160396475,147.0,97.98639455782313,50.75754703241053,21.0,278.0,105.0,257.0,52.0,122.0,70.0,114.0,52.0,-62.0,62.0,14.753424657534246,145.0,-0.9152468095716634
anti_clockwise,student1,ian_discrete,/Users/ianba/Desktop/COSMOS/final project/Cosmos-Gesture-Recognition-/data/processed/ian_discrete/sessions/student1_anti_clockwise_001,30.0,533635.1666666666,90093.37192198004,348260.0,784802.0,348341.0,486284.0,137943.0,7.833333333333333,2.7213150415847767,0.0,0.0,0.0,301.0,301.0,0.08556146179401995,0.6775211514589601,-1.237,1.051,-0.4957508305647841,0.5014199250497049,-1.305,0.451,-0.3526112956810631,0.32171344382672723,-1.38,0.225,78.58093023255815,87.27666822854128,-97.99,352.37,26.836810631229238,81.11218257811463,-140.51,224.49,-20.793421926910302,97.28858321426307,-173.56,180.61,1.0500065358914852,0.29810575644731035,151.0,80.30463576158941,33.98940881656784,14.0,126.0,85.0,112.0,55.5,113.0,57.5,114.0,116.0,2.0,2.0,5.0,55.0,0.08779714186127495
anti_clockwise,student1,ian_discrete,/Users/ianba/Desktop/COSMOS/final project/Cosmos-Gesture-Recognition-/data/processed/ian_discrete/sessions/student1_anti_clockwise_002,31.0,494089.3548387097,95183.36692204172,321622.0,785121.0,365182.0,785121.0,419939.0,6.258064516129032,1.8831638089453446,0.0,0.0,0.0,302.0,302.0,0.3432483443708608,0.7493040929793037,-1.401,1.061,-0.0942748344370861,0.3871828297733904,-1.21,0.83,-0.42196026490066224,0.32993888418204675,-1.521,0.113,71.2264569536424,65.87472339082483,-82.43,250.92,-15.043476821192053,52.33307878639195,-158.18,144.75,11.353543046357615,62.27395561583389,-116.76,200.96,1.0308182515817454,0.2497963218396718,152.0,90.86184210526316,42.42126315239921,17.0,232.0,108.5,215.0,53.0,118.0,65.0,132.0,70.0,-62.0,62.0,8.913907284768213,119.0,-0.8291421483197658
anti_clockwise,student1,ian_discrete,/Users/ianba/Desktop/COSMOS/final project/Cosmos-Gesture-Recognition-/data/processed/ian_discrete/sessions/student1_anti_clockwise_003,30.0,520103.3,112681.07706802417,326979.0,716077.0,326979.0,439286.0,112307.0,6.566666666666666,2.1860669909426123,0.0,0.0,0.0,301.0,301.0,-0.031089700996677776,0.7145295238537834,-1.241,1.071,-0.5550697674418605,0.4519340260516662,-1.296,0.391,-0.2590996677740864,0.3648288317075178,-1.267,0.43,73.93797342192691,97.93120487999961,-109.07,365.43,12.809368770764122,94.28057911683017,-273.57,150.49,-17.428338870431894,77.81110347812306,-139.99,185.0,1.072566521129089,0.2714766889380467,149.0,78.3489932885906,36.822974279524125,9.0,247.0,88.0,238.0,47.0,108.0,61.0,106.0,126.0,20.0,20.0,7.243243243243243,121.0,0.058929802285506976
anti_clockwise,student1,ian_discrete,/Users/ianba/Desktop/COSMOS/final project/Cosmos-Gesture-Recognition-/data/processed/ian_discrete/sessions/student1_anti_clockwise_004,30.0,543918.2333333333,112142.70853386867,342037.0,799077.0,456418.0,342037.0,-114381.0,7.433333333333334,2.0604745947367453,0.0,0.0,0.0,302.0,302.0,0.01753642384105958,0.7114202451642736,-1.537,1.06,-0.4001324503311258,0.6617103033074726,-1.45,0.992,-0.24029470198675498,0.35011183062764534,-1.261,0.511,67.43774834437086,109.6397066685868,-165.2,525.83,16.583079470198676,90.45420573904289,-161.26,255.17,-36.70274834437086,94.34943625648646,-183.14,235.57,1.0903139967106958,0.30972249034753585,148.0,90.14189189189189,33.03121799726421,19.0,205.0,95.5,186.0,69.75,111.25,41.5,114.0,119.0,5.0,5.0,9.666666666666666,126.0,0.2793675061172664
anti_clockwise,student1,ian_discrete,/Users/ianba/Desktop/COSMOS/final project/Cosmos-Gesture-Recognition-/data/processed/ian_discrete/sessions/student1_anti_clockwise_005,30.0,507222.23333333334,106380.01397119774,350356.0,714264.0,350356.0,421907.0,71551.0,5.8,1.9390719429665315,0.0,0.0,0.0,301.0,301.0,-0.06746179401993356,0.6623379681767276,-1.295,0.865,-0.4018671096345516,0.620615792907815,-1.18,0.686,-0.21293687707641198,0.37604930846131607,-1.158,0.472,74.38046511627907,115.18154560067227,-162.05,477.49,13.070066445182725,69.50808349459744,-124.7,223.12,-38.68607973421926,98.9053984023951,-215.55,205.97,1.0532003903087368,0.25966891962709254,150.0,79.78,34.93001055802721,2.0,213.0,87.5,211.0,54.0,109.0,55.0,106.0,114.0,8.0,8.0,7.852348993288591,159.0,0.40635228232365883
anti_clockwise,student1,ian_discrete,/Users/ianba/Desktop/COSMOS/final project/Cosmos-Gesture-Recognition-/data/processed/ian_discrete/sessions/student1_anti_clockwise_006,30.0,499229.8,94790.4599715956,363378.0,717107.0,395044.0,369228.0,-25816.0,6.533333333333333,2.1406125810669763,0.0,0.0,0.0,301.0,301.0,-0.04188039867109637,0.7118488811182769,-1.38,0.83,-0.3346511627906976,0.6222482022123127,-1.388,0.854,-0.22559468438538205,0.35127409554976063,-1.38,0.262,75.63056478405315,119.63259692015559,-177.65,420.06,19.870930232558134,90.20820755027599,-184.24,175.73,-37.126146179401985,89.65115669884257,-178.14,176.03,1.043874925197738,0.3037739548191605,151.0,82.25827814569537,33.521428683984404,16.0,222.0,88.0,206.0,58.0,105.0,47.0,99.0,88.0,-11.0,11.0,9.74,116.0,0.34726385500174234
anti_clockwise,student1,ian_discrete,/Users/ianba/Desktop/COSMOS/final project/Cosmos-Gesture-Recognition-/data/processed/ian_discrete/sessions/student1_anti_clockwise_007,30.0,462528.26666666666,102284.9117035135,308864.0,788838.0,342403.0,414379.0,71976.0,6.033333333333333,1.9405039437103846,0.0,0.0,0.0,302.0,302.0,-0.2336655629139073,0.6106885084697444,-1.024,0.946,-0.32875827814569547,0.5873475041039738,-1.148,1.014,-0.40838741721854305,0.342221200260736,-1.274,0.214,78.11509933774833,88.25776519027015,-107.06,356.79,23.528476821192054,62.31784923101297,-152.81,124.55,-3.8475165562913873,79.33581871126984,-177.59,165.99,1.066392596509598,0.16523198314858167,151.0,64.55629139072848,28.051057202082873,13.0,116.0,63.0,103.0,44.0,85.5,41.5,113.0,93.0,-20.0,20.0,5.76,42.0,-0.21784942488672093
anti_clockwise,student1,ian_discrete,/Users/ianba/Desktop/COSMOS/final project/Cosmos-Gesture-Recognition-/data/processed/ian_discrete/sessions/student1_anti_clockwise_008,30.0,505355.9666666667,99340.03010484857,327779.0,780920.0,327779.0,387870.0,60091.0,6.833333333333333,1.4624940645653537,0.0,0.0,0.0,302.0,302.0,-0.17876490066225165,0.6625359575596084,-1.044,1.003,-0.4781754966887419,0.557686979598912,-1.456,0.955,-0.29238079470198675,0.35331867127596883,-1.236,0.388,75.19470198675496,95.52483534640375,-97.72,330.33,23.029105960264904,87.95963586358047,-185.98,161.32,-28.253211920529793,94.23475083454686,-217.47,144.2,1.0591754925904375,0.31471454700169144,151.0,73.49006622516556,31.744368014850316,15.0,141.0,75.0,126.0,48.0,105.5,57.5,96.0,110.0,14.0,14.0,6.733333333333333,32.0,0.1387521784593931
right,student1,ian_discrete,/Users/ianba/Desktop/COSMOS/final project/Cosmos-Gesture-Recognition-/data/processed/ian_discrete/sessions/student1_right_001,30.0,473124.43333333335,75794.63269857716,343533.0,620611.0,415624.0,343533.0,-72091.0,6.633333333333334,2.0733762053445313,0.0,0.0,0.0,301.0,301.0,0.6305282392026579,0.1451749661519913,-0.111,0.935,-0.023322259136212616,0.1839057947204856,-0.39,0.466,-0.767328903654485,0.13445690485894182,-1.278,-0.396,-46.729468438538206,27.29207069170514,-115.15,39.28,-5.68607973421927,16.114959041129982,-65.83,36.9,51.00212624584718,32.95677810991322,-29.76,149.97,1.0221876123682083,0.12252220656292458,150.0,83.79333333333334,19.929168756819927,52.0,112.0,84.5,60.0,64.0,104.0,40.0,60.0,105.0,45.0,45.0,2.9194630872483223,15.0,0.43014000622249865
right,student1,ian_discrete,/Users/ianba/Desktop/COSMOS/final project/Cosmos-Gesture-Recognition-/data/processed/ian_discrete/sessions/student1_right_002,30.0,456265.6666666667,71207.66546766966,343494.0,633794.0,343494.0,431378.0,87884.0,6.5,2.4866309202077685,0.0,0.0,0.0,300.0,300.0,0.5572133333333333,0.08294086943251934,0.347,0.725,0.05712000000000001,0.14741467226840074,-0.267,0.297,-0.8198633333333334,0.07833827069546248,-0.987,-0.64,-30.95756666666667,18.19418267136199,-76.27,56.52,-3.694900000000001,12.41628252161921,-42.24,22.89,51.52873333333333,19.14963422789642,16.42,100.59,1.0091157008437164,0.0485586138327827,150.0,72.77333333333333,17.988119370260673,50.0,106.0,67.5,56.0,56.0,90.75,34.75,53.0,101.0,48.0,48.0,2.389261744966443,9.0,0.3973901062269432
right,student1,ian_discrete,/Users/ianba/Desktop/COSMOS/final project/Cosmos-Gesture-Recognition-/data/processed/ian_discrete/sessions/student1_right_003,30.0,449750.0,56549.9315407779,350331.0,570401.0,350331.0,432253.0,81922.0,5.433333333333334,1.4067298564006128,0.0,0.0,0.0,301.0,301.0,0.5280598006644518,0.06433862151072609,0.407,0.685,-0.09177408637873755,0.10841501774509969,-0.291,0.138,-0.8375149501661129,0.05863217123787319,-0.967,-0.668,-30.82405315614618,15.446247278886114,-64.39,12.82,7.991794019933554,7.692407101424796,-7.51,38.51,45.91308970099668,18.703313315879456,15.66,90.43,1.0033840632322941,0.03538863103129103,151.0,69.52980132450331,18.538898905461767,43.0,103.0,68.0,60.0,52.0,86.0,34.0,49.0,103.0,54.0,54.0,2.2533333333333334,7.0,0.4141896131056115
right,student1,ian_discrete,/Users/ianba/Desktop/COSMOS/final project/Cosmos-Gesture-Recognition-/data/processed/ian_discrete/sessions/student1_right_004,30.0,481509.5,72653.80032627337,375145.0,642472.0,470627.0,393936.0,-76691.0,5.866666666666666,1.7269111795984826,0.0,0.0,0.0,300.0,300.0,0.5360433333333333,0.08120070682505719,0.363,0.731,-0.27692,0.16173218686045976,-0.585,0.077,-0.7837000000000001,0.11390626263145791,-1.033,-0.429,-33.485933333333335,29.956147006286077,-121.52,60.55,14.156500000000003,20.82948500123483,-47.43,68.67,49.2253,23.761296378284303,3.57,103.98,1.0088836565037314,0.07805184797936968,150.0,74.2,21.6643089407254,43.0,116.0,74.0,73.0,52.0,95.0,43.0,46.0,92.0,46.0,46.0,2.7651006711409396,18.0,0.48712209431530296
right,student1,ian_discrete,/Users/ianba/Desktop/COSMOS/final project/Cosmos-Gesture-Recognition-/data/processed/ian_discrete/sessions/student1_right_005,30.0,422683.8,72855.59332789762,304757.0,612479.0,319627.0,339359.0,19732.0,5.666666666666667,2.086996778999804,0.0,0.0,0.0,302.0,302.0,0.5715596026490066,0.057641172139972364,0.422,0.723,-0.2248112582781457,0.22725765231451026,-0.699,0.17,-0.742615894039735,0.13470651743733386,-0.916,-0.328,-29.948841059602646,18.186867750952388,-88.41,26.34,13.563311258278146,17.504571766946427,-32.23,53.32,49.94778145695364,23.4481717762303,-16.6,91.16,0.9997690740372439,0.04769734803223266,151.0,68.33774834437087,13.65571304971832,37.0,92.0,68.0,55.0,57.0,80.0,23.0,47.0,80.0,33.0,33.0,3.8066666666666666,45.0,0.27076333217148785
right,student1,ian_discrete,/Users/ianba/Desktop/COSMOS/final project/Cosmos-Gesture-Recognition-/data/processed/ian_discrete/sessions/student1_right_006,30.0,451401.0,62581.121702421835,346728.0,597277.0,363191.0,346728.0,-16463.0,5.3,2.0355179521029365,0.0,0.0,0.0,303.0,303.0,0.5082244224422443,0.09625836278913455,0.277,0.693,-0.3410858085808581,0.1517070062297641,-0.585,0.072,-0.7695148514851485,0.14348433618318218,-1.07,-0.466,-29.794092409240925,15.417486335403435,-64.42,24.32,20.885280528052803,14.544078507790584,-4.33,65.28,51.72118811881188,18.902863838441103,11.84,102.88,1.005988675747085,0.08740667127180576,150.0,89.74,30.680302143188147,46.0,266.0,95.0,220.0,67.25,103.0,35.75,47.0,97.0,50.0,50.0,6.791946308724833,139.0,0.4509373749944443
right,student1,ian_discrete,/Users/ianba/Desktop/COSMOS/final project/Cosmos-Gesture-Recognition-/data/processed/ian_discrete/sessions/student1_right_007,30.0,467365.5,98480.00949930567,314480.0,815847.0,314480.0,577115.0,262635.0,6.266666666666667,2.031966753883756,0.0,0.0,0.0,301.0,301.0,0.4896112956810631,0.06222063201613531,0.287,0.628,-0.017541528239202638,0.18487108492905865,-0.419,0.337,-0.8524451827242525,0.08331923050020333,-1.104,-0.575,-25.8721926910299,19.687131584092736,-95.31,57.04,2.313521594684385,17.119968181102408,-26.49,38.0,54.20395348837209,19.493436956317623,2.75,109.16,1.004165547220872,0.0577242467107881,150.0,75.02666666666667,17.95480779742589,50.0,107.0,70.0,57.0,60.0,93.0,33.0,54.0,98.0,44.0,44.0,2.9932885906040267,15.0,0.3991964087292769
right,student1,ian_discrete,/Users/ianba/Desktop/COSMOS/final project/Cosmos-Gesture-Recognition-/data/processed/ian_discrete/sessions/student1_right_008,31.0,456073.1935483871,74905.85541581808,302231.0,590159.0,302231.0,512725.0,210494.0,5.580645161290323,2.446514222691425,0.0,0.0,0.0,302.0,302.0,0.5159039735099338,0.0774482141708313,0.335,0.712,-0.14095033112582783,0.16900721265778548,-0.562,0.105,-0.8225364238410596,0.11242612142764717,-1.151,-0.487,-31.576158940397352,22.807869077771773,-104.16,53.59,7.456390728476819,18.424089306516173,-32.9,55.73,46.95761589403973,24.642109404542516,-43.43,101.72,1.0020822651004138,0.07498336370256833,151.0,70.37748344370861,21.94682717292086,37.0,109.0,69.0,72.0,48.0,92.0,44.0,44.0,106.0,62.0,62.0,3.6666666666666665,17.0,0.4871976298361798
left,student1,ian_discrete,/Users/ianba/Desktop/COSMOS/final project/Cosmos-Gesture-Recognition-/data/processed/ian_discrete/sessions/student1_left_001,30.0,433319.6666666667,67725.85692054566,329298.0,640887.0,370298.0,361750.0,-8548.0,5.533333333333333,1.978776277287444,0.0,0.0,0.0,302.0,302.0,0.4386754966887418,0.14949378377157593,-0.047,0.589,-0.2635066225165563,0.22937731348783658,-0.726,0.405,-0.8230993377483443,0.16388656046652567,-1.596,-0.562,24.365596026490067,25.383912713463864,-33.14,113.5,-16.840496688741723,17.176416627570966,-93.97,31.89,-57.88056291390728,45.72070349227823,-209.39,41.66,1.0145717143711406,0.10876504831862707,151.0,71.67549668874172,20.536650057518848,40.0,109.0,73.0,69.0,49.5,91.0,41.5,88.0,49.0,-39.0,39.0,3.3933333333333335,22.0,-0.45223422795399165
left,student1,ian_discrete,/Users/ianba/Desktop/COSMOS/final project/Cosmos-Gesture-Recognition-/data/processed/ian_discrete/sessions/student1_left_002,30.0,427734.8,75876.95772384833,313290.0,552806.0,335969.0,355722.0,19753.0,5.4,2.4303634844744244,0.0,0.0,0.0,302.0,302.0,0.37949006622516557,0.09794469770541377,0.042,0.576,-0.4846357615894039,0.15715382363793326,-0.815,0.021,-0.7954470198675496,0.1693968522456113,-1.403,-0.307,34.84854304635762,40.81219910627864,-59.14,156.04,-25.516953642384106,33.60080336459525,-114.29,68.85,-51.805099337748345,54.02819318434558,-146.64,76.97,1.0265162172745892,0.1444670568216345,149.0,64.40268456375838,21.355396641537595,11.0,96.0,63.0,85.0,44.0,87.0,43.0,93.0,76.0,-17.0,17.0,3.858108108108108,42.0,-0.42296390350081575
left,student1,ian_discrete,/Users/ianba/Desktop/COSMOS/final project/Cosmos-Gesture-Recognition-/data/processed/ian_discrete/sessions/student1_left_003,30.0,449619.4666666667,55367.78880223491,354475.0,649427.0,354475.0,497210.0,142735.0,5.966666666666667,1.8705317128797598,0.0,0.0,0.0,301.0,301.0,0.4037574750830565,0.07193447774635892,0.181,0.595,-0.29715946843853824,0.20863702879825516,-0.748,0.301,-0.840063122923588,0.13029490956041598,-1.342,-0.587,19.87156146179402,25.619966515840737,-92.72,107.94,-20.516013289036543,19.230932293147173,-74.65,52.89,-52.24551495016611,22.8232743337344,-107.43,18.62,1.0073562083442873,0.08912974086259938,148.0,75.03378378378379,17.018763370880418,46.0,107.0,73.0,61.0,60.0,92.0,32.0,107.0,47.0,-60.0,60.0,2.7755102040816326,15.0,-0.385350766462943
left,student1,ian_discrete,/Users/ianba/Desktop/COSMOS/final project/Cosmos-Gesture-Recognition-/data/processed/ian_discrete/sessions/student1_left_004,30.0,456899.8333333333,69384.90876508298,369761.0,634543.0,382885.0,634543.0,251658.0,5.466666666666667,1.6275407487644937,0.0,0.0,0.0,300.0,300.0,0.46391,0.15425570297399055,0.12,0.774,-0.22186666666666668,0.20020197024227532,-0.787,0.236,-0.8136733333333332,0.16592004084966816,-1.141,-0.401,14.581866666666665,21.967445713651426,-89.6,70.53,-14.17566666666667,18.902242333178943,-59.63,22.68,-36.858266666666665,24.670500420452672,-95.8,18.52,1.0045000437457978,0.09426755600253064,150.0,73.00666666666666,13.322281213582785,48.0,104.0,73.0,56.0,63.0,82.0,19.0,104.0,52.0,-52.0,52.0,2.577181208053691,13.0,-0.2947384328192356
left,student1,ian_discrete,/Users/ianba/Desktop/COSMOS/final project/Cosmos-Gesture-Recognition-/data/processed/ian_discrete/sessions/student1_left_005,30.0,486304.1,84741.80837475286,333321.0,744057.0,333321.0,452917.0,119596.0,6.5,2.1563858652847827,0.0,0.0,0.0,302.0,302.0,0.43297682119205305,0.11617705769327283,0.076,0.765,-0.3174105960264901,0.20160878684740366,-0.794,0.701,-0.8351953642384108,0.13317005353050534,-1.264,-0.513,26.159503311258277,31.084005311046088,-64.58,123.33,-16.71685430463576,22.244755785850973,-56.12,92.84,-51.46195364238411,28.80729452250697,-136.51,26.46,1.0219410465078118,0.11525486060458465,151.0,72.58940397350993,16.172928624990924,39.0,113.0,71.0,74.0,59.0,83.0,24.0,101.0,57.0,-44.0,44.0,4.0,27.0,-0.33883234576507565
left,student1,ian_discrete,/Users/ianba/Desktop/COSMOS/final project/Cosmos-Gesture-Recognition-/data/processed/ian_discrete/sessions/student1_left_006,30.0,476554.7,86728.51286174577,343344.0,665720.0,352523.0,404672.0,52149.0,6.766666666666667,1.9439364415764442,0.0,0.0,0.0,300.0,300.0,0.46081,0.16098838643413588,0.023,0.809,-0.21081999999999998,0.30154990897030626,-1.109,0.369,-0.8236066666666666,0.16508815409417546,-1.163,-0.4,24.846133333333334,72.03544796636969,-156.47,312.72,-13.313733333333333,27.019827782492538,-68.15,69.64,-49.75303333333333,53.25040031585574,-171.91,109.93,1.0296321264069657,0.13813131772822934,150.0,74.66,21.515042342042133,37.0,112.0,73.5,75.0,54.25,95.75,41.5,99.0,49.0,-50.0,50.0,4.25503355704698,27.0,-0.46818614160629296
left,student1,ian_discrete,/Users/ianba/Desktop/COSMOS/final project/Cosmos-Gesture-Recognition-/data/processed/ian_discrete/sessions/student1_left_007,30.0,483155.63333333336,50595.18247322455,415790.0,620055.0,440734.0,494055.0,53321.0,6.6,1.8726095873584185,0.0,0.0,0.0,301.0,301.0,0.4839734219269103,0.12004542035451031,0.108,0.66,-0.28901661129568107,0.14096356727472417,-0.592,0.13,-0.8086511627906977,0.13056646799654612,-1.324,-0.492,30.694352159468437,21.791496055292097,-28.32,112.52,-21.813953488372093,24.65110537070978,-149.85,14.4,-52.03172757475083,30.37092194855992,-149.17,-2.59,1.0068874056385306,0.09583612574461879,150.0,76.06666666666666,18.31772774904527,32.0,117.0,79.0,85.0,58.0,91.0,33.0,94.0,57.0,-37.0,37.0,4.046979865771812,24.0,-0.39452064536201603
left,student1,ian_discrete,/Users/ianba/Desktop/COSMOS/final project/Cosmos-Gesture-Recognition-/data/processed/ian_discrete/sessions/student1_left_008,30.0,458895.6666666667,61281.73616629636,368200.0,588487.0,544917.0,460673.0,-84244.0,6.1,1.8502252115170559,0.0,0.0,0.0,300.0,300.0,0.4842266666666667,0.07813301877069785,0.212,0.643,-0.2666366666666667,0.1171727129307654,-0.637,0.126,-0.82532,0.07619749077233448,-1.038,-0.575,29.782299999999996,26.10720695599844,-39.37,131.93,-15.372066666666667,11.244794694830532,-54.29,10.13,-46.07236666666666,25.49875217990524,-119.54,14.37,1.0031468769598082,0.07784788530065208,150.0,75.07333333333334,17.81451661530945,19.0,105.0,79.0,86.0,61.0,90.0,29.0,99.0,49.0,-50.0,50.0,4.76510067114094,48.0,-0.37244144184185907
bye_bye,student1,ian_discrete,/Users/ianba/Desktop/COSMOS/final project/Cosmos-Gesture-Recognition-/data/processed/ian_discrete/sessions/student1_bye_bye_001,30.0,534449.4,69662.95590560787,417228.0,670486.0,469573.0,661209.0,191636.0,7.5,2.29128784747792,0.0,0.0,0.0,302.0,302.0,0.29721854304635764,0.3919162025928896,-0.505,1.69,-0.332682119205298,1.2209830442377316,-2.947,1.837,0.165341059602649,0.5110916957129041,-0.708,1.63,-13.458907284768214,340.23873543809583,-663.99,586.38,-10.451953642384106,193.85104879357428,-409.74,289.59,-42.65970198675497,391.08132273941,-760.83,616.29,1.3275578284015415,0.6079118016681363,151.0,81.35761589403974,6.349114763346595,68.0,97.0,80.0,29.0,77.0,85.0,8.0,73.0,90.0,17.0,17.0,3.5,17.0,-0.0005123736493554933
bye_bye,student1,ian_discrete,/Users/ianba/Desktop/COSMOS/final project/Cosmos-Gesture-Recognition-/data/processed/ian_discrete/sessions/student1_bye_bye_002,30.0,511839.7,59228.52747685584,393154.0,600397.0,491722.0,579951.0,88229.0,7.833333333333333,2.709038369770515,0.0,0.0,0.0,300.0,300.0,0.17387666666666665,0.2874522942255907,-0.531,0.917,-0.23242,1.1164838632659826,-1.968,1.779,0.2447766666666667,0.565951346662316,-0.9,1.042,12.95703333333334,333.06352654440997,-584.49,624.84,12.187200000000002,215.71475757311242,-371.41,364.73,-28.12623333333333,376.61612507540383,-756.07,612.32,1.2518282905087537,0.4759828404630412,150.0,75.29333333333334,7.218122854257185,38.0,104.0,75.0,66.0,71.0,79.0,8.0,74.0,69.0,-5.0,5.0,4.181208053691275,49.0,0.01960976043379713
bye_bye,student1,ian_discrete,/Users/ianba/Desktop/COSMOS/final project/Cosmos-Gesture-Recognition-/data/processed/ian_discrete/sessions/student1_bye_bye_003,30.0,520279.13333333336,107738.93827635185,392114.0,799523.0,397592.0,607509.0,209917.0,7.433333333333334,2.155355088043628,0.0,0.0,0.0,302.0,302.0,0.3240761589403973,0.4265862072466254,-1.278,1.462,-0.36062913907284766,1.1631227698286888,-3.313,2.758,0.061559602649006624,0.5573539912955564,-0.817,2.468,1.0463907284768235,380.1493297375218,-1000.03,549.12,2.3303973509933766,184.47772707815324,-405.04,311.44,-26.73976821192053,309.746055394944,-777.7,425.43,1.3153516217850834,0.59514054643231,150.0,71.14666666666666,6.42079953484507,60.0,87.0,70.0,27.0,66.0,77.0,11.0,65.0,72.0,7.0,7.0,2.7315436241610738,10.0,0.025256233610382754
bye_bye,student1,ian_discrete,/Users/ianba/Desktop/COSMOS/final project/Cosmos-Gesture-Recognition-/data/processed/ian_discrete/sessions/student1_bye_bye_004,30.0,423933.4666666667,56641.86322720051,347037.0,604155.0,449503.0,388276.0,-61227.0,5.433333333333334,2.027861489900684,0.0,0.0,0.0,301.0,301.0,0.4190232558139535,0.22707628086817272,-0.36,1.019,-0.38411295681063123,0.8344773528125482,-1.941,1.408,-0.1750830564784053,0.4438690317583702,-0.997,0.62,-4.08328903654485,294.43954929580104,-571.67,471.42,-11.770431893687707,143.8460996142477,-322.79,207.22,-23.82581395348837,229.11546794773352,-489.3,317.21,1.095487463387046,0.3140387775011878,150.0,68.64666666666666,5.639192510459487,56.0,82.0,69.0,26.0,65.0,73.0,8.0,68.0,70.0,2.0,2.0,2.778523489932886,10.0,-0.05137828347926568
bye_bye,student1,ian_discrete,/Users/ianba/Desktop/COSMOS/final project/Cosmos-Gesture-Recognition-/data/processed/ian_discrete/sessions/student1_bye_bye_005,30.0,424267.26666666666,51116.09340506721,324505.0,553937.0,443838.0,369950.0,-73888.0,5.633333333333334,2.008039397577204,0.0,0.0,0.0,303.0,303.0,0.40176567656765677,0.21315079620825306,-0.52,0.944,-0.4457887788778878,0.751802749747267,-1.887,1.263,-0.1438877887788779,0.5231271298731331,-0.968,0.97,8.22904290429043,292.30002361391377,-681.6,514.15,-2.5093729372937306,156.5928303807984,-355.27,319.83,-22.059240924092407,203.2706550725294,-491.96,294.02,1.086546650366596,0.2908023332767067,152.0,64.98684210526316,6.085469440070336,53.0,81.0,64.0,28.0,61.0,69.0,8.0,62.0,60.0,-2.0,2.0,2.7682119205298013,10.0,-0.038614260622338456
bye_bye,student1,ian_discrete,/Users/ianba/Desktop/COSMOS/final project/Cosmos-Gesture-Recognition-/data/processed/ian_discrete/sessions/student1_bye_bye_006,30.0,449532.5,49793.305382517705,366697.0,595094.0,425920.0,586814.0,160894.0,7.3,2.162560211107812,0.0,0.0,0.0,301.0,301.0,0.3750564784053156,0.20394211314612945,-0.131,0.829,-0.4876046511627906,0.7673203880508884,-1.464,1.222,0.02862458471760797,0.5194191893637667,-0.945,0.854,22.18232558139534,308.8538744068462,-628.65,476.12,11.221295681063122,180.00568905733394,-339.27,293.65,-3.199069767441859,236.42692596668903,-433.24,326.94,1.093729893202128,0.2883907125898609,151.0,67.24503311258277,5.2902008624968975,57.0,82.0,67.0,25.0,63.5,70.0,6.5,65.0,64.0,-1.0,1.0,2.8866666666666667,12.0,-0.009442314395260058
bye_bye,student1,ian_discrete,/Users/ianba/Desktop/COSMOS/final project/Cosmos-Gesture-Recognition-/data/processed/ian_discrete/sessions/student1_bye_bye_007,30.0,486695.8,75082.83131022697,360170.0,720966.0,429119.0,471497.0,42378.0,8.233333333333333,2.347812220392044,0.0,0.0,0.0,300.0,300.0,0.34758666666666665,0.2351835931541333,-0.504,0.822,-0.3263333333333333,0.9726934711865237,-1.638,1.569,0.013233333333333333,0.47431514019923743,-0.923,0.763,4.795833333333333,279.68539463887913,-608.75,440.87,9.835066666666664,161.15169451688126,-364.76,274.88,-14.299800000000001,293.8443540186312,-653.74,548.91,1.1561406765040243,0.342407003626995,150.0,83.76,7.183762451043334,70.0,107.0,82.0,37.0,78.25,88.0,9.75,80.0,74.0,-6.0,6.0,2.778523489932886,22.0,-0.014030845815369742
bye_bye,student1,ian_discrete,/Users/ianba/Desktop/COSMOS/final project/Cosmos-Gesture-Recognition-/data/processed/ian_discrete/sessions/student1_bye_bye_008,30.0,455467.2,52619.98936677961,345142.0,580942.0,564025.0,408163.0,-155862.0,6.9,2.022374841615669,0.0,0.0,0.0,302.0,302.0,0.4678874172185431,0.21421557326307672,-0.155,0.933,-0.30649006622516556,0.8430298743856105,-1.493,1.451,-0.00822847682119205,0.4965741951028575,-1.445,0.724,13.814238410596028,293.896962531679,-602.8,435.74,11.974006622516553,171.14189338198526,-336.31,241.95,-14.405629139072847,242.06623630946146,-516.8,347.15,1.1111084473732462,0.2855418254299253,150.0,83.16,8.165305552464076,72.0,107.0,80.0,35.0,77.0,87.0,10.0,84.0,86.0,2.0,2.0,3.1543624161073827,17.0,0.035048668829726
t_arm,student1,ian_discrete,/Users/ianba/Desktop/COSMOS/final project/Cosmos-Gesture-Recognition-/data/processed/ian_discrete/sessions/student1_t_arm_001,30.0,341463.0,48455.67456414849,294076.0,492495.0,341852.0,337660.0,-4192.0,2.9,2.314447378245327,0.0,0.0,0.0,302.0,302.0,0.6506456953642383,0.2160990168053792,0.21,0.959,0.013221854304635792,0.6575168321461452,-1.37,1.138,-0.33078145695364236,0.09524898664804753,-0.54,-0.144,0.5101324503311256,25.40254053328861,-126.04,64.52,-0.024039735099337343,17.117464559684752,-58.23,52.0,-41.48771523178808,47.13313710813239,-181.37,35.19,1.0046384589854933,0.1083148946180862,150.0,89.77333333333333,30.328436313417185,50.0,165.0,80.5,115.0,64.25,109.75,45.5,148.0,64.0,-84.0,84.0,4.751677852348993,38.0,-0.6546530956931417
t_arm,student1,ian_discrete,/Users/ianba/Desktop/COSMOS/final project/Cosmos-Gesture-Recognition-/data/processed/ian_discrete/sessions/student1_t_arm_002,31.0,313707.03225806454,23677.17118086516,274177.0,379867.0,292485.0,298823.0,6338.0,1.4838709677419355,1.6630901618903537,0.0,0.0,0.0,301.0,301.0,0.6806710963455149,0.2772299286704545,0.103,0.926,-0.3775249169435216,0.4123517474982496,-1.379,0.249,-0.3787142857142857,0.11739333079376886,-0.575,-0.079,-1.3793355481727576,22.74498833974454,-117.22,46.6,-5.290963455149502,12.66895436567654,-61.77,18.56,-34.054086378737544,25.811238703990924,-97.45,7.63,1.0015396035550144,0.08278120655502119,151.0,107.56291390728477,18.920033882612508,69.0,150.0,106.0,81.0,95.0,124.5,29.5,133.0,70.0,-63.0,63.0,4.22,32.0,-0.4033252004182648
t_arm,student1,ian_discrete,/Users/ianba/Desktop/COSMOS/final project/Cosmos-Gesture-Recognition-/data/processed/ian_discrete/sessions/student1_t_arm_003,30.0,328267.7,26710.526641694403,284319.0,408026.0,326989.0,318953.0,-8036.0,1.9333333333333333,1.6918103387266026,0.0,0.0,0.0,301.0,301.0,0.8027076411960132,0.1292981086677886,0.432,0.995,-0.18283720930232555,0.4792780042865273,-0.99,0.884,-0.2517142857142857,0.11071344335763572,-0.562,-0.021,7.189900332225915,23.529809459760987,-90.85,104.46,-12.00063122923588,9.138912091681911,-43.55,12.82,-36.02425249169435,17.00646191012015,-69.52,24.75,0.9990156761534038,0.042185727567371996,151.0,92.9205298013245,23.958720939373467,35.0,142.0,96.0,107.0,72.5,112.0,39.5,140.0,35.0,-105.0,105.0,4.366666666666666,33.0,-0.5254966887417226
t_arm,student1,ian_discrete,/Users/ianba/Desktop/COSMOS/final project/Cosmos-Gesture-Recognition-/data/processed/ian_discrete/sessions/student1_t_arm_004,31.0,340270.1612903226,23269.83988757422,303314.0,397804.0,321037.0,333261.0,12224.0,3.161290322580645,1.8156448102542309,0.0,0.0,0.0,301.0,301.0,0.717641196013289,0.21045951346487493,0.235,0.975,-0.5059036544850499,0.354628045306919,-0.999,0.394,-0.23189700996677742,0.07240023052286519,-0.442,-0.099,4.499767441860465,21.983864022381383,-104.53,55.39,-9.348837209302326,6.4660381079940095,-23.65,8.82,-33.75408637873755,11.945756843219385,-64.46,-14.19,0.9988789852438872,0.047544091244114746,150.0,104.54666666666667,18.679417185721036,59.0,139.0,104.0,80.0,90.0,119.5,29.5,116.0,71.0,-45.0,45.0,4.449664429530201,32.0,-0.38839059513756086
t_arm,student1,ian_discrete,/Users/ianba/Desktop/COSMOS/final project/Cosmos-Gesture-Recognition-/data/processed/ian_discrete/sessions/student1_t_arm_005,30.0,332841.6666666667,20914.01605516156,294806.0,379825.0,338931.0,333685.0,-5246.0,3.033333333333333,1.834545054108935,0.0,0.0,0.0,302.0,302.0,0.7459172185430464,0.13166125170379672,0.45,0.957,0.07393377483443705,0.4824015346651999,-0.915,0.83,-0.3893841059602649,0.1656507880706853,-0.683,0.032,5.990132450331126,20.712400994316045,-50.42,79.01,-9.774503311258279,12.336303458955847,-42.3,17.0,-35.62897350993377,24.510863788294056,-85.57,18.34,0.9945456018141137,0.04293992667589142,151.0,75.42384105960265,20.009809956149915,36.0,122.0,69.0,86.0,60.0,93.5,33.5,110.0,58.0,-52.0,52.0,3.64,30.0,-0.399613105611712
t_arm,student1,ian_discrete,/Users/ianba/Desktop/COSMOS/final project/Cosmos-Gesture-Recognition-/data/processed/ian_discrete/sessions/student1_t_arm_006,30.0,321832.8333333333,16214.935097173702,298065.0,378475.0,327397.0,311150.0,-16247.0,2.1333333333333333,1.5434449203720302,0.0,0.0,0.0,303.0,303.0,0.7384224422442245,0.16957596044555412,0.361,1.004,-0.13781518151815184,0.49653191180375156,-1.052,0.575,-0.32676567656765676,0.24440478221134826,-0.774,0.123,11.285478547854785,30.7502550423087,-57.71,160.28,-17.78072607260726,9.78181528980729,-39.67,8.39,-37.416666666666664,21.19187494008842,-85.21,0.82,1.001611244591885,0.05333941249129695,151.0,82.70860927152317,26.914826002031795,41.0,131.0,78.0,90.0,58.0,104.5,46.5,130.0,55.0,-75.0,75.0,3.38,39.0,-0.5952457302195897
t_arm,student1,ian_discrete,/Users/ianba/Desktop/COSMOS/final project/Cosmos-Gesture-Recognition-/data/processed/ian_discrete/sessions/student1_t_arm_007,30.0,381290.6,42316.02036628681,312987.0,472697.0,399362.0,338781.0,-60581.0,4.466666666666667,1.978776277287444,0.0,0.0,0.0,300.0,300.0,0.64697,0.1988040134571399,0.246,0.954,0.03252333333333335,0.586840099847385,-1.094,0.82,-0.4246266666666667,0.1416784644499258,-0.706,-0.145,4.0054,23.103718232642407,-40.8,102.76,-5.262366666666667,16.895407839574503,-85.42,27.25,-45.01496666666667,27.206171168791016,-92.53,11.99,1.0005331812618907,0.05335010022446347,150.0,77.14666666666666,27.050880883985137,43.0,128.0,69.0,85.0,53.0,102.0,49.0,123.0,47.0,-76.0,76.0,2.7651006711409396,15.0,-0.5994541979643535
t_arm,student1,ian_discrete,/Users/ianba/Desktop/COSMOS/final project/Cosmos-Gesture-Recognition-/data/processed/ian_discrete/sessions/student1_t_arm_008,30.0,360735.8,37274.47246610832,308826.0,466532.0,394616.0,343940.0,-50676.0,4.333333333333333,1.4681810363696826,0.0,0.0,0.0,302.0,302.0,0.6461158940397351,0.3122026794546097,0.035,1.086,-0.42959271523178805,0.547717675449599,-1.292,0.591,-0.09706291390728478,0.1017504707286207,-0.334,0.189,-0.5768211920529803,34.12299192589434,-96.07,124.82,-6.296655629139074,13.714961463826882,-46.21,33.2,-39.46076158940397,22.54242774764355,-86.92,25.91,1.0045842150063582,0.10032814699407322,150.0,95.71333333333334,21.365259597612617,56.0,124.0,100.0,68.0,75.0,116.0,41.0,124.0,63.0,-61.0,61.0,2.476510067114094,9.0,-0.4771572069869765
raise_arms,student1,ian_discrete,/Users/ianba/Desktop/COSMOS/final project/Cosmos-Gesture-Recognition-/data/processed/ian_discrete/sessions/student1_raise_arms_001,30.0,515038.1,95170.33468063109,336712.0,673711.0,336712.0,435495.0,98783.0,6.4,1.8547236990991407,0.0,0.0,0.0,300.0,300.0,-0.08963333333333329,0.653618792229504,-1.012,0.912,-0.27015999999999996,0.26580278604007646,-0.704,0.282,-0.6136566666666666,0.26133054188560173,-1.122,0.031,-23.226166666666668,29.63432141350446,-129.7,83.93,39.53766666666667,24.064402310374458,-26.73,111.0,-16.3287,23.81738461663385,-55.94,50.54,1.005986673725658,0.10838900137799852,149.0,62.23489932885906,61.20428677595475,22.0,221.0,36.0,199.0,32.0,45.0,13.0,198.0,31.0,-167.0,167.0,7.6824324324324325,152.0,-0.9669109377834204
raise_arms,student1,ian_discrete,/Users/ianba/Desktop/COSMOS/final project/Cosmos-Gesture-Recognition-/data/processed/ian_discrete/sessions/student1_raise_arms_002,30.0,488514.23333333334,73127.95020131192,386166.0,688556.0,386166.0,450814.0,64648.0,6.333333333333333,1.7384539747207062,0.0,0.0,0.0,300.0,300.0,-0.17995333333333333,0.5767195197744645,-0.966,0.882,-0.3530866666666666,0.22749374897394925,-0.7,0.207,-0.6390066666666666,0.2511268735564201,-1.004,-0.126,-17.4074,15.202762552904652,-56.64,24.38,36.042633333333335,17.964209382330807,-3.14,73.85,-15.187566666666669,10.013294683181067,-40.59,11.02,1.0038789145423253,0.07094757409986943,150.0,42.06,28.01898445577366,22.0,232.0,34.0,210.0,29.0,41.0,12.0,72.0,29.0,-43.0,43.0,6.919463087248322,74.0,-0.3762673896617623
raise_arms,student1,ian_discrete,/Users/ianba/Desktop/COSMOS/final project/Cosmos-Gesture-Recognition-/data/processed/ian_discrete/sessions/student1_raise_arms_003,31.0,471697.03225806454,55108.769139727054,374203.0,587710.0,504885.0,575576.0,70691.0,6.32258064516129,1.9073219998831592,0.0,0.0,0.0,300.0,300.0,-0.2241766666666666,0.46797077414680033,-0.994,0.665,-0.23292000000000002,0.18663179507611594,-0.611,0.125,-0.7722433333333333,0.24925208950422503,-1.206,-0.146,-16.636,27.710034199425547,-124.36,57.19,32.676033333333336,26.668466096350993,-51.85,111.79,-8.996,18.497700415637254,-49.62,32.01,1.0054554276847878,0.0766859153030537,150.0,44.626666666666665,17.692961732129138,26.0,216.0,43.0,190.0,37.0,48.0,11.0,60.0,35.0,-25.0,25.0,7.859060402684563,155.0,-0.20506155829147954
raise_arms,student1,ian_discrete,/Users/ianba/Desktop/COSMOS/final project/Cosmos-Gesture-Recognition-/data/processed/ian_discrete/sessions/student1_raise_arms_004,30.0,489221.0,61340.19885958419,399269.0,629182.0,407402.0,603348.0,195946.0,6.3,1.8284784202536637,0.0,0.0,0.0,300.0,300.0,-0.07740333333333335,0.5734948014779404,-0.944,0.858,-0.3940366666666667,0.17894617995984774,-0.675,0.064,-0.6632133333333333,0.20618341629615985,-0.969,-0.201,-15.031633333333332,25.054581157921774,-109.81,84.66,35.44,19.317473523557197,-19.9,72.42,-19.07946666666667,10.02488625283211,-49.93,10.13,0.9993439460299715,0.07648135415410376,150.0,40.5,18.948092287675873,18.0,228.0,40.0,210.0,31.0,44.75,13.75,228.0,25.0,-203.0,203.0,4.570469798657718,106.0,-0.22760656029156784
raise_arms,student1,ian_discrete,/Users/ianba/Desktop/COSMOS/final project/Cosmos-Gesture-Recognition-/data/processed/ian_discrete/sessions/student1_raise_arms_005,30.0,500064.0333333333,129422.43495223521,311488.0,916462.0,339597.0,808644.0,469047.0,6.4,2.48461935381123,0.0,0.0,0.0,301.0,301.0,-0.10998671096345514,0.5758238874213736,-0.898,0.873,-0.39511295681063124,0.2226082040040941,-0.773,0.159,-0.6490963455149502,0.21644500276634973,-1.072,-0.202,-18.72794019933555,26.22696771691937,-148.5,59.45,34.535813953488365,19.838669086279157,-11.32,85.12,-21.363355481727574,16.12807987646204,-59.91,19.41,1.0049463434927055,0.08715640382220276,151.0,55.83443708609271,44.623227204909945,23.0,227.0,41.0,204.0,32.0,49.0,17.0,154.0,24.0,-130.0,130.0,10.853333333333333,146.0,-0.6796375043569189
raise_arms,student1,ian_discrete,/Users/ianba/Desktop/COSMOS/final project/Cosmos-Gesture-Recognition-/data/processed/ian_discrete/sessions/student1_raise_arms_006,31.0,436529.5806451613,56517.99876817672,332727.0,605225.0,378833.0,384985.0,6152.0,5.612903225806452,2.104946851751671,0.0,0.0,0.0,301.0,301.0,-0.24818604651162787,0.43080308835344744,-0.881,0.539,-0.5344352159468438,0.12115710109283379,-0.789,-0.178,-0.6574750830564785,0.21407047821903574,-1.06,-0.225,-15.559900332225915,13.954817824738086,-54.51,26.4,24.18159468438538,18.440897315545595,-18.16,91.68,-17.006644518272427,13.45533525707469,-49.65,28.6,1.0101457673338554,0.0720613698860591,147.0,55.97278911564626,43.43913165114961,18.0,249.0,40.0,231.0,38.0,46.0,8.0,58.0,27.0,-31.0,31.0,9.253424657534246,130.0,-0.5790523540034307
raise_arms,student1,ian_discrete,/Users/ianba/Desktop/COSMOS/final project/Cosmos-Gesture-Recognition-/data/processed/ian_discrete/sessions/student1_raise_arms_007,30.0,448372.86666666664,53566.021281364134,352610.0,566252.0,403509.0,370889.0,-32620.0,6.2,2.1969676071045443,0.0,0.0,0.0,301.0,301.0,-0.33418936877076416,0.42720827588346466,-0.978,0.545,-0.4923222591362126,0.12434650093681177,-0.718,-0.128,-0.6366445182724253,0.22719714216254513,-1.016,-0.126,-17.276445182724252,18.645656936113056,-73.92,29.18,24.588073089701,19.551408024882896,-24.23,89.66,-16.403654485049834,11.118837533957093,-55.36,3.54,1.0017353281867865,0.07412031188955127,150.0,50.67333333333333,34.41758889079722,24.0,233.0,41.0,209.0,38.0,44.0,6.0,146.0,41.0,-105.0,105.0,6.785234899328859,140.0,-0.3883105915818477
raise_arms,student1,ian_discrete,/Users/ianba/Desktop/COSMOS/final project/Cosmos-Gesture-Recognition-/data/processed/ian_discrete/sessions/student1_raise_arms_008,30.0,476972.9666666667,74612.2849806399,350837.0,731640.0,435113.0,380168.0,-54945.0,5.866666666666666,1.910206504252587,0.0,0.0,0.0,301.0,301.0,-0.35645182724252494,0.4446492012038397,-0.854,0.567,-0.5446312292358804,0.16106037813029114,-0.848,-0.122,-0.5495747508305647,0.23523888733223938,-1.115,-0.168,-15.913421926910301,18.84289523706484,-65.55,43.67,20.555880398671096,23.711671453006637,-31.13,65.0,-16.891727574750835,19.270478644330517,-49.56,33.66,0.9973194636261142,0.10028991412157635,149.0,49.33557046979866,23.54082444142144,30.0,185.0,40.0,155.0,37.0,50.0,13.0,66.0,36.0,-30.0,30.0,7.0675675675675675,95.0,-0.32762923997823323
fist_open,student1,ian_discrete,/Users/ianba/Desktop/COSMOS/final project/Cosmos-Gesture-Recognition-/data/processed/ian_discrete/sessions/student1_fist_open_001,30.0,338077.6,30289.721404683358,287835.0,398808.0,307002.0,321042.0,14040.0,1.0333333333333334,1.4019827229875395,0.0,0.0,0.0,303.0,303.0,0.7528943894389439,0.04747751319256989,0.584,0.914,0.07035643564356438,0.07751281177931574,-0.234,0.284,-0.6473168316831683,0.06721026521073802,-0.878,-0.435,0.024785478547854754,15.75996491940611,-61.31,53.01,-0.8838613861386144,12.354176774255945,-45.84,46.14,-0.4551155115511549,10.625150928216652,-34.94,43.15,1.0013274393798515,0.03069200887880454,151.0,85.81456953642385,2.027819760267773,81.0,91.0,86.0,10.0,84.0,87.0,3.0,84.0,85.0,1.0,1.0,1.9533333333333334,6.0,-0.0035273614499833064
fist_open,student1,ian_discrete,/Users/ianba/Desktop/COSMOS/final project/Cosmos-Gesture-Recognition-/data/processed/ian_discrete/sessions/student1_fist_open_002,30.0,334858.26666666666,22668.748989057356,306990.0,406180.0,321996.0,332944.0,10948.0,1.9,1.6603212540549694,0.0,0.0,0.0,301.0,301.0,0.669734219269103,0.09610982673909589,0.265,0.968,0.03141860465116279,0.09396177309612999,-0.262,0.35,-0.7261960132890365,0.1063905772814127,-1.165,-0.372,2.1617275747508304,13.724942992173373,-65.1,34.42,-4.411760797342192,16.951145020251563,-100.07,32.41,1.5839867109634553,9.458948761933671,-26.55,40.04,1.0025108862371788,0.035334040308426594,151.0,87.94039735099338,3.3984933683020384,80.0,96.0,87.0,16.0,86.0,90.0,4.0,81.0,89.0,8.0,8.0,2.3333333333333335,11.0,-0.04243638898571
fist_open,student1,ian_discrete,/Users/ianba/Desktop/COSMOS/final project/Cosmos-Gesture-Recognition-/data/processed/ian_discrete/sessions/student1_fist_open_003,30.0,304180.3,10937.794833054786,281697.0,323943.0,291259.0,300530.0,9271.0,0.9333333333333333,0.9637888196533975,0.0,0.0,0.0,302.0,302.0,0.7504966887417218,0.04433517345099271,0.602,0.868,-0.03302649006622516,0.06003530385425244,-0.177,0.15,-0.6540894039735099,0.056031879114734284,-0.833,-0.491,0.6939403973509938,10.665133638772248,-25.06,26.06,-1.0302980132450328,9.8465101346476,-40.53,19.87,1.8670529801324505,8.01095373383656,-18.68,26.43,0.9999469832207533,0.031375544416783155,150.0,83.54,3.459506889639488,76.0,91.0,84.0,15.0,81.0,86.0,5.0,86.0,85.0,-1.0,1.0,3.0268456375838926,9.0,0.023590381794746713
fist_open,student1,ian_discrete,/Users/ianba/Desktop/COSMOS/final project/Cosmos-Gesture-Recognition-/data/processed/ian_discrete/sessions/student1_fist_open_004,30.0,350622.36666666664,38184.22607088197,296911.0,442916.0,336654.0,311147.0,-25507.0,1.8666666666666667,2.0612833111653743,0.0,0.0,0.0,300.0,300.0,0.78132,0.05237433468153398,0.488,0.984,0.029233333333333333,0.07034954789399069,-0.387,0.29,-0.61847,0.07877319192889588,-0.992,-0.22,1.8811666666666664,13.332334540715499,-80.05,34.58,-0.20589999999999994,11.103999678344135,-29.21,53.38,0.205,9.748048573945454,-31.95,49.96,1.0032622548108376,0.034392800678925736,150.0,82.84,2.5830630586767853,75.0,89.0,83.0,14.0,81.0,85.0,4.0,86.0,86.0,0.0,0.0,2.2550335570469797,8.0,0.004334414862883013
fist_open,student1,ian_discrete,/Users/ianba/Desktop/COSMOS/final project/Cosmos-Gesture-Recognition-/data/processed/ian_discrete/sessions/student1_fist_open_005,30.0,318773.8333333333,17063.064123193766,286654.0,350318.0,341628.0,308263.0,-33365.0,1.4333333333333333,1.430229196861662,0.0,0.0,0.0,301.0,301.0,0.7405382059800664,0.051626785221077054,0.642,0.893,-0.0731827242524917,0.0980053722536938,-0.295,0.216,-0.6572757475083056,0.06556217694958077,-0.868,-0.38,3.4259468438538208,14.93164203086982,-45.23,55.18,-2.97578073089701,8.918457873177514,-31.4,24.63,0.1487707641196016,9.843215456117845,-21.49,31.53,1.000757631183846,0.028581366732672902,150.0,83.34666666666666,1.893069900065087,78.0,88.0,83.0,10.0,82.0,84.75,2.75,84.0,85.0,1.0,1.0,2.1677852348993287,6.0,-0.010620916485176981
fist_open,student1,ian_discrete,/Users/ianba/Desktop/COSMOS/final project/Cosmos-Gesture-Recognition-/data/processed/ian_discrete/sessions/student1_fist_open_006,30.0,308327.5333333333,13326.316747282008,287232.0,351393.0,320756.0,287232.0,-33524.0,0.8,1.1372481406154655,0.0,0.0,0.0,302.0,302.0,0.7452019867549668,0.04047183137844954,0.617,0.849,-0.013056291390728477,0.06098925220282228,-0.187,0.134,-0.66291059602649,0.049113080293707326,-0.847,-0.489,1.2734768211920535,12.884553235712128,-35.68,53.16,0.28182119205298006,7.71840097239556,-28.23,21.58,-0.3725165562913908,6.855361146460585,-24.78,23.71,1.0010357713870506,0.02537840049096277,151.0,80.50993377483444,2.3490921641317075,75.0,86.0,80.0,11.0,79.0,82.0,3.0,77.0,80.0,3.0,3.0,2.486666666666667,6.0,-0.001387242941792318
fist_open,student1,ian_discrete,/Users/ianba/Desktop/COSMOS/final project/Cosmos-Gesture-Recognition-/data/processed/ian_discrete/sessions/student1_fist_open_007,30.0,329925.3333333333,19454.654348567135,297265.0,386127.0,306248.0,347315.0,41067.0,0.4666666666666667,0.9910712498212335,0.0,0.0,0.0,302.0,302.0,0.7360132450331126,0.041374719023069786,0.573,0.855,-0.010029801324503314,0.06465933991086571,-0.219,0.145,-0.6717218543046357,0.04948311089767116,-0.881,-0.533,1.6877814569536425,10.46802036566991,-37.17,27.16,-0.4115894039735099,10.73323131342269,-48.4,26.92,-0.27900662251655606,8.14331633918001,-33.66,30.12,1.0003520531019499,0.025756340190556382,151.0,81.19867549668874,2.1970278940716517,75.0,86.0,81.0,11.0,80.0,83.0,3.0,85.0,78.0,-7.0,7.0,2.1666666666666665,7.0,-0.018100383408853876
fist_open,student1,ian_discrete,/Users/ianba/Desktop/COSMOS/final project/Cosmos-Gesture-Recognition-/data/processed/ian_discrete/sessions/student1_fist_open_008,30.0,330344.1,25350.9998190078,300692.0,398211.0,334831.0,303201.0,-31630.0,2.3,1.676305461424021,0.0,0.0,0.0,301.0,301.0,0.7893156146179402,0.05018355068651445,0.589,0.922,0.0866843853820598,0.08474427070494663,-0.293,0.323,-0.6008471760797343,0.07431460845776862,-0.828,-0.401,2.347475083056479,16.72812008559887,-64.06,45.35,0.1858471760797343,13.529845280668864,-46.6,45.41,-1.4180066445182722,10.838313056632805,-34.15,25.18,1.0027071216606316,0.03676575213232594,150.0,81.33333333333333,2.384701426773294,75.0,86.0,81.0,11.0,80.0,83.0,3.0,83.0,80.0,-3.0,3.0,2.248322147651007,8.0,-0.026159384861549326
one_arm_boxing,student1,ian_periodic,/Users/ianba/Desktop/COSMOS/final project/Cosmos-Gesture-Recognition-/data/processed/ian_periodic/sessions/student1_one_arm_boxing_001_seg000,30.0,540506.5666666667,90622.68477325213,355230.0,718510.0,495563.0,638200.0,142637.0,8.066666666666666,1.8961950204437188,0.0,0.0,0.0,300.0,300.0,0.18995333333333334,0.5565925599774239,-1.225,2.026,-0.3370666666666667,0.3717049845718451,-1.436,0.592,-0.8707566666666666,0.2625385891424133,-2.022,-0.331,8.05733333333333,85.2716649785978,-189.06,279.46,8.644899999999998,60.58878225923234,-225.01,114.6,4.745566666666667,93.04863179727876,-146.55,268.14,1.1274550712262486,0.39197554222112907,150.0,65.17333333333333,9.661899619151468,43.0,83.0,65.0,40.0,58.0,74.0,16.0,79.0,64.0,-15.0,15.0,2.825503355704698,11.0,0.06452197875461148
one_arm_boxing,student1,ian_periodic,/Users/ianba/Desktop/COSMOS/final project/Cosmos-Gesture-Recognition-/data/processed/ian_periodic/sessions/student1_one_arm_boxing_001_seg001,30.0,548572.7666666667,103500.05376638968,382527.0,836985.0,446342.0,528448.0,82106.0,8.4,2.0428737928059415,0.0,0.0,0.0,299.0,299.0,0.37704347826086954,0.5414710127434463,-0.878,1.443,-0.3406086956521739,0.28920605896102913,-1.203,0.454,-0.8268193979933111,0.18668061763783692,-1.295,-0.473,-2.807725752508361,56.29195304930706,-192.54,181.59,-0.3574581939799327,51.803185516526135,-124.73,118.53,-9.61732441471572,75.49890557269039,-119.3,211.58,1.1290011259066608,0.2807908435744854,150.0,66.78666666666666,9.279107416767065,49.0,84.0,64.5,35.0,60.0,75.0,15.0,63.0,65.0,2.0,2.0,2.3221476510067114,12.0,-0.043888172807679995
one_arm_boxing,student1,ian_periodic,/Users/ianba/Desktop/COSMOS/final project/Cosmos-Gesture-Recognition-/data/processed/ian_periodic/sessions/student1_one_arm_boxing_001_seg002,30.0,530877.4,98272.07053128914,368593.0,779211.0,652748.0,506657.0,-146091.0,8.033333333333333,2.258071940591993,0.0,0.0,0.0,300.0,300.0,0.12200666666666668,0.6316171888801704,-1.241,1.284,-0.36916,0.44802563289764274,-1.418,1.443,-0.8579066666666665,0.20209587977547247,-1.731,-0.415,2.043499999999999,68.66212049898158,-133.79,253.82,-1.4314000000000007,63.85997841663692,-190.86,140.69,3.352033333333334,82.46649706112309,-123.08,229.16,1.183209164739804,0.357343866803953,150.0,64.48666666666666,9.115763076414634,46.0,79.0,67.0,33.0,56.0,72.0,16.0,67.0,70.0,3.0,3.0,2.704697986577181,11.0,0.01936263833948203
one_arm_boxing,student1,ian_periodic,/Users/ianba/Desktop/COSMOS/final project/Cosmos-Gesture-Recognition-/data/processed/ian_periodic/sessions/student1_one_arm_boxing_002_seg000,30.0,568377.4333333333,105453.20149926959,374810.0,845117.0,374810.0,701485.0,326675.0,8.866666666666667,2.6674998698323407,0.0,0.0,0.0,300.0,300.0,0.16883000000000004,0.5563048155163378,-1.051,1.186,-0.48518333333333336,0.2683217528557004,-1.497,0.109,-0.8115966666666666,0.1605287741254577,-1.326,-0.241,-4.451600000000001,62.64816203827,-146.7,303.9,-3.9538,50.65253175863967,-147.86,101.41,-5.329433333333335,83.26936734885697,-136.3,172.49,1.1266867918001517,0.24579169334299034,150.0,60.6,9.011551125709445,37.0,79.0,60.0,42.0,54.0,68.0,14.0,59.0,79.0,20.0,20.0,3.7181208053691277,26.0,-0.0013618383039245361
one_arm_boxing,student1,ian_periodic,/Users/ianba/Desktop/COSMOS/final project/Cosmos-Gesture-Recognition-/data/processed/ian_periodic/sessions/student1_one_arm_boxing_002_seg001,30.0,588587.3666666667,118138.9402679414,386905.0,826942.0,659934.0,386905.0,-273029.0,8.966666666666667,2.1522597943143906,0.0,0.0,0.0,300.0,300.0,0.14646,0.5249448050985932,-1.061,0.882,-0.44455666666666666,0.3545085614230243,-1.721,0.112,-0.8025933333333334,0.17156402484851602,-1.303,-0.308,7.651700000000001,61.94857061124709,-172.31,243.54,2.3682333333333343,48.51252312422936,-149.78,106.75,-3.2340333333333344,77.7880262212565,-140.32,172.15,1.1095137088590075,0.25078702754979776,150.0,64.06,10.282081892967556,38.0,85.0,65.5,47.0,55.0,72.0,17.0,77.0,69.0,-8.0,8.0,3.1140939597315436,24.0,-0.11884794879772423
one_arm_boxing,student1,ian_periodic,/Users/ianba/Desktop/COSMOS/final project/Cosmos-Gesture-Recognition-/data/processed/ian_periodic/sessions/student1_one_arm_boxing_002_seg002,30.0,547308.9,88234.51603476952,361575.0,713417.0,577238.0,672795.0,95557.0,9.066666666666666,2.1898756940875788,0.0,0.0,0.0,300.0,300.0,0.2687800000000001,0.5541976647370502,-1.373,1.226,-0.6393566666666666,0.3869463995467876,-1.97,0.251,-0.7009166666666666,0.24309698281870049,-1.354,-0.136,0.8085666666666664,68.94007317672518,-147.31,237.77,8.652199999999999,58.13245327548689,-108.8,147.53,3.7905666666666655,70.15054875061365,-117.56,146.98,1.182989211083517,0.2979916885753669,150.0,60.093333333333334,6.817217313652689,46.0,77.0,60.0,31.0,55.0,65.0,10.0,61.0,62.0,1.0,1.0,3.040268456375839,12.0,0.039834659318192224
one_arm_boxing,student1,ian_periodic,/Users/ianba/Desktop/COSMOS/final project/Cosmos-Gesture-Recognition-/data/processed/ian_periodic/sessions/student1_one_arm_boxing_003_seg000,30.0,616179.1,107137.10480294241,398443.0,887455.0,651282.0,781272.0,129990.0,9.5,2.187083293643233,0.0,0.0,0.0,300.0,300.0,0.16134666666666667,0.5897702884645475,-1.455,1.122,-0.6227533333333333,0.41617676431482276,-1.939,0.26,-0.7246833333333333,0.25685267448264754,-1.489,-0.165,2.771866666666668,81.70306169609285,-212.59,222.45,2.2233,61.32813965962117,-174.75,144.17,4.5657000000000005,92.03006629272487,-166.05,199.5,1.1792401401129264,0.3679924935100973,150.0,62.03333333333333,8.186104339095568,38.0,77.0,63.0,39.0,57.0,68.0,11.0,69.0,48.0,-21.0,21.0,3.4563758389261743,14.0,0.007547002088981791
one_arm_boxing,student1,ian_periodic,/Users/ianba/Desktop/COSMOS/final project/Cosmos-Gesture-Recognition-/data/processed/ian_periodic/sessions/student1_one_arm_boxing_003_seg001,30.0,587349.6666666666,108021.19078197368,426066.0,792207.0,478719.0,621908.0,143189.0,8.6,1.9765289440498126,0.0,0.0,0.0,300.0,300.0,0.18713666666666665,0.6084974867016479,-1.553,1.18,-0.34964666666666666,0.2849339019648046,-1.09,0.556,-0.8744299999999998,0.1618623440869844,-1.355,-0.547,4.146333333333332,64.01971890406546,-191.2,274.39,2.664099999999999,60.37927174279266,-202.89,120.98,-9.1669,94.66752135442228,-163.18,225.99,1.1602469244950497,0.2310492606922701,150.0,60.78666666666667,10.71196199367394,40.0,84.0,62.0,44.0,51.0,69.0,18.0,53.0,54.0,1.0,1.0,3.791946308724832,24.0,-0.01593670829814611
one_arm_boxing,student1,ian_periodic,/Users/ianba/Desktop/COSMOS/final project/Cosmos-Gesture-Recognition-/data/processed/ian_periodic/sessions/student1_one_arm_boxing_003_seg002,30.0,570402.4,88756.5351913499,386383.0,742249.0,584712.0,568199.0,-16513.0,9.166666666666666,1.9507833184532706,0.0,0.0,0.0,300.0,300.0,-0.040703333333333355,0.5925065867331959,-1.27,1.786,-0.45784,0.3339691917926962,-1.224,0.244,-0.8247033333333333,0.2610849708215486,-1.492,-0.246,-2.6114666666666637,68.24853810777847,-187.54,150.12,-5.252733333333334,69.19006165046795,-218.67,154.33,2.261566666666666,89.10015220270701,-184.09,200.14,1.1281080946867728,0.3867127875252028,150.0,68.58,11.39543650565271,51.0,90.0,68.0,39.0,58.0,79.0,21.0,58.0,82.0,24.0,24.0,2.791946308724832,13.0,0.07348059913773962
clapping,student1,ian_periodic,/Users/ianba/Desktop/COSMOS/final project/Cosmos-Gesture-Recognition-/data/processed/ian_periodic/sessions/student1_clapping_001_seg000,30.0,483248.0333333333,69954.07046602474,399608.0,663826.0,416526.0,585437.0,168911.0,7.633333333333334,1.87053171287976,0.0,0.0,0.0,300.0,300.0,0.56297,0.35226473345104153,-0.047,1.272,-0.7750533333333334,0.3132522793035813,-1.581,-0.013,0.06141333333333334,1.2574907988353456,-2.462,2.406,0.05183333333333394,90.28227052032727,-160.1,265.42,2.1994666666666673,135.49408232483398,-277.23,190.74,1.5488999999999995,53.86487260843873,-107.64,98.57,1.570344517751137,0.5088547195113244,147.0,26.94557823129252,12.285854608643566,1.0,67.0,26.0,66.0,18.0,35.5,17.5,11.0,26.0,15.0,15.0,9.226027397260275,54.0,0.02389137809881446
clapping,student1,ian_periodic,/Users/ianba/Desktop/COSMOS/final project/Cosmos-Gesture-Recognition-/data/processed/ian_periodic/sessions/student1_clapping_001_seg001,30.0,454418.9666666667,75835.58790281483,352244.0,700168.0,700168.0,414221.0,-285947.0,6.433333333333334,1.6058919293927874,0.0,0.0,0.0,300.0,300.0,0.6182866666666667,0.26833201664273226,-0.46,1.566,-0.7588566666666667,0.3013670344539289,-2.334,0.345,-0.0036666666666666653,1.0300900974618137,-4.0,1.522,-0.7124999999999992,96.94961516212085,-295.82,274.36,0.4559999999999991,105.80317317862762,-203.47,138.16,1.5490333333333337,32.856275160140854,-95.52,80.48,1.373058304528751,0.5447714649569109,141.0,22.80141843971631,11.708494997928415,2.0,50.0,21.0,48.0,13.0,32.0,19.0,14.0,12.0,-2.0,2.0,6.4714285714285715,40.0,0.0031765058435719883
clapping,student1,ian_periodic,/Users/ianba/Desktop/COSMOS/final project/Cosmos-Gesture-Recognition-/data/processed/ian_periodic/sessions/student1_clapping_001_seg002,30.0,418968.93333333335,56856.918986718076,325920.0,572040.0,375894.0,428476.0,52582.0,5.633333333333334,1.9576062480034695,0.0,0.0,0.0,300.0,300.0,0.6186833333333334,0.3053389751116326,-0.849,1.79,-0.7685700000000001,0.27297321926030277,-2.03,0.232,-0.006423333333333335,0.8430770372800394,-4.0,1.196,-1.9773333333333332,85.32370607802318,-351.39,296.33,-3.3529666666666667,102.72481686297728,-252.27,144.23,1.596666666666666,49.54973317340423,-103.37,101.9,1.2491001546769496,0.5401704671546012,145.0,21.53793103448276,11.359663464336807,1.0,55.0,20.0,54.0,13.0,28.0,15.0,12.0,17.0,5.0,5.0,4.645833333333333,18.0,-0.10380255077940499
clapping,student1,ian_periodic,/Users/ianba/Desktop/COSMOS/final project/Cosmos-Gesture-Recognition-/data/processed/ian_periodic/sessions/student1_clapping_002_seg000,30.0,456570.43333333335,66485.85138292373,337054.0,705668.0,467991.0,419091.0,-48900.0,6.466666666666667,2.0773915267843845,0.0,0.0,0.0,300.0,300.0,0.16634666666666664,0.7568622682863478,-2.041,2.143,-0.7926666666666667,0.4228624388878991,-3.33,0.447,0.12513,0.844474799170072,-4.0,1.526,16.723399999999998,118.49336551796195,-463.24,435.41,-5.947299999999999,110.04766662243836,-281.84,291.73,-26.395566666666667,89.20709990809152,-252.91,154.39,1.3271500107292937,0.6124645668835886,139.0,29.431654676258994,26.581580840797063,1.0,200.0,24.0,199.0,17.0,32.0,15.0,30.0,36.0,6.0,6.0,10.27536231884058,162.0,-0.3020376245587383
clapping,student1,ian_periodic,/Users/ianba/Desktop/COSMOS/final project/Cosmos-Gesture-Recognition-/data/processed/ian_periodic/sessions/student1_clapping_002_seg001,30.0,388190.63333333336,46304.278789677985,329773.0,555403.0,341350.0,419895.0,78545.0,4.4,1.9933221850301406,0.0,0.0,0.0,300.0,300.0,0.74101,0.513752868507807,-1.759,3.121,-0.6323633333333334,0.42304122492836194,-2.824,1.648,0.13741666666666666,0.8816296556503882,-4.0,2.71,-4.529966666666665,99.81038975476896,-573.96,367.02,-0.3668333333333328,95.85185195379493,-295.3,312.6,-7.869933333333333,38.79368536238283,-262.76,92.5,1.31999590428315,0.6675702929347914,147.0,17.952380952380953,8.57308094531815,1.0,50.0,16.0,49.0,12.0,23.5,11.5,1.0,36.0,35.0,35.0,5.554794520547945,42.0,0.014903777134696877
clapping,student1,ian_periodic,/Users/ianba/Desktop/COSMOS/final project/Cosmos-Gesture-Recognition-/data/processed/ian_periodic/sessions/student1_clapping_002_seg002,30.0,399236.13333333336,59523.620259934534,311212.0,589531.0,589531.0,350353.0,-239178.0,5.666666666666667,2.507765716507204,0.0,0.0,0.0,300.0,300.0,0.8562833333333333,0.37905977064603175,-1.097,2.336,-0.3082066666666667,0.5635223958479576,-3.613,2.337,-0.027830000000000018,0.9161513963859903,-4.0,2.603,-1.4107666666666656,96.08712111626731,-557.94,420.97,2.5576999999999996,103.54828020643318,-362.71,255.38,1.3315333333333337,41.044760855057845,-233.19,78.77,1.3131361694705852,0.6365827417506581,146.0,15.712328767123287,6.327781006836211,3.0,36.0,15.0,33.0,12.0,19.0,7.0,4.0,16.0,12.0,12.0,4.068965517241379,27.0,0.041101674491241864
clapping,student1,ian_periodic,/Users/ianba/Desktop/COSMOS/final project/Cosmos-Gesture-Recognition-/data/processed/ian_periodic/sessions/student1_clapping_003_seg000,30.0,394285.1,48276.898033013684,322375.0,576301.0,407720.0,381044.0,-26676.0,4.533333333333333,2.291045370325277,0.0,0.0,0.0,300.0,300.0,0.8167366666666667,0.4734217717732137,-1.5,2.683,-0.39183666666666667,0.6353517791918287,-3.787,2.989,0.03308,0.943899334463162,-3.852,2.197,0.08926666666666772,97.11232172830708,-694.69,225.1,1.540400000000001,123.589018942515,-329.57,219.55,3.4464,56.19543558309103,-316.87,85.36,1.3676754664173605,0.6854917008202133,148.0,18.256756756756758,6.625164992551164,5.0,44.0,17.0,39.0,14.0,22.0,8.0,17.0,25.0,8.0,8.0,4.639455782312925,38.0,-0.005449086944772423
clapping,student1,ian_periodic,/Users/ianba/Desktop/COSMOS/final project/Cosmos-Gesture-Recognition-/data/processed/ian_periodic/sessions/student1_clapping_003_seg001,30.0,392725.13333333336,50522.30133827591,320842.0,533131.0,362635.0,352348.0,-10287.0,5.5,2.1095023109728985,0.0,0.0,0.0,300.0,300.0,0.8048766666666668,0.6028824330847783,-1.845,3.555,-0.39142666666666664,0.6548968249189248,-3.682,3.573,0.02982666666666666,1.0432260077705544,-4.0,4.0,4.232966666666669,113.05780621227453,-573.14,492.78,-5.591099999999999,144.10528975413544,-488.14,587.79,0.21653333333333383,63.394414501454484,-424.02,143.5,1.399693355759634,0.8505686371534054,148.0,20.04054054054054,11.832089641481744,4.0,59.0,17.0,55.0,10.0,28.0,18.0,22.0,8.0,-14.0,14.0,5.619047619047619,35.0,-0.006263488526192307
clapping,student1,ian_periodic,/Users/ianba/Desktop/COSMOS/final project/Cosmos-Gesture-Recognition-/data/processed/ian_periodic/sessions/student1_clapping_003_seg002,30.0,388923.3,47739.64726803777,329174.0,556487.0,372530.0,423272.0,50742.0,4.933333333333334,1.948218559493661,0.0,0.0,0.0,300.0,300.0,0.7690633333333333,0.6142462692782287,-1.666,3.61,-0.4750533333333333,0.5488597426989481,-2.661,2.758,0.05274000000000001,1.1372910060314378,-3.764,4.0,-4.321766666666668,123.89325356886422,-636.83,562.76,5.956933333333334,141.70414065437734,-467.02,431.65,3.3131333333333335,41.07072475842401,-202.03,125.1,1.4708668417484752,0.7927437483269945,143.0,16.04895104895105,6.857019300008241,1.0,29.0,17.0,28.0,11.0,21.0,10.0,4.0,28.0,24.0,24.0,3.6338028169014085,16.0,0.01066187333792968
two_arm_boxing,student1,ian_periodic,/Users/ianba/Desktop/COSMOS/final project/Cosmos-Gesture-Recognition-/data/processed/ian_periodic/sessions/student1_two_arm_boxing_001_seg000,30.0,588590.3333333334,58737.909113469665,478164.0,694150.0,591170.0,551756.0,-39414.0,9.266666666666667,1.9988885800753267,0.0,0.0,0.0,300.0,300.0,0.19809666666666664,0.6356769520143248,-1.331,1.199,-0.5271566666666666,0.3609991949975635,-2.169,0.196,-0.7431800000000001,0.17644869207033906,-1.261,-0.427,1.7000000000000008,66.31309038191479,-202.95,181.4,-2.1035666666666653,49.00075521471299,-92.62,117.95,-1.222666666666665,84.27500060845776,-156.62,173.1,1.152970977262412,0.32503942159461,150.0,52.346666666666664,13.094897139580626,19.0,100.0,51.0,81.0,44.0,60.0,16.0,36.0,43.0,7.0,7.0,6.718120805369128,41.0,0.01989777323436604
two_arm_boxing,student1,ian_periodic,/Users/ianba/Desktop/COSMOS/final project/Cosmos-Gesture-Recognition-/data/processed/ian_periodic/sessions/student1_two_arm_boxing_001_seg001,30.0,622803.8,98803.76073456585,386104.0,852990.0,664106.0,754102.0,89996.0,9.4,2.2597935008904395,0.0,0.0,0.0,300.0,300.0,0.2661233333333333,0.5251345238338669,-1.042,0.886,-0.6974633333333333,0.31533210322170213,-1.683,0.005,-0.6170366666666667,0.20617043593967482,-1.305,-0.07,2.8484,51.09120933624493,-162.91,133.7,1.3334666666666681,60.643362631994236,-126.8,123.54,-1.9908000000000008,96.30461127083515,-169.74,192.63,1.132284742770317,0.27138366069009545,150.0,51.85333333333333,13.331290671272932,27.0,77.0,50.0,50.0,40.0,62.0,22.0,40.0,48.0,8.0,8.0,4.845637583892618,16.0,0.08452997911018265
two_arm_boxing,student1,ian_periodic,/Users/ianba/Desktop/COSMOS/final project/Cosmos-Gesture-Recognition-/data/processed/ian_periodic/sessions/student1_two_arm_boxing_001_seg002,30.0,628526.9333333333,98630.52141466601,378316.0,795771.0,751384.0,723579.0,-27805.0,9.033333333333333,2.651833747093174,0.0,0.0,0.0,300.0,300.0,0.18842333333333333,0.5868798208511026,-1.386,1.147,-0.6394433333333334,0.3295800865579648,-1.193,0.191,-0.6481633333333333,0.21440378569937196,-1.383,-0.251,5.432633333333334,57.03756089980434,-188.54,138.95,-0.3883333333333318,69.33739672948663,-190.8,168.83,-0.5252999999999982,95.84146196146008,-150.94,214.7,1.1412995346333352,0.24690514152686055,150.0,50.25333333333333,12.113106034688471,28.0,81.0,49.0,53.0,41.0,59.0,18.0,37.0,36.0,-1.0,1.0,3.6577181208053693,16.0,-0.011125827814569247
two_arm_boxing,student1,ian_periodic,/Users/ianba/Desktop/COSMOS/final project/Cosmos-Gesture-Recognition-/data/processed/ian_periodic/sessions/student1_two_arm_boxing_002_seg000,30.0,595323.5666666667,99727.19009768043,411838.0,891026.0,558432.0,652964.0,94532.0,8.533333333333333,2.171532996653644,0.0,0.0,0.0,299.0,299.0,0.07674916387959868,0.5081785369095738,-1.371,0.852,-0.7169030100334448,0.3637857163896539,-2.154,-0.029,-0.64976254180602,0.2589897671076001,-1.46,-0.188,8.405752508361205,64.02108140735761,-140.17,180.85,3.373712374581938,86.81166658605883,-165.26,189.31,11.550936454849499,107.95589767710798,-182.65,240.24,1.1286941515040627,0.3546017559701484,149.0,58.147651006711406,17.641082211902717,15.0,107.0,55.0,92.0,45.0,71.0,26.0,48.0,41.0,-7.0,7.0,8.641891891891891,64.0,0.05985851623435504
two_arm_boxing,student1,ian_periodic,/Users/ianba/Desktop/COSMOS/final project/Cosmos-Gesture-Recognition-/data/processed/ian_periodic/sessions/student1_two_arm_boxing_002_seg001,30.0,624241.2666666667,90479.78702595527,401255.0,802454.0,796430.0,569782.0,-226648.0,8.8,1.9561867668161614,0.0,0.0,0.0,300.0,300.0,0.1649,0.536176435513535,-1.272,1.105,-0.7373133333333334,0.5091292519150274,-3.315,0.346,-0.5569066666666667,0.2633530797659716,-1.651,-0.098,8.714066666666666,87.4715978444559,-238.01,293.44,11.789000000000001,92.30816837636851,-323.28,213.32,-1.617800000000002,117.02318733122937,-209.39,183.57,1.1403153817836411,0.44351035696395547,150.0,57.12,13.293243982206517,36.0,103.0,55.0,67.0,46.0,66.0,20.0,41.0,70.0,29.0,29.0,5.778523489932886,44.0,0.06256278056802535
two_arm_boxing,student1,ian_periodic,/Users/ianba/Desktop/COSMOS/final project/Cosmos-Gesture-Recognition-/data/processed/ian_periodic/sessions/student1_two_arm_boxing_002_seg002,30.0,607973.0333333333,76903.8183046344,466221.0,760616.0,586937.0,532690.0,-54247.0,9.1,1.7953644012660308,0.0,0.0,0.0,301.0,301.0,0.15648504983388706,0.5298582183037904,-1.245,1.062,-0.7060199335548173,0.3616082656807411,-1.879,0.407,-0.5948837209302326,0.29421241750148536,-1.377,0.207,10.840398671096345,82.75271940312189,-471.54,213.54,-2.9009634551495003,75.14221116261686,-212.59,216.65,-1.002126245847175,95.35634127171747,-183.78,191.99,1.1391443238115733,0.27795644313220025,149.0,62.13422818791946,16.812823981856106,32.0,122.0,59.0,90.0,49.0,73.0,24.0,63.0,65.0,2.0,2.0,6.797297297297297,34.0,0.02541991656085575
two_arm_boxing,student1,ian_periodic,/Users/ianba/Desktop/COSMOS/final project/Cosmos-Gesture-Recognition-/data/processed/ian_periodic/sessions/student1_two_arm_boxing_003_seg000,30.0,626399.1,94710.12677721778,450839.0,793170.0,752947.0,696362.0,-56585.0,9.733333333333333,1.7876116903722563,0.0,0.0,0.0,300.0,300.0,0.1785233333333333,0.49382955506485793,-1.299,0.886,-0.7331833333333332,0.4247915289357305,-1.779,0.449,-0.5323333333333333,0.2185176931560056,-0.984,0.082,9.984066666666665,75.97908323652123,-206.43,295.27,-3.8889666666666685,96.22727993280053,-194.89,194.98,8.098933333333335,97.94290613173007,-185.49,236.43,1.1184519725398874,0.27191505742597033,150.0,51.586666666666666,16.5055153144088,24.0,107.0,49.0,83.0,38.25,62.75,24.5,46.0,70.0,24.0,24.0,7.422818791946309,77.0,0.09250188897284324
two_arm_boxing,student1,ian_periodic,/Users/ianba/Desktop/COSMOS/final project/Cosmos-Gesture-Recognition-/data/processed/ian_periodic/sessions/student1_two_arm_boxing_003_seg001,30.0,607821.6666666666,103618.3266851102,400134.0,788734.0,400134.0,590575.0,190441.0,8.733333333333333,1.6719914938645934,0.0,0.0,0.0,299.0,299.0,0.11383277591973247,0.36374893781543816,-0.806,0.673,-0.8289464882943144,0.2588827109060444,-1.425,-0.24,-0.5555886287625419,0.17260499108547828,-0.946,-0.039,10.060334448160535,57.606546020133415,-176.27,177.68,12.966856187290968,95.38532039736029,-148.17,178.78,-0.11966555183946707,83.41513928194694,-145.76,139.04,1.09663486067233,0.18790135394144597,150.0,55.913333333333334,13.748428423508306,29.0,96.0,55.5,67.0,45.0,66.0,21.0,69.0,40.0,-29.0,29.0,4.503355704697986,41.0,-0.004809102626783111
two_arm_boxing,student1,ian_periodic,/Users/ianba/Desktop/COSMOS/final project/Cosmos-Gesture-Recognition-/data/processed/ian_periodic/sessions/student1_two_arm_boxing_003_seg002,30.0,567395.3666666667,58615.05293948722,436846.0,659549.0,525630.0,496268.0,-29362.0,8.466666666666667,1.8208667044996885,0.0,0.0,0.0,301.0,301.0,0.017458471760797352,0.41606131644209,-1.093,0.646,-0.7768671096345514,0.2727440397951993,-1.475,-0.123,-0.5898305647840532,0.18144160953443159,-1.251,-0.162,0.4352159468438523,62.99227247104459,-248.73,131.41,5.97348837209302,91.97716682994654,-201.88,175.66,12.302591362126245,78.60409711745496,-113.25,155.98,1.0825910601747346,0.24523740294897795,150.0,51.68666666666667,13.91592042098944,21.0,91.0,49.0,70.0,41.25,57.75,16.5,44.0,83.0,39.0,39.0,4.852348993288591,37.0,-0.07046890972932106
soli,student1,ian_periodic,/Users/ianba/Desktop/COSMOS/final project/Cosmos-Gesture-Recognition-/data/processed/ian_periodic/sessions/student1_soli_001_seg000,30.0,339890.1666666667,24009.961327309316,300354.0,385881.0,353176.0,337613.0,-15563.0,1.2666666666666666,1.4360439485692011,0.0,0.0,0.0,300.0,300.0,0.11247666666666667,0.05709754334080894,-0.038,0.353,-0.9926433333333333,0.11007713714583162,-1.542,-0.672,0.117,0.12935844257978166,-0.328,0.613,5.508966666666667,46.88085226684297,-129.25,192.45,4.103633333333333,21.845886152749422,-45.53,84.6,1.2093333333333331,19.80284444776109,-62.26,49.71,1.0158335442432291,0.10896655629246621,145.0,70.48275862068965,1.897013179667294,67.0,76.0,70.0,9.0,69.0,72.0,3.0,69.0,73.0,4.0,4.0,1.5,6.0,0.01548181388757658
soli,student1,ian_periodic,/Users/ianba/Desktop/COSMOS/final project/Cosmos-Gesture-Recognition-/data/processed/ian_periodic/sessions/student1_soli_001_seg001,30.0,313192.23333333334,19017.41278176982,272358.0,374062.0,327987.0,286146.0,-41841.0,0.8666666666666667,1.359738536958076,0.0,0.0,0.0,300.0,300.0,0.10446333333333334,0.0585754953504924,-0.077,0.262,-0.9958600000000001,0.0914107965906289,-1.335,-0.705,0.10929666666666667,0.10238604391658508,-0.132,0.454,-1.5939999999999999,36.167517535306,-97.9,84.14,-2.216133333333333,20.407989163941544,-59.45,73.09,-0.41546666666666654,18.710157672119056,-74.01,43.15,1.0143215720408323,0.0895386052267288,150.0,68.70666666666666,1.781887494345699,64.0,73.0,69.0,9.0,68.0,70.0,2.0,71.0,67.0,-4.0,4.0,1.610738255033557,7.0,-9.955998044344532e-05
soli,student1,ian_periodic,/Users/ianba/Desktop/COSMOS/final project/Cosmos-Gesture-Recognition-/data/processed/ian_periodic/sessions/student1_soli_001_seg002,30.0,317768.13333333336,17778.683179083375,282501.0,354631.0,294008.0,298088.0,4080.0,2.066666666666667,1.7688665548562132,0.0,0.0,0.0,300.0,300.0,0.14678000000000002,0.07935644229256585,-0.085,0.423,-0.98201,0.10767901327556822,-1.296,-0.589,0.09231333333333333,0.13110375721372577,-0.328,0.642,1.0278333333333332,43.9870732561157,-140.42,158.97,-0.4914666666666668,31.88929517119429,-129.98,97.05,-1.267166666666666,21.22052904553094,-85.54,45.44,1.0086566223778404,0.11000903659848442,150.0,68.72666666666667,2.0428190374300903,63.0,75.0,69.0,12.0,67.0,70.0,3.0,68.0,66.0,-2.0,2.0,1.7181208053691275,8.0,0.006992310769367257
soli,student1,ian_periodic,/Users/ianba/Desktop/COSMOS/final project/Cosmos-Gesture-Recognition-/data/processed/ian_periodic/sessions/student1_soli_002_seg000,30.0,335055.63333333336,29636.826064299727,292131.0,413821.0,307845.0,318552.0,10707.0,2.6333333333333333,2.213343373471204,0.0,0.0,0.0,300.0,300.0,0.20055000000000003,0.07974560071460578,0.002,0.41,-0.9825266666666667,0.13129519903213857,-1.392,-0.698,-0.06507,0.15705953786170815,-0.509,0.325,2.2558333333333342,63.22196331159151,-258.06,173.65,2.6484666666666667,27.81878870443899,-98.21,53.47,1.7210666666666672,29.512430819270417,-75.72,73.79,1.0215926330836185,0.12011260839706281,150.0,69.38,2.178818102125015,64.0,75.0,69.0,11.0,68.0,71.0,3.0,68.0,73.0,5.0,5.0,1.3624161073825503,7.0,0.027394995333126088
soli,student1,ian_periodic,/Users/ianba/Desktop/COSMOS/final project/Cosmos-Gesture-Recognition-/data/processed/ian_periodic/sessions/student1_soli_002_seg001,30.0,337612.06666666665,27842.68543793065,296489.0,395925.0,381924.0,298804.0,-83120.0,1.7333333333333334,1.9310331143946984,0.0,0.0,0.0,300.0,300.0,0.24804333333333337,0.09794928001550372,-0.092,0.585,-0.9589366666666668,0.13079413591170244,-1.433,-0.322,-0.00038999999999999403,0.1750217259847093,-0.737,0.459,5.277433333333334,63.69250540222313,-239.14,232.76,-5.006833333333334,38.99124216588757,-149.14,75.62,-1.7844999999999998,23.9261047689896,-95.31,60.34,1.0117726641071372,0.12138791606064367,150.0,72.62666666666667,2.7282923997153454,67.0,77.0,73.0,10.0,70.0,75.0,5.0,74.0,67.0,-7.0,7.0,2.7181208053691277,8.0,-0.016864749544423574
soli,student1,ian_periodic,/Users/ianba/Desktop/COSMOS/final project/Cosmos-Gesture-Recognition-/data/processed/ian_periodic/sessions/student1_soli_002_seg002,30.0,341146.4,24716.124452942324,300773.0,391681.0,309037.0,358127.0,49090.0,1.6,1.7625738755203049,0.0,0.0,0.0,300.0,300.0,0.22379,0.08754853453941991,-0.186,0.471,-0.9705100000000001,0.11579825804677144,-1.379,-0.6,0.03106666666666668,0.16748134887868027,-0.44,0.439,0.9359333333333333,53.18607095341996,-159.67,134.71,-1.7473666666666672,31.8754507743115,-137.7,89.97,2.3814,16.58776107174604,-35.07,46.78,1.0150048538081369,0.10874692369253346,150.0,71.4,2.6546148243712895,65.0,77.0,71.0,12.0,69.0,73.0,4.0,67.0,68.0,1.0,1.0,2.422818791946309,10.0,0.01770389795102024
soli,student1,ian_periodic,/Users/ianba/Desktop/COSMOS/final project/Cosmos-Gesture-Recognition-/data/processed/ian_periodic/sessions/student1_soli_003_seg000,30.0,325479.3333333333,18580.191163949006,287089.0,373118.0,298644.0,318968.0,20324.0,2.433333333333333,1.5849991237291654,0.0,0.0,0.0,300.0,300.0,0.16994333333333334,0.08406921824042113,-0.054,0.443,-0.9767866666666669,0.12836277168850616,-1.284,-0.466,-0.09904666666666667,0.13680259922806862,-0.44,0.297,-3.2649333333333335,54.66464019512268,-181.68,142.83,0.23783333333333323,23.288582445171617,-53.41,70.96,-1.550733333333333,27.912096818325125,-66.47,50.45,1.0111010386276635,0.11286029573205436,150.0,69.25333333333333,2.55722864533444,61.0,74.0,69.0,13.0,68.0,71.0,3.0,71.0,65.0,-6.0,6.0,2.3087248322147653,10.0,-0.007915018445264066
soli,student1,ian_periodic,/Users/ianba/Desktop/COSMOS/final project/Cosmos-Gesture-Recognition-/data/processed/ian_periodic/sessions/student1_soli_003_seg001,30.0,328834.0333333333,23754.471221903095,295134.0,389582.0,334378.0,363291.0,28913.0,1.8666666666666667,1.564892612574067,0.0,0.0,0.0,300.0,300.0,0.22443666666666662,0.05205810204846974,0.065,0.366,-0.9669300000000001,0.08837721293787594,-1.251,-0.712,-0.09958333333333333,0.10348318569807476,-0.329,0.216,0.3971333333333335,39.254161432671346,-94.24,129.15,-0.8264666666666668,23.811501482453576,-73.4,54.93,-0.9102666666666667,15.45589147419916,-41.29,33.78,1.0047429492039286,0.08344600664496733,150.0,68.58666666666667,2.3607150170020272,62.0,75.0,69.0,13.0,68.0,70.0,2.0,66.0,67.0,1.0,1.0,2.140939597315436,9.0,-0.0015716254055732734
soli,student1,ian_periodic,/Users/ianba/Desktop/COSMOS/final project/Cosmos-Gesture-Recognition-/data/processed/ian_periodic/sessions/student1_soli_003_seg002,30.0,310889.2,17922.13831810628,286453.0,371536.0,345757.0,305112.0,-40645.0,0.8,1.3012814197295424,0.0,0.0,0.0,300.0,300.0,0.23916,0.06276964021988125,0.073,0.449,-0.9782300000000002,0.08203241493458546,-1.288,-0.766,0.0038166666666666653,0.1053201930094868,-0.265,0.299,-1.5155666666666674,45.15559303872433,-126.38,177.74,-0.5565666666666664,22.645360405144558,-73.46,64.18,0.4536000000000001,16.610822427160752,-53.53,48.83,1.0147905334203549,0.07815284136719013,150.0,67.92666666666666,1.6388597552991377,62.0,73.0,68.0,11.0,67.0,69.0,2.0,69.0,68.0,-1.0,1.0,1.2818791946308725,6.0,-0.013893950842259601
palm_up_down,student1,ian_periodic,/Users/ianba/Desktop/COSMOS/final project/Cosmos-Gesture-Recognition-/data/processed/ian_periodic/sessions/student1_palm_up_down_001_seg000,30.0,483286.93333333335,89468.76441527264,324299.0,694173.0,435225.0,394481.0,-40744.0,7.0,1.9148542155126762,0.0,0.0,0.0,301.0,301.0,0.06222591362126246,0.7642373581948936,-1.275,1.296,-0.05526910299003321,0.3396968513828097,-0.997,0.969,-0.6673189368770764,0.33693549261875805,-1.484,0.279,-3.5564784053156147,99.21862051065268,-327.83,352.4,31.821029900332228,284.66749219553117,-581.9,730.06,1.7003986710963452,80.11318507647087,-211.65,218.51,1.0788963339673847,0.31812296179961996,150.0,80.64666666666666,5.133305732224818,72.0,102.0,80.0,30.0,77.0,82.75,5.75,83.0,98.0,15.0,15.0,2.9731543624161074,15.0,0.027473221032045834
palm_up_down,student1,ian_periodic,/Users/ianba/Desktop/COSMOS/final project/Cosmos-Gesture-Recognition-/data/processed/ian_periodic/sessions/student1_palm_up_down_001_seg001,30.0,466125.63333333336,89065.39568223016,351412.0,765016.0,457787.0,404855.0,-52932.0,6.8,2.0066555924389884,0.0,0.0,0.0,299.0,299.0,0.06151839464882945,0.7508557362224508,-1.767,1.562,-0.1746722408026756,0.3375603396059909,-1.122,0.577,-0.663076923076923,0.3843165728882279,-1.678,0.244,20.86448160535117,108.62077197754961,-207.13,380.17,-19.211839464882946,272.64879326192687,-584.0,567.67,14.83307692307692,82.96563644465293,-154.33,316.02,1.0988049121212007,0.3033549460488493,150.0,80.18666666666667,3.3001660862550555,72.0,92.0,80.0,20.0,78.0,82.0,4.0,91.0,80.0,-11.0,11.0,2.4496644295302015,12.0,-0.03233921507622509
palm_up_down,student1,ian_periodic,/Users/ianba/Desktop/COSMOS/final project/Cosmos-Gesture-Recognition-/data/processed/ian_periodic/sessions/student1_palm_up_down_001_seg002,30.0,446643.6666666667,85312.28315794989,310354.0,624578.0,477163.0,494015.0,16852.0,6.966666666666667,2.483053675528492,0.0,0.0,0.0,300.0,300.0,-0.0009333333333333489,0.7717093119965718,-3.102,1.371,-0.21286333333333335,0.3508876999680794,-1.414,0.853,-0.6687166666666667,0.3797157573618573,-1.682,1.184,0.8972333333333343,110.13928009878623,-320.05,507.68,12.533933333333332,272.86548138083634,-752.19,657.46,4.882166666666667,93.96969136006331,-174.17,322.67,1.1140239869632227,0.3380616854025779,150.0,79.24,2.5028306122919113,72.0,84.0,79.0,12.0,78.0,81.0,3.0,79.0,78.0,-1.0,1.0,2.4496644295302015,11.0,0.0018596382061424098
palm_up_down,student1,ian_periodic,/Users/ianba/Desktop/COSMOS/final project/Cosmos-Gesture-Recognition-/data/processed/ian_periodic/sessions/student1_palm_up_down_002_seg000,30.0,449356.6,68287.69173020861,329889.0,625536.0,559148.0,539620.0,-19528.0,6.5,2.3769728648009427,0.0,0.0,0.0,300.0,300.0,0.053180000000000005,0.7081137062176761,-1.181,1.665,-0.11414666666666666,0.3460918449711804,-0.99,0.535,-0.6951433333333333,0.3707481752558677,-1.504,0.359,14.612866666666662,97.37766358761245,-186.77,311.23,-22.735766666666667,268.2927297581485,-592.88,614.58,14.916466666666665,91.16171743765156,-239.75,253.61,1.0801541785960447,0.3016746157614808,150.0,78.02666666666667,2.974041307753427,70.0,84.0,78.0,14.0,77.0,80.0,3.0,79.0,80.0,1.0,1.0,1.912751677852349,7.0,0.020701364505089342
palm_up_down,student1,ian_periodic,/Users/ianba/Desktop/COSMOS/final project/Cosmos-Gesture-Recognition-/data/processed/ian_periodic/sessions/student1_palm_up_down_002_seg001,30.0,446090.3333333333,87725.22233517311,326010.0,745296.0,330136.0,394506.0,64370.0,6.666666666666667,1.6599866130651642,0.0,0.0,0.0,300.0,300.0,0.035706666666666664,0.7382202069542364,-1.557,1.231,-0.2000433333333333,0.4084570660288409,-1.645,0.557,-0.6529833333333332,0.39985567778331665,-1.7,0.138,-0.612533333333334,126.91181609126166,-288.83,407.03,33.487300000000005,282.12347380720263,-704.61,578.51,3.1742,84.76680445606837,-175.08,304.18,1.103502408653046,0.34878758688289424,150.0,77.95333333333333,2.911068132726899,71.0,87.0,78.0,16.0,76.0,80.0,4.0,78.0,80.0,2.0,2.0,2.1879194630872485,8.0,-0.009324858882616882
palm_up_down,student1,ian_periodic,/Users/ianba/Desktop/COSMOS/final project/Cosmos-Gesture-Recognition-/data/processed/ian_periodic/sessions/student1_palm_up_down_002_seg002,30.0,474191.73333333334,81873.83613541562,326206.0,661454.0,517468.0,536984.0,19516.0,6.6,2.3036203390894663,0.0,0.0,0.0,300.0,300.0,0.12902666666666668,0.7543244876193681,-2.093,1.387,-0.13679333333333332,0.31612784959394025,-1.241,0.746,-0.6371100000000001,0.38118117901246557,-2.246,0.489,16.4881,89.9526967099375,-142.22,426.44,-23.734099999999998,275.7457086704886,-699.27,457.05,16.534133333333333,100.23063692096456,-178.62,327.49,1.071533811460436,0.32760659470937237,150.0,78.67333333333333,3.5150618707580765,69.0,88.0,78.5,19.0,77.0,80.75,3.75,86.0,80.0,-6.0,6.0,2.174496644295302,10.0,-0.006668740832925413
palm_up_down,student1,ian_periodic,/Users/ianba/Desktop/COSMOS/final project/Cosmos-Gesture-Recognition-/data/processed/ian_periodic/sessions/student1_palm_up_down_003_seg000,30.0,456329.93333333335,70933.67399805415,309283.0,591811.0,426276.0,454593.0,28317.0,6.266666666666667,1.9652537297311565,0.0,0.0,0.0,300.0,300.0,0.029340000000000005,0.7628510717914299,-3.071,1.392,-0.14317999999999997,0.3816534129285365,-1.309,0.772,-0.6588966666666666,0.4397948377621345,-2.068,1.317,-4.274800000000001,128.41256875773493,-386.09,514.63,28.99156666666667,274.33787077958976,-774.1,519.61,3.520033333333332,88.04369853467966,-145.57,291.76,1.1190500706232152,0.3524963679787022,150.0,80.59333333333333,2.992376592840225,72.0,89.0,80.5,17.0,79.0,83.0,4.0,81.0,73.0,-8.0,8.0,1.9597315436241611,8.0,-0.02591226276723385
palm_up_down,student1,ian_periodic,/Users/ianba/Desktop/COSMOS/final project/Cosmos-Gesture-Recognition-/data/processed/ian_periodic/sessions/student1_palm_up_down_003_seg001,30.0,484904.4666666667,95841.90217670395,326302.0,664498.0,343239.0,412932.0,69693.0,6.8,2.495328969628387,0.0,0.0,0.0,299.0,299.0,0.022080267558528422,0.7230336731811144,-1.415,1.149,-0.28318060200668893,0.4540262771685179,-1.58,0.553,-0.6077591973244147,0.3791075096684068,-1.935,0.657,16.659397993311035,131.52178017540348,-286.69,432.36,-21.63227424749164,279.817393804896,-703.67,448.29,10.8747491638796,98.47239959396373,-201.09,317.61,1.101551266318486,0.33056753920060494,150.0,76.4,3.3837352776968532,68.0,85.0,77.0,17.0,74.0,79.0,5.0,74.0,73.0,-1.0,1.0,2.6241610738255035,9.0,-0.007644784212631508
palm_up_down,student1,ian_periodic,/Users/ianba/Desktop/COSMOS/final project/Cosmos-Gesture-Recognition-/data/processed/ian_periodic/sessions/student1_palm_up_down_003_seg002,30.0,428109.1,54226.55172413235,333861.0,535004.0,357752.0,457203.0,99451.0,7.166666666666667,2.757817172249741,0.0,0.0,0.0,301.0,301.0,0.02117275747508305,0.8301507828788234,-2.485,1.675,-0.22167774086378741,0.35215941224220704,-1.089,0.714,-0.6256312292358804,0.4278313856800452,-1.671,0.592,2.0550166112956822,113.39132869113898,-362.99,495.68,33.05096345514949,302.62833561923736,-775.72,707.33,-2.843986710963455,85.286698074738,-204.35,296.76,1.1463966912113464,0.35069165422982923,150.0,76.06666666666666,3.0579781596760833,69.0,83.0,77.0,14.0,74.0,78.0,4.0,71.0,72.0,1.0,1.0,2.0604026845637584,9.0,-0.024114849548868583
pull,student1,joanna_discrete,/Users/ianba/Desktop/COSMOS/final project/Cosmos-Gesture-Recognition-/data/processed/joanna_discrete/sessions/student1_pull_001,30.0,355074.0333333333,102070.63145145566,277801.0,581322.0,307986.0,277801.0,-30185.0,2.533333333333333,2.9295430056959777,0.0,0.0,0.0,300.0,300.0,0.8171366666666666,0.1853275604316734,0.39,1.121,0.11592333333333334,0.2560667050898175,-0.465,0.659,-0.35226,0.3318145250989876,-0.982,0.227,-5.5185,32.633268904856386,-122.26,88.96,10.4571,23.765517399304958,-42.15,89.36,-12.212933333333332,35.3558289309635,-110.87,60.82,1.006646301902678,0.04379752122737951,150.0,67.60666666666667,8.157753890983797,47.0,82.0,68.5,35.0,63.25,75.0,11.75,82.0,66.0,-16.0,16.0,2.3221476510067114,11.0,-0.11611360504911288
pull,student1,joanna_discrete,/Users/ianba/Desktop/COSMOS/final project/Cosmos-Gesture-Recognition-/data/processed/joanna_discrete/sessions/student1_pull_002,30.0,369333.63333333336,89559.28226170765,286209.0,613818.0,289936.0,325239.0,35303.0,3.6333333333333333,3.071192312803323,0.0,0.0,0.0,302.0,302.0,0.80841059602649,0.19105908283239856,0.333,1.022,0.04586092715231789,0.1560173848241032,-0.339,0.349,-0.451546357615894,0.29305087849620126,-0.97,-0.057,-2.8196688741721836,30.734480828718834,-110.54,90.43,10.728940397350993,18.750231491809576,-9.74,67.08,-7.659139072847683,23.532961762706996,-78.59,26.22,1.0026815954683277,0.029638867723816385,151.0,67.96688741721854,7.05730564124208,52.0,78.0,69.0,26.0,63.0,75.0,12.0,76.0,63.0,-13.0,13.0,2.1933333333333334,16.0,-0.13930637852910444
pull,student1,joanna_discrete,/Users/ianba/Desktop/COSMOS/final project/Cosmos-Gesture-Recognition-/data/processed/joanna_discrete/sessions/student1_pull_003,30.0,351728.4666666667,87205.70405874963,283817.0,542519.0,283817.0,303230.0,19413.0,2.8333333333333335,3.4359213546813834,0.0,0.0,0.0,301.0,301.0,0.8279435215946844,0.2019609846854255,0.397,1.078,0.03064451827242525,0.15297381014262537,-0.495,0.464,-0.4139136212624585,0.30374004094335094,-1.136,0.109,-0.3087375415282397,35.047158572237976,-107.88,111.3,11.493554817275749,19.928979925014882,-14.22,77.85,-8.518338870431894,26.488235059667467,-84.05,43.34,1.0060114753910951,0.04628387511561121,151.0,71.08609271523179,5.615384103634103,56.0,84.0,69.0,28.0,67.0,75.0,8.0,81.0,70.0,-11.0,11.0,2.1266666666666665,23.0,-0.08058556988497768
pull,student1,joanna_discrete,/Users/ianba/Desktop/COSMOS/final project/Cosmos-Gesture-Recognition-/data/processed/joanna_discrete/sessions/student1_pull_004,30.0,398298.06666666665,114414.79054153018,276989.0,664375.0,319623.0,291963.0,-27660.0,4.0,2.9097537123726926,0.0,0.0,0.0,302.0,302.0,0.8270066225165562,0.19082168080023568,0.428,1.035,0.08990397350993376,0.13937996824194332,-0.242,0.329,-0.40593377483443704,0.29461519787601836,-0.94,-0.075,-4.032582781456953,23.467049661585204,-54.45,59.08,14.266490066225167,17.6711791470908,-11.57,63.45,-8.788112582781457,19.741658614418704,-52.13,32.81,0.9993633897600906,0.026749338828285868,151.0,67.47019867549669,4.489703697750914,57.0,77.0,67.0,20.0,65.0,70.0,5.0,73.0,66.0,-7.0,7.0,2.2333333333333334,12.0,-0.06999302892994123
pull,student1,joanna_discrete,/Users/ianba/Desktop/COSMOS/final project/Cosmos-Gesture-Recognition-/data/processed/joanna_discrete/sessions/student1_pull_005,30.0,393984.13333333336,105858.40075929521,290592.0,717428.0,318784.0,307346.0,-11438.0,3.566666666666667,2.789065952767859,0.0,0.0,0.0,302.0,302.0,0.8099271523178808,0.17314842996451188,0.544,1.105,0.02949337748344371,0.1763057575770507,-0.275,0.455,-0.44298675496688744,0.29472569999096637,-0.928,0.058,-4.222152317880796,23.18792258864082,-80.45,53.71,13.132119205298014,15.460135624315004,-19.87,45.99,-9.678443708609272,19.566765542703337,-59.85,42.85,0.9999753917626484,0.032644593909593636,150.0,70.06,4.552792490668474,54.0,81.0,69.5,27.0,67.0,73.0,6.0,75.0,70.0,-5.0,5.0,2.3959731543624163,14.0,-0.05642384105960253
pull,student1,joanna_discrete,/Users/ianba/Desktop/COSMOS/final project/Cosmos-Gesture-Recognition-/data/processed/joanna_discrete/sessions/student1_pull_006,30.0,391773.4666666667,124760.65866336053,285554.0,800759.0,285897.0,301422.0,15525.0,3.3333333333333335,2.72437556556034,0.0,0.0,0.0,301.0,301.0,0.7523488372093023,0.20711721986457005,0.413,1.057,0.04227574750830564,0.13164946551589427,-0.24,0.442,-0.5403089700996677,0.28792784871511945,-0.954,-0.03,-2.852026578073089,24.228950563213473,-81.79,49.35,13.375980066445182,15.833407303236012,-12.24,53.32,-7.725049833887042,22.26871302556105,-56.92,55.57,1.00098577316544,0.0301470955299442,149.0,72.44295302013423,4.035957554647115,63.0,80.0,72.0,17.0,69.0,75.0,6.0,77.0,74.0,-3.0,3.0,1.9662162162162162,7.0,-0.0363069109377834
pull,student1,joanna_discrete,/Users/ianba/Desktop/COSMOS/final project/Cosmos-Gesture-Recognition-/data/processed/joanna_discrete/sessions/student1_pull_007,30.0,383876.0333333333,123378.90248727922,285105.0,689335.0,285775.0,303267.0,17492.0,3.6333333333333333,3.4591264150874217,0.0,0.0,0.0,303.0,303.0,0.7423927392739273,0.2125326941576183,0.393,1.053,0.05145874587458745,0.16637243236754254,-0.348,0.573,-0.5065742574257427,0.3394614939458868,-0.963,0.004,-4.946897689768977,30.16763887446546,-135.65,59.24,13.969966996699668,18.577502070171533,-15.78,59.21,-10.05016501650165,20.92321729765718,-63.69,28.41,0.9985594504324806,0.03708803448306967,151.0,73.28476821192054,4.543680568942186,62.0,83.0,74.0,21.0,70.0,76.0,6.0,73.0,75.0,2.0,2.0,2.64,16.0,-0.01955385151620835
pull,student1,joanna_discrete,/Users/ianba/Desktop/COSMOS/final project/Cosmos-Gesture-Recognition-/data/processed/joanna_discrete/sessions/student1_pull_008,30.0,398445.9666666667,105980.449453184,280890.0,651114.0,302467.0,305422.0,2955.0,3.966666666666667,2.0893911925619757,0.0,0.0,0.0,301.0,301.0,0.8200863787375415,0.18696635469485715,0.433,1.097,0.08965116279069767,0.14901392799953492,-0.232,0.389,-0.40492358803986706,0.3128682082856881,-0.911,0.057,-3.661262458471761,27.666829337354116,-77.52,57.13,14.078870431893687,16.80454030325763,-9.8,60.52,-9.547375415282392,19.133702851406134,-52.4,23.93,0.9992790531772764,0.032118061809755995,150.0,72.94666666666667,6.135808274117908,60.0,84.0,72.0,24.0,69.0,78.0,9.0,82.0,61.0,-21.0,21.0,2.6375838926174495,17.0,-0.09754389083959282
push,student1,joanna_discrete,/Users/ianba/Desktop/COSMOS/final project/Cosmos-Gesture-Recognition-/data/processed/joanna_discrete/sessions/student1_push_001,30.0,439168.6,123398.90565063102,310919.0,755291.0,318313.0,315874.0,-2439.0,3.3333333333333335,2.6749870196985173,0.0,0.0,0.0,300.0,300.0,0.78682,0.17460916623514738,0.405,1.048,-0.11217999999999999,0.17339694614765663,-0.449,0.177,-0.5131666666666667,0.22416505575629359,-0.984,-0.078,4.991133333333334,12.463632217330906,-17.21,42.33,-9.944366666666667,16.031287677503915,-73.12,14.13,6.440566666666667,14.936290035086431,-13.43,74.77,1.0021352971330517,0.03923994019766955,150.0,65.51333333333334,5.292436881359732,54.0,75.0,65.0,21.0,61.0,70.0,9.0,62.0,68.0,6.0,6.0,2.3221476510067114,11.0,0.08916840748477732
push,student1,joanna_discrete,/Users/ianba/Desktop/COSMOS/final project/Cosmos-Gesture-Recognition-/data/processed/joanna_discrete/sessions/student1_push_002,30.0,383318.26666666666,114549.45441742134,286150.0,732662.0,323481.0,306626.0,-16855.0,2.8,2.4549270186029295,0.0,0.0,0.0,303.0,303.0,0.8278085808580858,0.1330743718422911,0.609,1.08,-0.1432838283828383,0.13596701200048555,-0.41,0.163,-0.45333993399339934,0.24048416500842132,-0.823,-0.01,1.4210561056105613,7.895046711768752,-21.88,26.76,-11.314257425742573,16.49802336474382,-65.34,18.01,5.91023102310231,12.284139642046902,-13.82,54.38,1.00182156608358,0.04118735139167774,151.0,63.98675496688742,7.986644481021123,49.0,75.0,68.0,26.0,54.0,71.0,17.0,54.0,72.0,18.0,18.0,2.1733333333333333,8.0,0.16129313349599098
push,student1,joanna_discrete,/Users/ianba/Desktop/COSMOS/final project/Cosmos-Gesture-Recognition-/data/processed/joanna_discrete/sessions/student1_push_003,30.0,407759.43333333335,123563.12076011552,296460.0,834167.0,324166.0,349506.0,25340.0,3.1,2.6121510931286753,0.0,0.0,0.0,301.0,301.0,0.8535083056478404,0.13587889406115283,0.601,1.046,-0.13135215946843853,0.17282228952827575,-0.392,0.212,-0.375405315614618,0.26740027203930516,-0.775,0.167,4.238239202657807,9.9745317489372,-41.66,36.99,-12.060099667774088,15.894847082543505,-67.29,6.65,5.928272425249169,14.014277686534049,-15.99,57.37,1.0027403942509674,0.03168901121471702,150.0,66.79333333333334,5.872580657548974,56.0,76.0,68.0,20.0,61.0,72.0,11.0,61.0,73.0,12.0,12.0,2.4563758389261743,11.0,0.11722654340192912
push,student1,joanna_discrete,/Users/ianba/Desktop/COSMOS/final project/Cosmos-Gesture-Recognition-/data/processed/joanna_discrete/sessions/student1_push_004,30.0,399888.3333333333,115782.42208767655,281670.0,657173.0,350612.0,328186.0,-22426.0,2.6666666666666665,2.8087165910587863,0.0,0.0,0.0,301.0,301.0,0.7724518272425248,0.1762418919837638,0.496,1.077,-0.1312093023255814,0.17171547793362052,-0.478,0.251,-0.505345514950166,0.27950275060572016,-0.842,0.009,4.868837209302326,12.651548628570099,-24.14,52.03,-13.70205980066445,20.668160204903582,-85.45,8.94,6.1629900332225915,18.718334901683832,-16.27,95.55,1.0027429510430665,0.04947289650833072,151.0,62.45695364238411,5.541040936307604,51.0,71.0,64.0,20.0,57.0,67.0,10.0,58.0,67.0,9.0,9.0,2.033333333333333,8.0,0.0979226211223422
push,student1,joanna_discrete,/Users/ianba/Desktop/COSMOS/final project/Cosmos-Gesture-Recognition-/data/processed/joanna_discrete/sessions/student1_push_005,30.0,383479.36666666664,108738.38637006508,279218.0,713838.0,290620.0,316664.0,26044.0,2.6,2.6532998322843198,0.0,0.0,0.0,300.0,300.0,0.8479533333333333,0.16611708066568254,0.58,1.135,-0.16319666666666668,0.17942474185264665,-0.497,0.218,-0.32016,0.31648338724173186,-0.784,0.191,2.6545,11.613613509584345,-31.83,44.98,-14.245133333333333,22.94561796180022,-68.85,23.22,6.783433333333332,16.982014305696747,-20.45,62.69,1.002811402107704,0.04979539941381127,151.0,64.37086092715232,4.974087378993571,53.0,75.0,64.0,22.0,61.0,69.0,8.0,63.0,70.0,7.0,7.0,2.1933333333333334,8.0,0.07690135935866105
push,student1,joanna_discrete,/Users/ianba/Desktop/COSMOS/final project/Cosmos-Gesture-Recognition-/data/processed/joanna_discrete/sessions/student1_push_006,30.0,354382.8,89852.95760793482,272862.0,568010.0,323259.0,278127.0,-45132.0,2.4,2.537715508089904,0.0,0.0,0.0,302.0,302.0,0.8103675496688741,0.17982940961608598,0.536,1.115,-0.17308609271523182,0.22401405586214002,-0.591,0.217,-0.36050000000000004,0.32775213488325255,-0.779,0.203,3.403741721854305,12.299911063030414,-20.45,45.69,-14.846291390728476,22.006699901413047,-69.61,15.63,7.9546357615894046,18.968340310603182,-22.86,52.19,1.0022227847937544,0.04589636581712359,152.0,64.07236842105263,5.404317594115747,48.0,73.0,66.0,25.0,59.75,69.0,9.25,59.0,72.0,13.0,13.0,2.1258278145695364,13.0,0.09951373369145493
push,student1,joanna_discrete,/Users/ianba/Desktop/COSMOS/final project/Cosmos-Gesture-Recognition-/data/processed/joanna_discrete/sessions/student1_push_007,30.0,373040.1666666667,121755.32596265437,277365.0,636400.0,290019.0,284436.0,-5583.0,2.8,2.6882460204874605,0.0,0.0,0.0,300.0,300.0,0.73338,0.22257921945530615,0.447,1.118,-0.08710333333333334,0.18828334849960107,-0.426,0.271,-0.4734433333333334,0.3872526394860194,-0.941,0.218,4.066966666666667,14.249829348646795,-40.65,63.51,-19.3996,27.92098034047754,-124.76,10.28,8.542300000000001,16.21708908456344,-14.31,72.45,1.0011370327613156,0.047572908612661204,150.0,61.94,5.9609805058064085,39.0,71.0,64.0,32.0,57.0,67.0,10.0,54.0,67.0,13.0,13.0,3.0134228187919465,18.0,0.09675630028001256
push,student1,joanna_discrete,/Users/ianba/Desktop/COSMOS/final project/Cosmos-Gesture-Recognition-/data/processed/joanna_discrete/sessions/student1_push_008,31.0,373328.22580645164,98492.76825678367,284326.0,650034.0,312617.0,286015.0,-26602.0,2.193548387096774,2.8103421309192904,0.0,0.0,0.0,301.0,301.0,0.7739435215946845,0.1984431100001591,0.493,1.079,-0.11714285714285716,0.15386112365561233,-0.494,0.195,-0.48690697674418604,0.31256985077331856,-1.038,0.069,0.33395348837209315,10.9828486938978,-23.26,33.48,-15.102823920265783,25.72317578418624,-109.01,15.84,5.494916943521595,20.439518926902394,-39.31,79.84,1.0031539901459636,0.06499480399175106,151.0,62.026490066225165,8.194263863514566,36.0,72.0,65.0,36.0,58.0,69.0,11.0,58.0,69.0,11.0,11.0,2.953333333333333,16.0,0.14852213314743767
clockwise,student1,joanna_discrete,/Users/ianba/Desktop/COSMOS/final project/Cosmos-Gesture-Recognition-/data/processed/joanna_discrete/sessions/student1_clockwise_001,30.0,458390.8,91141.62358637243,352131.0,808738.0,415421.0,564219.0,148798.0,6.566666666666666,1.9779338265529063,0.0,0.0,0.0,302.0,302.0,0.09942384105960264,0.8572922599873704,-1.476,1.168,-0.16848013245033114,0.24042015775364406,-0.707,0.272,-0.4947649006622517,0.282835584584241,-1.147,-0.029,-87.99201986754966,62.96567946868553,-327.28,1.43,-22.278079470198673,85.68833717278795,-205.08,172.86,3.8201986754966883,73.33674382821184,-143.71,120.55,1.0511331188622297,0.2256766885512664,151.0,87.76158940397352,35.732843642653,28.0,225.0,91.0,197.0,63.5,102.0,38.5,63.0,46.0,-17.0,17.0,9.486666666666666,161.0,-0.1889787382363198
clockwise,student1,joanna_discrete,/Users/ianba/Desktop/COSMOS/final project/Cosmos-Gesture-Recognition-/data/processed/joanna_discrete/sessions/student1_clockwise_002,30.0,508417.56666666665,127291.04460557661,307075.0,761123.0,382402.0,568858.0,186456.0,7.1,2.8559878617855974,0.0,0.0,0.0,302.0,302.0,-0.017685430463576186,0.8448095579037189,-1.788,1.027,-0.026884105960264887,0.27629627623972025,-0.703,0.662,-0.5517119205298013,0.300200274966045,-1.411,0.396,-89.15175496688742,78.09054313033229,-419.93,128.97,5.206490066225167,107.95359866397023,-232.67,202.58,14.02639072847682,90.30933819261288,-196.33,118.87,1.047068684626457,0.2987168709871767,151.0,86.49006622516556,27.492269834669013,27.0,125.0,94.0,98.0,65.0,109.0,44.0,107.0,101.0,-6.0,6.0,7.373333333333333,56.0,-0.17862669919832805
clockwise,student1,joanna_discrete,/Users/ianba/Desktop/COSMOS/final project/Cosmos-Gesture-Recognition-/data/processed/joanna_discrete/sessions/student1_clockwise_003,30.0,462443.3,101743.19450005818,298690.0,739919.0,298690.0,445375.0,146685.0,7.1,2.7489391893358914,0.0,0.0,0.0,301.0,301.0,-0.025644518272425254,0.8256629772722385,-1.495,1.005,-0.06419933554817275,0.2580622014170672,-0.639,0.371,-0.5472425249169435,0.35591462494737713,-1.256,0.174,-76.6101661129568,61.168978764528426,-312.78,4.52,10.12478405315615,107.54672513569085,-225.62,189.52,8.905980066445181,90.14694495012094,-181.8,141.42,1.047418018628707,0.28663520966787864,150.0,84.28,29.462094860295437,17.0,138.0,97.0,121.0,60.25,107.75,47.5,97.0,119.0,22.0,22.0,6.416107382550336,64.0,-0.1916529623538818
clockwise,student1,joanna_discrete,/Users/ianba/Desktop/COSMOS/final project/Cosmos-Gesture-Recognition-/data/processed/joanna_discrete/sessions/student1_clockwise_004,30.0,491061.56666666665,127131.27904563413,299242.0,907522.0,322088.0,334519.0,12431.0,6.266666666666667,1.9310331143946984,0.0,0.0,0.0,301.0,301.0,0.03867441860465116,0.9476620192002151,-1.869,1.074,-0.20432890365448503,0.25375605282889907,-0.881,0.348,-0.3886976744186047,0.31011864350772284,-1.335,0.12,-92.88827242524916,88.25044009568411,-310.89,92.75,12.97169435215948,110.8644210043848,-254.62,190.37,10.559335548172758,93.99183806841297,-211.58,159.0,1.0619830640992773,0.3537695227415657,150.0,89.54666666666667,28.76042831976717,24.0,163.0,99.0,139.0,69.25,112.0,42.75,111.0,112.0,1.0,1.0,6.557046979865772,58.0,-0.042103204586870224
clockwise,student1,joanna_discrete,/Users/ianba/Desktop/COSMOS/final project/Cosmos-Gesture-Recognition-/data/processed/joanna_discrete/sessions/student1_clockwise_005,30.0,476747.3,109243.45700350509,302879.0,797293.0,302879.0,313083.0,10204.0,7.166666666666667,2.7698776547389636,0.0,0.0,0.0,302.0,302.0,0.018241721854304636,0.9711472279007376,-1.9,1.027,-0.24160927152317885,0.23645347255274296,-0.777,0.234,-0.4036225165562914,0.2912527802606543,-2.463,0.097,-92.17947019867549,88.87893533384006,-313.97,58.35,11.158609271523177,114.06923162722777,-305.43,198.98,10.470960264900667,93.5453641805617,-221.38,162.63,1.0720890882769256,0.3951066794196901,150.0,90.15333333333334,29.24181447254141,27.0,155.0,99.5,128.0,73.0,111.0,38.0,94.0,117.0,23.0,23.0,7.25503355704698,71.0,0.1553082359215966
clockwise,student1,joanna_discrete,/Users/ianba/Desktop/COSMOS/final project/Cosmos-Gesture-Recognition-/data/processed/joanna_discrete/sessions/student1_clockwise_006,30.0,491226.0,107859.66421234584,278645.0,695593.0,323787.0,437356.0,113569.0,7.133333333333334,2.741451359326945,0.0,0.0,0.0,302.0,302.0,0.019314569536423767,0.8569261157961192,-1.632,1.023,-0.29475496688741726,0.22753449536562648,-0.95,0.318,-0.4873741721854305,0.29421467315968525,-2.266,-0.088,-89.44086092715231,75.6340107712894,-314.46,26.37,7.360695364238412,98.31436798099871,-214.64,201.64,10.747649006622513,102.18098389121208,-207.1,149.94,1.0509111786548444,0.30500722911116984,151.0,84.68211920529801,32.0471258952452,21.0,187.0,93.0,166.0,61.0,104.5,43.5,94.0,120.0,26.0,26.0,7.8533333333333335,107.0,-0.05482049494597447
clockwise,student1,joanna_discrete,/Users/ianba/Desktop/COSMOS/final project/Cosmos-Gesture-Recognition-/data/processed/joanna_discrete/sessions/student1_clockwise_007,30.0,481658.1,86258.61290922393,342407.0,753878.0,342407.0,495055.0,152648.0,6.333333333333333,2.299758441421379,0.0,0.0,0.0,302.0,302.0,-0.010791390728476869,0.832970519853943,-1.591,0.963,-0.30379470198675496,0.2920430163788199,-0.999,0.105,-0.5015662251655629,0.2548631770023102,-1.187,-0.04,-83.37509933774835,77.51004716217665,-373.42,22.22,6.8958278145695395,99.13548066976819,-209.51,171.18,18.52519867549669,95.97273589010605,-213.45,170.29,1.0466325679440784,0.30433677130407716,151.0,91.27814569536424,38.99763393513293,24.0,248.0,100.0,224.0,66.0,108.0,42.0,101.0,104.0,3.0,3.0,10.833333333333334,171.0,-0.2510944579993033
clockwise,student1,joanna_discrete,/Users/ianba/Desktop/COSMOS/final project/Cosmos-Gesture-Recognition-/data/processed/joanna_discrete/sessions/student1_clockwise_008,30.0,482901.9666666667,110748.82544764176,269355.0,703583.0,291759.0,381050.0,89291.0,6.833333333333333,2.6468010041473757,0.0,0.0,0.0,302.0,302.0,-0.04423509933774837,0.8188226653623377,-1.606,0.941,-0.3302516556291391,0.25914489333631874,-0.935,0.196,-0.519317880794702,0.25718693103430956,-1.312,-0.056,-76.12665562913908,70.31874639414671,-302.59,25.97,5.496986754966894,101.24493501774876,-194.89,180.73,13.69228476821192,90.67501451171853,-198.68,166.45,1.0510442650611298,0.2824741843118399,151.0,82.96688741721854,26.649682229135628,27.0,131.0,93.0,104.0,62.5,105.0,42.5,104.0,93.0,-11.0,11.0,6.54,44.0,-0.09957476472638607
anti_clockwise,student1,joanna_discrete,/Users/ianba/Desktop/COSMOS/final project/Cosmos-Gesture-Recognition-/data/processed/joanna_discrete/sessions/student1_anti_clockwise_001,30.0,527712.0333333333,146320.49601097888,300917.0,819964.0,319362.0,560421.0,241059.0,6.233333333333333,2.4315061633115844,0.0,0.0,0.0,301.0,301.0,0.0781993355481727,0.7650763582934007,-1.552,1.006,-0.2826910299003322,0.3755105683326424,-1.06,0.644,-0.5630398671096345,0.3453159731813772,-1.538,0.02,75.59096345514949,89.69912717162205,-121.65,407.85,7.248471760797339,95.46384851387339,-227.0,205.08,-16.919069767441858,115.7222543102936,-180.61,295.42,1.0726167643180051,0.31325654918659174,150.0,85.88666666666667,27.72674348441517,26.0,159.0,94.5,133.0,61.0,107.0,46.0,108.0,91.0,-17.0,17.0,6.221476510067114,75.0,-0.13896973198808826
anti_clockwise,student1,joanna_discrete,/Users/ianba/Desktop/COSMOS/final project/Cosmos-Gesture-Recognition-/data/processed/joanna_discrete/sessions/student1_anti_clockwise_002,30.0,490753.1666666667,101206.52896925947,297903.0,735807.0,300115.0,459058.0,158943.0,6.366666666666666,2.9942537560393174,0.0,0.0,0.0,301.0,301.0,0.14833887043189367,0.6635642894474908,-1.201,1.333,-0.5122026578073091,0.3555165473057737,-1.535,0.135,-0.4105847176079734,0.42206095783103714,-1.646,0.345,64.05435215946844,78.95197754837793,-75.81,329.63,-4.327242524916944,99.36206252458992,-208.56,222.79,-4.5854152823920264,93.07377021429804,-144.41,202.98,1.0555748296966672,0.28903737847098077,149.0,82.41610738255034,30.702605900305468,24.0,166.0,83.0,142.0,57.0,107.0,50.0,107.0,108.0,1.0,1.0,8.25,64.0,-0.08622528568837277
anti_clockwise,student1,joanna_discrete,/Users/ianba/Desktop/COSMOS/final project/Cosmos-Gesture-Recognition-/data/processed/joanna_discrete/sessions/student1_anti_clockwise_003,30.0,480522.7,145315.11552052433,298683.0,984239.0,323276.0,473094.0,149818.0,6.2,2.4138489320308896,0.0,0.0,0.0,303.0,303.0,0.16774917491749172,0.6577508003070766,-1.174,0.96,-0.6025214521452144,0.3622698227251302,-1.233,0.163,-0.3331947194719472,0.38994147615200053,-1.555,0.137,70.10442244224423,83.3747351003244,-78.4,371.14,2.6765676567656764,85.7467965211037,-170.14,281.96,3.7596699669967006,112.83483501397231,-147.19,247.35,1.0681625250736126,0.27775766718225564,151.0,91.05298013245033,42.13957571048388,27.0,237.0,93.0,210.0,59.0,111.0,52.0,100.0,126.0,26.0,26.0,10.946666666666667,150.0,-0.013468107354479834
anti_clockwise,student1,joanna_discrete,/Users/ianba/Desktop/COSMOS/final project/Cosmos-Gesture-Recognition-/data/processed/joanna_discrete/sessions/student1_anti_clockwise_004,30.0,498787.43333333335,121923.01076080302,303360.0,850824.0,351099.0,513503.0,162404.0,6.2,2.521904042583698,0.0,0.0,0.0,301.0,301.0,0.06487375415282393,0.6893294570385453,-1.145,1.001,-0.5221893687707643,0.40739583062491574,-1.566,0.195,-0.414375415282392,0.3174376783895894,-1.371,-0.005,74.7108637873754,62.23155712533558,-48.37,229.93,3.143089700996677,65.8940962430598,-112.98,158.94,0.32411960132890194,112.54774760076556,-191.35,234.35,1.0658122661992933,0.23356943648017198,150.0,82.97333333333333,34.28227606069302,30.0,205.0,84.0,175.0,55.0,112.5,57.5,114.0,111.0,-3.0,3.0,9.14765100671141,103.0,-0.2143206364727319
anti_clockwise,student1,joanna_discrete,/Users/ianba/Desktop/COSMOS/final project/Cosmos-Gesture-Recognition-/data/processed/joanna_discrete/sessions/student1_anti_clockwise_005,30.0,486436.7,100946.62434017628,286876.0,634446.0,306805.0,368753.0,61948.0,5.833333333333333,2.2223611067711047,0.0,0.0,0.0,300.0,300.0,0.011139999999999949,0.6975502183116759,-1.129,0.999,-0.5798533333333334,0.36891539927498584,-1.155,0.141,-0.2877700000000001,0.36942462077307914,-1.091,0.385,74.47350000000002,91.82995947265795,-108.19,322.79,-0.799366666666665,84.43020046522977,-144.2,223.73,-5.883333333333338,103.84702556913007,-161.5,198.1,1.0582335981178108,0.2417780838178517,150.0,74.76666666666667,30.759167709973735,4.0,119.0,79.5,115.0,45.25,104.0,58.75,112.0,115.0,3.0,3.0,5.630872483221476,74.0,-0.25352060091559636
anti_clockwise,student1,joanna_discrete,/Users/ianba/Desktop/COSMOS/final project/Cosmos-Gesture-Recognition-/data/processed/joanna_discrete/sessions/student1_anti_clockwise_006,30.0,493700.5,115800.20377205733,312962.0,814481.0,345040.0,426246.0,81206.0,6.266666666666667,1.948218559493661,0.0,0.0,0.0,300.0,300.0,0.07188333333333337,0.7378844465015433,-1.298,1.053,-0.49524,0.4803155446162449,-1.384,0.295,-0.17980000000000002,0.34911400239272367,-1.025,0.723,75.27953333333333,108.91357584394865,-115.36,243.29,21.1094,89.06455244544075,-106.63,282.17,-31.351100000000006,104.49872539154086,-188.02,250.65,1.0473827036428882,0.287757621578266,148.0,83.27702702702703,32.9404370617998,14.0,175.0,89.0,161.0,60.0,112.0,52.0,121.0,124.0,3.0,3.0,6.3061224489795915,74.0,-0.09148506128371905
anti_clockwise,student1,joanna_discrete,/Users/ianba/Desktop/COSMOS/final project/Cosmos-Gesture-Recognition-/data/processed/joanna_discrete/sessions/student1_anti_clockwise_007,30.0,457447.8333333333,90212.9974748958,280701.0,633594.0,280701.0,373302.0,92601.0,6.066666666666666,2.6574841903993,0.0,0.0,0.0,303.0,303.0,-0.04073597359735975,0.7673083142400713,-1.341,1.023,-0.48155445544554454,0.458256175388973,-1.511,0.206,0.008161716171617182,0.4133455672996817,-0.868,0.899,89.18425742574256,116.030954635776,-192.08,266.18,13.713135313531353,89.93127680398823,-156.47,247.38,-25.033927392739276,99.22504672600012,-171.54,235.6,1.0639343941600914,0.26698251071710655,150.0,78.72,33.6741431882548,21.0,183.0,81.5,162.0,54.0,105.75,51.75,108.0,109.0,1.0,1.0,6.557046979865772,53.0,0.008903506822525779
anti_clockwise,student1,joanna_discrete,/Users/ianba/Desktop/COSMOS/final project/Cosmos-Gesture-Recognition-/data/processed/joanna_discrete/sessions/student1_anti_clockwise_008,30.0,476555.63333333336,110735.53430327693,280063.0,700413.0,280063.0,434900.0,154837.0,6.033333333333333,2.7746871695542343,0.0,0.0,0.0,301.0,301.0,-0.00417940199335542,0.7933834571048327,-1.421,1.104,-0.46591694352159463,0.45807628564145286,-1.27,0.469,-0.1872358803986711,0.3408364454784987,-1.082,0.39,89.31720930232557,113.4503935070143,-176.0,361.77,6.67687707641196,87.97106656380606,-173.16,245.34,-25.546511627906987,92.19473431820288,-144.66,239.02,1.0684122835181336,0.2571171115248134,150.0,79.40666666666667,33.74561302169944,4.0,167.0,86.0,163.0,54.5,107.0,52.5,116.0,113.0,-3.0,3.0,7.671140939597316,95.0,-0.252784568203031
right,student1,joanna_discrete,/Users/ianba/Desktop/COSMOS/final project/Cosmos-Gesture-Recognition-/data/processed/joanna_discrete/sessions/student1_right_001,31.0,342959.87096774194,46837.90044586648,287285.0,476141.0,298657.0,290036.0,-8621.0,3.161290322580645,2.640830443599481,0.0,0.0,0.0,301.0,301.0,0.3031893687707641,0.08980118694100603,0.109,0.457,-0.1115980066445183,0.1326287046044825,-0.41,0.154,-0.9334950166112957,0.05199007196705211,-1.103,-0.835,-10.073388704318937,12.730828220810277,-53.29,8.12,4.372524916943521,9.55837759921177,-15.44,28.08,35.723388704318936,37.51495589883365,-15.99,98.21,1.0013780349818175,0.03728913462306682,150.0,72.12666666666667,16.118810832062675,41.0,94.0,80.5,53.0,56.25,86.0,29.75,48.0,86.0,38.0,38.0,2.4295302013422817,13.0,0.3404186852749012
right,student1,joanna_discrete,/Users/ianba/Desktop/COSMOS/final project/Cosmos-Gesture-Recognition-/data/processed/joanna_discrete/sessions/student1_right_002,31.0,370329.96774193546,69289.03161651055,292010.0,503656.0,359144.0,305730.0,-53414.0,4.032258064516129,2.833940274915793,0.0,0.0,0.0,302.0,302.0,0.34127483443708606,0.16069818888133372,0.031,0.554,-0.02564900662251655,0.2386776400848991,-0.368,0.454,-0.8921390728476821,0.07915326232625368,-1.031,-0.733,-8.256887417218543,9.474729525603967,-40.22,9.55,2.840397350993377,11.066887899908087,-17.27,36.74,42.13470198675497,39.02756200138712,-3.2,107.55,1.0006204956805973,0.029211227453601663,151.0,79.78807947019868,17.837641574873132,52.0,114.0,82.0,62.0,61.0,96.0,35.0,57.0,104.0,47.0,47.0,3.42,18.0,0.39079818752178397
right,student1,joanna_discrete,/Users/ianba/Desktop/COSMOS/final project/Cosmos-Gesture-Recognition-/data/processed/joanna_discrete/sessions/student1_right_003,30.0,388052.9,80391.37563128275,287351.0,736605.0,287351.0,332398.0,45047.0,4.733333333333333,2.55516905289824,0.0,0.0,0.0,302.0,302.0,0.274182119205298,0.11045989028781618,0.086,0.424,-0.17639403973509932,0.24901793938722702,-0.455,0.359,-0.9022649006622514,0.0707537191109873,-1.06,-0.788,-3.0386754966887417,9.75707141598092,-58.6,22.22,7.2908940397351,11.840354480918446,-19.96,41.08,42.260860927152315,36.6284641322738,-21.09,104.13,0.999045229411908,0.03871282177057601,151.0,80.98675496688742,15.580323811340543,50.0,101.0,84.0,51.0,68.5,95.5,27.0,51.0,97.0,46.0,46.0,3.1066666666666665,15.0,0.3325897525270126
right,student1,joanna_discrete,/Users/ianba/Desktop/COSMOS/final project/Cosmos-Gesture-Recognition-/data/processed/joanna_discrete/sessions/student1_right_004,30.0,381996.8,59386.204835466626,305557.0,487639.0,311832.0,315332.0,3500.0,4.366666666666666,2.575310121562493,0.0,0.0,0.0,300.0,300.0,0.28121666666666667,0.0652728355103067,0.149,0.397,-0.15381666666666666,0.2305622469577841,-0.443,0.301,-0.9149733333333332,0.05142767694107478,-1.074,-0.751,-5.656066666666667,9.949593586116414,-34.52,9.4,6.612333333333333,10.605441648302797,-18.8,23.32,41.215399999999995,36.943564015581025,-8.67,97.23,0.9993462360477586,0.0359162984893723,151.0,82.10596026490066,17.04353340434657,54.0,111.0,84.0,57.0,65.0,98.0,33.0,57.0,93.0,36.0,36.0,3.3866666666666667,32.0,0.35652492157546156
right,student1,joanna_discrete,/Users/ianba/Desktop/COSMOS/final project/Cosmos-Gesture-Recognition-/data/processed/joanna_discrete/sessions/student1_right_005,30.0,371975.86666666664,68847.1655726089,284728.0,624436.0,306606.0,288547.0,-18059.0,4.166666666666667,2.0507451220362696,0.0,0.0,0.0,302.0,302.0,0.24322185430463578,0.06339412448388344,0.114,0.359,-0.14142052980132452,0.2773833839611388,-0.559,0.333,-0.9132880794701986,0.07308984621334465,-1.058,-0.763,-1.5392052980132447,10.398308702465032,-41.57,26.83,7.546523178807948,13.434906552360339,-20.45,32.81,44.89350993377484,26.90386172577898,-3.78,84.66,0.9993907283237431,0.0277922154546181,151.0,72.65562913907284,14.823425765823453,50.0,96.0,72.0,46.0,58.0,87.0,29.0,54.0,92.0,38.0,38.0,2.0533333333333332,10.0,0.3297002439874518
right,student1,joanna_discrete,/Users/ianba/Desktop/COSMOS/final project/Cosmos-Gesture-Recognition-/data/processed/joanna_discrete/sessions/student1_right_006,30.0,386257.43333333335,66225.2417243271,291677.0,531957.0,294909.0,319674.0,24765.0,4.833333333333333,2.6468010041473757,0.0,0.0,0.0,301.0,301.0,0.21841196013289033,0.05948351671353759,0.103,0.391,-0.08954817275747508,0.22568667127902503,-0.418,0.283,-0.9406544850498338,0.04660365385861958,-1.033,-0.761,-3.7632225913621262,7.966977145119205,-16.85,21.18,7.65857142857143,9.36492148592763,-9.43,35.4,41.49916943521595,31.478473185035398,-26.43,76.17,0.9982837353637601,0.025055267558550205,150.0,80.95333333333333,13.07199304762424,61.0,111.0,79.0,50.0,69.0,92.0,23.0,65.0,93.0,28.0,28.0,3.315436241610738,39.0,0.2674945553135694
right,student1,joanna_discrete,/Users/ianba/Desktop/COSMOS/final project/Cosmos-Gesture-Recognition-/data/processed/joanna_discrete/sessions/student1_right_007,31.0,379051.03225806454,69475.51160706537,292216.0,563978.0,296930.0,331701.0,34771.0,4.225806451612903,2.4588179355044524,0.0,0.0,0.0,302.0,302.0,0.24867880794701985,0.06986599861747787,0.067,0.355,-0.15430794701986755,0.2470876748765865,-0.503,0.273,-0.9205562913907284,0.05593943458074191,-1.032,-0.794,-4.982152317880795,7.35384133998147,-25.27,14.16,4.797715231788079,10.681269755407419,-19.01,24.51,45.713311258278154,35.739201559469905,-7.72,94.64,1.0007056886526577,0.0269610743971259,150.0,84.46666666666667,17.557830302224136,34.0,135.0,81.5,101.0,70.0,100.0,30.0,69.0,99.0,30.0,30.0,5.275167785234899,38.0,0.2598231032490331
right,student1,joanna_discrete,/Users/ianba/Desktop/COSMOS/final project/Cosmos-Gesture-Recognition-/data/processed/joanna_discrete/sessions/student1_right_008,30.0,374616.9,56015.72297212631,285625.0,487770.0,327781.0,301491.0,-26290.0,3.7333333333333334,2.792052212182923,0.0,0.0,0.0,302.0,302.0,0.23891721854304632,0.10526011506134256,0.054,0.394,-0.143953642384106,0.23350270749450172,-0.495,0.198,-0.9231523178807948,0.07067205751335158,-1.058,-0.769,-2.956490066225166,7.890905671475643,-23.26,19.01,8.478046357615893,13.027300542641768,-12.36,38.54,41.04864238410595,31.328634773416965,-6.9,84.6,0.99997067342637,0.02589765840869506,151.0,79.58278145695364,19.783952289972813,49.0,117.0,85.0,68.0,58.0,98.0,40.0,54.0,99.0,45.0,45.0,4.1,26.0,0.403053328685953
left,student1,joanna_discrete,/Users/ianba/Desktop/COSMOS/final project/Cosmos-Gesture-Recognition-/data/processed/joanna_discrete/sessions/student1_left_001,30.0,403902.76666666666,72117.63363407656,290616.0,536573.0,327940.0,329372.0,1432.0,5.066666666666666,2.4890872936792623,0.0,0.0,0.0,300.0,300.0,0.2869933333333333,0.06166284636815124,0.053,0.368,-0.05210666666666666,0.39342144741852714,-0.82,0.492,-0.8769666666666666,0.09642806760597364,-1.077,-0.649,6.5037666666666665,16.770530626038312,-21.49,62.47,-5.8907,15.466839189375444,-28.57,49.99,-58.67280000000001,55.95614218439295,-155.22,15.99,1.009688984666098,0.050597242124560265,150.0,67.89333333333333,22.03174849698616,47.0,186.0,62.0,139.0,53.0,77.75,24.75,71.0,49.0,-22.0,22.0,4.912751677852349,58.0,-0.34904662429441285
left,student1,joanna_discrete,/Users/ianba/Desktop/COSMOS/final project/Cosmos-Gesture-Recognition-/data/processed/joanna_discrete/sessions/student1_left_002,30.0,398085.63333333336,62002.84277809814,285197.0,521407.0,307908.0,367800.0,59892.0,4.7,2.5317977802344327,0.0,0.0,0.0,300.0,300.0,0.28145000000000003,0.04816721741322965,0.159,0.361,-0.04949999999999998,0.2933961883415211,-0.629,0.414,-0.9165166666666666,0.06291515229965583,-1.124,-0.777,10.7889,20.167422801554657,-19.41,71.93,-2.222366666666667,7.373459843625349,-23.19,19.71,-54.91543333333334,53.367860779176404,-134.71,27.56,1.0056492252249174,0.051927922525910226,151.0,69.80794701986756,12.384245492715374,54.0,97.0,66.0,43.0,58.0,82.5,24.5,88.0,59.0,-29.0,29.0,3.2333333333333334,26.0,-0.2504043220634372
left,student1,joanna_discrete,/Users/ianba/Desktop/COSMOS/final project/Cosmos-Gesture-Recognition-/data/processed/joanna_discrete/sessions/student1_left_003,30.0,395444.7,63436.65358457995,290418.0,519421.0,374898.0,330771.0,-44127.0,4.4,2.259793500890439,0.0,0.0,0.0,301.0,301.0,0.28282392026578074,0.059882156360741116,0.144,0.442,-0.08011960132890365,0.23627258945143617,-0.685,0.259,-0.9329999999999999,0.053648109019134145,-1.089,-0.823,11.96747508305648,16.591530369544937,-23.29,57.68,-4.834717607973422,6.754055531032302,-31.65,14.92,-52.41242524916943,50.48653761315662,-135.59,66.56,1.0080778334627132,0.05445485148778768,149.0,61.48322147651007,17.827857045906146,3.0,89.0,61.0,86.0,48.0,78.0,30.0,79.0,11.0,-68.0,68.0,3.635135135135135,54.0,-0.3632831489207331
left,student1,joanna_discrete,/Users/ianba/Desktop/COSMOS/final project/Cosmos-Gesture-Recognition-/data/processed/joanna_discrete/sessions/student1_left_004,30.0,396870.7,64813.88213860259,303887.0,536077.0,311565.0,334078.0,22513.0,4.566666666666666,2.917571288284525,0.0,0.0,0.0,301.0,301.0,0.276687707641196,0.04577289904994134,0.147,0.364,-0.12244186046511629,0.26665866688791307,-0.627,0.264,-0.916906976744186,0.06782877101377159,-1.091,-0.732,10.4253488372093,17.75744834491055,-30.4,71.99,-5.695614617940199,8.255117291675584,-28.23,12.09,-53.98614617940199,47.79645571068579,-113.44,21.97,1.0038074370419132,0.04939509273725,150.0,73.02666666666667,11.77413082140472,54.0,98.0,71.5,44.0,62.0,83.0,21.0,86.0,63.0,-23.0,23.0,3.0805369127516777,16.0,-0.23383794835325947
left,student1,joanna_discrete,/Users/ianba/Desktop/COSMOS/final project/Cosmos-Gesture-Recognition-/data/processed/joanna_discrete/sessions/student1_left_005,31.0,381355.5806451613,45847.931202332555,292937.0,487185.0,350549.0,353964.0,3415.0,3.806451612903226,1.941388841720139,0.0,0.0,0.0,302.0,302.0,0.21938410596026492,0.03286211630094526,0.095,0.289,-0.2614470198675497,0.15687841341968967,-0.475,0.115,-0.9260927152317883,0.04738951612248093,-1.058,-0.812,7.886125827814569,11.915057251034325,-38.03,37.14,-10.557086092715231,9.953663280481077,-72.7,6.29,-49.584205298013245,37.178331800852455,-106.2,62.96,1.0004539032822382,0.0340610669460945,151.0,71.1523178807947,14.057855855651606,43.0,95.0,72.0,52.0,60.5,85.0,24.5,89.0,49.0,-40.0,40.0,4.386666666666667,31.0,-0.26530846985012246
left,student1,joanna_discrete,/Users/ianba/Desktop/COSMOS/final project/Cosmos-Gesture-Recognition-/data/processed/joanna_discrete/sessions/student1_left_006,30.0,370614.0,56636.1585744184,288272.0,552226.0,290186.0,449539.0,159353.0,3.533333333333333,2.124983660067897,0.0,0.0,0.0,303.0,303.0,0.18266666666666667,0.04170536816494224,0.016,0.273,-0.16180528052805282,0.11187689945731438,-0.418,0.053,-0.9627623762376237,0.03668071547942961,-1.149,-0.847,8.54178217821782,13.519655931043799,-30.95,57.65,-4.793498349834984,5.272246248120658,-17.27,19.53,-55.335214521452144,28.24774457897241,-101.41,12.02,1.00054108748666,0.03127680485022146,150.0,71.78666666666666,17.195905032540253,45.0,204.0,71.5,159.0,62.0,81.75,19.75,87.0,50.0,-37.0,37.0,5.926174496644295,120.0,-0.2839699542201873
left,student1,joanna_discrete,/Users/ianba/Desktop/COSMOS/final project/Cosmos-Gesture-Recognition-/data/processed/joanna_discrete/sessions/student1_left_007,30.0,372391.63333333336,48795.194397592975,278843.0,491575.0,301644.0,351944.0,50300.0,4.166666666666667,2.6341770800173796,0.0,0.0,0.0,300.0,300.0,0.17181666666666667,0.038018632128061745,0.064,0.254,-0.07743333333333334,0.117355097413316,-0.283,0.181,-0.9745233333333332,0.04779710021422731,-1.136,-0.778,7.679033333333334,12.826607426188561,-14.53,51.24,0.19869999999999996,8.425518419856035,-28.29,20.81,-53.2497,31.01442966711893,-108.68,6.04,1.0002731247708705,0.046567039786223084,149.0,76.22818791946308,17.911615137371406,50.0,189.0,79.0,139.0,65.0,84.0,19.0,189.0,56.0,-133.0,133.0,6.128378378378378,107.0,-0.2894902956647918
left,student1,joanna_discrete,/Users/ianba/Desktop/COSMOS/final project/Cosmos-Gesture-Recognition-/data/processed/joanna_discrete/sessions/student1_left_008,30.0,379175.2,42777.34291374349,293919.0,486246.0,308465.0,335338.0,26873.0,4.166666666666667,2.1147629234082532,0.0,0.0,0.0,300.0,300.0,0.02224666666666667,0.04207547768263864,-0.104,0.184,-0.24702,0.1453944276786425,-0.474,0.087,-0.9529266666666668,0.045527954294281886,-1.173,-0.85,-0.6111666666666671,15.544821033779135,-76.33,52.37,-7.739466666666666,8.825418500873234,-28.69,19.26,-57.33316666666667,32.8944950456084,-122.56,2.96,0.9963917806267879,0.042060981515479115,150.0,69.88666666666667,16.61831150884234,48.0,130.0,67.0,82.0,55.0,83.5,28.5,88.0,51.0,-37.0,37.0,5.134228187919463,54.0,-0.2907951464509531
bye_bye,student1,joanna_discrete,/Users/ianba/Desktop/COSMOS/final project/Cosmos-Gesture-Recognition-/data/processed/joanna_discrete/sessions/student1_bye_bye_001,30.0,401596.9,55126.425912533094,335975.0,576353.0,389141.0,335975.0,-53166.0,5.233333333333333,2.525646231935282,0.0,0.0,0.0,299.0,299.0,0.314123745819398,0.22184477701381652,-0.202,0.697,-0.38888963210702343,0.8344815893331531,-1.768,1.47,-0.4856421404682274,0.36331425311773186,-1.136,0.865,-21.992441471571905,318.1433433976261,-642.96,520.46,0.4381605351170574,87.21048650333366,-235.08,164.59,-17.925953177257522,162.90398218803682,-352.7,263.71,1.1204403990798666,0.32854580943765926,149.0,75.79865771812081,14.198867420465035,37.0,91.0,82.0,54.0,77.0,84.0,7.0,44.0,85.0,41.0,41.0,2.1554054054054053,16.0,0.24746598947941195
bye_bye,student1,joanna_discrete,/Users/ianba/Desktop/COSMOS/final project/Cosmos-Gesture-Recognition-/data/processed/joanna_discrete/sessions/student1_bye_bye_002,30.0,361750.26666666666,26470.807291471527,317611.0,432177.0,343295.0,355838.0,12543.0,3.966666666666667,1.9576062480034697,0.0,0.0,0.0,302.0,302.0,0.4630331125827815,0.14057711782461166,0.125,0.724,-0.27695033112582784,0.655465246665285,-1.356,0.874,-0.6613311258278145,0.09938091291779773,-1.02,-0.434,-3.8162582781456944,272.2763298944066,-483.78,441.63,0.809403973509934,58.43964343500322,-103.21,136.23,-1.634337748344371,124.06850144064363,-198.8,200.05,1.056247386000137,0.2684672201770621,151.0,83.86754966887418,3.1062850195235714,67.0,91.0,84.0,24.0,82.0,86.0,4.0,77.0,79.0,2.0,2.0,2.92,19.0,-0.006573719065877215
bye_bye,student1,joanna_discrete,/Users/ianba/Desktop/COSMOS/final project/Cosmos-Gesture-Recognition-/data/processed/joanna_discrete/sessions/student1_bye_bye_003,30.0,376076.9666666667,33358.278083541554,313011.0,468236.0,313011.0,352263.0,39252.0,3.4,1.9425069712444623,0.0,0.0,0.0,301.0,301.0,0.48242524916943524,0.11145124774957844,0.169,0.656,-0.3199568106312292,0.550691255241805,-1.143,0.725,-0.6818006644518272,0.06487944455018015,-0.831,-0.537,-2.2847176079734206,223.60613794924043,-349.13,319.83,-1.6242857142857146,51.951012357363275,-95.37,95.43,-2.417574750830566,103.68727141547609,-170.75,151.68,1.0383083317409294,0.20436735928149952,150.0,82.92,3.16550196407517,69.0,91.0,83.0,22.0,81.0,85.0,4.0,84.0,83.0,-1.0,1.0,2.664429530201342,14.0,-0.02708031468065217
bye_bye,student1,joanna_discrete,/Users/ianba/Desktop/COSMOS/final project/Cosmos-Gesture-Recognition-/data/processed/joanna_discrete/sessions/student1_bye_bye_004,30.0,363511.23333333334,31258.8274878029,320978.0,422947.0,336142.0,405046.0,68904.0,3.7666666666666666,2.3048258550750034,0.0,0.0,0.0,300.0,300.0,0.5106133333333335,0.10518642413459174,0.276,0.711,-0.26879666666666663,0.4751563903834423,-1.056,0.507,-0.7048866666666666,0.07676027936953388,-0.978,-0.498,-0.8157000000000001,188.68088111900298,-350.54,284.34,0.7724666666666663,51.50815998702428,-96.71,92.53,0.46473333333333244,89.25031769651517,-139.65,131.41,1.0197340446005205,0.18087353302606346,150.0,82.04,3.534831475056057,73.0,93.0,82.0,20.0,80.0,84.0,4.0,82.0,84.0,2.0,2.0,2.469798657718121,9.0,-0.012896573181029948
bye_bye,student1,joanna_discrete,/Users/ianba/Desktop/COSMOS/final project/Cosmos-Gesture-Recognition-/data/processed/joanna_discrete/sessions/student1_bye_bye_005,30.0,363743.6,31336.23093864353,317421.0,441799.0,363526.0,339082.0,-24444.0,3.8333333333333335,2.1147629234082532,0.0,0.0,0.0,301.0,301.0,0.5544485049833887,0.1250863150736129,0.28,0.774,-0.21193023255813956,0.4757379493601574,-1.106,0.609,-0.6908073089700998,0.061096971664551074,-0.842,-0.511,-4.303122923588039,176.68441975906134,-299.87,265.05,1.262325581395349,58.37012029650856,-90.37,107.94,-1.0209634551495022,105.26164758619412,-173.74,158.6,1.02539400741268,0.1543225792482071,150.0,80.80666666666667,7.419995356885128,60.0,97.0,83.0,37.0,77.25,85.0,7.75,89.0,89.0,0.0,0.0,6.120805369127517,30.0,0.0083861504955777
bye_bye,student1,joanna_discrete,/Users/ianba/Desktop/COSMOS/final project/Cosmos-Gesture-Recognition-/data/processed/joanna_discrete/sessions/student1_bye_bye_006,31.0,350663.6451612903,27879.453458275577,302075.0,451719.0,344662.0,348612.0,3950.0,3.838709677419355,2.201125433449288,0.0,0.0,0.0,301.0,301.0,0.526578073089701,0.13641198853310554,0.22,0.762,-0.2388936877076412,0.49083462242536496,-1.096,0.589,-0.6936910299003323,0.08435934578849515,-0.874,-0.46,7.3890697674418595,188.27135211102282,-327.89,250.34,4.299800664451826,69.76976650550502,-115.21,115.12,5.635249169435216,104.82006658947338,-174.54,143.47,1.0246197269121122,0.17988795868823576,151.0,82.01324503311258,6.009976988271959,45.0,92.0,83.0,47.0,80.5,85.0,4.5,85.0,82.0,-3.0,3.0,4.486666666666666,37.0,-0.0085883583130016
bye_bye,student1,joanna_discrete,/Users/ianba/Desktop/COSMOS/final project/Cosmos-Gesture-Recognition-/data/processed/joanna_discrete/sessions/student1_bye_bye_007,30.0,382587.06666666665,25810.56845678185,337166.0,439904.0,391906.0,383183.0,-8723.0,4.5,1.6881943016134133,0.0,0.0,0.0,302.0,302.0,0.5468708609271524,0.13453065289417493,0.319,0.787,-0.24042052980132445,0.5317294960123246,-1.186,0.651,-0.6560993377483445,0.07771707517911274,-0.869,-0.486,-6.165794701986755,184.6059468609325,-317.15,279.18,-1.0284105960264898,67.86475425181487,-114.78,100.41,-1.7825165562913905,116.91661365251552,-182.38,197.67,1.0299276157715158,0.18292051338824936,151.0,78.18543046357615,6.073334036051844,64.0,97.0,78.0,33.0,74.0,82.0,8.0,68.0,81.0,13.0,13.0,3.8466666666666667,24.0,0.008128267689089716
bye_bye,student1,joanna_discrete,/Users/ianba/Desktop/COSMOS/final project/Cosmos-Gesture-Recognition-/data/processed/joanna_discrete/sessions/student1_bye_bye_008,31.0,347218.96774193546,17605.99783337022,319218.0,394366.0,384976.0,342233.0,-42743.0,3.225806451612903,2.0589643093203804,0.0,0.0,0.0,302.0,302.0,0.5488377483443707,0.10627633370070602,0.319,0.734,-0.43760264900662255,0.5198855908203762,-1.303,0.503,-0.5849701986754967,0.12412438660590293,-0.844,-0.319,0.7553973509933771,199.94559117951786,-309.24,313.3,0.8645695364238404,70.9822147646449,-122.17,123.2,1.1820198675496683,111.72269371804235,-169.23,172.15,1.043766360559988,0.20601800971018577,151.0,79.18543046357615,5.3980292373049545,64.0,90.0,79.0,26.0,75.0,83.5,8.5,73.0,78.0,5.0,5.0,2.42,18.0,0.04861275705820812
t_arm,student1,joanna_discrete,/Users/ianba/Desktop/COSMOS/final project/Cosmos-Gesture-Recognition-/data/processed/joanna_discrete/sessions/student1_t_arm_001,30.0,320534.36666666664,33327.42526557103,281020.0,391820.0,307185.0,291778.0,-15407.0,1.9666666666666666,1.6224124698183942,0.0,0.0,0.0,301.0,301.0,0.5346478405315613,0.4562501524000887,-0.2,0.965,-0.39664119601328907,0.5175131668897106,-1.315,0.47,-0.11618936877076412,0.3184439545341311,-0.636,0.705,-5.2710631229235885,26.301701324391114,-114.78,73.52,-16.885980066445185,33.099966016377074,-116.34,13.73,-32.026112956810636,51.49736746979856,-164.49,14.22,1.0128853759579766,0.0901463698347793,150.0,104.36666666666666,18.429774810142764,73.0,144.0,96.5,71.0,89.25,123.75,34.5,114.0,92.0,-22.0,22.0,6.1879194630872485,28.0,-0.34189430641361784
t_arm,student1,joanna_discrete,/Users/ianba/Desktop/COSMOS/final project/Cosmos-Gesture-Recognition-/data/processed/joanna_discrete/sessions/student1_t_arm_002,30.0,324452.6,27686.69523628031,287043.0,384877.0,319567.0,311400.0,-8167.0,2.0,1.6931233465600393,0.0,0.0,0.0,300.0,300.0,0.4976,0.4618049227397502,-0.224,0.907,-0.36676000000000003,0.5233071077929926,-1.175,0.4,-0.1423766666666667,0.3724895812264045,-0.613,0.499,-10.157733333333335,28.41332899999967,-184.3,39.67,-14.9932,28.38075477784197,-86.21,13.79,-32.886,51.3953633706388,-138.49,13.25,1.0105102498780174,0.08438845630851072,150.0,106.78,25.23097861517057,70.0,164.0,95.0,94.0,87.0,129.0,42.0,137.0,90.0,-47.0,47.0,5.604026845637584,48.0,-0.4990924041068486
t_arm,student1,joanna_discrete,/Users/ianba/Desktop/COSMOS/final project/Cosmos-Gesture-Recognition-/data/processed/joanna_discrete/sessions/student1_t_arm_003,30.0,316102.1,33655.263257871964,277467.0,412814.0,306001.0,295209.0,-10792.0,1.3,1.9,0.0,0.0,0.0,300.0,300.0,0.5523566666666667,0.4302475986245853,-0.213,0.936,-0.35354,0.5207468051430241,-1.283,0.312,-0.21426,0.2892436327158589,-0.552,0.293,-9.008666666666667,22.214862132265317,-82.64,27.19,-14.7069,24.04821987985805,-77.15,22.74,-33.91589999999999,46.994600897585386,-140.26,5.49,1.0050564469152328,0.07621951968357381,149.0,103.95302013422818,16.956755637889735,82.0,193.0,99.0,111.0,90.0,117.0,27.0,111.0,87.0,-24.0,24.0,5.891891891891892,69.0,-0.27575185924179263
t_arm,student1,joanna_discrete,/Users/ianba/Desktop/COSMOS/final project/Cosmos-Gesture-Recognition-/data/processed/joanna_discrete/sessions/student1_t_arm_004,30.0,318637.4666666667,40657.494595489065,277543.0,456753.0,281940.0,292169.0,10229.0,1.5,1.8027756377319946,0.0,0.0,0.0,302.0,302.0,0.5345033112582781,0.41173801183080794,-0.161,0.884,-0.3025728476821192,0.559063247666926,-1.25,0.376,-0.23600331125827814,0.3181626109537435,-0.564,0.388,-8.35887417218543,20.910663556858758,-87.92,33.36,-14.117516556291394,26.48247899086076,-83.47,9.0,-34.29158940397351,54.818083665990585,-167.46,5.86,1.0047431460907552,0.08209898596349548,149.0,98.75167785234899,16.01557773774952,62.0,159.0,92.0,97.0,88.0,108.0,20.0,107.0,83.0,-24.0,24.0,6.1891891891891895,43.0,-0.24728460003627759
t_arm,student1,joanna_discrete,/Users/ianba/Desktop/COSMOS/final project/Cosmos-Gesture-Recognition-/data/processed/joanna_discrete/sessions/student1_t_arm_005,30.0,318255.3333333333,30003.92516692145,281052.0,392422.0,290505.0,291679.0,1174.0,1.9666666666666666,1.7603661235347856,0.0,0.0,0.0,301.0,301.0,0.5799169435215946,0.3708834694602836,-0.106,0.866,-0.28384385382059807,0.5499435720408066,-1.354,0.302,-0.26472425249169435,0.29943742441350146,-0.57,0.387,-11.008837209302325,20.462927835269305,-83.22,27.07,-12.845348837209302,19.66341928813257,-66.1,8.27,-34.20830564784053,46.485030742978786,-135.38,7.02,1.0049358162567437,0.08190959213746794,150.0,99.81333333333333,18.57774762814704,57.0,169.0,97.0,112.0,88.0,114.0,26.0,114.0,88.0,-26.0,26.0,7.100671140939597,48.0,-0.2656793635272676
t_arm,student1,joanna_discrete,/Users/ianba/Desktop/COSMOS/final project/Cosmos-Gesture-Recognition-/data/processed/joanna_discrete/sessions/student1_t_arm_006,30.0,323823.7,36746.742397252034,272763.0,421802.0,294127.0,315691.0,21564.0,2.033333333333333,1.6224124698183944,0.0,0.0,0.0,302.0,302.0,0.6324569536423841,0.4372093734430694,-0.196,0.957,-0.28280794701986756,0.48048887514919936,-1.258,0.333,-0.14248013245033112,0.3230786885717688,-0.5,0.574,-4.626490066225166,23.167356636184877,-89.18,65.1,-15.982880794701986,25.833066211987738,-90.46,3.6,-33.90543046357615,53.38349165957903,-158.02,16.36,1.0077852452583882,0.10513351068346097,151.0,90.98013245033113,20.638950295876807,48.0,171.0,85.0,123.0,79.0,98.5,19.5,144.0,76.0,-68.0,68.0,7.8133333333333335,77.0,-0.3065040083652855
t_arm,student1,joanna_discrete,/Users/ianba/Desktop/COSMOS/final project/Cosmos-Gesture-Recognition-/data/processed/joanna_discrete/sessions/student1_t_arm_007,30.0,321414.86666666664,55789.06842188909,273784.0,505061.0,288590.0,296132.0,7542.0,1.5,1.6881943016134133,0.0,0.0,0.0,302.0,302.0,0.6286225165562914,0.4084426364957192,-0.138,0.952,-0.23788410596026494,0.5659335104269765,-1.203,0.427,-0.1572748344370861,0.23655722036278515,-0.511,0.307,-7.149105960264901,27.078064291174588,-118.32,113.86,-12.204503311258275,20.31930606407329,-61.98,7.97,-35.40480132450331,50.992274279726004,-152.32,13.43,1.0068082597372896,0.07676628100673258,150.0,93.57333333333334,18.905397356760375,55.0,143.0,86.5,88.0,80.25,114.0,33.75,109.0,74.0,-35.0,35.0,5.3624161073825505,30.0,-0.3780861371616508
t_arm,student1,joanna_discrete,/Users/ianba/Desktop/COSMOS/final project/Cosmos-Gesture-Recognition-/data/processed/joanna_discrete/sessions/student1_t_arm_008,30.0,318503.8333333333,27661.382996376415,279291.0,397443.0,287584.0,293163.0,5579.0,2.1666666666666665,1.6346933113652302,0.0,0.0,0.0,300.0,300.0,0.6176,0.41414556217188503,-0.133,0.944,-0.24498999999999996,0.5493454194766714,-1.339,0.339,-0.17181,0.28171586258734765,-0.503,0.415,-8.059033333333334,18.36659680140977,-72.12,29.05,-9.999733333333332,22.00061518675229,-59.76,17.67,-36.29736666666666,53.351198131490506,-165.47,6.26,1.0059126957832447,0.10848478447268604,151.0,95.09933774834437,20.255289010325974,61.0,159.0,85.0,98.0,81.0,114.0,33.0,116.0,72.0,-44.0,44.0,6.0,44.0,-0.36253049843150986
raise_arms,student1,joanna_discrete,/Users/ianba/Desktop/COSMOS/final project/Cosmos-Gesture-Recognition-/data/processed/joanna_discrete/sessions/student1_raise_arms_001,30.0,371250.6666666667,84553.9008543597,268767.0,558435.0,287946.0,444414.0,156468.0,3.6,3.401960219246153,0.0,0.0,0.0,300.0,300.0,0.08698999999999998,0.4908809528796162,-0.546,0.655,-0.47202333333333335,0.1354820878279569,-0.762,-0.247,-0.7144033333333333,0.07885755505269543,-0.866,-0.479,-3.5616333333333334,10.256206137369814,-28.9,21.36,16.55013333333333,26.723442879156785,-14.4,66.71,-12.524133333333333,22.3278501782465,-60.49,10.83,0.9986651144863303,0.09461193956369854,150.0,40.58,3.638478183242671,33.0,47.0,40.0,14.0,38.0,44.0,6.0,41.0,46.0,5.0,5.0,2.4093959731543624,9.0,0.056964309524867765
raise_arms,student1,joanna_discrete,/Users/ianba/Desktop/COSMOS/final project/Cosmos-Gesture-Recognition-/data/processed/joanna_discrete/sessions/student1_raise_arms_002,30.0,370718.1666666667,79143.44771913983,275945.0,575952.0,297952.0,295814.0,-2138.0,4.133333333333334,3.159465496286076,0.0,0.0,0.0,300.0,300.0,-0.0010966666666666451,0.4611646712280646,-0.767,0.479,-0.5710866666666667,0.09209813148062354,-0.938,-0.389,-0.6810233333333334,0.08460781754004111,-0.963,-0.488,-1.0144333333333335,11.092980934456808,-26.28,57.8,15.191266666666667,28.525366682928997,-12.91,80.14,-12.356366666666668,24.787845310398044,-71.96,16.79,1.000482489955605,0.13146160640620325,150.0,40.24,4.256349382641666,29.0,49.0,41.0,20.0,38.0,43.0,5.0,35.0,46.0,11.0,11.0,2.610738255033557,10.0,0.07492955242455233
raise_arms,student1,joanna_discrete,/Users/ianba/Desktop/COSMOS/final project/Cosmos-Gesture-Recognition-/data/processed/joanna_discrete/sessions/student1_raise_arms_003,30.0,391422.1666666667,75100.76058295874,290327.0,527634.0,328837.0,366942.0,38105.0,4.866666666666666,2.9181424837652385,0.0,0.0,0.0,302.0,302.0,-0.0815529801324503,0.5650131530213658,-0.872,0.537,-0.5795794701986755,0.08874771879756847,-0.891,-0.417,-0.5824503311258278,0.09743289004645332,-0.76,-0.409,-3.805927152317881,9.721061842498823,-31.74,35.28,16.80837748344371,30.16739783939862,-27.41,86.43,-17.752814569536422,30.1608922318935,-83.41,13.31,1.0010144279250004,0.12802711783272208,151.0,37.43046357615894,5.107523775470633,24.0,46.0,39.0,22.0,32.5,42.0,9.5,31.0,42.0,11.0,11.0,2.2466666666666666,7.0,0.0995782502614149
raise_arms,student1,joanna_discrete,/Users/ianba/Desktop/COSMOS/final project/Cosmos-Gesture-Recognition-/data/processed/joanna_discrete/sessions/student1_raise_arms_004,30.0,387111.9,73465.99125189379,292211.0,602567.0,294338.0,319825.0,25487.0,4.1,2.637549367626446,0.0,0.0,0.0,302.0,302.0,-0.023099337748344367,0.5551289839375246,-0.799,0.521,-0.5787781456953642,0.09375906376956662,-0.84,-0.451,-0.5941854304635762,0.08139857004239788,-0.715,-0.426,-1.0995364238410597,9.67132597644775,-25.36,31.86,18.90698675496689,27.512165193520957,-6.56,83.9,-18.033443708609273,28.088681997430776,-78.22,9.8,0.9994834380611705,0.11485461334655048,151.0,42.88741721854305,5.055087267769787,33.0,52.0,45.0,19.0,39.0,46.0,7.0,36.0,42.0,6.0,6.0,2.0933333333333333,10.0,0.09459393516904825
raise_arms,student1,joanna_discrete,/Users/ianba/Desktop/COSMOS/final project/Cosmos-Gesture-Recognition-/data/processed/joanna_discrete/sessions/student1_raise_arms_005,30.0,387664.8333333333,76637.47590314777,291908.0,585264.0,345098.0,303387.0,-41711.0,4.433333333333334,2.5778975067980414,0.0,0.0,0.0,302.0,302.0,0.012129139072847671,0.574890009530692,-0.913,0.536,-0.454635761589404,0.14808933152606638,-0.835,-0.241,-0.6622450331125828,0.1367043489857635,-0.843,-0.396,-6.850827814569536,16.41317574561501,-55.82,50.45,19.190298013245034,32.342607683448975,-16.24,94.36,-19.068145695364237,30.964952168326043,-89.63,11.81,0.9991134961069569,0.13527213205794872,151.0,44.51655629139073,4.547313206184888,33.0,54.0,46.0,21.0,42.5,47.0,4.5,39.0,46.0,7.0,7.0,2.3666666666666667,12.0,0.05233530846984994
raise_arms,student1,joanna_discrete,/Users/ianba/Desktop/COSMOS/final project/Cosmos-Gesture-Recognition-/data/processed/joanna_discrete/sessions/student1_raise_arms_006,30.0,378427.1666666667,68330.47705774408,271911.0,535094.0,303575.0,339611.0,36036.0,4.366666666666666,3.4008168953290556,0.0,0.0,0.0,302.0,302.0,-0.1044238410596026,0.4817060181359841,-0.783,0.449,-0.5586158940397351,0.09236777633458215,-0.766,-0.359,-0.6530198675496688,0.09514794824698848,-0.82,-0.433,-2.4245364238410594,13.091801803188563,-45.96,44.56,17.576721854304637,20.196139265723925,-6.47,66.32,-16.54483443708609,19.149328083047497,-67.96,14.13,0.996610351538088,0.07605548202596384,151.0,30.278145695364238,2.686159440284836,24.0,39.0,30.0,15.0,29.0,32.0,3.0,29.0,36.0,7.0,7.0,2.4066666666666667,11.0,0.01616939700243971
raise_arms,student1,joanna_discrete,/Users/ianba/Desktop/COSMOS/final project/Cosmos-Gesture-Recognition-/data/processed/joanna_discrete/sessions/student1_raise_arms_007,30.0,402046.56666666665,78934.739783648,306617.0,575278.0,306617.0,353763.0,47146.0,5.033333333333333,2.68927912687066,0.0,0.0,0.0,300.0,300.0,-0.10770333333333333,0.54441878670948,-0.88,0.48,-0.4724133333333333,0.0871402460915098,-0.656,-0.333,-0.6702,0.10819547125457701,-0.8,-0.432,-1.9792999999999998,9.856871199489893,-27.8,28.81,21.005866666666666,25.769193576482408,-10.07,73.27,-16.219833333333334,19.636716247178963,-55.57,10.71,0.9961684081388639,0.08533701400573541,151.0,33.86092715231788,2.663430707688457,24.0,39.0,34.0,15.0,32.0,36.0,4.0,33.0,37.0,4.0,4.0,2.1466666666666665,8.0,0.03696061345416502
raise_arms,student1,joanna_discrete,/Users/ianba/Desktop/COSMOS/final project/Cosmos-Gesture-Recognition-/data/processed/joanna_discrete/sessions/student1_raise_arms_008,30.0,395661.9,83003.77779529073,277221.0,616895.0,291906.0,385469.0,93563.0,5.2,3.208322510804257,0.0,0.0,0.0,303.0,303.0,-0.06728052805280527,0.5495476842618927,-0.827,0.503,-0.4181254125412541,0.12671632560954774,-0.684,-0.16,-0.6986468646864684,0.12502341977993617,-0.859,-0.432,-4.880990099009901,15.259958270337544,-58.5,40.68,20.991188118811877,28.021023105555997,-10.01,80.11,-16.07864686468647,19.71971708882798,-50.48,10.35,0.99689100846337,0.0858011002029727,151.0,34.10596026490066,3.2519785113697472,25.0,42.0,35.0,17.0,32.0,37.0,5.0,36.0,35.0,-1.0,1.0,2.3533333333333335,12.0,0.04323457650749367
fist_open,student1,joanna_discrete,/Users/ianba/Desktop/COSMOS/final project/Cosmos-Gesture-Recognition-/data/processed/joanna_discrete/sessions/student1_fist_open_001,30.0,305446.23333333334,21739.32265072263,274899.0,371276.0,284561.0,293190.0,8629.0,4.866666666666666,1.839081896551163,0.0,0.0,0.0,301.0,301.0,0.8256677740863787,0.04342491811144273,0.74,1.041,0.03951495016611296,0.08318009087129155,-0.139,0.328,-0.5471129568106312,0.07388147461030281,-0.701,-0.201,-0.7702325581395348,14.263714561854597,-67.57,60.61,2.7174418604651156,14.458989217902834,-37.42,56.4,-3.3132558139534884,10.734053212546282,-58.41,24.38,0.9980885915293984,0.0265250587417543,150.0,78.40666666666667,2.385911294858869,69.0,84.0,78.5,15.0,77.0,80.0,3.0,75.0,77.0,2.0,2.0,2.040268456375839,9.0,0.022285434908218462
fist_open,student1,joanna_discrete,/Users/ianba/Desktop/COSMOS/final project/Cosmos-Gesture-Recognition-/data/processed/joanna_discrete/sessions/student1_fist_open_002,30.0,292934.3333333333,31058.37333187658,261934.0,405378.0,283678.0,261934.0,-21744.0,4.2,1.4,0.0,0.0,0.0,300.0,300.0,0.7958366666666667,0.039727614101808605,0.628,1.011,0.09511,0.057616414617132614,-0.063,0.432,-0.58858,0.0662675657216007,-0.768,-0.169,-0.24189999999999984,12.308639298882715,-46.17,66.96,1.9602000000000002,14.689529784623241,-44.95,63.3,-2.102866666666667,8.747313937178404,-42.73,26.31,0.9988472312260118,0.020539279575075647,150.0,78.48,2.106939636266897,71.0,84.0,79.0,13.0,77.25,80.0,2.75,79.0,76.0,-3.0,3.0,2.2751677852348995,10.0,-0.005138006133605554
fist_open,student1,joanna_discrete,/Users/ianba/Desktop/COSMOS/final project/Cosmos-Gesture-Recognition-/data/processed/joanna_discrete/sessions/student1_fist_open_003,30.0,296384.9,32049.857242895796,260535.0,422700.0,365334.0,276080.0,-89254.0,4.333333333333333,1.9379255804998177,0.0,0.0,0.0,302.0,302.0,0.7834801324503313,0.036695696049969244,0.677,0.91,0.07125165562913909,0.07404376891948396,-0.105,0.331,-0.606771523178808,0.060086395720329734,-0.735,-0.295,-1.9455629139072854,10.782631185344068,-60.37,64.18,1.99158940397351,10.631774231124812,-19.99,50.69,-2.5498013245033113,6.345020362791333,-31.04,12.36,0.9984882331867801,0.023457934214428867,151.0,79.71523178807946,2.1303442083184856,72.0,84.0,80.0,12.0,79.0,81.0,2.0,76.0,82.0,6.0,6.0,2.3466666666666667,8.0,0.016490066225164943
fist_open,student1,joanna_discrete,/Users/ianba/Desktop/COSMOS/final project/Cosmos-Gesture-Recognition-/data/processed/joanna_discrete/sessions/student1_fist_open_004,30.0,289242.1,19602.854833501504,263818.0,349511.0,285365.0,282221.0,-3144.0,3.966666666666667,1.7220788470785986,0.0,0.0,0.0,302.0,302.0,0.7334370860927152,0.047055283276422596,0.48,0.993,0.09717549668874173,0.05089645698241256,-0.053,0.393,-0.6660728476821192,0.05711590392609295,-0.775,-0.356,-0.014801324503311255,11.611197230237217,-27.5,72.3,1.2146026490066226,11.743577715387417,-37.32,41.23,-1.2345364238410597,6.048685721483847,-21.24,22.22,0.9990217318880528,0.0323810059528969,151.0,81.78145695364239,1.8290035164358374,75.0,85.0,82.0,10.0,81.0,83.0,2.0,75.0,82.0,7.0,7.0,1.54,7.0,0.015249215754617778
fist_open,student1,joanna_discrete,/Users/ianba/Desktop/COSMOS/final project/Cosmos-Gesture-Recognition-/data/processed/joanna_discrete/sessions/student1_fist_open_005,30.0,306113.5333333333,22220.541259134283,273181.0,384051.0,284074.0,305825.0,21751.0,4.066666666666666,1.364632632697248,0.0,0.0,0.0,300.0,300.0,0.6999566666666667,0.044348785652922766,0.432,0.966,0.10614666666666667,0.06727078480952106,-0.287,0.561,-0.6990533333333334,0.05987941067029819,-0.925,-0.279,-0.8827999999999997,14.213702643106991,-68.88,88.17,1.7653666666666668,9.818463128152436,-38.36,55.88,-1.5075999999999998,8.979704388601368,-66.81,16.21,0.9995356506108382,0.029802905193431678,151.0,82.25165562913908,2.364229382685072,73.0,86.0,83.0,13.0,81.0,84.0,3.0,84.0,84.0,0.0,0.0,2.16,10.0,0.011645172533983178
fist_open,student1,joanna_discrete,/Users/ianba/Desktop/COSMOS/final project/Cosmos-Gesture-Recognition-/data/processed/joanna_discrete/sessions/student1_fist_open_006,30.0,298284.73333333334,17346.48198325976,271066.0,358343.0,295447.0,300939.0,5492.0,4.5,1.4548768561863463,0.0,0.0,0.0,302.0,302.0,0.6640860927152318,0.04909046121953195,0.414,0.967,0.10856291390728477,0.04607366347145981,-0.064,0.274,-0.7328344370860927,0.06426589328137178,-1.017,-0.147,-0.19039735099337737,11.054280336114013,-59.48,84.78,1.6242384105960266,12.24043919033543,-40.19,69.95,-2.415596026490066,7.113788458631336,-40.07,13.43,0.9983597063401982,0.04222812613777246,151.0,82.2251655629139,2.928417514473107,72.0,87.0,83.0,15.0,81.0,84.0,3.0,83.0,86.0,3.0,3.0,1.54,9.0,0.04334611362844145
fist_open,student1,joanna_discrete,/Users/ianba/Desktop/COSMOS/final project/Cosmos-Gesture-Recognition-/data/processed/joanna_discrete/sessions/student1_fist_open_007,30.0,294140.76666666666,25369.694635770105,261922.0,391408.0,281900.0,310338.0,28438.0,4.3,1.846618531261939,0.0,0.0,0.0,300.0,300.0,0.7001866666666666,0.06266731063498912,0.295,1.174,0.11451333333333333,0.0964007425052087,-0.256,0.853,-0.6951566666666666,0.1118149309747535,-1.102,0.322,-1.4617333333333329,17.503161723782615,-122.78,107.09,2.4837999999999996,14.556271050421303,-29.27,121.74,-2.1386333333333334,10.273125480214006,-62.84,18.8,1.0047075326997137,0.05388051969979779,150.0,83.31333333333333,1.4615275022458625,78.0,88.0,84.0,10.0,82.25,84.0,1.75,84.0,84.0,0.0,0.0,1.221476510067114,9.0,0.012261878305703055
fist_open,student1,joanna_discrete,/Users/ianba/Desktop/COSMOS/final project/Cosmos-Gesture-Recognition-/data/processed/joanna_discrete/sessions/student1_fist_open_008,31.0,299756.4516129032,24180.518092369333,269778.0,377475.0,272667.0,275809.0,3142.0,4.451612903225806,1.7008292034147183,0.0,0.0,0.0,302.0,302.0,0.711526490066225,0.08551099398895079,0.154,1.288,0.20794370860927153,0.1448143369819361,-0.831,1.239,-0.6577582781456953,0.12117104317036922,-1.787,-0.039,-0.74682119205298,23.693597295663807,-199.99,126.8,3.3241721854304633,18.250679942250322,-50.17,162.88,-2.982483443708609,14.483530500297128,-137.39,34.79,1.009300688414121,0.08021439299528994,151.0,83.66887417218543,2.0452281186691974,78.0,87.0,84.0,9.0,83.0,85.0,2.0,83.0,85.0,2.0,2.0,1.7733333333333334,7.0,0.013945625653537264
one_arm_boxing,student1,joanna_periodic,/Users/ianba/Desktop/COSMOS/final project/Cosmos-Gesture-Recognition-/data/processed/joanna_periodic/sessions/student1_one_arm_boxing_001_seg000,30.0,493008.23333333334,82966.22177435961,365664.0,724388.0,532514.0,445389.0,-87125.0,7.4,2.154065922853802,0.0,0.0,0.0,300.0,300.0,0.59514,0.5997404997719152,-1.964,1.74,-0.02657666666666667,0.35476954602796573,-1.611,0.551,-0.71672,0.329043191085912,-2.303,-0.089,-4.2707,64.16049697835889,-306.62,173.13,0.024800000000000183,74.66988659622655,-346.81,138.25,4.607566666666671,84.90515303410952,-183.66,226.63,1.15565465509385,0.3561844112627356,150.0,68.46,11.326532371845753,35.0,86.0,70.0,51.0,61.0,78.0,17.0,85.0,81.0,-4.0,4.0,4.080536912751678,37.0,0.11027512333881519
one_arm_boxing,student1,joanna_periodic,/Users/ianba/Desktop/COSMOS/final project/Cosmos-Gesture-Recognition-/data/processed/joanna_periodic/sessions/student1_one_arm_boxing_001_seg001,30.0,504078.3333333333,59752.291463638074,394758.0,610617.0,487161.0,556202.0,69041.0,7.866666666666666,1.746106780494506,0.0,0.0,0.0,301.0,301.0,0.5252325581395348,0.5642360422422665,-1.556,1.318,0.00503986710963455,0.3384066707713867,-1.133,0.55,-0.7340199335548173,0.2984797353700476,-2.064,-0.165,-0.7694019933554822,46.460240476748915,-134.89,179.39,0.8583388704318934,62.08366626717694,-246.74,68.09,-10.002192691029899,89.57329680309581,-124.12,270.3,1.1216399738460878,0.2803127020507853,150.0,77.36,6.035999386232906,61.0,88.0,77.5,27.0,72.0,83.0,11.0,84.0,83.0,-1.0,1.0,2.4496644295302015,9.0,0.025732699231077332
one_arm_boxing,student1,joanna_periodic,/Users/ianba/Desktop/COSMOS/final project/Cosmos-Gesture-Recognition-/data/processed/joanna_periodic/sessions/student1_one_arm_boxing_001_seg002,30.0,508118.9,87728.46210033548,345769.0,712556.0,697874.0,633450.0,-64424.0,8.666666666666666,2.1807236311728166,0.0,0.0,0.0,300.0,300.0,0.5796899999999999,0.5118946707087308,-1.039,1.362,0.01872666666666665,0.3304022981491234,-1.258,0.655,-0.7086600000000001,0.24712204353314984,-1.645,-0.206,0.07370000000000042,47.924099761776084,-137.33,187.2,-0.9232999999999989,62.06795798781097,-254.25,105.44,-2.054966666666666,74.03607120180601,-126.22,221.81,1.1012084439028826,0.24124941397578187,150.0,75.38,5.387868550436111,66.0,88.0,75.0,22.0,71.0,79.75,8.75,79.0,77.0,-2.0,2.0,2.7114093959731544,12.0,0.019216854082403846
one_arm_boxing,student1,joanna_periodic,/Users/ianba/Desktop/COSMOS/final project/Cosmos-Gesture-Recognition-/data/processed/joanna_periodic/sessions/student1_one_arm_boxing_002_seg000,30.0,455495.76666666666,68009.52898855832,330162.0,596956.0,356519.0,480406.0,123887.0,7.766666666666667,2.4315061633115844,0.0,0.0,0.0,300.0,300.0,0.6275633333333333,0.5917063680482819,-1.033,1.429,-0.08861666666666666,0.2697024342781421,-1.327,0.437,-0.66231,0.2695831978567408,-1.676,-0.108,-5.768833333333333,45.4699256245879,-187.93,134.89,0.8979666666666678,68.39636770228047,-235.18,99.77,2.1583666666666685,77.87912331084343,-136.85,195.04,1.12592693189386,0.2610797975768054,150.0,68.71333333333334,7.853812536892719,52.0,86.0,68.0,34.0,62.0,75.75,13.75,52.0,64.0,12.0,12.0,2.402684563758389,9.0,-0.00046757633672589753
one_arm_boxing,student1,joanna_periodic,/Users/ianba/Desktop/COSMOS/final project/Cosmos-Gesture-Recognition-/data/processed/joanna_periodic/sessions/student1_one_arm_boxing_002_seg001,30.0,500927.86666666664,100463.07360973762,353891.0,795196.0,444348.0,571193.0,126845.0,7.733333333333333,2.0154955277107964,0.0,0.0,0.0,300.0,300.0,0.6138133333333333,0.6078051923291066,-0.864,1.755,-0.11339999999999999,0.24911663934791672,-0.953,0.407,-0.5988866666666667,0.3634724205340605,-1.866,0.203,-11.890466666666665,65.92909608396653,-273.66,145.33,-7.350299999999999,89.30791228614629,-290.41,133.34,1.5814666666666668,69.82728388804925,-155.28,139.13,1.1086650234165945,0.28766634466458185,150.0,69.28666666666666,9.500502753681351,51.0,84.0,71.0,33.0,61.0,78.0,17.0,66.0,79.0,13.0,13.0,2.3288590604026846,13.0,-0.03308058135917126
one_arm_boxing,student1,joanna_periodic,/Users/ianba/Desktop/COSMOS/final project/Cosmos-Gesture-Recognition-/data/processed/joanna_periodic/sessions/student1_one_arm_boxing_002_seg002,30.0,482630.5,114825.75721087147,339201.0,986856.0,527705.0,413002.0,-114703.0,7.733333333333333,2.434930982366623,0.0,0.0,0.0,300.0,300.0,0.5734033333333334,0.49613894625285054,-1.109,1.404,-0.07327,0.26665191498781077,-1.262,0.638,-0.7376699999999999,0.26636472695660485,-1.538,-0.246,1.5710999999999997,59.42169672033384,-250.59,272.41,-3.0169666666666686,70.8650388212144,-286.36,145.82,0.43389999999999873,73.36163190517235,-134.07,213.9,1.0989639411695251,0.24249211535459148,150.0,72.52666666666667,9.825795844719293,54.0,99.0,72.5,45.0,64.0,80.75,16.75,77.0,84.0,7.0,7.0,2.422818791946309,13.0,0.0011467176318950218
one_arm_boxing,student1,joanna_periodic,/Users/ianba/Desktop/COSMOS/final project/Cosmos-Gesture-Recognition-/data/processed/joanna_periodic/sessions/student1_one_arm_boxing_003_seg000,30.0,453044.3,66490.63554373654,345750.0,622668.0,443793.0,493955.0,50162.0,7.566666666666666,1.7451520150277897,0.0,0.0,0.0,300.0,300.0,0.6217066666666666,0.5297723667974975,-0.653,1.404,-0.21591333333333335,0.19209157318552236,-0.668,0.382,-0.6224700000000001,0.30658563094183,-1.875,-0.019,-9.147266666666667,44.72508442916073,-188.54,115.63,-8.229133333333333,66.67839249148774,-240.82,91.4,0.21880000000000052,68.92499190588757,-113.59,147.37,1.0793949183329554,0.258970925543762,150.0,68.42,8.46252695216431,51.0,85.0,68.0,34.0,61.0,77.0,16.0,60.0,73.0,13.0,13.0,2.6778523489932886,10.0,-0.016343837503888757
one_arm_boxing,student1,joanna_periodic,/Users/ianba/Desktop/COSMOS/final project/Cosmos-Gesture-Recognition-/data/processed/joanna_periodic/sessions/student1_one_arm_boxing_003_seg001,30.0,482674.9,70019.67396874967,329972.0,627492.0,562276.0,454400.0,-107876.0,8.466666666666667,2.717024516308644,0.0,0.0,0.0,299.0,299.0,0.6340167224080266,0.494509847917022,-0.894,1.323,-0.12632107023411374,0.25438111124199875,-1.491,0.4,-0.635200668896321,0.27733877452025235,-1.622,-0.114,-1.5145150501672247,45.41284821824383,-172.06,128.12,0.3207357859531776,64.23323526937588,-209.78,120.18,5.585117056856188,76.37308486114092,-130.25,181.49,1.0726910070353697,0.2385679055655069,150.0,70.85333333333334,9.017050714031631,52.0,88.0,70.0,36.0,64.0,79.0,15.0,77.0,83.0,6.0,6.0,2.4966442953020134,8.0,-0.0023325481132492032
one_arm_boxing,student1,joanna_periodic,/Users/ianba/Desktop/COSMOS/final project/Cosmos-Gesture-Recognition-/data/processed/joanna_periodic/sessions/student1_one_arm_boxing_003_seg002,30.0,459927.9666666667,67968.12755524133,331847.0,579208.0,452398.0,504614.0,52216.0,7.6,2.4576411454889016,0.0,0.0,0.0,301.0,301.0,0.6152624584717609,0.4344845277679096,-0.781,1.291,-0.19651827242524916,0.25355449950181025,-1.113,0.233,-0.7063787375415282,0.2306210078221508,-1.418,-0.106,-6.109368770764118,57.2353710416264,-217.2,178.81,-5.116046511627906,53.80210533232439,-244.73,78.59,-2.85392026578073,78.05042837815547,-146.92,159.52,1.0797270773330012,0.23786639498390558,150.0,73.1,8.599008839403192,59.0,93.0,72.0,34.0,65.25,81.0,15.75,83.0,91.0,8.0,8.0,2.51006711409396,10.0,-0.014121516511844881
clapping,student1,joanna_periodic,/Users/ianba/Desktop/COSMOS/final project/Cosmos-Gesture-Recognition-/data/processed/joanna_periodic/sessions/student1_clapping_001_seg000,30.0,409725.13333333336,51599.392111234105,303784.0,483896.0,303784.0,468971.0,165187.0,5.4,2.6532998322843198,0.0,0.0,0.0,300.0,300.0,0.4509533333333333,0.2896732489470775,-0.87,0.981,-0.9066733333333332,0.4510226305728892,-2.747,-0.217,0.04310333333333335,1.1703641168409467,-4.0,2.406,-4.991433333333337,178.91246524938452,-312.23,736.93,4.512366666666668,178.23688243476866,-505.63,292.06,-11.333733333333333,24.562178284146995,-72.33,48.83,1.4865333865972032,0.688894767386028,147.0,17.843537414965986,8.372902051908337,1.0,34.0,18.0,33.0,11.0,24.5,13.5,2.0,24.0,22.0,22.0,3.780821917808219,23.0,0.00010955881797367244
clapping,student1,joanna_periodic,/Users/ianba/Desktop/COSMOS/final project/Cosmos-Gesture-Recognition-/data/processed/joanna_periodic/sessions/student1_clapping_001_seg001,30.0,406192.13333333336,31893.948164433255,346195.0,466995.0,428902.0,405258.0,-23644.0,5.166666666666667,1.4624940645653537,0.0,0.0,0.0,300.0,300.0,0.42335666666666666,0.2700383357764021,-0.733,0.92,-0.9201100000000001,0.422963991256939,-2.803,-0.346,0.11819666666666667,1.1440366069269325,-3.29,2.035,4.131866666666668,165.94756877153162,-268.32,689.54,-12.488133333333334,183.14998216538876,-463.82,253.76,-4.962733333333333,25.990121351433167,-63.23,45.96,1.4963950161378399,0.6010363430590819,148.0,15.885135135135135,9.381211247563407,1.0,32.0,15.5,31.0,8.0,25.0,17.0,31.0,1.0,-30.0,30.0,3.1564625850340136,12.0,-0.036068735493471865
clapping,student1,joanna_periodic,/Users/ianba/Desktop/COSMOS/final project/Cosmos-Gesture-Recognition-/data/processed/joanna_periodic/sessions/student1_clapping_001_seg002,30.0,396792.6666666667,38952.19489950327,327611.0,473294.0,377381.0,348286.0,-29095.0,5.7,2.570992026436488,0.0,0.0,0.0,300.0,300.0,0.43887333333333334,0.1936125786776836,-0.428,0.859,-0.8834133333333334,0.3721029640062307,-2.618,-0.368,0.1753,0.9787957175359252,-2.659,2.141,-8.954266666666667,133.60777772942546,-223.7,533.25,9.837866666666667,168.62210145208002,-359.29,252.69,-4.9032,27.70845130569372,-56.52,73.34,1.3811819808647932,0.4796695206782886,135.0,14.125925925925927,8.267387493315002,1.0,31.0,14.0,30.0,7.0,21.0,14.0,1.0,28.0,27.0,27.0,3.3059701492537314,13.0,0.023817188566968996
clapping,student1,joanna_periodic,/Users/ianba/Desktop/COSMOS/final project/Cosmos-Gesture-Recognition-/data/processed/joanna_periodic/sessions/student1_clapping_002_seg000,30.0,413702.5333333333,33100.836795800526,366665.0,489507.0,382943.0,436387.0,53444.0,4.266666666666667,1.5477582354991863,0.0,0.0,0.0,300.0,300.0,0.31392333333333333,0.23812241415335564,-0.808,0.979,-0.9264499999999998,0.3689463567602567,-2.461,-0.32,0.22158333333333333,1.092734467466314,-3.273,2.37,-6.151033333333333,119.07565347262312,-243.66,451.49,5.538466666666665,201.44842076401483,-393.87,297.19,-4.172000000000001,29.709024902656544,-53.83,63.42,1.4408110620810017,0.5629497609778479,143.0,16.04895104895105,8.882907048052877,1.0,31.0,18.0,30.0,7.5,24.0,16.5,20.0,24.0,4.0,4.0,3.183098591549296,14.0,0.0071612659640828144
clapping,student1,joanna_periodic,/Users/ianba/Desktop/COSMOS/final project/Cosmos-Gesture-Recognition-/data/processed/joanna_periodic/sessions/student1_clapping_002_seg001,30.0,391962.1666666667,47516.335501301255,319766.0,478069.0,422315.0,334745.0,-87570.0,4.766666666666667,2.7650597743187317,0.0,0.0,0.0,299.0,299.0,0.29320066889632107,0.23583375160099837,-1.023,0.958,-0.9376120401337793,0.3287936753121466,-2.178,-0.358,0.19310367892976585,0.9777294216840359,-3.541,2.049,-0.40073578595317555,99.38427191365062,-177.37,329.6,-7.791739130434781,184.82627138739974,-450.18,283.36,-0.33387959866220784,30.274375993650164,-47.46,61.59,1.365859027241096,0.5064373405579061,140.0,16.6,8.453682523104286,1.0,30.0,18.0,29.0,9.0,24.0,15.0,20.0,9.0,-11.0,11.0,3.2446043165467624,24.0,-0.0008396929872516222
clapping,student1,joanna_periodic,/Users/ianba/Desktop/COSMOS/final project/Cosmos-Gesture-Recognition-/data/processed/joanna_periodic/sessions/student1_clapping_002_seg002,30.0,375499.86666666664,30357.729776487275,320691.0,432209.0,345178.0,392004.0,46826.0,4.366666666666666,1.6629959577688562,0.0,0.0,0.0,301.0,301.0,0.28646179401993355,0.19108013321919998,-0.545,0.85,-0.963704318936877,0.263728055624614,-2.265,-0.517,0.1289401993355482,0.9177840294225451,-2.913,2.077,-3.8335880398671107,89.56090224931125,-179.05,426.31,0.9830232558139546,161.48798313035894,-322.21,242.35,-5.65983388704319,21.162754414088234,-48.1,44.1,1.3423067589524074,0.41715242171629924,138.0,13.623188405797102,7.8723417699148674,1.0,31.0,13.0,30.0,7.0,21.0,14.0,10.0,19.0,9.0,9.0,2.8394160583941606,11.0,-0.0097628022621574
clapping,student1,joanna_periodic,/Users/ianba/Desktop/COSMOS/final project/Cosmos-Gesture-Recognition-/data/processed/joanna_periodic/sessions/student1_clapping_003_seg000,30.0,393793.4,38476.42194955243,323306.0,475352.0,372715.0,398543.0,25828.0,3.7,2.035517952102937,0.0,0.0,0.0,300.0,300.0,0.4197666666666667,0.1580374603974921,-0.652,0.946,-0.8981233333333334,0.23068983821476738,-2.678,-0.179,0.08896000000000001,0.8592158120829325,-3.494,1.841,-1.5025333333333326,84.38107680980507,-422.01,287.76,-3.802866666666667,145.90865353289442,-260.54,219.12,-3.1271999999999998,17.689059938089795,-92.72,26.86,1.2856359969930955,0.39284728996846796,127.0,12.464566929133857,8.106234398318675,1.0,27.0,13.0,26.0,4.0,20.0,16.0,14.0,3.0,-11.0,11.0,3.2301587301587302,14.0,-0.013931852268466442
clapping,student1,joanna_periodic,/Users/ianba/Desktop/COSMOS/final project/Cosmos-Gesture-Recognition-/data/processed/joanna_periodic/sessions/student1_clapping_003_seg001,30.0,366139.73333333334,34558.552582473065,304918.0,448966.0,337637.0,358163.0,20526.0,4.0,1.8973665961010275,0.0,0.0,0.0,300.0,300.0,0.4490733333333334,0.14825303129747092,-0.174,0.912,-0.8712033333333333,0.18137506808330142,-1.999,-0.414,0.11843,0.7961234149091877,-2.803,1.542,-2.0912999999999986,78.4933406133497,-352.7,199.65,-2.394333333333334,137.31114443198783,-246.96,191.75,-1.503766666666667,17.28302263722665,-53.19,28.2,1.237937876144681,0.361781639675642,129.0,11.410852713178295,7.088296254986075,1.0,25.0,11.0,24.0,6.0,17.0,11.0,9.0,7.0,-2.0,2.0,3.125,12.0,-0.014506932021466827
clapping,student1,joanna_periodic,/Users/ianba/Desktop/COSMOS/final project/Cosmos-Gesture-Recognition-/data/processed/joanna_periodic/sessions/student1_clapping_003_seg002,30.0,372017.3,38281.87674183003,304896.0,489584.0,389976.0,339903.0,-50073.0,3.7666666666666666,2.0278614899006837,0.0,0.0,0.0,300.0,300.0,0.4775433333333334,0.2008288694109711,-0.819,1.329,-0.8639233333333334,0.2438528465876273,-2.337,-0.175,0.08408333333333334,0.8245387254230223,-3.563,1.23,-2.3664333333333345,110.03547236662165,-569.26,591.88,1.8364666666666676,124.22993469979589,-244.91,176.03,-1.6765666666666668,18.889645396677572,-87.74,39.61,1.2327073906307775,0.4915019963515843,145.0,9.855172413793104,5.158567994588156,1.0,24.0,9.0,23.0,6.0,13.0,7.0,9.0,7.0,-2.0,2.0,2.9444444444444446,10.0,0.008486852464178875
two_arm_boxing,student1,joanna_periodic,/Users/ianba/Desktop/COSMOS/final project/Cosmos-Gesture-Recognition-/data/processed/joanna_periodic/sessions/student1_two_arm_boxing_001_seg000,30.0,497766.6666666667,105531.13713096983,309723.0,806933.0,333800.0,431052.0,97252.0,7.1,3.0259984578096972,0.0,0.0,0.0,300.0,300.0,0.5768166666666668,0.6101166634796623,-1.641,1.309,-0.4732166666666667,0.3762668420003135,-3.043,0.317,-0.5248333333333333,0.2775956872063317,-2.259,-0.128,-12.92863333333333,64.2132067449178,-176.4,180.3,4.8900333333333315,49.55097995329883,-245.8,124.82,-5.288333333333332,92.50092512990824,-204.41,279.0,1.1418634741622957,0.3451488949820725,150.0,36.873333333333335,13.40754904390259,4.0,78.0,38.0,74.0,26.0,46.0,20.0,4.0,30.0,26.0,26.0,5.785234899328859,32.0,0.06887595004222404
two_arm_boxing,student1,joanna_periodic,/Users/ianba/Desktop/COSMOS/final project/Cosmos-Gesture-Recognition-/data/processed/joanna_periodic/sessions/student1_two_arm_boxing_001_seg001,30.0,511500.93333333335,60391.57731667187,401269.0,685467.0,459890.0,581187.0,121297.0,7.8,2.256841450641434,0.0,0.0,0.0,300.0,300.0,0.5862400000000001,0.5764568405931763,-1.339,1.427,-0.50427,0.2551203058036215,-1.617,0.271,-0.5142133333333334,0.25472900859977105,-1.883,-0.028,-10.380166666666668,60.89433514681166,-178.41,204.93,-6.9805666666666655,54.90839269193938,-249.76,105.62,-3.001133333333334,82.9272909966851,-157.35,216.68,1.121081573701144,0.2604472213477547,150.0,35.77333333333333,11.995047449300147,3.0,68.0,37.0,65.0,26.0,46.0,20.0,35.0,39.0,4.0,4.0,7.02013422818792,44.0,-0.018311924974443103
two_arm_boxing,student1,joanna_periodic,/Users/ianba/Desktop/COSMOS/final project/Cosmos-Gesture-Recognition-/data/processed/joanna_periodic/sessions/student1_two_arm_boxing_001_seg002,30.0,517220.8333333333,74296.7451490231,370926.0,684391.0,555124.0,387503.0,-167621.0,7.833333333333333,2.281568661153014,0.0,0.0,0.0,301.0,301.0,0.4462325581395348,0.7093159395240537,-1.785,1.205,-0.5352857142857143,0.3440946975648766,-2.591,0.126,-0.5433654485049834,0.2576296357915523,-1.721,-0.093,5.624784053156146,63.80924829372706,-163.37,292.46,-7.659734219269103,57.91914769484097,-224.77,122.07,3.7032890365448514,107.01461688040244,-153.08,284.01,1.1603875471814005,0.3497203669086464,149.0,39.48993288590604,13.486538558605858,12.0,68.0,40.0,56.0,29.0,50.0,21.0,44.0,56.0,12.0,12.0,6.581081081081081,36.0,0.011148195175040749
two_arm_boxing,student1,joanna_periodic,/Users/ianba/Desktop/COSMOS/final project/Cosmos-Gesture-Recognition-/data/processed/joanna_periodic/sessions/student1_two_arm_boxing_002_seg000,30.0,531451.8,73997.40026307228,402832.0,683761.0,652242.0,593700.0,-58542.0,7.833333333333333,1.950783318453271,0.0,0.0,0.0,300.0,300.0,0.5087933333333333,0.6290541078653109,-1.691,1.38,-0.54361,0.33456915264261883,-2.454,0.356,-0.5021766666666666,0.2600585295445794,-1.819,-0.021,-7.694766666666666,67.18550669808846,-206.06,260.29,-7.803666666666668,59.09654562850711,-249.86,101.38,11.094399999999998,107.31242485366423,-174.32,333.26,1.1283779399847091,0.32954991208595974,149.0,37.25503355704698,13.291002017426855,10.0,69.0,41.0,59.0,26.0,48.0,22.0,26.0,50.0,24.0,24.0,6.702702702702703,36.0,-0.07943406493742071
two_arm_boxing,student1,joanna_periodic,/Users/ianba/Desktop/COSMOS/final project/Cosmos-Gesture-Recognition-/data/processed/joanna_periodic/sessions/student1_two_arm_boxing_002_seg001,30.0,501791.56666666665,85323.05495065342,340429.0,629876.0,412330.0,363261.0,-49069.0,7.633333333333334,2.67685553505518,0.0,0.0,0.0,300.0,300.0,0.5007799999999999,0.6017058680119383,-1.549,1.156,-0.6019366666666667,0.3635663983220794,-2.74,-0.01,-0.47826333333333326,0.2646735233998461,-2.107,0.053,1.7177000000000013,57.25296846199331,-129.18,299.2,-0.9859666666666665,42.905455698922744,-201.48,175.39,-6.130466666666668,102.82878627334317,-159.92,296.49,1.1375579049467133,0.3347965644386326,150.0,33.20666666666666,12.335520091524785,1.0,65.0,34.0,64.0,24.0,41.0,17.0,55.0,54.0,-1.0,1.0,5.845637583892618,37.0,-0.017847904351304497
two_arm_boxing,student1,joanna_periodic,/Users/ianba/Desktop/COSMOS/final project/Cosmos-Gesture-Recognition-/data/processed/joanna_periodic/sessions/student1_two_arm_boxing_002_seg002,30.0,525902.2666666667,81295.00187667682,351564.0,681255.0,522871.0,616489.0,93618.0,8.066666666666666,2.9089898972361903,0.0,0.0,0.0,300.0,300.0,0.44076000000000004,0.618437743350129,-2.096,1.164,-0.6739299999999999,0.40798905022071363,-3.116,0.285,-0.4298266666666666,0.2746135647697607,-2.091,0.264,7.3871666666666655,88.37061551390008,-291.18,380.57,-6.757566666666667,55.147579606109844,-219.86,189.25,-4.331033333333333,97.72528850779732,-165.78,329.6,1.1479651648512228,0.37377919099575174,149.0,33.79865771812081,12.265078896944273,3.0,57.0,34.0,54.0,25.0,45.0,20.0,51.0,21.0,-30.0,30.0,5.635135135135135,37.0,0.03632867767095951
two_arm_boxing,student1,joanna_periodic,/Users/ianba/Desktop/COSMOS/final project/Cosmos-Gesture-Recognition-/data/processed/joanna_periodic/sessions/student1_two_arm_boxing_003_seg000,30.0,520389.93333333335,92773.16454950154,349543.0,771757.0,432744.0,439188.0,6444.0,7.566666666666666,2.917571288284525,0.0,0.0,0.0,300.0,300.0,0.46414000000000005,0.6549429291167285,-1.416,1.196,-0.4748333333333333,0.30056681823218984,-1.438,0.361,-0.5818533333333333,0.2993365416309134,-1.791,0.109,5.345633333333334,81.47154288829253,-270.36,219.58,-4.1468,60.46019687166095,-274.03,92.01,-2.136900000000002,93.93877880508134,-195.96,224.8,1.1513076872258479,0.2506582587269016,147.0,35.523809523809526,11.726526149082435,1.0,74.0,38.0,73.0,28.5,44.0,15.5,40.0,44.0,4.0,4.0,6.589041095890411,63.0,0.01854944125002827
two_arm_boxing,student1,joanna_periodic,/Users/ianba/Desktop/COSMOS/final project/Cosmos-Gesture-Recognition-/data/processed/joanna_periodic/sessions/student1_two_arm_boxing_003_seg001,30.0,529099.7333333333,90388.73771768004,400305.0,803575.0,615495.0,453274.0,-162221.0,7.8,2.023198787399136,0.0,0.0,0.0,300.0,300.0,0.5952333333333333,0.5830868479242369,-1.403,1.337,-0.5630333333333333,0.3553121428953546,-1.992,0.104,-0.3766233333333333,0.22732872260720205,-1.24,0.171,-1.6653000000000004,67.12420998102448,-134.56,442.18,-3.5303000000000004,46.61582318887726,-179.27,71.29,-5.2419333333333356,96.97223683575051,-203.41,272.71,1.1203908029644476,0.27530742567660693,148.0,33.817567567567565,13.636703754247865,6.0,75.0,32.5,69.0,24.0,44.0,20.0,44.0,32.0,-12.0,12.0,6.136054421768708,59.0,0.07212451459814846
two_arm_boxing,student1,joanna_periodic,/Users/ianba/Desktop/COSMOS/final project/Cosmos-Gesture-Recognition-/data/processed/joanna_periodic/sessions/student1_two_arm_boxing_003_seg002,30.0,495628.3,67161.71402674295,368028.0,671775.0,545881.0,671775.0,125894.0,8.4,2.6025628394590847,0.0,0.0,0.0,300.0,300.0,0.5637599999999999,0.5824922852708008,-1.162,1.186,-0.5716966666666666,0.28753797080656246,-1.674,0.072,-0.4099533333333333,0.25760424004446997,-1.526,-0.032,0.5667999999999995,48.386154139657215,-112.22,147.83,-3.6133333333333333,47.85027131468419,-218.6,100.1,-3.5368333333333317,101.49054756136432,-181.43,276.22,1.1150473411544655,0.24026832982665514,138.0,33.03623188405797,14.014283339596059,1.0,72.0,34.0,71.0,24.0,41.75,17.75,28.0,18.0,-10.0,10.0,9.007299270072993,68.0,0.010755977889855444
soli,student1,joanna_periodic,/Users/ianba/Desktop/COSMOS/final project/Cosmos-Gesture-Recognition-/data/processed/joanna_periodic/sessions/student1_soli_001_seg000,30.0,341035.0,38547.44463731243,286144.0,440876.0,316815.0,303707.0,-13108.0,1.6,1.9252705437591535,0.0,0.0,0.0,300.0,300.0,0.25733666666666666,0.04020004132115068,0.134,0.382,-0.9365833333333332,0.0682765190644306,-1.132,-0.665,0.2649033333333333,0.07269356222451125,0.053,0.522,-2.1105,27.601341067962622,-51.06,138.86,0.015366666666666617,14.669413605602038,-45.78,39.83,-0.5142,11.020064051235515,-27.34,32.5,1.0103047650304473,0.06656304097199402,150.0,39.92,4.656697565310109,29.0,52.0,39.0,23.0,36.0,43.0,7.0,37.0,35.0,-2.0,2.0,2.120805369127517,8.0,0.0082385883817059
soli,student1,joanna_periodic,/Users/ianba/Desktop/COSMOS/final project/Cosmos-Gesture-Recognition-/data/processed/joanna_periodic/sessions/student1_soli_001_seg001,30.0,303915.0333333333,12231.388134585904,284927.0,337471.0,303871.0,297956.0,-5915.0,0.4666666666666667,0.7180219742846006,0.0,0.0,0.0,300.0,300.0,0.26069333333333333,0.03406091536579068,0.151,0.359,-0.9369166666666668,0.04529859882552168,-1.09,-0.765,0.2760066666666666,0.062310565895538315,0.156,0.494,2.8566000000000003,23.68461274977209,-50.54,100.65,-1.2420666666666669,9.621336795315342,-30.3,22.64,0.4775333333333333,9.346189664718391,-22.68,32.32,1.01357649908111,0.041363395780331554,148.0,43.263513513513516,3.96646055570356,29.0,51.0,44.0,22.0,41.0,46.0,5.0,37.0,48.0,11.0,11.0,2.292517006802721,8.0,0.008319852519277244
soli,student1,joanna_periodic,/Users/ianba/Desktop/COSMOS/final project/Cosmos-Gesture-Recognition-/data/processed/joanna_periodic/sessions/student1_soli_001_seg002,30.0,298172.4,11755.295378679348,278346.0,334490.0,291348.0,304768.0,13420.0,0.8666666666666667,1.0561986345169907,0.0,0.0,0.0,300.0,300.0,0.26028666666666667,0.033109583037073856,0.142,0.372,-0.9352566666666666,0.052370450849904104,-1.099,-0.783,0.2816666666666667,0.053559831548984124,0.154,0.428,-1.6671666666666667,21.565005084756077,-76.17,66.65,-0.20729999999999998,11.905760386328403,-25.61,35.1,-0.003266666666666822,7.797004509995419,-19.87,23.04,1.0129305719300032,0.04969419600137435,150.0,44.85333333333333,2.274417593912534,41.0,50.0,45.0,9.0,43.0,46.75,3.75,43.0,44.0,1.0,1.0,2.208053691275168,7.0,0.0158193697497668
soli,student1,joanna_periodic,/Users/ianba/Desktop/COSMOS/final project/Cosmos-Gesture-Recognition-/data/processed/joanna_periodic/sessions/student1_soli_002_seg000,30.0,303913.0,13951.506363113627,275787.0,340056.0,300722.0,294401.0,-6321.0,0.5,0.8850612031567836,0.0,0.0,0.0,300.0,300.0,0.2868,0.03528550221644389,0.118,0.422,-0.94721,0.05031394008291008,-1.198,-0.795,0.19538666666666665,0.06041139921865372,0.009,0.381,-0.5651666666666665,19.894957274953423,-63.78,83.29,-0.5719666666666666,11.298733636956351,-25.3,27.89,-0.26823333333333343,9.029527961760914,-16.08,34.21,1.0113465752936908,0.04734104605649044,150.0,46.026666666666664,2.2314008801968277,41.0,51.0,46.0,10.0,45.0,48.0,3.0,46.0,48.0,2.0,2.0,2.389261744966443,8.0,0.001774301080048066
soli,student1,joanna_periodic,/Users/ianba/Desktop/COSMOS/final project/Cosmos-Gesture-Recognition-/data/processed/joanna_periodic/sessions/student1_soli_002_seg001,30.0,303744.9,12685.125613226435,282103.0,334192.0,312990.0,311303.0,-1687.0,1.2,1.1944315244779278,0.0,0.0,0.0,301.0,301.0,0.3194352159468439,0.04641571458570405,0.188,0.47,-0.9322823920265781,0.05849454063964992,-1.153,-0.774,0.218093023255814,0.06823516584798328,0.014,0.369,-0.5845514950166113,22.839987466210452,-73.7,73.06,-3.066146179401993,15.097128583288914,-59.08,28.44,-2.3844186046511626,12.507657989524246,-34.85,29.66,1.0129313747509576,0.05436892689071411,150.0,45.25333333333333,2.4057723275842258,39.0,51.0,46.0,12.0,44.0,47.0,3.0,48.0,45.0,-3.0,3.0,2.3557046979865772,8.0,-0.00902084537090527
soli,student1,joanna_periodic,/Users/ianba/Desktop/COSMOS/final project/Cosmos-Gesture-Recognition-/data/processed/joanna_periodic/sessions/student1_soli_002_seg002,30.0,301258.76666666666,9867.276174923969,286923.0,324325.0,311395.0,313210.0,1815.0,0.6333333333333333,1.015983376941878,0.0,0.0,0.0,299.0,299.0,0.34835785953177256,0.037118030534177344,0.227,0.487,-0.9229933110367894,0.054576079469315565,-1.209,-0.769,0.20546822742474918,0.061587864421614485,0.001,0.337,-0.7980936454849498,20.140802046297797,-61.77,116.34,0.6381270903010028,11.97705391874299,-30.82,34.52,1.2424414715719063,12.808912020526352,-20.48,39.49,1.0104929537872156,0.050402331579622116,150.0,44.693333333333335,2.2583080518987426,39.0,49.0,45.0,10.0,43.25,46.0,2.75,45.0,45.0,0.0,0.0,2.4966442953020134,8.0,-7.111427174537642e-05
soli,student1,joanna_periodic,/Users/ianba/Desktop/COSMOS/final project/Cosmos-Gesture-Recognition-/data/processed/joanna_periodic/sessions/student1_soli_003_seg000,30.0,312315.5333333333,20989.620764770592,288395.0,375017.0,291500.0,307920.0,16420.0,0.7,0.9363047936792093,0.0,0.0,0.0,300.0,300.0,0.33453666666666665,0.041587762489570045,0.173,0.478,-0.9265899999999999,0.05769877439484018,-1.174,-0.743,0.22352333333333335,0.057623919705467985,0.013,0.389,-1.1746666666666665,20.11240521557667,-70.22,69.25,1.1933333333333334,13.37311609993057,-38.97,48.59,-0.2751333333333331,11.826739659864938,-35.22,29.63,1.012788311957798,0.05554756365800981,150.0,45.18,2.2911267413581564,39.0,50.0,46.0,11.0,45.0,46.0,1.0,47.0,48.0,1.0,1.0,1.9932885906040267,7.0,-0.00031112493888603725
soli,student1,joanna_periodic,/Users/ianba/Desktop/COSMOS/final project/Cosmos-Gesture-Recognition-/data/processed/joanna_periodic/sessions/student1_soli_003_seg001,30.0,301607.1666666667,13462.318428570252,277278.0,334576.0,311062.0,309356.0,-1706.0,0.5666666666666667,0.8825468196582487,0.0,0.0,0.0,300.0,300.0,0.30102666666666666,0.041301000256921405,0.152,0.43,-0.9381566666666666,0.07243497398049892,-1.28,-0.721,0.21084333333333333,0.06250801646366826,-0.061,0.38,-1.7825333333333329,26.82825973202304,-71.81,111.73,0.1012666666666665,8.796710544036081,-36.29,26.46,-0.6120000000000001,13.5305346777822,-43.37,48.89,1.0106368307867346,0.06843203141812894,150.0,44.71333333333333,2.2235368967247195,37.0,48.0,45.0,11.0,44.0,46.0,2.0,40.0,44.0,4.0,4.0,2.0,8.0,-0.00016534068180810491
soli,student1,joanna_periodic,/Users/ianba/Desktop/COSMOS/final project/Cosmos-Gesture-Recognition-/data/processed/joanna_periodic/sessions/student1_soli_003_seg002,30.0,320962.43333333335,21548.996896504384,282913.0,366703.0,350445.0,302672.0,-47773.0,1.6,1.5832456116050557,0.0,0.0,0.0,300.0,300.0,0.25886666666666663,0.042098482421842984,0.101,0.373,-0.9499633333333333,0.06788388607680683,-1.251,-0.723,0.22610333333333335,0.061186485345122485,0.024,0.442,0.9211333333333332,22.60575246957189,-83.8,125.61,1.8049000000000004,11.126631909821887,-17.33,44.65,0.9733333333333335,10.449970792091026,-20.6,35.83,1.0131383213925413,0.06511555159282016,150.0,43.58,2.617109425485767,35.0,47.0,44.0,12.0,42.25,46.0,3.75,39.0,44.0,5.0,5.0,2.0604026845637584,10.0,-0.025382461442730448
palm_up_down,student1,joanna_periodic,/Users/ianba/Desktop/COSMOS/final project/Cosmos-Gesture-Recognition-/data/processed/joanna_periodic/sessions/student1_palm_up_down_001_seg000,30.0,412692.9666666667,62929.36734810086,329925.0,596067.0,495105.0,410668.0,-84437.0,4.7,2.1158134763411134,0.0,0.0,0.0,300.0,300.0,0.14408333333333337,0.6305881353061512,-0.987,1.657,-0.4473333333333333,0.17479018533341306,-1.055,0.153,-0.6078966666666668,0.20149350524410348,-1.631,0.041,-6.957733333333333,52.593662440090846,-247.44,155.89,-4.145066666666662,168.72548347832807,-446.7,398.48,-2.528966666666666,82.3300855414687,-172.25,219.52,1.0082917238198077,0.20626660662796012,150.0,69.45333333333333,2.8416524795121716,60.0,74.0,70.0,14.0,68.0,72.0,4.0,60.0,72.0,12.0,12.0,2.2416107382550337,8.0,0.025508689275079082
palm_up_down,student1,joanna_periodic,/Users/ianba/Desktop/COSMOS/final project/Cosmos-Gesture-Recognition-/data/processed/joanna_periodic/sessions/student1_palm_up_down_001_seg001,30.0,429989.63333333336,52698.48644220144,328431.0,580906.0,430960.0,414880.0,-16080.0,5.233333333333333,1.9947152400502908,0.0,0.0,0.0,300.0,300.0,-0.00912333333333334,0.6343183229175151,-0.853,1.302,-0.5177966666666667,0.2467872538352732,-1.155,0.079,-0.5823466666666667,0.22817994322220542,-1.672,0.106,7.0971,65.79882478122235,-221.05,258.71,-29.319766666666656,185.63569982166385,-460.74,390.21,9.753599999999997,94.83804743371724,-186.44,244.97,1.032313668348032,0.2387101243666943,150.0,68.43333333333334,2.4778662250175603,59.0,73.0,69.0,14.0,67.0,70.0,3.0,70.0,68.0,-2.0,2.0,2.2013422818791946,10.0,-0.0009155962487220034
palm_up_down,student1,joanna_periodic,/Users/ianba/Desktop/COSMOS/final project/Cosmos-Gesture-Recognition-/data/processed/joanna_periodic/sessions/student1_palm_up_down_001_seg002,30.0,481821.63333333336,81121.26896339962,337910.0,687359.0,518114.0,356766.0,-161348.0,4.7,1.5088627063675033,0.0,0.0,0.0,300.0,300.0,0.022836666666666665,0.5807889088606596,-0.781,1.522,-0.5913033333333333,0.23690902189565421,-1.14,0.117,-0.5475999999999999,0.20035739733452984,-1.416,0.131,-6.3057,65.24781349473201,-247.6,165.65,14.389399999999997,166.89294832608516,-335.95,413.86,-12.9806,86.53392660477161,-177.53,163.37,1.0247988562716281,0.18275376197959914,150.0,67.97333333333333,2.6871473026982,60.0,73.0,68.0,13.0,66.0,70.0,4.0,65.0,66.0,1.0,1.0,2.4496644295302015,10.0,-0.01700342237432763
palm_up_down,student1,joanna_periodic,/Users/ianba/Desktop/COSMOS/final project/Cosmos-Gesture-Recognition-/data/processed/joanna_periodic/sessions/student1_palm_up_down_002_seg000,30.0,373091.0,42010.733381680766,301081.0,482928.0,372158.0,301081.0,-71077.0,3.6333333333333333,1.74132771821453,0.0,0.0,0.0,299.0,299.0,-0.05611036789297659,0.5788343359613565,-0.836,1.017,-0.5597458193979933,0.1800061935228975,-1.028,-0.231,-0.5744414715719063,0.17499291649068183,-1.425,-0.208,5.437993311036787,51.627093992401804,-119.82,205.79,-1.0160869565217374,145.3061266448904,-360.67,309.37,-0.7005351170568548,69.85410921074502,-136.33,186.04,1.009420245266685,0.15997333353531343,150.0,70.32,2.622361249616447,64.0,75.0,70.0,11.0,68.0,72.0,4.0,69.0,72.0,3.0,3.0,2.476510067114094,8.0,-0.010937374994444124
palm_up_down,student1,joanna_periodic,/Users/ianba/Desktop/COSMOS/final project/Cosmos-Gesture-Recognition-/data/processed/joanna_periodic/sessions/student1_palm_up_down_002_seg001,30.0,361631.36666666664,47953.82483145172,298793.0,488036.0,316771.0,298793.0,-17978.0,4.5,2.0453198608856593,0.0,0.0,0.0,300.0,300.0,0.008343333333333336,0.5803566996157526,-0.754,0.99,-0.5555233333333334,0.19997460536000286,-0.999,-0.214,-0.5754400000000001,0.14948507082648754,-1.288,-0.219,3.9351666666666674,52.86173795514946,-140.39,189.89,6.0921000000000065,155.86805561517943,-324.53,323.37,0.13690000000000205,74.80413329081487,-161.63,213.54,1.0093065328248407,0.1423264889743483,150.0,71.66,2.7265288796459908,64.0,77.0,72.0,13.0,69.0,74.0,5.0,67.0,72.0,5.0,5.0,2.785234899328859,9.0,0.004506866971865802
palm_up_down,student1,joanna_periodic,/Users/ianba/Desktop/COSMOS/final project/Cosmos-Gesture-Recognition-/data/processed/joanna_periodic/sessions/student1_palm_up_down_002_seg002,30.0,355367.43333333335,41009.15797451697,305221.0,472512.0,320834.0,380309.0,59475.0,4.1,2.3,0.0,0.0,0.0,300.0,300.0,-0.004833333333333343,0.5857416941128761,-0.729,1.285,-0.5973733333333333,0.23344579803933552,-1.074,-0.087,-0.5174,0.16820146650173218,-1.1,-0.063,1.5937333333333314,63.02609268175276,-184.64,171.85,1.0403999999999967,145.58512891720775,-261.51,314.77,3.2600333333333356,76.34101943035314,-131.69,207.31,1.0127539778506947,0.1574560478808649,150.0,72.49333333333334,2.7654305747897743,67.0,79.0,73.0,12.0,70.0,74.75,4.75,70.0,74.0,4.0,4.0,2.402684563758389,8.0,-0.015442464109515771
palm_up_down,student1,joanna_periodic,/Users/ianba/Desktop/COSMOS/final project/Cosmos-Gesture-Recognition-/data/processed/joanna_periodic/sessions/student1_palm_up_down_003_seg000,30.0,379071.4666666667,49329.158747967944,301641.0,523894.0,314432.0,523894.0,209462.0,3.1,1.7953644012660308,0.0,0.0,0.0,300.0,300.0,-0.010589999999999999,0.5449861361233574,-0.841,0.829,-0.5426,0.17350097021822863,-1.1,-0.234,-0.61797,0.13330722323515207,-1.102,-0.343,1.2124000000000017,52.328423757138594,-129.64,233.16,0.6335333333333256,139.01077191899753,-339.85,263.19,-0.8906000000000025,68.081861360473,-123.97,209.66,1.0006701950457344,0.14126670077244666,150.0,71.72666666666667,2.830553973020731,66.0,77.0,71.5,11.0,69.0,74.0,5.0,71.0,69.0,-2.0,2.0,2.738255033557047,11.0,0.001804524645540083
palm_up_down,student1,joanna_periodic,/Users/ianba/Desktop/COSMOS/final project/Cosmos-Gesture-Recognition-/data/processed/joanna_periodic/sessions/student1_palm_up_down_003_seg001,30.0,360437.9,45205.79609987345,298669.0,518846.0,336618.0,359018.0,22400.0,3.8,1.7009801096230763,0.0,0.0,0.0,300.0,300.0,-0.11888333333333333,0.595568285804034,-0.9,0.904,-0.5633866666666666,0.225864835293638,-1.199,-0.148,-0.5254166666666666,0.19604362538872708,-1.457,0.024,4.355200000000002,66.94999960886233,-173.59,207.28,2.9709666666666665,148.5955174561654,-324.69,267.13,4.389300000000001,75.03442614678056,-144.44,172.22,1.010338184340422,0.17597391832418358,150.0,70.32,2.717875206403688,65.0,77.0,70.0,12.0,68.25,72.0,3.75,69.0,66.0,-3.0,3.0,2.436241610738255,9.0,-0.013170363127250041
palm_up_down,student1,joanna_periodic,/Users/ianba/Desktop/COSMOS/final project/Cosmos-Gesture-Recognition-/data/processed/joanna_periodic/sessions/student1_palm_up_down_003_seg002,30.0,372171.7,45115.800918783796,296782.0,483344.0,341129.0,334839.0,-6290.0,5.0,2.016597794967223,0.0,0.0,0.0,300.0,300.0,-0.034800000000000005,0.6152286566797747,-0.887,1.301,-0.5828099999999999,0.21215208514962405,-1.214,-0.18,-0.5091333333333333,0.15745764157032482,-1.067,-0.133,-0.09163333333333412,65.05164189830688,-178.59,214.0,1.1866000000000045,156.0915207405792,-419.48,298.2,0.30736666666666373,84.74721910127134,-188.39,228.37,1.010251897735863,0.16671564549981638,150.0,70.4,3.297344874512903,63.0,78.0,71.0,15.0,68.0,73.0,5.0,65.0,70.0,5.0,5.0,2.5033557046979866,9.0,0.012846793190808701
pull,student1,kaiwei_discrete,/Users/ianba/Desktop/COSMOS/final project/Cosmos-Gesture-Recognition-/data/processed/kaiwei_discrete/sessions/student1_pull_001,30.0,451024.0,126217.47042254756,287309.0,866681.0,304422.0,486075.0,181653.0,4.4,3.332666599986663,0.0,0.0,0.0,302.0,302.0,0.7426158940397352,0.22796916141295628,-0.129,1.507,-0.253341059602649,0.10585198135364844,-0.786,0.023,-0.6189735099337749,0.16366121310732068,-1.297,-0.179,4.706887417218543,24.928802278229497,-60.4,110.57,1.2226490066225169,27.12634743995393,-97.54,82.95,-1.1323509933774836,34.57189142819874,-115.85,155.46,1.0343566348788904,0.1373105590636131,151.0,66.74172185430463,9.966921006448576,41.0,87.0,66.0,46.0,61.0,71.0,10.0,84.0,60.0,-24.0,24.0,4.026666666666666,24.0,-0.15938306029975685
pull,student1,kaiwei_discrete,/Users/ianba/Desktop/COSMOS/final project/Cosmos-Gesture-Recognition-/data/processed/kaiwei_discrete/sessions/student1_pull_002,30.0,436483.3333333333,90422.35514197926,315955.0,642167.0,354863.0,389894.0,35031.0,6.033333333333333,3.4397997357727412,0.0,0.0,0.0,302.0,302.0,0.7720794701986754,0.0835967158627094,0.504,0.961,-0.14744039735099337,0.044513872647976356,-0.295,-0.021,-0.6095132450331127,0.08060428741123148,-0.752,-0.414,0.4847682119205309,18.772954402524242,-63.97,44.56,0.7411920529801329,12.634987344731542,-28.66,32.96,-1.046026490066225,14.68570409415293,-44.16,34.21,1.0016636963614223,0.03858187716891071,151.0,68.9205298013245,6.757241230766637,46.0,85.0,69.0,39.0,65.0,74.0,9.0,74.0,65.0,-9.0,9.0,3.006666666666667,13.0,-0.07491460439177468
pull,student1,kaiwei_discrete,/Users/ianba/Desktop/COSMOS/final project/Cosmos-Gesture-Recognition-/data/processed/kaiwei_discrete/sessions/student1_pull_003,30.0,457459.5333333333,129146.49178297058,289499.0,829975.0,289499.0,755276.0,465777.0,7.5,2.217355782608345,0.0,0.0,0.0,301.0,301.0,0.8252923588039868,0.0715202796885499,0.693,0.936,-0.13088704318936878,0.0314656464820448,-0.204,-0.059,-0.5347109634551495,0.09107971489042035,-0.718,-0.409,4.334617940199337,8.590582242161815,-15.81,22.22,3.6996677740863793,5.919376922061975,-8.24,18.59,-4.554285714285714,7.924666561087215,-20.91,14.4,0.9991312830091036,0.017092135811610336,150.0,72.84666666666666,6.945363637898293,36.0,83.0,74.0,47.0,70.0,77.0,7.0,76.0,74.0,-2.0,2.0,2.8053691275167787,35.0,-0.10252366771856512
pull,student1,kaiwei_discrete,/Users/ianba/Desktop/COSMOS/final project/Cosmos-Gesture-Recognition-/data/processed/kaiwei_discrete/sessions/student1_pull_004,30.0,429557.13333333336,65636.30282383539,314358.0,628065.0,341044.0,386773.0,45729.0,6.933333333333334,1.8427033281447003,0.0,0.0,0.0,301.0,301.0,0.7911960132890364,0.06483291674559062,0.656,0.867,-0.1198139534883721,0.030526584536100614,-0.19,-0.051,-0.587671096345515,0.07223108998618286,-0.746,-0.478,4.579401993355482,7.24936864987497,-15.75,24.81,3.091262458471761,4.56048837518002,-5.07,14.44,-4.835382059800665,7.9825881699217796,-24.29,10.74,0.9978939913794598,0.01624574287195149,150.0,73.42666666666666,6.3851197259713794,59.0,85.0,75.0,26.0,67.25,79.0,11.75,79.0,66.0,-13.0,13.0,2.3959731543624163,18.0,-0.11023067691897377
pull,student1,kaiwei_discrete,/Users/ianba/Desktop/COSMOS/final project/Cosmos-Gesture-Recognition-/data/processed/kaiwei_discrete/sessions/student1_pull_005,30.0,442575.0,67821.32679573094,349228.0,614875.0,361854.0,462042.0,100188.0,7.066666666666666,1.9652537297311568,0.0,0.0,0.0,300.0,300.0,0.8137966666666667,0.062486121036772806,0.647,0.889,-0.13968666666666665,0.04433164959208664,-0.284,-0.052,-0.5539533333333334,0.0709939280658721,-0.735,-0.463,3.093366666666667,7.466775586928775,-11.57,22.71,2.6351666666666667,6.059054681952366,-10.35,16.51,-5.6254,7.852152836855211,-32.72,13.46,0.999583461071868,0.019609377474018006,149.0,75.93959731543625,5.676204703562893,57.0,86.0,77.0,29.0,72.0,80.0,8.0,84.0,68.0,-16.0,16.0,2.4594594594594597,19.0,-0.09152911300562301
pull,student1,kaiwei_discrete,/Users/ianba/Desktop/COSMOS/final project/Cosmos-Gesture-Recognition-/data/processed/kaiwei_discrete/sessions/student1_pull_006,30.0,416343.1666666667,80406.12615677297,286388.0,622283.0,320903.0,480878.0,159975.0,7.366666666666666,2.3163668870788916,0.0,0.0,0.0,301.0,301.0,0.7926677740863787,0.056654539112255174,0.66,0.867,-0.0889269102990033,0.05792440921418665,-0.198,0.044,-0.5906511627906976,0.06124918799632677,-0.71,-0.497,4.126744186046511,7.387727861426189,-12.54,20.75,1.6399999999999997,5.98175098533016,-13.03,16.27,-7.211926910299003,8.11489800976843,-33.75,15.63,0.9974866909794523,0.020874144061277772,151.0,74.79470198675497,6.38364355813063,53.0,87.0,76.0,34.0,69.0,80.0,11.0,81.0,63.0,-18.0,18.0,2.8266666666666667,27.0,-0.11731613802718784
pull,student1,kaiwei_discrete,/Users/ianba/Desktop/COSMOS/final project/Cosmos-Gesture-Recognition-/data/processed/kaiwei_discrete/sessions/student1_pull_007,30.0,471617.56666666665,98420.03195714558,298832.0,652558.0,298832.0,381804.0,82972.0,7.566666666666666,2.231342396157275,0.0,0.0,0.0,302.0,302.0,0.7836423841059602,0.06087348125533689,0.585,0.859,-0.02081788079470199,0.06046199023401924,-0.155,0.129,-0.6102317880794702,0.0672601890367036,-0.786,-0.503,1.6663245033112584,10.260325540611923,-26.8,28.66,2.257019867549669,6.459015752906477,-13.52,21.15,-6.710264900662251,8.730093150699703,-27.74,9.46,0.9991768740644185,0.02103201982778233,151.0,73.45033112582782,5.52170111677172,53.0,84.0,74.0,31.0,69.0,78.0,9.0,74.0,65.0,-9.0,9.0,1.9,16.0,-0.10214708957825099
pull,student1,kaiwei_discrete,/Users/ianba/Desktop/COSMOS/final project/Cosmos-Gesture-Recognition-/data/processed/kaiwei_discrete/sessions/student1_pull_008,30.0,454491.06666666665,86730.3178190623,300739.0,660911.0,328762.0,418103.0,89341.0,7.866666666666666,2.3055488621054105,0.0,0.0,0.0,301.0,301.0,0.785607973421927,0.06379144124639019,0.527,0.929,-0.05216279069767442,0.07264895394398689,-0.206,0.103,-0.6078172757475082,0.07640978329991896,-0.78,-0.356,-0.904617940199337,11.029893702415652,-39.83,25.88,0.5374086378737541,9.312070789455607,-28.2,20.51,-3.3256478405315626,12.780428584866034,-30.24,25.06,1.0011219643929916,0.04778254089000158,151.0,74.57615894039735,6.986116790790829,53.0,90.0,75.0,37.0,70.0,80.0,10.0,81.0,69.0,-12.0,12.0,2.6,16.0,-0.1154513767863372
push,student1,kaiwei_discrete,/Users/ianba/Desktop/COSMOS/final project/Cosmos-Gesture-Recognition-/data/processed/kaiwei_discrete/sessions/student1_push_001,30.0,436040.6,80553.8351893109,281923.0,557046.0,309715.0,453299.0,143584.0,7.966666666666667,2.4695928589321943,0.0,0.0,0.0,301.0,301.0,0.8130033222591362,0.030842812108010438,0.753,0.911,-0.16303986710963456,0.0374702327744089,-0.248,-0.012,-0.5588006644518273,0.052343043017983044,-0.682,-0.311,1.3408970099667779,8.920950602962074,-11.54,28.23,1.2319601328903653,7.602337099897006,-9.0,31.71,0.01086378737541541,5.975242381109538,-19.01,13.82,1.0021178957460573,0.025872716210299337,150.0,68.26,8.842719676387338,38.0,86.0,69.0,48.0,64.0,74.75,10.75,63.0,85.0,22.0,22.0,3.9194630872483223,22.0,0.14822525445575385
push,student1,kaiwei_discrete,/Users/ianba/Desktop/COSMOS/final project/Cosmos-Gesture-Recognition-/data/processed/kaiwei_discrete/sessions/student1_push_002,30.0,405526.4,66536.39014233739,290551.0,582363.0,314709.0,582363.0,267654.0,7.433333333333334,1.8015425489162211,0.0,0.0,0.0,302.0,302.0,0.8415099337748343,0.05055491638005437,0.65,0.935,-0.13201986754966888,0.03541447494660971,-0.23,-0.021,-0.5164569536423841,0.07001411731809727,-0.694,-0.378,-0.3189072847682121,7.221722735576988,-18.01,19.59,2.327615894039735,9.814937406972788,-13.31,26.46,0.3026821192052983,9.157715186770014,-27.62,15.53,1.000065818682601,0.029602678385570028,151.0,63.841059602649004,7.654273503720465,31.0,78.0,65.0,47.0,61.0,68.5,7.5,71.0,78.0,7.0,7.0,4.246666666666667,35.0,0.07307424189613058
push,student1,kaiwei_discrete,/Users/ianba/Desktop/COSMOS/final project/Cosmos-Gesture-Recognition-/data/processed/kaiwei_discrete/sessions/student1_push_003,30.0,408087.76666666666,62625.56848374489,287846.0,561584.0,342973.0,439295.0,96322.0,7.2,1.758787461103056,0.0,0.0,0.0,302.0,302.0,0.8432649006622517,0.04364064603760508,0.726,0.912,-0.19422516556291392,0.02963445555596419,-0.263,-0.106,-0.49696688741721856,0.06771741216392854,-0.715,-0.384,1.8500000000000005,7.880564070307732,-12.05,23.16,1.942682119205298,8.640493173218486,-13.37,29.18,-1.7950331125827812,8.890655215700722,-32.56,11.44,1.0012639337855513,0.025181035903180476,151.0,63.63576158940398,5.31222921657642,35.0,75.0,64.0,40.0,60.0,68.0,8.0,63.0,75.0,12.0,12.0,2.16,30.0,0.06401882188915964
push,student1,kaiwei_discrete,/Users/ianba/Desktop/COSMOS/final project/Cosmos-Gesture-Recognition-/data/processed/kaiwei_discrete/sessions/student1_push_004,30.0,396658.3,48821.09275381561,311018.0,532505.0,311018.0,433391.0,122373.0,6.3,2.177919496522618,0.0,0.0,0.0,301.0,301.0,0.8157043189368772,0.04321385761133147,0.671,0.962,-0.16235548172757475,0.03970451339044373,-0.245,-0.07,-0.5508039867109635,0.05985251627990562,-0.721,-0.397,1.0181063122923584,6.616998250654356,-13.03,20.84,2.1717607973421926,6.238357066804385,-9.67,17.0,0.29196013289036543,7.844368304591415,-35.07,11.9,1.0008469072470154,0.021202546740973154,150.0,60.56666666666667,8.5053608571866,32.0,72.0,62.5,40.0,56.0,67.0,11.0,70.0,66.0,-4.0,4.0,3.261744966442953,30.0,-0.02008089248411015
push,student1,kaiwei_discrete,/Users/ianba/Desktop/COSMOS/final project/Cosmos-Gesture-Recognition-/data/processed/kaiwei_discrete/sessions/student1_push_005,30.0,454413.8,81747.13058792951,284363.0,578802.0,284363.0,473480.0,189117.0,6.833333333333333,2.1304668241699725,0.0,0.0,0.0,302.0,302.0,0.7448907284768211,0.06671168057120795,0.619,0.943,-0.23418874172185433,0.038520238153772604,-0.434,-0.11,-0.6210331125827814,0.0833716578978909,-0.83,-0.443,0.2676158940397349,10.945547838954738,-22.28,35.8,-1.770397350993377,9.257051751334245,-18.25,24.35,-1.2220860927152313,10.888195501429806,-42.88,20.63,1.003428945623746,0.03747175658240239,150.0,63.45333333333333,5.215602131378616,54.0,74.0,63.5,20.0,59.0,68.0,9.0,66.0,67.0,1.0,1.0,2.1543624161073827,8.0,0.0623992177430109
push,student1,kaiwei_discrete,/Users/ianba/Desktop/COSMOS/final project/Cosmos-Gesture-Recognition-/data/processed/kaiwei_discrete/sessions/student1_push_006,30.0,452279.06666666665,85061.5254871176,309283.0,599410.0,345160.0,309283.0,-35877.0,7.633333333333334,2.373230334843675,0.0,0.0,0.0,301.0,301.0,0.7930996677740865,0.07438311104808638,0.614,0.942,-0.16723255813953486,0.04580885176579348,-0.306,0.003,-0.5729036544850499,0.0909718697344968,-0.833,-0.429,-2.2373421926910297,12.682619136125123,-35.19,33.48,-0.8215282392026585,13.041528773404652,-30.61,48.22,1.6152491694352158,10.341425052380078,-33.02,26.03,1.000075118127002,0.030811461230033664,150.0,71.45333333333333,7.4919076402132365,40.0,84.0,72.5,44.0,66.0,77.0,11.0,68.0,77.0,9.0,9.0,2.8120805369127515,21.0,0.14370060891595196
push,student1,kaiwei_discrete,/Users/ianba/Desktop/COSMOS/final project/Cosmos-Gesture-Recognition-/data/processed/kaiwei_discrete/sessions/student1_push_007,30.0,434496.36666666664,82707.75769115548,306947.0,595061.0,322161.0,316099.0,-6062.0,8.166666666666666,1.8633899812498247,0.0,0.0,0.0,303.0,303.0,0.775851485148515,0.0647503537162168,0.585,0.944,-0.1491914191419142,0.04286215905486006,-0.285,-0.032,-0.6073531353135313,0.08366298917380696,-0.908,-0.426,-0.34425742574257406,13.62280763333756,-30.15,37.93,-0.748778877887788,9.815335016144779,-22.49,35.13,0.857986798679868,11.224047009013807,-40.5,21.85,1.0025348695041219,0.032164292297210635,151.0,67.90066225165563,5.682434885255224,48.0,77.0,69.0,29.0,64.0,72.0,8.0,73.0,73.0,0.0,0.0,2.76,14.0,0.05542697804112876
push,student1,kaiwei_discrete,/Users/ianba/Desktop/COSMOS/final project/Cosmos-Gesture-Recognition-/data/processed/kaiwei_discrete/sessions/student1_push_008,31.0,461154.1612903226,94878.03184227794,281141.0,600848.0,294004.0,363454.0,69450.0,7.161290322580645,2.724995107347468,0.0,0.0,0.0,301.0,301.0,0.7892425249169435,0.05832584878777301,0.642,0.933,-0.1726511627906977,0.038429137101711475,-0.309,-0.08,-0.5838870431893688,0.07275581878907852,-0.762,-0.394,-1.3846511627906977,13.271659847617808,-32.96,34.39,0.48870431893687716,10.94432512647694,-18.1,36.47,0.21275747508305637,9.289556779190612,-36.5,18.62,1.001561748329797,0.02612361039562416,150.0,68.52,6.142294785737602,54.0,84.0,68.0,30.0,64.0,71.75,7.75,69.0,82.0,13.0,13.0,2.597315436241611,16.0,0.09596515400684504
clockwise,student1,kaiwei_discrete,/Users/ianba/Desktop/COSMOS/final project/Cosmos-Gesture-Recognition-/data/processed/kaiwei_discrete/sessions/student1_clockwise_001,30.0,527576.5,110156.36686085527,371247.0,810337.0,404241.0,749222.0,344981.0,6.966666666666667,2.536182608216968,0.0,0.0,0.0,300.0,300.0,0.44621333333333335,0.3830120987935266,-0.297,1.018,-0.32880333333333334,0.27304894186858797,-0.883,0.219,-0.6101366666666667,0.4108948908446322,-1.427,0.152,-23.809166666666666,23.675484021216732,-94.97,29.63,-0.6897666666666706,66.76960228236764,-106.3,119.24,-8.706033333333334,65.11852152241752,-147.95,82.89,1.0129800539708116,0.2084340109578041,149.0,94.0,32.800791025398944,46.0,218.0,93.0,172.0,69.0,109.0,40.0,99.0,129.0,30.0,30.0,8.527027027027026,110.0,-0.23017594775984024
clockwise,student1,kaiwei_discrete,/Users/ianba/Desktop/COSMOS/final project/Cosmos-Gesture-Recognition-/data/processed/kaiwei_discrete/sessions/student1_clockwise_002,30.0,524670.9333333333,101995.92589246995,363724.0,798591.0,527985.0,798591.0,270606.0,6.066666666666666,2.2793761329705013,0.0,0.0,0.0,300.0,300.0,0.5448700000000001,0.3026118411981483,-0.038,1.125,-0.35241666666666666,0.29757329022537554,-0.9,0.48,-0.5864266666666667,0.352929933493258,-1.216,-0.06,-21.123133333333328,35.95580430911754,-85.79,62.96,-5.816399999999999,57.096040729984075,-108.25,96.77,-12.126566666666667,58.506882163943374,-114.47,89.75,1.019217224123845,0.17566057245708377,149.0,92.29530201342281,34.50509232995489,47.0,285.0,96.0,238.0,67.0,106.0,39.0,103.0,125.0,22.0,22.0,11.18918918918919,153.0,-0.31821150009069504
clockwise,student1,kaiwei_discrete,/Users/ianba/Desktop/COSMOS/final project/Cosmos-Gesture-Recognition-/data/processed/kaiwei_discrete/sessions/student1_clockwise_003,30.0,520175.1,92192.07743306001,353637.0,723520.0,509791.0,690987.0,181196.0,6.1,2.9591665493288253,0.0,0.0,0.0,302.0,302.0,0.23857284768211917,0.6815107727944857,-1.175,1.28,-0.12040066225165562,0.32234857587776367,-0.964,0.635,-0.6009701986754967,0.45341699274570263,-1.443,0.035,-54.35794701986756,44.47240155895602,-194.22,65.19,0.9099337748344437,97.80495198663611,-185.43,167.76,-21.209238410596033,91.8922987377113,-250.95,116.95,1.0508662741326278,0.3197046822059124,151.0,94.17880794701986,35.74261435927992,35.0,288.0,101.0,253.0,69.0,112.0,43.0,107.0,120.0,13.0,13.0,9.686666666666667,171.0,-0.3589125130707574
clockwise,student1,kaiwei_discrete,/Users/ianba/Desktop/COSMOS/final project/Cosmos-Gesture-Recognition-/data/processed/kaiwei_discrete/sessions/student1_clockwise_004,31.0,508113.03225806454,100287.3417263981,369850.0,870175.0,496180.0,404406.0,-91774.0,7.483870967741935,2.4870110022446945,0.0,0.0,0.0,302.0,302.0,0.22683112582781453,0.6570181395668803,-1.064,0.983,-0.2614801324503311,0.26737889739252685,-1.048,0.303,-0.5303973509933775,0.5344195412648175,-1.651,0.315,-59.97807947019868,43.82874400376227,-195.53,62.47,4.1015231788079465,99.60492804604303,-193.64,173.19,-22.447913907284764,86.15130886503205,-227.09,83.99,1.0444924927755381,0.31456248721574703,150.0,98.73333333333333,42.113886288782695,37.0,304.0,104.0,267.0,65.25,119.0,53.75,130.0,107.0,-23.0,23.0,11.630872483221477,189.0,-0.05503177919018564
clockwise,student1,kaiwei_discrete,/Users/ianba/Desktop/COSMOS/final project/Cosmos-Gesture-Recognition-/data/processed/kaiwei_discrete/sessions/student1_clockwise_005,30.0,504933.63333333336,95636.37840713242,304503.0,742822.0,304503.0,494124.0,189621.0,7.233333333333333,2.3900255693657804,0.0,0.0,0.0,302.0,302.0,0.16172185430463584,0.6430652398998273,-0.992,1.26,-0.17577152317880795,0.2659943809787144,-0.741,0.477,-0.6177350993377483,0.4793095019940783,-1.588,0.238,-66.44675496688743,40.15856125146468,-206.03,56.43,8.125695364238407,94.1836779598933,-179.42,160.86,-22.44956953642384,82.89795178458634,-211.62,99.0,1.034716910423809,0.28640996305756594,151.0,94.81456953642385,46.04004111980642,34.0,292.0,95.0,258.0,58.0,117.0,59.0,108.0,116.0,8.0,8.0,7.453333333333333,144.0,-0.25054722899965237
clockwise,student1,kaiwei_discrete,/Users/ianba/Desktop/COSMOS/final project/Cosmos-Gesture-Recognition-/data/processed/kaiwei_discrete/sessions/student1_clockwise_006,31.0,498027.7419354839,87075.91245647072,344106.0,708064.0,344106.0,636676.0,292570.0,7.258064516129032,2.16969957687745,0.0,0.0,0.0,301.0,301.0,0.13618604651162794,0.6013956127165121,-0.999,1.146,-0.22813953488372093,0.23717556010421292,-0.817,0.371,-0.6320299003322261,0.4596335848570702,-1.335,0.232,-60.54833887043189,38.25889517959938,-181.92,45.26,9.043588039867107,89.19014623338508,-160.8,128.76,-20.45156146179402,79.19444447540381,-177.13,92.14,1.021651626540834,0.23553343112143735,150.0,88.99333333333334,38.88470251249788,30.0,233.0,88.0,203.0,55.25,116.5,61.25,112.0,131.0,19.0,19.0,10.879194630872483,128.0,-0.2303480154673539
clockwise,student1,kaiwei_discrete,/Users/ianba/Desktop/COSMOS/final project/Cosmos-Gesture-Recognition-/data/processed/kaiwei_discrete/sessions/student1_clockwise_007,30.0,517600.8333333333,106027.0307972086,343139.0,893348.0,343139.0,577071.0,233932.0,7.533333333333333,2.0933757957476775,0.0,0.0,0.0,302.0,302.0,0.12128476821192055,0.6197431787835888,-0.983,1.088,-0.18604635761589405,0.2891247774297788,-0.8,0.933,-0.6311523178807947,0.48653992231322724,-1.43,0.387,-58.163907284768214,49.24685412312665,-220.56,53.07,13.995860927152318,89.83309819260003,-169.07,147.22,-20.60172185430464,79.30516993963522,-175.57,148.69,1.0386948357842591,0.270527945397401,147.0,88.53061224489795,35.03428968499544,32.0,249.0,92.0,217.0,55.5,114.0,58.5,113.0,100.0,-13.0,13.0,8.554794520547945,135.0,-0.26398763874302084
clockwise,student1,kaiwei_discrete,/Users/ianba/Desktop/COSMOS/final project/Cosmos-Gesture-Recognition-/data/processed/kaiwei_discrete/sessions/student1_clockwise_008,30.0,489145.56666666665,98395.64359959688,289689.0,722963.0,335784.0,474138.0,138354.0,7.333333333333333,2.6499475885802384,0.0,0.0,0.0,302.0,302.0,0.07375827814569541,0.7140215074447855,-1.163,1.247,-0.1423973509933775,0.307076776634036,-0.881,0.674,-0.569728476821192,0.5055939911540261,-1.616,0.455,-65.17135761589404,52.1487268975097,-372.17,74.25,10.253841059602642,101.5683877063762,-185.86,165.9,-13.694470198675495,82.85567099946925,-209.27,119.05,1.0537088968630393,0.3158378236854357,150.0,93.34666666666666,39.14745599604103,33.0,266.0,100.0,233.0,58.0,122.0,64.0,128.0,122.0,-6.0,6.0,6.671140939597316,119.0,-0.3032099204409081
anti_clockwise,student1,kaiwei_discrete,/Users/ianba/Desktop/COSMOS/final project/Cosmos-Gesture-Recognition-/data/processed/kaiwei_discrete/sessions/student1_anti_clockwise_001,31.0,511195.29032258067,100795.32675265148,338995.0,752467.0,338995.0,537157.0,198162.0,6.67741935483871,1.5737175377613508,0.0,0.0,0.0,302.0,302.0,-0.03612582781456952,0.6824005524387313,-1.251,1.098,-0.2071158940397351,0.3159929736817793,-1.03,0.419,-0.6036291390728477,0.4800725954470415,-1.457,0.368,82.33245033112583,46.83270144310975,0.49,244.0,-8.322450331125825,95.20985705666637,-167.0,146.95,3.017218543046354,95.53422466493211,-142.8,209.57,1.0591889103203032,0.2875427430412403,151.0,86.50331125827815,34.691377251835064,24.0,168.0,92.0,144.0,55.0,116.0,61.0,120.0,123.0,3.0,3.0,6.62,51.0,0.291404670616939
anti_clockwise,student1,kaiwei_discrete,/Users/ianba/Desktop/COSMOS/final project/Cosmos-Gesture-Recognition-/data/processed/kaiwei_discrete/sessions/student1_anti_clockwise_002,30.0,490283.5333333333,100251.78659546285,281127.0,660667.0,281127.0,454433.0,173306.0,7.033333333333333,2.575310121562493,0.0,0.0,0.0,302.0,302.0,-0.049211920529801334,0.6569716708365301,-1.136,0.969,-0.21524172185430462,0.29873740575467816,-0.913,0.367,-0.6407980132450332,0.418871460308474,-1.359,0.254,71.56579470198675,44.95345173670144,-7.75,197.33,-7.961456953642386,86.93170784208063,-135.99,134.01,12.948807947019866,89.87518199690257,-105.59,181.59,1.0522705256585032,0.2200199097761989,150.0,84.37333333333333,35.768747685122676,19.0,303.0,84.0,284.0,58.0,110.0,52.0,105.0,120.0,15.0,15.0,9.281879194630873,249.0,0.04994355304680258
anti_clockwise,student1,kaiwei_discrete,/Users/ianba/Desktop/COSMOS/final project/Cosmos-Gesture-Recognition-/data/processed/kaiwei_discrete/sessions/student1_anti_clockwise_003,30.0,537969.7,116757.57330987143,317567.0,758930.0,377779.0,669043.0,291264.0,6.833333333333333,2.5044405008349115,0.0,0.0,0.0,302.0,302.0,-0.00897350993377479,0.6926131288953047,-1.226,1.202,-0.1869701986754967,0.3813699457688324,-0.941,0.709,-0.6055662251655629,0.4489877805365989,-1.44,0.276,86.98135761589404,50.885145158737174,-24.08,238.23,-9.960728476821203,83.89466266677894,-164.89,117.62,1.122384105960259,107.00499830009556,-192.3,223.61,1.0814935903786553,0.24262410232598008,151.0,85.55629139072848,30.749446772603765,29.0,128.0,92.0,99.0,60.5,114.0,53.5,128.0,112.0,-16.0,16.0,4.92,38.0,0.028933426280933282
anti_clockwise,student1,kaiwei_discrete,/Users/ianba/Desktop/COSMOS/final project/Cosmos-Gesture-Recognition-/data/processed/kaiwei_discrete/sessions/student1_anti_clockwise_004,30.0,495776.1,111178.79668544418,313978.0,724156.0,359626.0,374217.0,14591.0,6.766666666666667,2.261022384281549,0.0,0.0,0.0,302.0,302.0,0.006168874172185429,0.6057853487003932,-1.03,0.967,-0.2882913907284768,0.2811555057307284,-0.786,0.364,-0.6436754966887417,0.45939390749907627,-1.387,0.391,66.20139072847682,40.17812950824249,-11.11,187.57,-10.565231788079473,83.96992076032907,-180.21,100.74,10.019536423841059,90.17524300003977,-122.38,190.07,1.0536435106899331,0.21064317635573065,150.0,80.90666666666667,29.60735140587036,26.0,130.0,86.0,104.0,53.25,106.5,53.25,122.0,116.0,-6.0,6.0,4.630872483221476,25.0,0.19579536868305278
anti_clockwise,student1,kaiwei_discrete,/Users/ianba/Desktop/COSMOS/final project/Cosmos-Gesture-Recognition-/data/processed/kaiwei_discrete/sessions/student1_anti_clockwise_005,30.0,517058.56666666665,62719.400533212654,409215.0,659852.0,582714.0,409215.0,-173499.0,7.266666666666667,2.1592179654268864,0.0,0.0,0.0,301.0,301.0,0.10194352159468442,0.6913628123774296,-1.134,1.239,-0.21641860465116278,0.3344840190344153,-0.938,0.821,-0.5884152823920266,0.4338010440431882,-1.316,0.185,74.58860465116278,48.014737722750944,-32.07,231.88,-12.59116279069767,89.74940224295008,-174.93,122.1,13.7975415282392,97.35730169479568,-127.02,221.78,1.0573475042977407,0.25203915743970023,150.0,85.34,30.575427691587404,30.0,135.0,92.5,105.0,63.0,112.0,49.0,113.0,114.0,1.0,1.0,3.577181208053691,26.0,0.38779145739810683
anti_clockwise,student1,kaiwei_discrete,/Users/ianba/Desktop/COSMOS/final project/Cosmos-Gesture-Recognition-/data/processed/kaiwei_discrete/sessions/student1_anti_clockwise_006,30.0,501759.8,70097.55907657079,404262.0,754577.0,554664.0,467520.0,-87144.0,7.4,1.2274635093014648,0.0,0.0,0.0,301.0,301.0,0.0720863787375415,0.6641411703846127,-1.134,1.124,-0.2889401993355482,0.30394642889796775,-0.966,0.219,-0.5540498338870432,0.45457511925403804,-1.483,0.204,78.88906976744187,41.121959639384556,12.51,202.7,-15.92514950166113,80.875431228975,-158.36,98.54,15.391029900332226,108.30459434429439,-116.86,243.87,1.0341636154936757,0.2574202488060352,151.0,86.13245033112582,30.246691388577528,26.0,137.0,92.0,111.0,61.5,113.0,51.5,107.0,107.0,0.0,0.0,6.053333333333334,39.0,0.3655907981875215
anti_clockwise,student1,kaiwei_discrete,/Users/ianba/Desktop/COSMOS/final project/Cosmos-Gesture-Recognition-/data/processed/kaiwei_discrete/sessions/student1_anti_clockwise_007,30.0,490205.93333333335,78666.09462529302,395459.0,743576.0,410261.0,395459.0,-14802.0,6.9,2.055075018906447,0.0,0.0,0.0,301.0,301.0,0.0068870431893687835,0.6000780850614289,-0.995,1.091,-0.21473754152823918,0.3730787250732231,-1.098,0.437,-0.6130797342192692,0.4692265994334467,-1.234,0.408,80.5850166112957,48.0350545490612,-11.29,222.48,-19.877574750830565,75.74871204083763,-140.63,91.92,6.217607973421933,111.35166671701391,-123.97,240.79,1.0428294476883007,0.2323535916208251,150.0,82.67333333333333,31.821755393615483,25.0,139.0,89.5,114.0,52.25,111.0,58.75,110.0,107.0,-3.0,3.0,6.610738255033557,64.0,0.2432232543668609
anti_clockwise,student1,kaiwei_discrete,/Users/ianba/Desktop/COSMOS/final project/Cosmos-Gesture-Recognition-/data/processed/kaiwei_discrete/sessions/student1_anti_clockwise_008,30.0,514503.1,102554.63138293657,340811.0,828411.0,340811.0,399361.0,58550.0,6.633333333333334,1.4940623220676648,0.0,0.0,0.0,301.0,301.0,0.017936877076411964,0.6356648017639037,-1.198,1.1,-0.17306644518272427,0.4477613517747788,-1.532,0.661,-0.5711760797342192,0.48461551588017443,-1.359,0.526,88.3389368770764,47.094527479008626,-10.86,250.74,-22.190498338870427,81.06275531393692,-166.2,88.35,4.230232558139533,114.82439535966806,-153.87,262.0,1.0616416273978349,0.2623834248206136,150.0,82.76666666666667,32.64953552536959,23.0,130.0,90.5,107.0,56.0,112.0,56.0,114.0,106.0,-8.0,8.0,4.510067114093959,17.0,0.2340672918796391
right,student1,kaiwei_discrete,/Users/ianba/Desktop/COSMOS/final project/Cosmos-Gesture-Recognition-/data/processed/kaiwei_discrete/sessions/student1_right_001,30.0,472380.2,89287.20439547875,307136.0,667445.0,455993.0,307136.0,-148857.0,4.666666666666667,2.958978802822953,0.0,0.0,0.0,301.0,301.0,0.6776013289036544,0.043215605626470005,0.542,0.789,-0.223265780730897,0.17724344368890702,-0.625,0.253,-0.682109634551495,0.04682963333550892,-0.801,-0.55,-31.440664451827242,18.19573841778537,-58.5,11.41,9.435747508305647,8.316302397748618,-6.26,25.82,34.62023255813953,23.692094626403303,-13.55,72.6,1.0041639565466767,0.03735389078231981,149.0,82.19463087248322,17.15851291844033,46.0,112.0,84.0,66.0,70.0,98.0,28.0,54.0,105.0,51.0,51.0,3.804054054054054,62.0,0.36955559586432024
right,student1,kaiwei_discrete,/Users/ianba/Desktop/COSMOS/final project/Cosmos-Gesture-Recognition-/data/processed/kaiwei_discrete/sessions/student1_right_002,30.0,446601.3333333333,86109.15305174525,325673.0,657028.0,359992.0,337141.0,-22851.0,5.333333333333333,2.086996778999804,0.0,0.0,0.0,301.0,301.0,0.7483156146179402,0.03843858702047398,0.633,0.864,-0.2631295681063123,0.1544531231968521,-0.622,0.215,-0.5995714285714285,0.056717921672280715,-0.756,-0.464,-37.393222591362125,24.485472998367328,-81.18,10.01,10.017408637873755,9.671051810363203,-10.38,31.16,29.481926910299002,21.311975941853746,-11.6,69.92,1.007563249850695,0.045451502489414417,151.0,88.37086092715232,14.550883544325746,58.0,109.0,92.0,51.0,79.0,100.0,21.0,60.0,101.0,41.0,41.0,2.9266666666666667,32.0,0.3026420355524568
right,student1,kaiwei_discrete,/Users/ianba/Desktop/COSMOS/final project/Cosmos-Gesture-Recognition-/data/processed/kaiwei_discrete/sessions/student1_right_003,30.0,480198.9666666667,88996.12957032956,309956.0,677499.0,521576.0,309956.0,-211620.0,6.6,2.8,0.0,0.0,0.0,301.0,301.0,0.7787176079734218,0.06574022663180032,0.472,1.02,-0.15684717607973422,0.1838277122950729,-0.471,0.309,-0.5670232558139536,0.07320700266981305,-0.736,-0.304,-35.589468438538205,29.479951569972783,-78.19,51.58,7.1064451827242525,9.928792202770639,-26.43,43.95,26.420764119601326,24.520195996534778,-51.61,70.47,0.9947524062735575,0.08036692668005356,150.0,85.75333333333333,13.24013456544011,62.0,104.0,89.5,42.0,73.25,98.0,24.75,67.0,101.0,34.0,34.0,2.61744966442953,19.0,0.2864607315880706
right,student1,kaiwei_discrete,/Users/ianba/Desktop/COSMOS/final project/Cosmos-Gesture-Recognition-/data/processed/kaiwei_discrete/sessions/student1_right_004,30.0,438714.0,76003.26574825584,292975.0,568045.0,343454.0,328740.0,-14714.0,5.833333333333333,3.0776975521032313,0.0,0.0,0.0,302.0,302.0,0.7803509933774835,0.044254112492774444,0.633,0.924,-0.1734403973509934,0.1503007848207151,-0.487,0.305,-0.5874536423841059,0.05561167545577042,-0.728,-0.424,-41.27135761589404,24.631282238510657,-74.01,21.52,6.379370860927152,6.370299352667394,-10.96,18.86,30.298907284768212,19.191253124485975,-7.14,66.26,1.0046789375069949,0.048914922221223484,151.0,89.29139072847683,13.572810764649308,58.0,107.0,94.0,49.0,78.5,100.5,22.0,61.0,104.0,43.0,43.0,2.8466666666666667,24.0,0.28923318229348177
right,student1,kaiwei_discrete,/Users/ianba/Desktop/COSMOS/final project/Cosmos-Gesture-Recognition-/data/processed/kaiwei_discrete/sessions/student1_right_005,30.0,446404.0333333333,77638.10435925705,300985.0,600760.0,341372.0,300985.0,-40387.0,5.566666666666666,2.679344861881144,0.0,0.0,0.0,302.0,302.0,0.8085066225165563,0.040156873128438825,0.715,0.933,-0.12833112582781456,0.11171962433541574,-0.334,0.231,-0.5706291390728476,0.05978804902774109,-0.81,-0.407,-41.63493377483444,20.726272011282695,-81.21,11.69,2.116258278145696,8.065505381507114,-18.56,20.26,26.00774834437086,14.954900575444748,-7.93,56.4,1.0058710340819512,0.04075994836763801,151.0,87.16556291390728,13.37232488566151,55.0,126.0,88.0,71.0,76.5,99.0,22.5,70.0,102.0,32.0,32.0,4.04,65.0,0.24858487277797078
right,student1,kaiwei_discrete,/Users/ianba/Desktop/COSMOS/final project/Cosmos-Gesture-Recognition-/data/processed/kaiwei_discrete/sessions/student1_right_006,31.0,455270.0,77425.82941737042,314196.0,621405.0,325928.0,353456.0,27528.0,6.387096774193548,3.308614556118216,0.0,0.0,0.0,301.0,301.0,0.796249169435216,0.03942461212032911,0.708,0.922,-0.19148172757475085,0.10385024916116516,-0.549,0.059,-0.568750830564784,0.057327940237447056,-0.712,-0.372,-40.21458471760798,16.732687852456337,-62.75,13.49,7.485016611295681,7.667400146054989,-7.39,26.64,27.87102990033223,15.115003940523124,-22.52,64.58,1.0041538820095062,0.038159498924854755,150.0,83.67333333333333,14.839859560229598,60.0,112.0,83.0,52.0,69.0,94.75,25.75,66.0,105.0,39.0,39.0,2.664429530201342,17.0,0.3301533401484511
right,student1,kaiwei_discrete,/Users/ianba/Desktop/COSMOS/final project/Cosmos-Gesture-Recognition-/data/processed/kaiwei_discrete/sessions/student1_right_007,30.0,452289.43333333335,61160.872788454835,311798.0,575739.0,353148.0,368530.0,15382.0,6.7,2.5185974933151454,0.0,0.0,0.0,301.0,301.0,0.802531561461794,0.04669648055510107,0.597,0.898,-0.09084053156146181,0.09749521404924522,-0.317,0.207,-0.585734219269103,0.05456809387278184,-0.759,-0.335,-43.715880398671096,16.335935205618746,-69.0,2.66,4.2574750830564785,5.22272401304997,-10.41,27.01,30.388006644518274,14.650704495208958,-4.94,58.9,1.0038715445994342,0.04794749013927256,151.0,82.0,14.718695594379279,44.0,108.0,84.0,64.0,75.5,93.0,17.5,57.0,106.0,49.0,49.0,3.06,24.0,0.3140153363541299
right,student1,kaiwei_discrete,/Users/ianba/Desktop/COSMOS/final project/Cosmos-Gesture-Recognition-/data/processed/kaiwei_discrete/sessions/student1_right_008,30.0,464386.36666666664,69252.13096816749,354237.0,620931.0,354237.0,361680.0,7443.0,6.766666666666667,2.0765890836230025,0.0,0.0,0.0,301.0,301.0,0.8309069767441861,0.04105483713670922,0.685,0.918,-0.11051162790697676,0.13191741110696448,-0.592,0.132,-0.5355215946843854,0.04729855376388009,-0.646,-0.418,-39.985415282392026,15.759511041992706,-77.03,5.07,1.6406976744186048,5.80658840873592,-20.08,14.37,27.057043189368777,13.750211507698355,-19.9,60.18,1.0047539482644816,0.03459713743499814,150.0,82.68,13.327732604454477,59.0,106.0,84.0,47.0,69.0,95.0,26.0,61.0,98.0,37.0,37.0,2.7583892617449663,28.0,0.29419263078359065
left,student1,kaiwei_discrete,/Users/ianba/Desktop/COSMOS/final project/Cosmos-Gesture-Recognition-/data/processed/kaiwei_discrete/sessions/student1_left_001,30.0,443641.43333333335,76299.0288001463,324360.0,624403.0,377136.0,371722.0,-5414.0,5.5,2.825479310370779,0.0,0.0,0.0,301.0,301.0,0.7679734219269102,0.07318918704914683,0.58,0.931,-0.17158803986710966,0.18937616521087988,-0.665,0.336,-0.5897441860465117,0.06418379190994257,-0.71,-0.405,31.88764119601329,21.780104642159532,-17.55,74.1,-4.903156146179403,7.320985015706772,-20.81,12.97,-29.888172757475083,21.99189461795182,-63.39,15.93,1.0054563095442168,0.03769608706197427,150.0,69.26666666666667,11.143762613684688,50.0,92.0,70.0,42.0,58.0,77.0,19.0,91.0,50.0,-41.0,41.0,2.2348993288590604,10.0,-0.24916307391439568
left,student1,kaiwei_discrete,/Users/ianba/Desktop/COSMOS/final project/Cosmos-Gesture-Recognition-/data/processed/kaiwei_discrete/sessions/student1_left_002,30.0,420257.8,56154.12861247752,342705.0,589995.0,401481.0,352138.0,-49343.0,5.266666666666667,1.8961950204437188,0.0,0.0,0.0,303.0,303.0,0.7962673267326731,0.052481753753205095,0.648,0.972,-0.23320792079207922,0.1865833315364158,-0.561,0.222,-0.5328778877887789,0.048913693839695994,-0.707,-0.43,32.68438943894389,19.311908949336914,-14.28,62.81,-12.467689768976896,7.94714112675591,-27.83,5.34,-27.40343234323432,21.020318068891577,-71.72,18.4,1.0051424547104877,0.04511432703977228,151.0,72.0,15.130543061414992,52.0,101.0,69.0,49.0,57.0,84.5,27.5,96.0,54.0,-42.0,42.0,1.7333333333333334,9.0,-0.33699895433949206
left,student1,kaiwei_discrete,/Users/ianba/Desktop/COSMOS/final project/Cosmos-Gesture-Recognition-/data/processed/kaiwei_discrete/sessions/student1_left_003,30.0,447736.8333333333,71298.50935051557,306122.0,596304.0,306122.0,363183.0,57061.0,5.633333333333334,1.8162843634433703,0.0,0.0,0.0,301.0,301.0,0.8469136212624584,0.05465220005276448,0.676,1.024,-0.23626245847176083,0.1548043054182141,-0.58,0.2,-0.4607408637873754,0.05464490588141548,-0.656,-0.291,44.80408637873754,16.495689689070904,-16.75,86.49,-10.855946843853822,8.238252373930798,-33.94,13.25,-27.500132890365453,13.366576901190143,-56.7,5.13,1.0062766594880064,0.05205152237561195,150.0,80.46666666666667,15.253414918196732,51.0,107.0,80.5,56.0,70.0,94.0,24.0,100.0,60.0,-40.0,40.0,2.4295302013422817,8.0,-0.341387617227432
left,student1,kaiwei_discrete,/Users/ianba/Desktop/COSMOS/final project/Cosmos-Gesture-Recognition-/data/processed/kaiwei_discrete/sessions/student1_left_004,30.0,444090.73333333334,85571.39015540702,318538.0,792278.0,318538.0,468996.0,150458.0,5.333333333333333,2.0385179801894204,0.0,0.0,0.0,302.0,302.0,0.8506092715231789,0.054126045377535605,0.637,1.049,-0.24629801324503314,0.16399355078185104,-0.708,0.216,-0.4470827814569537,0.06250575948200644,-0.71,-0.301,43.242715231788075,16.021948725791354,-16.42,73.46,-14.510827814569538,8.566645833574647,-36.53,10.35,-26.537317880794703,14.296036908285377,-74.4,13.92,1.007886167635677,0.044472622457761866,151.0,82.1523178807947,18.025444365995845,52.0,114.0,82.0,62.0,68.5,96.5,28.0,112.0,57.0,-55.0,55.0,2.22,8.0,-0.40725339839665475
left,student1,kaiwei_discrete,/Users/ianba/Desktop/COSMOS/final project/Cosmos-Gesture-Recognition-/data/processed/kaiwei_discrete/sessions/student1_left_005,30.0,438982.76666666666,59110.78601952063,321231.0,541771.0,473409.0,387231.0,-86178.0,4.933333333333334,2.6574841903993,0.0,0.0,0.0,302.0,302.0,0.8353675496688742,0.05501692099693178,0.671,0.98,-0.2391291390728477,0.13883562585020845,-0.605,0.08,-0.4799635761589404,0.056749554344830894,-0.633,-0.308,39.439105960264904,21.30763090142019,-40.47,67.69,-8.902350993377484,7.996191359698041,-25.39,14.16,-25.442450331125826,18.18381920144512,-67.75,47.06,1.0036551229669408,0.0598817275513416,151.0,86.13907284768212,14.677438348294679,58.0,119.0,84.0,61.0,75.0,97.0,22.0,106.0,58.0,-48.0,48.0,3.4133333333333336,38.0,-0.3012373649355181
left,student1,kaiwei_discrete,/Users/ianba/Desktop/COSMOS/final project/Cosmos-Gesture-Recognition-/data/processed/kaiwei_discrete/sessions/student1_left_006,30.0,435778.2,65862.914032304,321266.0,569286.0,349780.0,325260.0,-24520.0,6.133333333333334,2.334285520001546,0.0,0.0,0.0,301.0,301.0,0.8481794019933554,0.05933771560032998,0.684,1.135,-0.2002093023255814,0.19343124675821338,-0.606,0.318,-0.4608571428571428,0.06612775456691879,-0.678,-0.3,43.41837209302326,21.844519759640423,-13.25,75.9,-11.140332225913621,10.379827863105392,-32.62,20.08,-28.04511627906976,17.09588172134836,-61.4,14.86,1.006741834862348,0.06051229960189301,149.0,83.25503355704699,18.117542030359395,35.0,117.0,82.0,82.0,72.0,98.0,26.0,101.0,61.0,-40.0,40.0,3.5,26.0,-0.3774025031743154
left,student1,kaiwei_discrete,/Users/ianba/Desktop/COSMOS/final project/Cosmos-Gesture-Recognition-/data/processed/kaiwei_discrete/sessions/student1_left_007,30.0,460355.0,84336.72137726643,302028.0,645233.0,326855.0,326103.0,-752.0,6.3,2.4515301344262523,0.0,0.0,0.0,302.0,302.0,0.8038211920529802,0.03882446250297915,0.657,0.914,-0.22047019867549666,0.15789535926087084,-0.611,0.136,-0.5378509933774834,0.08776926959046465,-0.768,-0.37,41.290298013245035,19.826063860215264,-18.56,78.65,-14.519271523178807,9.992002537084826,-40.13,11.99,-29.77056291390728,18.286489077887826,-71.38,17.21,1.0082144981240966,0.04079904651112851,150.0,81.73333333333333,20.14799827406935,51.0,121.0,82.5,70.0,64.0,100.0,36.0,113.0,53.0,-60.0,60.0,2.778523489932886,17.0,-0.4561056046935414
left,student1,kaiwei_discrete,/Users/ianba/Desktop/COSMOS/final project/Cosmos-Gesture-Recognition-/data/processed/kaiwei_discrete/sessions/student1_left_008,30.0,440950.6666666667,64863.80566352513,323650.0,559471.0,323650.0,332440.0,8790.0,5.633333333333334,2.5753101215624925,0.0,0.0,0.0,300.0,300.0,0.81512,0.054726461606794924,0.636,0.979,-0.24148,0.18867457769044207,-0.872,0.347,-0.51126,0.07808772246646715,-0.74,-0.308,41.6303,21.75702399019682,-10.25,80.66,-14.764733333333334,10.141650963340348,-41.44,8.55,-29.520166666666665,19.78921147929402,-70.22,21.67,1.0128213924070664,0.054805052224024244,150.0,80.92,18.08092175591787,52.0,114.0,81.0,62.0,63.5,94.0,30.5,102.0,58.0,-44.0,44.0,3.6778523489932886,23.0,-0.4008675941152935
bye_bye,student1,kaiwei_discrete,/Users/ianba/Desktop/COSMOS/final project/Cosmos-Gesture-Recognition-/data/processed/kaiwei_discrete/sessions/student1_bye_bye_001,30.0,488588.73333333334,64738.4468853624,406422.0,703421.0,501413.0,487370.0,-14043.0,7.366666666666666,2.0245712852080286,0.0,0.0,0.0,301.0,301.0,0.4787641196013289,0.38689130845726305,-0.51,1.167,-0.43349833887043193,1.0884555293469784,-2.528,1.362,-0.3380199335548173,0.19032640157775566,-0.826,0.053,-7.942691029900331,220.2018653871962,-367.66,379.99,1.2381395348837205,91.77581058118938,-167.91,157.6,-7.735083056478403,308.63402665354613,-532.49,506.7,1.2719579161000212,0.5330674349791736,150.0,74.08,5.947781719477467,58.0,121.0,74.0,63.0,72.0,76.0,4.0,73.0,72.0,-1.0,1.0,3.9261744966442955,53.0,-0.02300191119605308
bye_bye,student1,kaiwei_discrete,/Users/ianba/Desktop/COSMOS/final project/Cosmos-Gesture-Recognition-/data/processed/kaiwei_discrete/sessions/student1_bye_bye_002,30.0,460737.1666666667,71859.66264606004,375964.0,673571.0,499230.0,449691.0,-49539.0,6.433333333333334,2.124199195513976,0.0,0.0,0.0,301.0,301.0,0.6134817275747508,0.27522409564255934,0.136,1.078,-0.22838870431893685,0.9589192690334106,-2.081,1.105,-0.4433521594684385,0.178351147452609,-0.829,-0.0,-7.687906976744186,184.32596629820074,-329.45,276.74,3.16734219269103,75.36068356127818,-129.86,138.52,-8.442923588039868,255.87322197333214,-431.96,342.42,1.2242135268171934,0.39174890878624913,151.0,73.34437086092716,4.352847891692509,51.0,81.0,74.0,30.0,71.0,76.0,5.0,67.0,76.0,9.0,9.0,3.46,28.0,-0.013021958870687404
bye_bye,student1,kaiwei_discrete,/Users/ianba/Desktop/COSMOS/final project/Cosmos-Gesture-Recognition-/data/processed/kaiwei_discrete/sessions/student1_bye_bye_003,30.0,510126.3,78946.92331482378,385333.0,644508.0,584778.0,489494.0,-95284.0,7.6,1.7048949136725897,0.0,0.0,0.0,301.0,301.0,0.5742558139534883,0.3014536614050385,0.037,1.118,-0.21380066445182724,0.9849961297120569,-2.158,1.419,-0.4319003322259137,0.18750146852108665,-0.933,0.112,4.385813953488372,216.55793887115948,-424.51,338.18,-5.159966777408638,86.84191210855501,-155.22,162.08,8.908538205980067,275.7552687192659,-491.81,379.44,1.214695327715043,0.42753024220904373,151.0,79.30463576158941,10.326014641014504,48.0,114.0,77.0,66.0,74.5,84.0,9.5,69.0,92.0,23.0,23.0,6.473333333333334,66.0,-0.006200766817707312
bye_bye,student1,kaiwei_discrete,/Users/ianba/Desktop/COSMOS/final project/Cosmos-Gesture-Recognition-/data/processed/kaiwei_discrete/sessions/student1_bye_bye_004,30.0,484936.8333333333,52659.78868110742,384332.0,564811.0,478266.0,529066.0,50800.0,6.6,1.7048949136725897,0.0,0.0,0.0,301.0,301.0,0.6346976744186046,0.2633299755840632,0.183,1.14,-0.13622591362126246,0.9258552921773125,-2.035,1.336,-0.4520099667774087,0.17855193619951845,-0.949,-0.077,-3.620099667774087,190.30620349852836,-365.46,302.62,-0.531295681063123,74.81442785939878,-155.92,120.4,-4.05514950166113,247.0079046411475,-435.47,385.91,1.1992290657033151,0.38209002539615927,151.0,80.78807947019868,7.207967139698662,67.0,102.0,78.0,35.0,76.0,85.0,9.0,79.0,78.0,-1.0,1.0,4.3,26.0,0.012683861972812297
bye_bye,student1,kaiwei_discrete,/Users/ianba/Desktop/COSMOS/final project/Cosmos-Gesture-Recognition-/data/processed/kaiwei_discrete/sessions/student1_bye_bye_005,30.0,475202.93333333335,70714.49003230447,391616.0,653894.0,456087.0,478445.0,22358.0,7.633333333333334,2.2432615144521653,0.0,0.0,0.0,300.0,300.0,0.6050133333333334,0.2899436034051373,0.06,1.087,-0.1467133333333333,0.9510895494933983,-2.283,1.181,-0.46689333333333327,0.17265947784262783,-0.959,-0.147,6.063400000000001,208.35692510475064,-411.79,350.17,-4.254200000000001,75.6444472363526,-152.41,117.95,8.7985,244.50337020461836,-394.57,365.79,1.2094482373375544,0.4015472589883822,150.0,81.1,12.604329713109639,48.0,115.0,77.0,67.0,75.0,86.75,11.75,78.0,107.0,29.0,29.0,9.268456375838927,55.0,0.029659984888217552
bye_bye,student1,kaiwei_discrete,/Users/ianba/Desktop/COSMOS/final project/Cosmos-Gesture-Recognition-/data/processed/kaiwei_discrete/sessions/student1_bye_bye_006,30.0,499021.5333333333,62657.78888200749,360430.0,616391.0,531110.0,552647.0,21537.0,7.533333333333333,1.8208667044996885,0.0,0.0,0.0,301.0,301.0,0.6001594684385382,0.29299324964452506,-0.057,1.133,-0.18956146179401995,0.9442453755666089,-2.378,1.406,-0.44166445182724245,0.18175244298316143,-1.045,-0.03,0.9489700996677737,214.41994456016715,-431.04,354.75,-3.3037209302325574,81.23236025705573,-160.92,152.07,4.557574750830562,250.7508640258948,-447.68,371.65,1.195598742566801,0.41498722182856373,151.0,84.54966887417218,15.22177770683475,53.0,140.0,79.0,87.0,76.5,96.0,19.5,97.0,97.0,0.0,0.0,10.08,73.0,-0.0160508888114328
bye_bye,student1,kaiwei_discrete,/Users/ianba/Desktop/COSMOS/final project/Cosmos-Gesture-Recognition-/data/processed/kaiwei_discrete/sessions/student1_bye_bye_007,31.0,493806.29032258067,54693.06102959205,391813.0,635789.0,414794.0,434973.0,20179.0,7.806451612903226,1.821366995289433,0.0,0.0,0.0,300.0,300.0,0.5877266666666666,0.29695332734660884,-0.089,1.142,-0.1306233333333333,0.9880138535409759,-2.181,1.592,-0.42417999999999995,0.19377275591097248,-1.007,0.302,-3.562699999999998,205.5094660894643,-485.37,384.75,-1.1796999999999993,80.80006291402255,-165.23,194.56,0.912766666666665,264.52076245544924,-492.08,387.4,1.2165557989734237,0.4053471162482858,151.0,82.17880794701986,11.939897315424021,52.0,120.0,79.0,68.0,76.0,90.5,14.5,79.0,52.0,-27.0,27.0,7.846666666666667,51.0,0.026395956779365286
bye_bye,student1,kaiwei_discrete,/Users/ianba/Desktop/COSMOS/final project/Cosmos-Gesture-Recognition-/data/processed/kaiwei_discrete/sessions/student1_bye_bye_008,30.0,478524.36666666664,60176.9065685962,390567.0,614618.0,450624.0,443270.0,-7354.0,6.833333333333333,1.6947631758514883,0.0,0.0,0.0,302.0,302.0,0.6074933774834437,0.29417045497238303,0.151,1.115,-0.17595033112582784,0.9525293311347823,-2.142,1.274,-0.4427947019867549,0.17527570780563262,-0.923,-0.11,-4.441688741721856,187.54375151392372,-321.09,301.0,-0.8437748344370859,71.62784546077924,-144.02,123.81,-1.0093708609271506,249.51264809266374,-404.46,361.37,1.2159084260763118,0.37710811077354967,151.0,83.52317880794702,9.228820392001058,58.0,115.0,81.0,57.0,78.0,89.0,11.0,78.0,76.0,-2.0,2.0,7.1466666666666665,47.0,8.016730568070406e-05
t_arm,student1,kaiwei_discrete,/Users/ianba/Desktop/COSMOS/final project/Cosmos-Gesture-Recognition-/data/processed/kaiwei_discrete/sessions/student1_t_arm_001,30.0,408121.93333333335,69387.10221260304,288880.0,638367.0,288880.0,421358.0,132478.0,4.9,3.036994127971494,0.0,0.0,0.0,301.0,301.0,0.5524219269102991,0.4080885897213237,-0.484,0.862,-0.47719601328903655,0.3283429525193985,-1.676,0.161,-0.4611860465116279,0.2504241556749258,-1.154,0.127,32.2134219269103,75.54745401769802,-11.78,371.96,-26.64750830564784,56.532449442518065,-159.34,33.72,-30.57232558139535,70.63237639065864,-224.52,30.34,1.0223930614289245,0.19325803254884266,150.0,96.20666666666666,23.278096011379212,68.0,217.0,88.0,149.0,83.25,99.75,16.5,128.0,86.0,-42.0,42.0,8.268456375838927,118.0,-0.3068811947197652
t_arm,student1,kaiwei_discrete,/Users/ianba/Desktop/COSMOS/final project/Cosmos-Gesture-Recognition-/data/processed/kaiwei_discrete/sessions/student1_t_arm_002,30.0,370566.06666666665,49082.18132474917,302404.0,485805.0,381934.0,309080.0,-72854.0,2.2333333333333334,2.1860669909426123,0.0,0.0,0.0,301.0,301.0,0.5098837209302325,0.4138754564551057,-0.245,0.886,-0.4244318936877076,0.1949347096917154,-0.845,-0.065,-0.548375415282392,0.23523530721607283,-1.024,-0.273,30.789235880398675,27.49339736648909,-11.35,102.39,-4.981727574750829,17.18741056894026,-33.2,33.17,-35.461129568106315,33.62747128914318,-92.04,15.47,1.0020353395108972,0.037318895561973084,149.0,112.68456375838926,50.72848861744019,66.0,307.0,101.0,241.0,78.0,125.0,47.0,124.0,69.0,-55.0,55.0,15.344594594594595,152.0,-0.657217485942318
t_arm,student1,kaiwei_discrete,/Users/ianba/Desktop/COSMOS/final project/Cosmos-Gesture-Recognition-/data/processed/kaiwei_discrete/sessions/student1_t_arm_003,30.0,332956.76666666666,27977.23556117644,289689.0,388020.0,314451.0,290558.0,-23893.0,2.7333333333333334,1.8961950204437188,0.0,0.0,0.0,302.0,302.0,0.5057947019867549,0.375368328037656,-0.23,0.859,-0.4922847682119204,0.20578581025368942,-0.843,0.087,-0.4928145695364239,0.2867192688423241,-1.087,-0.197,44.43440397350993,24.278129465428687,-5.4,111.61,-8.700860927152318,18.845340138988437,-31.83,47.0,-31.253807947019865,24.03336219536182,-72.6,8.21,1.0023518558934288,0.04226879495247355,149.0,113.9261744966443,48.090440410910055,58.0,310.0,107.0,252.0,76.0,132.0,56.0,130.0,64.0,-66.0,66.0,12.31081081081081,135.0,-0.7561509160166878
t_arm,student1,kaiwei_discrete,/Users/ianba/Desktop/COSMOS/final project/Cosmos-Gesture-Recognition-/data/processed/kaiwei_discrete/sessions/student1_t_arm_004,30.0,365821.0333333333,34945.37758224334,308006.0,447043.0,360597.0,331978.0,-28619.0,4.0,1.7320508075688772,0.0,0.0,0.0,302.0,302.0,0.47864238410596033,0.3932191112622398,-0.152,0.962,-0.47230794701986756,0.3235481087544273,-1.001,0.182,-0.41218543046357614,0.3451351286181568,-1.219,0.01,34.83417218543046,52.72340837997995,-53.9,198.4,-20.32764900662251,23.80062609997846,-61.19,25.76,-33.31228476821192,29.211066233111012,-97.81,11.32,0.9976662507692031,0.07179912945174806,150.0,106.83333333333333,44.370377788068566,44.0,267.0,94.0,223.0,75.5,126.75,51.25,230.0,72.0,-158.0,158.0,10.845637583892618,131.0,-0.8182710342681887
t_arm,student1,kaiwei_discrete,/Users/ianba/Desktop/COSMOS/final project/Cosmos-Gesture-Recognition-/data/processed/kaiwei_discrete/sessions/student1_t_arm_005,30.0,344484.93333333335,37929.829998681635,297387.0,438888.0,337126.0,327141.0,-9985.0,3.2333333333333334,1.8015425489162211,0.0,0.0,0.0,301.0,301.0,0.5931860465116279,0.38644026490973493,-0.24,0.95,-0.4847009966777409,0.25021932631486543,-1.029,-0.076,-0.331641196013289,0.33581025753691335,-1.234,0.109,41.14023255813954,62.91344498921541,-15.99,267.56,-25.28691029900332,28.022838207752393,-76.08,21.3,-29.58372093023256,37.96943752749937,-136.27,11.63,1.0080838602616355,0.07260767315920601,150.0,104.28,46.59321608598079,55.0,276.0,90.5,221.0,70.0,130.0,60.0,273.0,73.0,-200.0,200.0,7.570469798657718,75.0,-0.8653860171563168
t_arm,student1,kaiwei_discrete,/Users/ianba/Desktop/COSMOS/final project/Cosmos-Gesture-Recognition-/data/processed/kaiwei_discrete/sessions/student1_t_arm_006,30.0,348455.63333333336,24907.711975053473,301208.0,395867.0,330206.0,358985.0,28779.0,2.7333333333333334,1.787611690372256,0.0,0.0,0.0,301.0,301.0,0.5543222591362126,0.3624242101587337,-0.109,0.954,-0.4620863787375415,0.15937047828674208,-0.803,-0.107,-0.5020033222591362,0.27963453247007947,-1.055,-0.137,42.03099667774086,28.733689598509805,-20.81,147.22,-2.237142857142856,15.865581328980735,-39.22,31.86,-32.823853820598,21.342226866157585,-73.09,21.7,1.0024682506240286,0.05298546637471539,148.0,112.9391891891892,48.193237218761595,35.0,295.0,106.5,260.0,82.75,124.25,41.5,117.0,65.0,-52.0,52.0,14.435374149659864,146.0,-0.7817015070131081
t_arm,student1,kaiwei_discrete,/Users/ianba/Desktop/COSMOS/final project/Cosmos-Gesture-Recognition-/data/processed/kaiwei_discrete/sessions/student1_t_arm_007,30.0,382555.4,47389.00352514987,312613.0,531535.0,317196.0,336660.0,19464.0,3.0,2.206052281036573,0.0,0.0,0.0,303.0,303.0,0.5797854785478548,0.3455383376116527,-0.153,0.966,-0.5881947194719472,0.25882672256811184,-1.022,0.017,-0.2714884488448845,0.26566052998762063,-1.083,0.095,36.49356435643564,45.00967760809304,-15.69,212.38,-20.42191419141914,15.746186723644275,-42.6,12.63,-30.742013201320137,21.61294791853251,-79.29,9.95,1.0048960326963265,0.054568330972375116,151.0,102.36423841059603,30.10680619477011,43.0,208.0,97.0,165.0,81.0,118.5,37.5,129.0,145.0,16.0,16.0,11.76,73.0,-0.5427849424886734
t_arm,student1,kaiwei_discrete,/Users/ianba/Desktop/COSMOS/final project/Cosmos-Gesture-Recognition-/data/processed/kaiwei_discrete/sessions/student1_t_arm_008,30.0,345066.6666666667,34899.16135031837,298694.0,447917.0,326645.0,326744.0,99.0,3.3666666666666667,1.8882678717691392,0.0,0.0,0.0,303.0,303.0,0.44232673267326744,0.39720609515041194,-0.188,0.901,-0.5672706270627063,0.32217061777730865,-1.072,0.079,-0.29211551155115517,0.3826585866249542,-1.063,0.195,39.68976897689768,55.88504319065948,-20.72,210.09,-27.08075907590759,17.521686188336716,-51.91,14.37,-29.165973597359738,21.28859254546809,-75.35,14.22,1.0045746197075343,0.040054852330757645,152.0,102.96710526315789,24.112434692431897,59.0,173.0,106.5,114.0,80.5,124.0,43.5,120.0,65.0,-55.0,55.0,7.304635761589404,51.0,-0.5042048537783879
raise_arms,student1,kaiwei_discrete,/Users/ianba/Desktop/COSMOS/final project/Cosmos-Gesture-Recognition-/data/processed/kaiwei_discrete/sessions/student1_raise_arms_001,30.0,424047.3333333333,58090.246525748385,316966.0,536929.0,331385.0,363974.0,32589.0,6.066666666666666,2.3513589451397863,0.0,0.0,0.0,302.0,302.0,0.3243708609271522,0.41367028038374803,-0.338,1.086,-0.2871456953642384,0.12976868862593655,-0.669,-0.035,-0.7397119205298014,0.28958950129774125,-1.196,0.017,10.194602649006622,11.996893044572285,-43.09,54.75,28.041324503311255,23.327957864186065,-17.18,90.52,-4.047980132450331,11.900201076252216,-62.35,33.85,0.999147043227553,0.09150469851705777,151.0,41.258278145695364,5.672699035625446,24.0,53.0,41.0,29.0,37.5,46.0,8.5,39.0,42.0,3.0,3.0,3.9,28.0,0.013008016730567907
raise_arms,student1,kaiwei_discrete,/Users/ianba/Desktop/COSMOS/final project/Cosmos-Gesture-Recognition-/data/processed/kaiwei_discrete/sessions/student1_raise_arms_002,30.0,405417.0,82248.29264327214,284635.0,667669.0,301214.0,305981.0,4767.0,5.133333333333334,3.18049611783375,0.0,0.0,0.0,301.0,301.0,0.5455116279069768,0.37982758463655364,-0.216,0.956,-0.3308239202657807,0.1050063384856983,-0.485,-0.044,-0.5456677740863788,0.3862204402881522,-1.261,0.014,11.822724252491694,12.505163128516443,-11.41,40.04,27.862425249169437,21.193867549197275,-5.95,62.9,-7.049966777408637,6.079559156203678,-22.19,4.85,1.0021471665491157,0.07030883532734272,151.0,49.3046357615894,7.0104620651171,18.0,64.0,50.0,46.0,47.0,54.0,7.0,39.0,50.0,11.0,11.0,4.433333333333334,36.0,0.03982572324851813
raise_arms,student1,kaiwei_discrete,/Users/ianba/Desktop/COSMOS/final project/Cosmos-Gesture-Recognition-/data/processed/kaiwei_discrete/sessions/student1_raise_arms_003,30.0,430492.26666666666,85681.2063255155,294392.0,634973.0,333811.0,348198.0,14387.0,5.6,3.158058475287203,0.0,0.0,0.0,302.0,302.0,0.5775993377483444,0.3175104238778384,0.022,0.986,-0.3231390728476821,0.09507627051496303,-0.578,-0.066,-0.5472847682119205,0.4016246868728826,-1.221,0.152,10.884768211920528,11.370980628026901,-11.54,37.29,23.369271523178806,19.614891173817718,-12.82,54.6,-7.1365231788079475,8.649515365464689,-26.73,11.29,1.0016256372350536,0.07390068545212648,151.0,48.87417218543046,8.7233820931728,21.0,92.0,47.0,71.0,44.0,54.0,10.0,50.0,39.0,-11.0,11.0,4.593333333333334,25.0,-0.07085395608225901
raise_arms,student1,kaiwei_discrete,/Users/ianba/Desktop/COSMOS/final project/Cosmos-Gesture-Recognition-/data/processed/kaiwei_discrete/sessions/student1_raise_arms_004,30.0,409954.9666666667,68749.32448515808,301774.0,625396.0,319256.0,384523.0,65267.0,4.866666666666666,2.9747082023097478,0.0,0.0,0.0,301.0,301.0,0.5638837209302326,0.32799279289866057,-0.069,0.953,-0.2824950166112957,0.10443751000842812,-0.582,-0.0,-0.5966445182724253,0.36562944843966844,-1.24,0.14,10.075913621262458,13.816680043379094,-23.8,40.35,25.036744186046512,20.01257783974124,-13.28,55.42,-6.149468438538206,8.938197569822265,-28.9,27.28,1.0001257866942803,0.07531757013169213,149.0,48.51006711409396,7.721169083920665,18.0,69.0,48.0,51.0,45.0,52.0,7.0,47.0,47.0,0.0,0.0,5.243243243243243,42.0,-0.07632504988209689
raise_arms,student1,kaiwei_discrete,/Users/ianba/Desktop/COSMOS/final project/Cosmos-Gesture-Recognition-/data/processed/kaiwei_discrete/sessions/student1_raise_arms_005,30.0,416450.86666666664,77640.65138690054,301905.0,680000.0,301905.0,323325.0,21420.0,5.6,2.3607908279501033,0.0,0.0,0.0,301.0,301.0,0.45323588039867113,0.35909208256717506,-0.146,0.978,-0.3076810631229236,0.11707965573734017,-0.496,-0.002,-0.6531229235880399,0.36133694370095476,-1.139,0.096,10.673322259136214,10.162157420924165,-14.68,30.24,26.37591362126246,16.0334440204009,-11.9,47.82,-8.774318936877075,6.747792400260756,-24.87,7.29,0.9976909680943717,0.06702120423766632,149.0,47.38255033557047,7.036197256346605,27.0,66.0,47.0,39.0,44.0,52.0,8.0,39.0,37.0,-2.0,2.0,4.8108108108108105,25.0,-0.012247415200435516
raise_arms,student1,kaiwei_discrete,/Users/ianba/Desktop/COSMOS/final project/Cosmos-Gesture-Recognition-/data/processed/kaiwei_discrete/sessions/student1_raise_arms_006,30.0,392929.23333333334,68197.00323752422,285314.0,539386.0,308324.0,315513.0,7189.0,4.866666666666666,2.4729649321321876,0.0,0.0,0.0,301.0,301.0,0.6017707641196013,0.29282499157365954,0.053,1.011,-0.3018837209302326,0.06901102348827225,-0.429,-0.128,-0.5917607973421927,0.33447337879263117,-1.129,0.149,8.599501661129567,9.450617414703668,-13.25,29.3,22.988671096345517,15.518024678687917,-9.55,51.64,-7.331627906976744,5.823891936108851,-21.27,7.51,0.9999123420301187,0.07745593077778865,150.0,44.74,8.476916939864937,12.0,59.0,45.0,47.0,41.25,50.0,8.75,47.0,45.0,-2.0,2.0,5.597315436241611,36.0,-0.1106271389839548
raise_arms,student1,kaiwei_discrete,/Users/ianba/Desktop/COSMOS/final project/Cosmos-Gesture-Recognition-/data/processed/kaiwei_discrete/sessions/student1_raise_arms_007,30.0,419132.0333333333,69190.43742188817,314780.0,602195.0,331474.0,323250.0,-8224.0,4.633333333333334,2.258071940591993,0.0,0.0,0.0,302.0,302.0,0.5741092715231788,0.32067331581681807,-0.028,1.006,-0.28914238410596027,0.09823324853375687,-0.451,0.008,-0.5793807947019867,0.38333541072355976,-1.149,0.137,11.746986754966889,10.969267598560588,-13.46,42.36,24.200331125827816,17.367869947488444,-8.61,53.87,-5.948211920529801,7.581752150851675,-27.01,11.23,1.0018096892369073,0.06849386443294202,151.0,44.65562913907285,6.9790604502477205,17.0,63.0,45.0,46.0,41.0,48.0,7.0,49.0,41.0,-8.0,8.0,4.92,31.0,-0.07613105611711429
raise_arms,student1,kaiwei_discrete,/Users/ianba/Desktop/COSMOS/final project/Cosmos-Gesture-Recognition-/data/processed/kaiwei_discrete/sessions/student1_raise_arms_008,30.0,431704.3,76677.15104955756,312369.0,599341.0,316173.0,312369.0,-3804.0,5.9,2.736786436680802,0.0,0.0,0.0,300.0,300.0,0.6748666666666666,0.2956081227270696,0.054,1.026,-0.2783366666666666,0.07240292343698715,-0.416,-0.019,-0.49017666666666665,0.37599703738490037,-1.093,0.151,9.4121,12.788884180803265,-18.4,38.82,23.540333333333333,18.26890700677581,-8.97,56.52,-9.3768,9.746060969779876,-32.78,12.27,1.0011127813617842,0.07044713616657562,150.0,41.98,8.55261646060126,20.0,58.0,42.0,38.0,37.0,48.75,11.75,42.0,35.0,-7.0,7.0,4.046979865771812,23.0,-0.1467674118849728
fist_open,student1,kaiwei_discrete,/Users/ianba/Desktop/COSMOS/final project/Cosmos-Gesture-Recognition-/data/processed/kaiwei_discrete/sessions/student1_fist_open_001,31.0,328840.6129032258,22631.553329549006,284600.0,375081.0,360778.0,315059.0,-45719.0,2.129032258064516,1.930100038922786,0.0,0.0,0.0,302.0,302.0,0.7561092715231787,0.07276741943519367,0.382,1.046,-0.40069867549668875,0.06221351771379883,-0.747,-0.16,-0.5176523178807947,0.06644014618006762,-0.788,-0.074,2.4516887417218545,18.078290815333748,-36.07,88.96,-0.17761589403973518,12.816082338275969,-53.19,46.69,-1.1678476821192052,6.764925049876137,-35.98,18.19,1.0058027293220264,0.04653346178661299,152.0,87.58552631578948,4.373980984747423,76.0,99.0,88.0,23.0,84.0,90.25,6.25,84.0,87.0,3.0,3.0,2.5364238410596025,17.0,0.026338001216520218
fist_open,student1,kaiwei_discrete,/Users/ianba/Desktop/COSMOS/final project/Cosmos-Gesture-Recognition-/data/processed/kaiwei_discrete/sessions/student1_fist_open_002,30.0,326173.4666666667,21812.832154083575,291892.0,378429.0,343688.0,311334.0,-32354.0,2.2666666666666666,1.6918103387266024,0.0,0.0,0.0,301.0,301.0,0.7700963455149503,0.03275562420222362,0.502,0.873,-0.3159169435215947,0.035844205321219874,-0.395,-0.174,-0.5555149501661129,0.03914099153512846,-0.764,-0.445,0.7442192691029901,6.083454152344855,-21.18,23.9,1.2779069767441862,5.059282834091546,-11.87,17.09,-0.46863787375415283,3.152870200851294,-12.79,6.23,1.0022309120162745,0.02952474600964347,150.0,85.58,4.042176966793077,72.0,95.0,85.0,23.0,84.0,87.75,3.75,93.0,80.0,-13.0,13.0,2.3557046979865772,14.0,-0.022534334859326936
fist_open,student1,kaiwei_discrete,/Users/ianba/Desktop/COSMOS/final project/Cosmos-Gesture-Recognition-/data/processed/kaiwei_discrete/sessions/student1_fist_open_003,30.0,310439.8,16093.660730030733,286400.0,350813.0,335766.0,287899.0,-47867.0,1.1666666666666667,1.1279282877125754,0.0,0.0,0.0,301.0,301.0,0.7484518272425249,0.04885936668242876,0.581,1.09,-0.29805980066445187,0.046927487839329644,-0.476,-0.083,-0.5892392026578074,0.06635089389721083,-0.822,-0.183,1.4088372093023256,12.109278655020198,-45.63,74.28,-2.5517275747508306,7.743879182268526,-42.97,22.06,-0.29338870431893693,3.3610502746279662,-17.12,12.24,1.0014996366995252,0.0470421732364904,151.0,90.86754966887418,3.58455110474332,83.0,100.0,91.0,17.0,88.0,93.0,5.0,87.0,91.0,4.0,4.0,2.96,11.0,0.007260369466712113
fist_open,student1,kaiwei_discrete,/Users/ianba/Desktop/COSMOS/final project/Cosmos-Gesture-Recognition-/data/processed/kaiwei_discrete/sessions/student1_fist_open_004,30.0,342952.73333333334,55761.80715324383,302344.0,607093.0,312849.0,339732.0,26883.0,2.2,2.2568414506414345,0.0,0.0,0.0,302.0,302.0,0.7290099337748345,0.13641588838294047,-0.392,1.182,-0.3142019867549669,0.09487964978367422,-0.945,0.252,-0.5975099337748344,0.13785626296642625,-1.465,0.082,1.4955629139072844,27.871243354756917,-161.08,209.14,-1.6628476821192055,24.60461987194731,-132.05,69.28,0.06311258278145696,7.251576963497237,-25.82,35.86,1.012043772993609,0.09787587196583519,150.0,74.56,15.809045070473688,49.0,119.0,71.0,70.0,61.25,85.0,23.75,81.0,79.0,-2.0,2.0,9.906040268456376,59.0,-0.18976487843904133
fist_open,student1,kaiwei_discrete,/Users/ianba/Desktop/COSMOS/final project/Cosmos-Gesture-Recognition-/data/processed/kaiwei_discrete/sessions/student1_fist_open_005,30.0,312698.73333333334,18386.215057180445,286309.0,362522.0,286309.0,330325.0,44016.0,0.9,1.5989579940281944,0.0,0.0,0.0,301.0,301.0,0.7609767441860465,0.06561163389488549,0.335,0.997,-0.28091029900332226,0.050178769387588515,-0.417,-0.098,-0.5831295681063122,0.0722289628834269,-0.981,-0.259,2.584385382059801,10.44331177524014,-47.67,59.85,-0.1550498338870432,8.867836639149717,-29.24,48.95,-0.4159136212624587,4.025248748531614,-19.87,12.6,1.0039440815595488,0.04660894826494978,151.0,82.52980132450331,3.5810760897061233,67.0,95.0,83.0,28.0,81.0,85.0,4.0,82.0,85.0,3.0,3.0,2.26,14.0,0.03697107005925335
fist_open,student1,kaiwei_discrete,/Users/ianba/Desktop/COSMOS/final project/Cosmos-Gesture-Recognition-/data/processed/kaiwei_discrete/sessions/student1_fist_open_006,30.0,323600.9666666667,24577.709725797387,294308.0,408994.0,305678.0,322184.0,16506.0,2.466666666666667,1.80246744461277,0.0,0.0,0.0,302.0,302.0,0.7244437086092714,0.05232857674217895,0.448,0.926,-0.3308311258278146,0.05762755467372279,-0.463,-0.121,-0.599592715231788,0.05523732373755195,-0.831,-0.358,1.6636092715231787,10.567508300216558,-60.49,51.73,-1.2677814569536425,7.906332028043687,-43.95,19.14,0.6011258278145695,5.050218281696013,-24.02,15.02,1.0008031415656455,0.03581610931743776,151.0,85.82119205298014,3.3328388154149344,80.0,102.0,85.0,22.0,84.0,87.0,3.0,85.0,82.0,-3.0,3.0,1.9933333333333334,17.0,-0.019738584872778388
fist_open,student1,kaiwei_discrete,/Users/ianba/Desktop/COSMOS/final project/Cosmos-Gesture-Recognition-/data/processed/kaiwei_discrete/sessions/student1_fist_open_007,30.0,322817.56666666665,28375.57244260555,283761.0,404950.0,319742.0,320557.0,815.0,2.2666666666666666,2.1281186266016494,0.0,0.0,0.0,301.0,301.0,0.660501661129568,0.08807757169174457,0.175,0.945,-0.31957142857142856,0.057123277376433544,-0.425,-0.054,-0.6735548172757475,0.09210733925823932,-1.027,-0.125,1.1753156146179404,10.66564947487894,-64.52,46.17,-2.0881395348837213,13.326066649714123,-72.82,35.25,0.021395348837209296,5.840103652983083,-21.45,20.81,1.004804987493343,0.043998416977691863,150.0,86.49333333333334,6.895915206297021,54.0,101.0,87.0,47.0,84.0,90.0,6.0,85.0,82.0,-3.0,3.0,4.8389261744966445,37.0,0.016267389661762936
fist_open,student1,kaiwei_discrete,/Users/ianba/Desktop/COSMOS/final project/Cosmos-Gesture-Recognition-/data/processed/kaiwei_discrete/sessions/student1_fist_open_008,30.0,343126.9666666667,83972.76125049255,292643.0,759114.0,322875.0,319973.0,-2902.0,2.066666666666667,2.264705033528404,0.0,0.0,0.0,300.0,300.0,0.6502733333333333,0.09904271110092969,0.236,0.941,-0.34292666666666666,0.06277803189722411,-0.573,-0.084,-0.6659900000000001,0.11246660200551391,-1.038,-0.336,0.2450000000000001,14.226565186298485,-65.46,54.63,-4.7242999999999995,23.8601808566071,-116.92,33.33,0.050933333333333435,9.910616754885753,-27.74,40.04,1.0038785483429475,0.05122424728768823,150.0,96.72,5.905429193524509,78.0,118.0,96.0,40.0,93.25,100.0,6.75,94.0,93.0,-1.0,1.0,3.214765100671141,15.0,-0.020808035912706857
one_arm_boxing,student1,kaiwei_periodic,/Users/ianba/Desktop/COSMOS/final project/Cosmos-Gesture-Recognition-/data/processed/kaiwei_periodic/sessions/student1_one_arm_boxing_001_seg000,30.0,538315.7666666667,109198.450484331,291925.0,807500.0,291925.0,716485.0,424560.0,7.733333333333333,2.128118626601649,0.0,0.0,0.0,300.0,300.0,0.07715333333333334,0.342262399077407,-0.685,0.71,0.01598,0.19108484921625785,-0.623,0.644,-0.9822766666666667,0.12528147025354103,-1.422,-0.659,0.2681,32.14734621587501,-91.31,92.2,0.41349999999999965,27.165980810872018,-84.05,62.29,-5.485566666666665,46.57446164311033,-76.63,110.87,1.0577296117073465,0.14709157640993406,150.0,77.09333333333333,5.57721475153929,61.0,91.0,76.0,30.0,73.0,82.0,9.0,69.0,72.0,3.0,3.0,2.785234899328859,23.0,0.021195608693720096
one_arm_boxing,student1,kaiwei_periodic,/Users/ianba/Desktop/COSMOS/final project/Cosmos-Gesture-Recognition-/data/processed/kaiwei_periodic/sessions/student1_one_arm_boxing_001_seg001,30.0,550759.7,73791.99534870523,411046.0,729413.0,576718.0,600837.0,24119.0,8.5,1.7272328544042153,0.0,0.0,0.0,300.0,300.0,0.14841000000000001,0.304348629973369,-0.614,0.784,-0.016269999999999996,0.19266147452634808,-0.8,0.549,-0.9917199999999998,0.14346205630758257,-1.521,-0.535,5.955866666666667,29.330994509486985,-86.7,76.57,-2.3039666666666663,28.928233024715183,-94.85,62.9,3.0861000000000005,55.57503713410066,-75.44,112.28,1.0666552514512955,0.13554802796317963,150.0,73.18666666666667,5.071815351722564,60.0,85.0,72.0,25.0,69.25,77.0,7.75,74.0,73.0,-1.0,1.0,2.7449664429530203,13.0,-0.041089826214498026
one_arm_boxing,student1,kaiwei_periodic,/Users/ianba/Desktop/COSMOS/final project/Cosmos-Gesture-Recognition-/data/processed/kaiwei_periodic/sessions/student1_one_arm_boxing_001_seg002,30.0,499569.13333333336,87034.59072144183,368881.0,676367.0,552072.0,371698.0,-180374.0,8.466666666666667,2.36267268622258,0.0,0.0,0.0,300.0,300.0,0.08397,0.27777895726638474,-0.541,0.729,-0.003076666666666667,0.16451736723587032,-0.414,0.49,-0.9902266666666666,0.1172238113846993,-1.336,-0.673,-2.581666666666667,29.757337569450367,-87.77,57.47,0.941466666666667,28.197657169504154,-84.26,67.57,-1.6537666666666655,51.21367290231736,-82.22,119.88,1.0453841971094548,0.11291454187638462,150.0,71.76,5.94796225892171,47.0,85.0,72.0,38.0,68.0,76.0,8.0,73.0,75.0,2.0,2.0,3.1677852348993287,25.0,0.038895950931152716
one_arm_boxing,student1,kaiwei_periodic,/Users/ianba/Desktop/COSMOS/final project/Cosmos-Gesture-Recognition-/data/processed/kaiwei_periodic/sessions/student1_one_arm_boxing_002_seg000,30.0,509696.4,107684.63499825157,367731.0,828630.0,511763.0,545389.0,33626.0,8.466666666666667,2.78966346038769,0.0,0.0,0.0,299.0,299.0,0.08120066889632108,0.24011004974006117,-0.588,0.603,0.06566555183946489,0.17246525077930255,-0.624,0.517,-0.9724749163879598,0.08890964489917101,-1.191,-0.75,-2.140702341137124,24.5844695213703,-87.98,71.84,0.598695652173913,22.47832114972219,-56.12,53.07,1.3731103678929772,50.31164439002786,-84.35,120.15,1.0210407711972012,0.09690584891029656,150.0,73.08,5.948910001113001,63.0,86.0,72.0,23.0,68.0,78.0,10.0,70.0,64.0,-6.0,6.0,2.3221476510067114,9.0,0.0023218809724878256
one_arm_boxing,student1,kaiwei_periodic,/Users/ianba/Desktop/COSMOS/final project/Cosmos-Gesture-Recognition-/data/processed/kaiwei_periodic/sessions/student1_one_arm_boxing_002_seg001,30.0,488220.3,75468.81829786835,369919.0,665967.0,520594.0,524357.0,3763.0,7.4,1.8000000000000003,0.0,0.0,0.0,301.0,301.0,0.21335215946843852,0.22596936751134264,-0.361,0.697,0.0851860465116279,0.13499267337563484,-0.334,0.422,-0.9765681063122924,0.12321479845190478,-1.354,-0.65,2.484086378737541,26.408954893821544,-121.59,55.88,1.3036544850498337,26.28971845188325,-54.93,58.72,0.08970099667773936,50.489346788339965,-84.29,97.42,1.0388557586861733,0.10819819248582457,150.0,72.0,5.841301684481595,47.0,86.0,71.0,39.0,68.0,76.0,8.0,67.0,72.0,5.0,5.0,3.228187919463087,31.0,-0.003434819325302795
one_arm_boxing,student1,kaiwei_periodic,/Users/ianba/Desktop/COSMOS/final project/Cosmos-Gesture-Recognition-/data/processed/kaiwei_periodic/sessions/student1_one_arm_boxing_002_seg002,30.0,523002.26666666666,82688.08961147642,358303.0,681042.0,461829.0,585400.0,123571.0,8.9,2.1501937897160186,0.0,0.0,0.0,300.0,300.0,0.1101,0.23737433868610708,-0.33,0.832,0.06898000000000001,0.17489911263354083,-0.46,0.452,-0.9726466666666667,0.17219127491123223,-1.488,-0.271,-0.5421,29.40824349152235,-79.62,65.46,0.17646666666666685,24.648042711654725,-69.06,56.03,-2.9563666666666646,50.54983866573881,-78.77,117.4,1.029984240417921,0.13652972017373508,150.0,74.94666666666667,6.408663040656771,61.0,88.0,76.0,27.0,69.0,80.0,11.0,72.0,65.0,-7.0,7.0,2.5436241610738257,8.0,-0.002168985288234702
one_arm_boxing,student1,kaiwei_periodic,/Users/ianba/Desktop/COSMOS/final project/Cosmos-Gesture-Recognition-/data/processed/kaiwei_periodic/sessions/student1_one_arm_boxing_003_seg000,30.0,542390.0,75869.6422552086,428072.0,708531.0,439397.0,616429.0,177032.0,8.6,2.009975124224178,0.0,0.0,0.0,299.0,299.0,0.2381638795986622,0.25950667740617683,-0.427,0.748,0.024404682274247486,0.21223953175822963,-0.66,0.58,-0.9606153846153845,0.12099596125312527,-1.348,-0.598,1.528060200668897,40.082435434375626,-135.2,96.16,-0.611939799331103,30.135049387521317,-83.22,70.25,-0.15535117056856126,43.2205474189194,-106.23,108.92,1.045146627807518,0.12164465752199548,150.0,73.44666666666667,6.03628476637415,63.0,87.0,72.0,24.0,68.25,78.0,9.75,77.0,83.0,6.0,6.0,2.335570469798658,9.0,-0.002625894484199032
one_arm_boxing,student1,kaiwei_periodic,/Users/ianba/Desktop/COSMOS/final project/Cosmos-Gesture-Recognition-/data/processed/kaiwei_periodic/sessions/student1_one_arm_boxing_003_seg001,30.0,530987.9,89320.5297134427,397867.0,718833.0,600286.0,405087.0,-195199.0,8.6,2.1540659228538015,0.0,0.0,0.0,300.0,300.0,0.13892000000000002,0.26866632390383427,-0.423,0.924,-0.03645333333333333,0.19527555186340034,-0.744,0.392,-0.9786633333333333,0.14934252572154016,-1.535,-0.432,2.2807666666666666,28.867906604836374,-56.98,126.26,1.5941333333333334,25.29209179926054,-80.54,44.74,0.6425666666666658,60.450500563785425,-87.25,136.33,1.0428189761565998,0.15347781479538905,150.0,74.71333333333334,8.09618077717721,61.0,100.0,73.0,39.0,69.0,80.0,11.0,81.0,78.0,-3.0,3.0,2.6912751677852347,15.0,0.03240499577759004
one_arm_boxing,student1,kaiwei_periodic,/Users/ianba/Desktop/COSMOS/final project/Cosmos-Gesture-Recognition-/data/processed/kaiwei_periodic/sessions/student1_one_arm_boxing_003_seg002,30.0,548473.1333333333,92285.3255025714,371045.0,772035.0,472234.0,682243.0,210009.0,9.233333333333333,1.9779338265529063,0.0,0.0,0.0,301.0,301.0,0.16664119601328903,0.3055935961543201,-0.597,0.956,-0.21298338870431896,0.36623643451998605,-1.593,0.674,-0.9076611295681064,0.16118769558095153,-1.285,-0.247,3.062591362126246,62.14174161083434,-224.65,208.41,0.6968770764119601,34.8160767206871,-95.71,98.27,-2.110033222591363,61.253838225380534,-107.88,162.94,1.0581262593402543,0.17563257865016169,150.0,76.58666666666667,8.30798650823586,47.0,98.0,75.0,51.0,70.0,82.0,12.0,78.0,92.0,14.0,14.0,3.046979865771812,51.0,0.05065469576425631
clapping,student1,kaiwei_periodic,/Users/ianba/Desktop/COSMOS/final project/Cosmos-Gesture-Recognition-/data/processed/kaiwei_periodic/sessions/student1_clapping_001_seg000,30.0,403177.93333333335,42911.63991967163,307480.0,501398.0,307480.0,367039.0,59559.0,3.4,1.9595917942265426,0.0,0.0,0.0,300.0,300.0,0.20973666666666665,0.06462249857613231,0.016,0.379,-0.9485066666666667,0.20105084752094154,-1.25,-0.412,-0.15507333333333334,0.6565253191021821,-1.475,0.914,0.7732,19.657464360729065,-32.62,64.42,-1.0421333333333334,71.35694106940278,-156.32,85.48,-2.1922666666666664,26.88362464764667,-57.77,42.63,1.1919660406199841,0.15014016121184434,149.0,21.93959731543624,10.19951521630123,1.0,43.0,24.0,42.0,12.0,30.0,18.0,31.0,16.0,-15.0,15.0,4.114864864864865,16.0,-0.06541628877199357
clapping,student1,kaiwei_periodic,/Users/ianba/Desktop/COSMOS/final project/Cosmos-Gesture-Recognition-/data/processed/kaiwei_periodic/sessions/student1_clapping_001_seg001,30.0,375555.8,36518.48453993311,320833.0,473990.0,473990.0,394599.0,-79391.0,3.1,1.8859126879754182,0.0,0.0,0.0,300.0,300.0,0.22460999999999998,0.054800224147960076,0.137,0.398,-0.9363900000000001,0.19455034798221257,-1.235,-0.462,-0.21055333333333331,0.5937540516259423,-1.272,0.716,-0.8096666666666666,19.879651318761994,-34.18,60.98,-1.5076999999999996,63.67627211431796,-135.01,79.07,-0.9839000000000002,25.95203946622821,-48.77,40.01,1.1614700244360092,0.126462441077508,148.0,19.7972972972973,11.01943827318758,2.0,41.0,20.5,39.0,8.0,29.0,21.0,11.0,6.0,-5.0,5.0,3.761904761904762,17.0,0.08302453940037834
clapping,student1,kaiwei_periodic,/Users/ianba/Desktop/COSMOS/final project/Cosmos-Gesture-Recognition-/data/processed/kaiwei_periodic/sessions/student1_clapping_001_seg002,30.0,345587.63333333336,24063.927121292752,304951.0,387390.0,357750.0,325045.0,-32705.0,3.533333333333333,2.1561282171728307,0.0,0.0,0.0,300.0,300.0,0.21013,0.05915747149205529,0.121,0.34,-0.9519666666666667,0.14378631908340778,-1.173,-0.584,-0.18282666666666667,0.5129537568068122,-1.169,0.597,0.9068999999999999,15.221761726445028,-24.2,48.04,4.603866666666666,53.60063702714321,-104.86,69.73,1.1028,19.87995612402938,-37.32,30.55,1.1237870260852052,0.09065941761653877,150.0,21.16,10.97102957487974,3.0,40.0,22.0,37.0,11.0,31.0,20.0,8.0,39.0,31.0,31.0,3.966442953020134,15.0,0.013597048757722585
clapping,student1,kaiwei_periodic,/Users/ianba/Desktop/COSMOS/final project/Cosmos-Gesture-Recognition-/data/processed/kaiwei_periodic/sessions/student1_clapping_002_seg000,30.0,341763.0333333333,31005.514425107605,294428.0,422078.0,361940.0,305531.0,-56409.0,3.2333333333333334,2.679344861881144,0.0,0.0,0.0,300.0,300.0,0.17981333333333335,0.06521844183630544,0.06,0.334,-0.9590599999999999,0.11585630352581887,-1.117,-0.57,-0.17610666666666666,0.4481495084852326,-1.064,0.481,-1.1397333333333335,17.831971453793013,-47.49,57.89,-1.7730333333333337,53.751066108486526,-113.16,71.17,-0.5756,18.053645485238338,-49.59,31.25,1.0930223147505913,0.08341945890453517,150.0,18.69333333333333,7.097543451258724,4.0,37.0,18.0,33.0,13.0,24.0,11.0,18.0,15.0,-3.0,3.0,4.422818791946309,16.0,-0.04736210498244356
clapping,student1,kaiwei_periodic,/Users/ianba/Desktop/COSMOS/final project/Cosmos-Gesture-Recognition-/data/processed/kaiwei_periodic/sessions/student1_clapping_002_seg001,30.0,353495.4666666667,26506.860212321557,298028.0,416120.0,392823.0,354260.0,-38563.0,4.166666666666667,2.017974782355375,0.0,0.0,0.0,301.0,301.0,0.1628106312292359,0.06341500199746973,0.05,0.311,-0.9501129568106313,0.11123764867743227,-1.171,-0.674,-0.2390299003322259,0.48709342951095896,-1.083,0.468,0.615215946843854,16.750743000426095,-30.0,51.7,0.5633222591362131,56.95788352172934,-106.02,85.42,-0.4548837209302325,18.148318146995116,-36.68,28.35,1.109178138746265,0.09867303661729526,150.0,17.88,8.277015965225065,1.0,36.0,16.0,35.0,11.25,24.0,12.75,11.0,26.0,15.0,15.0,4.369127516778524,25.0,-0.019862216098493195
clapping,student1,kaiwei_periodic,/Users/ianba/Desktop/COSMOS/final project/Cosmos-Gesture-Recognition-/data/processed/kaiwei_periodic/sessions/student1_clapping_002_seg002,30.0,350451.0333333333,26366.30555271043,312512.0,403207.0,389036.0,320357.0,-68679.0,3.433333333333333,2.1860669909426123,0.0,0.0,0.0,300.0,300.0,0.12825333333333333,0.054772035038167265,0.037,0.273,-0.97418,0.10789977262873789,-1.16,-0.641,-0.14161333333333334,0.49028313978308036,-1.077,0.536,-0.5619666666666668,17.500635811275227,-28.72,58.08,0.5781666666666672,55.94589250611305,-96.96,80.2,0.4850666666666667,16.64590725460432,-41.2,29.33,1.1092902907030222,0.10012427753549236,145.0,26.889655172413793,14.492870489283932,1.0,73.0,28.0,72.0,15.0,36.0,21.0,36.0,48.0,12.0,12.0,7.805555555555555,66.0,0.002881435994331568
clapping,student1,kaiwei_periodic,/Users/ianba/Desktop/COSMOS/final project/Cosmos-Gesture-Recognition-/data/processed/kaiwei_periodic/sessions/student1_clapping_003_seg000,30.0,344553.9666666667,22423.44393186639,305427.0,392717.0,359125.0,343477.0,-15648.0,2.1,1.6802777548171413,0.0,0.0,0.0,299.0,299.0,0.10015384615384616,0.05471204409897365,0.02,0.239,-0.9765986622073578,0.08129371660475564,-1.103,-0.706,-0.16932441471571907,0.46440369768192424,-1.067,0.52,-0.8682608695652174,17.7548729658165,-27.68,49.99,-3.4617725752508366,55.3677494527877,-109.1,72.85,-1.038695652173913,13.835601669226852,-31.89,25.91,1.100215843178527,0.08511443069150712,142.0,24.288732394366196,14.141925489048809,1.0,61.0,26.5,60.0,11.0,33.75,22.75,36.0,8.0,-28.0,28.0,5.418439716312057,51.0,0.028208830426391114
clapping,student1,kaiwei_periodic,/Users/ianba/Desktop/COSMOS/final project/Cosmos-Gesture-Recognition-/data/processed/kaiwei_periodic/sessions/student1_clapping_003_seg001,30.0,352510.8,28864.375405679577,309687.0,408082.0,335097.0,408082.0,72985.0,3.0,1.9148542155126762,0.0,0.0,0.0,301.0,301.0,0.08802325581395348,0.07899221621961698,-0.026,0.336,-0.9800697674418604,0.10812819288214895,-1.144,-0.615,-0.14305647840531563,0.5003702749890142,-1.083,0.608,0.628936877076412,18.00471706924393,-33.75,62.99,5.0179401993355475,58.68295758882505,-110.14,78.16,0.3111960132890364,18.199805132890848,-43.79,32.2,1.1170405554013056,0.09629270290074779,147.0,20.374149659863946,11.099309422152416,1.0,46.0,21.0,45.0,10.0,30.0,20.0,10.0,28.0,18.0,18.0,3.904109589041096,38.0,-0.0375031167594769
clapping,student1,kaiwei_periodic,/Users/ianba/Desktop/COSMOS/final project/Cosmos-Gesture-Recognition-/data/processed/kaiwei_periodic/sessions/student1_clapping_003_seg002,30.0,359324.76666666666,30836.741607681066,309608.0,440568.0,363734.0,309608.0,-54126.0,3.566666666666667,1.7641491496532322,0.0,0.0,0.0,300.0,300.0,0.07590333333333334,0.10134883976751892,-0.075,0.349,-0.9782766666666667,0.11073542096165777,-1.164,-0.611,-0.13764666666666667,0.5397969079405903,-1.158,0.682,-2.0081333333333333,18.045617025995227,-40.35,67.63,-3.3631,62.49440058695925,-112.95,82.95,-1.7482000000000002,19.258771614340656,-45.32,29.3,1.1328717778561093,0.11067662326407497,150.0,19.32,9.124287229677966,1.0,39.0,18.0,38.0,12.0,26.75,14.75,34.0,5.0,-29.0,29.0,3.348993288590604,13.0,-0.06447575447797664
two_arm_boxing,student1,kaiwei_periodic,/Users/ianba/Desktop/COSMOS/final project/Cosmos-Gesture-Recognition-/data/processed/kaiwei_periodic/sessions/student1_two_arm_boxing_001_seg000,30.0,629641.0333333333,91516.49689518035,410263.0,797844.0,633424.0,602887.0,-30537.0,10.4,2.65329983228432,0.0,0.0,0.0,300.0,300.0,0.08444666666666668,0.5450670238501765,-1.375,1.272,0.012043333333333331,0.23808147370642307,-0.745,0.693,-1.0233966666666667,0.23475970549100247,-1.645,-0.449,-4.6613,37.00429930845874,-153.84,95.07,-0.8691999999999992,54.352130764978604,-132.27,132.73,-3.6035666666666666,66.07116774316582,-121.22,142.7,1.1807727015738867,0.2632219859445101,150.0,64.26,10.196347549770197,33.0,86.0,65.0,53.0,57.0,71.0,14.0,47.0,36.0,-11.0,11.0,5.87248322147651,30.0,0.044793101915640794
two_arm_boxing,student1,kaiwei_periodic,/Users/ianba/Desktop/COSMOS/final project/Cosmos-Gesture-Recognition-/data/processed/kaiwei_periodic/sessions/student1_two_arm_boxing_001_seg001,30.0,646779.1333333333,82860.55938814048,474755.0,833640.0,678822.0,645309.0,-33513.0,10.566666666666666,1.6468825769380833,0.0,0.0,0.0,300.0,300.0,0.07335,0.5018548536844758,-1.494,1.066,0.09049333333333334,0.23261064024578834,-0.537,0.86,-1.0138033333333334,0.19661691514776194,-1.481,-0.487,-0.6470000000000001,42.746208857238635,-96.93,151.46,-1.1804000000000012,53.57553735776556,-132.08,86.25,-2.0454333333333325,72.92893745383623,-115.54,163.24,1.1572515960535334,0.21623927356414535,149.0,68.23489932885906,11.21918558357583,37.0,96.0,69.0,59.0,61.0,75.0,14.0,42.0,68.0,26.0,26.0,7.986486486486487,45.0,0.0476364955559584
two_arm_boxing,student1,kaiwei_periodic,/Users/ianba/Desktop/COSMOS/final project/Cosmos-Gesture-Recognition-/data/processed/kaiwei_periodic/sessions/student1_two_arm_boxing_001_seg002,30.0,661565.5666666667,102998.4204424784,500468.0,886660.0,651482.0,716054.0,64572.0,10.266666666666667,2.337139752394414,0.0,0.0,0.0,300.0,300.0,-0.008040000000000009,0.5605383766820371,-1.65,1.162,0.12523666666666666,0.285835874799197,-0.736,0.828,-0.9971566666666667,0.24660138980864554,-1.891,-0.397,1.7052,42.01248453686118,-100.22,117.01,-3.2892000000000006,54.27915561883155,-118.38,112.77,1.492699999999999,79.03175269710692,-127.26,181.37,1.1820557118926747,0.2636896673147599,150.0,68.64666666666666,10.401430378317627,39.0,94.0,69.0,55.0,61.0,75.75,14.75,67.0,71.0,4.0,4.0,7.114093959731544,45.0,0.02198319925330026
two_arm_boxing,student1,kaiwei_periodic,/Users/ianba/Desktop/COSMOS/final project/Cosmos-Gesture-Recognition-/data/processed/kaiwei_periodic/sessions/student1_two_arm_boxing_002_seg000,30.0,647029.5666666667,99283.22624145643,463847.0,887698.0,529037.0,652506.0,123469.0,9.966666666666667,1.87053171287976,0.0,0.0,0.0,300.0,300.0,0.11161666666666667,0.5546986837213715,-1.852,1.211,0.05742,0.3195300250889317,-1.235,0.92,-1.0100099999999999,0.26677269331773823,-1.833,-0.181,1.0169999999999997,52.24961810705733,-115.12,275.28,1.6086666666666671,59.66660097203088,-156.35,102.05,-3.4860333333333333,80.19808036729364,-134.62,180.0,1.1963852246371005,0.29239642200849225,150.0,67.88,11.52873270799306,27.0,87.0,70.0,60.0,61.0,76.0,15.0,53.0,74.0,21.0,21.0,6.8389261744966445,30.0,0.01504066847415483
two_arm_boxing,student1,kaiwei_periodic,/Users/ianba/Desktop/COSMOS/final project/Cosmos-Gesture-Recognition-/data/processed/kaiwei_periodic/sessions/student1_two_arm_boxing_002_seg001,30.0,627293.0666666667,100764.69324650486,443278.0,833729.0,588122.0,554398.0,-33724.0,10.1,2.3288051299611423,0.0,0.0,0.0,300.0,300.0,0.08322666666666668,0.47196256414630555,-1.479,1.004,0.08069,0.2539664818435693,-0.974,1.046,-0.9989199999999999,0.1976843281598215,-1.541,-0.455,1.3477666666666668,33.64897485331297,-84.81,150.64,-2.360266666666666,55.54212852057036,-137.46,86.46,-1.5152333333333339,66.67823923099317,-114.23,154.76,1.1371125115679077,0.2111411519238376,150.0,68.74666666666667,11.259112143680873,32.0,98.0,70.0,66.0,61.25,76.0,14.75,68.0,67.0,-1.0,1.0,8.167785234899329,36.0,0.024072180985821767
two_arm_boxing,student1,kaiwei_periodic,/Users/ianba/Desktop/COSMOS/final project/Cosmos-Gesture-Recognition-/data/processed/kaiwei_periodic/sessions/student1_two_arm_boxing_002_seg002,30.0,675025.4666666667,106808.14139903174,479155.0,1022795.0,658469.0,506046.0,-152423.0,11.033333333333333,1.9913702708325127,0.0,0.0,0.0,300.0,300.0,0.10965333333333331,0.5098326978747266,-1.926,1.039,0.10326666666666667,0.24481131963661776,-0.737,0.909,-0.9899333333333334,0.204112164153819,-1.634,-0.466,-0.16376666666666684,36.9221196594339,-78.01,188.09,-1.319333333333334,49.80854556086625,-142.83,85.3,2.7611666666666665,68.17921097352347,-101.47,178.26,1.1423827899182395,0.24318955836675904,149.0,67.52348993288591,10.950492949916994,31.0,96.0,68.0,65.0,62.0,75.0,13.0,65.0,72.0,7.0,7.0,7.601351351351352,42.0,0.06136404861237088
two_arm_boxing,student1,kaiwei_periodic,/Users/ianba/Desktop/COSMOS/final project/Cosmos-Gesture-Recognition-/data/processed/kaiwei_periodic/sessions/student1_two_arm_boxing_003_seg000,30.0,650165.2666666667,80328.43309104332,454463.0,815878.0,682893.0,575515.0,-107378.0,10.433333333333334,1.8740923729160799,0.0,0.0,0.0,300.0,300.0,0.08778333333333335,0.4488955591844896,-1.396,0.875,0.046950000000000006,0.33488575290686823,-0.99,1.212,-0.9903566666666666,0.22886201692043373,-1.592,-0.295,0.4937666666666663,52.84690165133198,-198.61,223.64,-3.5063666666666684,49.74844264026988,-122.5,110.23,-3.8842333333333334,80.03588095189279,-132.48,173.8,1.1352140376976423,0.260843143058971,150.0,68.9,9.765540016408746,37.0,87.0,69.0,50.0,62.0,77.0,15.0,82.0,81.0,-1.0,1.0,5.993288590604027,27.0,-0.03222365438463885
two_arm_boxing,student1,kaiwei_periodic,/Users/ianba/Desktop/COSMOS/final project/Cosmos-Gesture-Recognition-/data/processed/kaiwei_periodic/sessions/student1_two_arm_boxing_003_seg001,30.0,641193.3,99744.71715706719,415231.0,828708.0,640316.0,708252.0,67936.0,10.566666666666666,1.5849991237291652,0.0,0.0,0.0,300.0,300.0,0.15052333333333331,0.3807052089507343,-0.655,0.973,0.054113333333333326,0.21353864713962722,-0.737,0.491,-1.0143,0.18116306650823358,-1.506,-0.535,-0.24406666666666751,38.45544409827503,-103.31,106.75,-0.31563333333333315,55.288767936464474,-123.17,125.58,-5.0113666666666665,67.61904058620537,-118.38,129.86,1.1165038345933869,0.17653461607173976,149.0,72.2751677852349,11.444849579497912,48.0,99.0,73.0,51.0,63.0,81.0,18.0,85.0,72.0,-13.0,13.0,6.4391891891891895,28.0,-0.032218392889533896
two_arm_boxing,student1,kaiwei_periodic,/Users/ianba/Desktop/COSMOS/final project/Cosmos-Gesture-Recognition-/data/processed/kaiwei_periodic/sessions/student1_two_arm_boxing_003_seg002,30.0,657692.3666666667,91769.80836509116,450500.0,883718.0,625742.0,753835.0,128093.0,10.533333333333333,2.2617593938249834,0.0,0.0,0.0,300.0,300.0,0.12049666666666667,0.42070319306555726,-1.147,0.914,0.05496666666666665,0.2506398323402638,-1.018,0.652,-0.9873599999999999,0.20624250386377685,-1.578,-0.386,0.8144666666666662,39.939597186028585,-73.0,166.39,0.9173333333333333,51.97940475696975,-126.16,87.47,-4.289633333333334,68.54098094472792,-109.53,124.03,1.1118102323473646,0.1965859368852012,150.0,72.51333333333334,13.495083204393827,31.0,107.0,73.0,76.0,64.0,81.0,17.0,70.0,40.0,-30.0,30.0,7.973154362416107,46.0,-0.08810880483577008
soli,student1,kaiwei_periodic,/Users/ianba/Desktop/COSMOS/final project/Cosmos-Gesture-Recognition-/data/processed/kaiwei_periodic/sessions/student1_soli_001_seg000,30.0,356304.8333333333,41793.42850025056,291858.0,457792.0,308577.0,334852.0,26275.0,1.0,1.3416407864998738,0.0,0.0,0.0,300.0,300.0,-0.13151000000000002,0.03059460573369103,-0.21,0.016,-0.9699000000000001,0.03968807545514563,-1.153,-0.823,0.26404666666666665,0.03481126956732387,0.134,0.408,-0.2650999999999999,9.562493799039384,-39.8,22.03,-0.38039999999999985,9.03599766710904,-22.43,44.86,-1.1752333333333334,4.808651468505027,-12.94,13.73,1.0150211498959614,0.03430153442456763,150.0,74.04,2.068880967183912,67.0,78.0,74.0,11.0,73.0,75.0,2.0,77.0,76.0,-1.0,1.0,2.046979865771812,8.0,-0.02175741144050855
soli,student1,kaiwei_periodic,/Users/ianba/Desktop/COSMOS/final project/Cosmos-Gesture-Recognition-/data/processed/kaiwei_periodic/sessions/student1_soli_001_seg001,30.0,340209.76666666666,28533.65100681805,290033.0,405955.0,352945.0,293615.0,-59330.0,1.0333333333333334,1.4255603186895398,0.0,0.0,0.0,300.0,300.0,-0.11155333333333334,0.036348871906689055,-0.193,0.01,-0.9823933333333332,0.044692489550507496,-1.104,-0.803,0.1520766666666667,0.04762832618889263,-0.087,0.334,-1.501,10.719983286678515,-35.62,38.85,-1.3662666666666667,6.454989805999352,-13.37,25.27,0.5916333333333335,6.7803948507607,-20.05,15.69,1.0022256995374301,0.042413250917320795,150.0,75.94666666666667,2.3453128085657085,69.0,80.0,77.0,11.0,75.0,77.0,2.0,74.0,76.0,2.0,2.0,2.174496644295302,10.0,-0.012562336103826554
soli,student1,kaiwei_periodic,/Users/ianba/Desktop/COSMOS/final project/Cosmos-Gesture-Recognition-/data/processed/kaiwei_periodic/sessions/student1_soli_001_seg002,30.0,303177.86666666664,10577.0060689319,276358.0,326363.0,317362.0,301319.0,-16043.0,1.0333333333333334,1.1967548714010827,0.0,0.0,0.0,300.0,300.0,-0.16094999999999998,0.028945710678210456,-0.248,-0.084,-0.97871,0.039171493461444634,-1.107,-0.824,0.17315000000000003,0.03427215828239204,-0.009,0.328,-0.9117,10.764463267777606,-22.68,31.13,-1.7075,5.665835809187085,-15.08,15.05,0.46216666666666667,5.746840433857741,-15.2,13.79,1.007962491735694,0.03629800619829268,150.0,72.69333333333333,2.590500629666831,65.0,78.0,73.0,13.0,71.25,74.0,2.75,75.0,73.0,-2.0,2.0,2.469798657718121,9.0,-0.012711676074491852
soli,student1,kaiwei_periodic,/Users/ianba/Desktop/COSMOS/final project/Cosmos-Gesture-Recognition-/data/processed/kaiwei_periodic/sessions/student1_soli_002_seg000,30.0,310558.06666666665,13295.235840789823,283547.0,342420.0,307186.0,334501.0,27315.0,1.1666666666666667,1.2133516482134197,0.0,0.0,0.0,300.0,300.0,-0.19409666666666667,0.03703422726193823,-0.277,-0.075,-0.97105,0.04759489643508709,-1.112,-0.825,0.17865999999999999,0.03981856016147914,0.052,0.288,0.7869000000000003,13.957990521203259,-44.22,34.67,-0.4191,6.220448230634188,-20.51,14.62,0.8579333333333333,6.397608438228217,-16.36,20.63,1.007846702203766,0.04470307435729039,150.0,70.85333333333334,1.9050856228592603,64.0,75.0,71.0,11.0,70.0,72.0,2.0,72.0,71.0,-1.0,1.0,1.7248322147651007,9.0,-0.0016036268278588055
soli,student1,kaiwei_periodic,/Users/ianba/Desktop/COSMOS/final project/Cosmos-Gesture-Recognition-/data/processed/kaiwei_periodic/sessions/student1_soli_002_seg001,30.0,321367.63333333336,26116.539689735997,294744.0,419781.0,322454.0,304033.0,-18421.0,1.4333333333333333,1.6468825769380833,0.0,0.0,0.0,300.0,300.0,-0.21665333333333336,0.03205526200520317,-0.344,-0.07,-0.9660266666666666,0.050865108757269836,-1.186,-0.656,0.17324333333333333,0.0405456630096104,-0.103,0.391,-1.2759,15.162263931330747,-88.9,45.59,-0.10816666666666663,6.147003685175043,-17.61,16.21,-0.04683333333333342,4.928473357834948,-10.59,21.15,1.0066514636445303,0.0455084689077148,150.0,69.52666666666667,1.6207408475307168,64.0,74.0,69.0,10.0,69.0,70.0,1.0,71.0,72.0,1.0,1.0,1.4697986577181208,6.0,0.008539046179830687
soli,student1,kaiwei_periodic,/Users/ianba/Desktop/COSMOS/final project/Cosmos-Gesture-Recognition-/data/processed/kaiwei_periodic/sessions/student1_soli_002_seg002,30.0,308858.13333333336,14480.520008465013,284130.0,338069.0,304720.0,301460.0,-3260.0,2.3,1.7916472867168918,0.0,0.0,0.0,299.0,299.0,-0.21924414715719065,0.03206813280079642,-0.315,-0.034,-0.9681137123745818,0.05739973470681074,-1.186,-0.654,0.16234448160535117,0.04298018203943114,-0.146,0.361,-0.427725752508361,16.204279612835066,-83.9,39.49,-0.8123076923076923,5.464124744462849,-16.88,14.31,0.34374581939799337,4.9904234057009775,-13.0,18.07,1.0074988396420872,0.05276708928699193,150.0,70.01333333333334,2.039827162919969,63.0,74.0,70.0,11.0,69.0,71.0,2.0,73.0,73.0,0.0,0.0,1.8523489932885906,6.0,0.005326458953731688
soli,student1,kaiwei_periodic,/Users/ianba/Desktop/COSMOS/final project/Cosmos-Gesture-Recognition-/data/processed/kaiwei_periodic/sessions/student1_soli_003_seg000,30.0,366975.93333333335,35534.32999878036,299759.0,434435.0,389472.0,378008.0,-11464.0,3.1,2.2561028345356955,0.0,0.0,0.0,300.0,300.0,-0.18529333333333334,0.035018670575692745,-0.311,-0.023,-0.9851533333333333,0.07256429210630315,-1.278,-0.693,0.07329000000000001,0.05162214544166098,-0.113,0.224,-2.0861333333333336,20.48045212022647,-63.23,67.75,0.002999999999999924,10.390898918444607,-24.93,38.82,-0.5183333333333334,6.923850558436075,-26.34,26.09,1.0070411827672998,0.07250461739759265,150.0,81.86,5.635493939869754,62.0,91.0,84.0,29.0,78.25,86.0,7.75,72.0,73.0,1.0,1.0,2.6241610738255035,16.0,-0.030975598915506972
soli,student1,kaiwei_periodic,/Users/ianba/Desktop/COSMOS/final project/Cosmos-Gesture-Recognition-/data/processed/kaiwei_periodic/sessions/student1_soli_003_seg001,30.0,354099.26666666666,33527.2222926717,297101.0,456193.0,456193.0,301786.0,-154407.0,2.8333333333333335,1.9163043135739746,0.0,0.0,0.0,300.0,300.0,-0.2050266666666667,0.038617517038543825,-0.332,-0.043,-0.9821366666666665,0.0777305473342938,-1.597,-0.433,0.039196666666666664,0.05803267460855326,-0.428,0.406,0.9284666666666668,22.67342834646367,-49.41,131.6,1.1650333333333334,10.743900393504937,-28.5,37.32,0.8956666666666666,6.382954009617247,-17.82,36.59,1.0066902547652232,0.07510404534641676,150.0,75.67333333333333,3.259465651160662,69.0,87.0,75.5,18.0,73.0,77.0,4.0,77.0,73.0,-4.0,4.0,2.751677852348993,10.0,-0.03491888528379011
soli,student1,kaiwei_periodic,/Users/ianba/Desktop/COSMOS/final project/Cosmos-Gesture-Recognition-/data/processed/kaiwei_periodic/sessions/student1_soli_003_seg002,30.0,325101.3,19884.22422952427,301180.0,364084.0,332021.0,352649.0,20628.0,2.0,1.9321835661585918,0.0,0.0,0.0,300.0,300.0,-0.2109466666666667,0.041890378635460225,-0.37,0.076,-0.9760266666666666,0.08082297088218314,-1.359,-0.512,0.11088999999999999,0.09618508841464635,-0.287,0.617,1.6005666666666667,22.461083173915625,-111.7,70.68,0.5826666666666667,9.278246577643621,-26.09,24.75,-0.3375666666666666,7.000293261396665,-19.53,16.85,1.0109909818003544,0.06970727880469339,150.0,74.16,2.6849818466385433,65.0,79.0,75.0,14.0,72.0,76.0,4.0,74.0,77.0,3.0,3.0,2.4630872483221475,8.0,0.025466020712031884
palm_up_down,student1,kaiwei_periodic,/Users/ianba/Desktop/COSMOS/final project/Cosmos-Gesture-Recognition-/data/processed/kaiwei_periodic/sessions/student1_palm_up_down_001_seg000,30.0,543276.3333333334,131735.35420641222,320187.0,789619.0,467856.0,532349.0,64493.0,6.0,2.816617356570348,0.0,0.0,0.0,300.0,300.0,0.17083333333333336,0.8589103904883727,-2.037,1.941,-0.13018000000000002,0.2755543883398218,-0.761,0.846,-0.5687599999999999,0.4313816203780592,-1.608,1.161,1.1288999999999996,82.55331859949665,-288.86,243.93,-3.6055333333333297,291.1249623329855,-911.83,586.17,-3.9528000000000003,27.573995953192323,-91.01,88.11,1.1271141412459424,0.3146107000777648,150.0,79.86,4.730353222618608,63.0,99.0,79.0,36.0,77.0,83.0,6.0,78.0,75.0,-3.0,3.0,3.214765100671141,29.0,0.014491310724921266
palm_up_down,student1,kaiwei_periodic,/Users/ianba/Desktop/COSMOS/final project/Cosmos-Gesture-Recognition-/data/processed/kaiwei_periodic/sessions/student1_palm_up_down_001_seg001,30.0,562434.0333333333,155573.84183756245,380327.0,1030573.0,581897.0,493715.0,-88182.0,7.1,2.1809783737274118,0.0,0.0,0.0,300.0,300.0,0.09772666666666666,0.8315271364316513,-1.963,1.851,-0.10411000000000001,0.2735763352948009,-0.877,0.974,-0.6451266666666667,0.4773494428845835,-2.174,0.584,8.819933333333331,73.29303883268103,-267.1,187.81,22.14003333333334,299.5880118534989,-861.63,515.79,-5.864833333333333,29.810496143230413,-96.68,81.55,1.1463590176912664,0.34144207789596587,150.0,80.18,3.873970961005181,73.0,91.0,80.0,18.0,77.0,83.0,6.0,78.0,75.0,-3.0,3.0,2.5704697986577183,10.0,0.011508067025201418
palm_up_down,student1,kaiwei_periodic,/Users/ianba/Desktop/COSMOS/final project/Cosmos-Gesture-Recognition-/data/processed/kaiwei_periodic/sessions/student1_palm_up_down_001_seg002,30.0,467294.26666666666,109019.56010366009,305292.0,801296.0,801296.0,317663.0,-483633.0,6.8,2.749545416973504,0.0,0.0,0.0,300.0,300.0,0.19946333333333333,0.81393979014967,-1.605,2.082,-0.12614333333333336,0.2716920366681528,-0.97,1.081,-0.6329966666666667,0.434579670473538,-1.76,0.795,-1.0396000000000003,76.47553886814616,-298.53,206.49,-0.20420000000000071,267.37456206171396,-750.36,523.39,-5.059366666666667,25.86957197040999,-77.24,75.29,1.1337854529509657,0.3099792305033363,150.0,81.7,5.682600312244812,69.0,106.0,81.0,37.0,77.0,84.0,7.0,75.0,80.0,5.0,5.0,3.7651006711409396,31.0,0.03718031912529464
palm_up_down,student1,kaiwei_periodic,/Users/ianba/Desktop/COSMOS/final project/Cosmos-Gesture-Recognition-/data/processed/kaiwei_periodic/sessions/student1_palm_up_down_002_seg000,30.0,540159.5666666667,134807.00721888393,348045.0,837912.0,549107.0,623772.0,74665.0,6.666666666666667,2.1343747458109497,0.0,0.0,0.0,300.0,300.0,0.08688333333333335,0.8502249445816612,-1.567,1.944,-0.06368333333333334,0.2925303113449195,-1.035,0.841,-0.5897,0.42184996938090047,-1.467,0.566,-6.663200000000001,97.17731242301365,-263.95,283.88,-29.620200000000004,307.63018287649646,-762.23,638.84,-5.5766,28.541602870897073,-123.63,61.92,1.1191842531557707,0.30527170546060484,150.0,81.6,6.670580506620246,54.0,111.0,82.0,57.0,79.0,84.0,5.0,84.0,79.0,-5.0,5.0,4.570469798657718,36.0,-0.01757589226187798
palm_up_down,student1,kaiwei_periodic,/Users/ianba/Desktop/COSMOS/final project/Cosmos-Gesture-Recognition-/data/processed/kaiwei_periodic/sessions/student1_palm_up_down_002_seg001,30.0,474273.5,108796.4044711497,328082.0,763411.0,420351.0,514758.0,94407.0,6.4,1.836663641860788,0.0,0.0,0.0,300.0,300.0,0.03865666666666669,0.8609330938709594,-1.478,2.169,-0.10808,0.25631705678709715,-0.879,0.795,-0.55228,0.4173686798662944,-1.458,0.756,3.7371000000000003,87.95627348815623,-279.0,186.8,11.941066666666662,289.0332506365468,-876.22,560.75,-10.498633333333334,31.98866404106652,-101.08,65.77,1.1018162597099905,0.29204553270341227,150.0,82.56666666666666,7.603793354509054,53.0,120.0,82.0,67.0,79.0,85.75,6.75,82.0,84.0,2.0,2.0,4.577181208053691,56.0,-0.00047468776390067536
palm_up_down,student1,kaiwei_periodic,/Users/ianba/Desktop/COSMOS/final project/Cosmos-Gesture-Recognition-/data/processed/kaiwei_periodic/sessions/student1_palm_up_down_002_seg002,30.0,539006.3333333334,143524.87372840833,326072.0,935156.0,498670.0,606042.0,107372.0,6.5,2.077658938966323,0.0,0.0,0.0,300.0,300.0,0.03218666666666669,0.903466740850056,-2.553,1.79,-0.08558666666666667,0.3137885314808189,-0.964,1.017,-0.6114433333333333,0.4799027611112716,-1.543,1.298,0.1185333333333339,97.17542450562739,-331.74,258.16,-5.620466666666668,301.466296326995,-981.02,577.75,-8.465533333333333,32.42652555211893,-95.22,90.09,1.1790318703053715,0.37031056174183197,150.0,84.46,9.579501325099542,50.0,128.0,84.0,78.0,80.0,87.0,7.0,91.0,86.0,-5.0,5.0,5.899328859060403,51.0,0.010263567269656399
palm_up_down,student1,kaiwei_periodic,/Users/ianba/Desktop/COSMOS/final project/Cosmos-Gesture-Recognition-/data/processed/kaiwei_periodic/sessions/student1_palm_up_down_003_seg000,30.0,543930.8666666667,110079.21362477518,363028.0,786863.0,563974.0,435977.0,-127997.0,6.633333333333334,1.7220788470785986,0.0,0.0,0.0,300.0,300.0,0.07813999999999997,0.8213774408881706,-2.011,1.77,-0.06685666666666666,0.2500090720798392,-0.7,0.92,-0.6003333333333333,0.37976949441587443,-1.437,0.783,-1.077433333333332,82.29151883646469,-268.87,185.43,-10.88433333333333,273.6138005240639,-889.68,482.28,-6.3767,28.566460347349068,-92.07,65.71,1.0874948181358532,0.264047553534714,150.0,88.74,8.647791353982438,60.0,124.0,88.0,64.0,85.0,92.0,7.0,90.0,88.0,-2.0,2.0,5.342281879194631,47.0,0.03065914040624056
palm_up_down,student1,kaiwei_periodic,/Users/ianba/Desktop/COSMOS/final project/Cosmos-Gesture-Recognition-/data/processed/kaiwei_periodic/sessions/student1_palm_up_down_003_seg001,30.0,553567.8333333334,107647.15724349416,374142.0,803836.0,442930.0,390004.0,-52926.0,6.733333333333333,1.6719914938645934,0.0,0.0,0.0,300.0,300.0,0.05758333333333332,0.8267264459232503,-1.374,1.665,-0.09065666666666665,0.26563862442967306,-0.756,0.719,-0.5877966666666666,0.3498114949353278,-1.337,0.351,4.104466666666667,88.14006490457233,-274.48,216.22,-5.85833333333334,284.34455226694405,-731.99,496.35,-8.279633333333335,29.051092903117354,-76.97,56.06,1.0751501720269083,0.27838835749813473,150.0,87.34,9.687624430896047,42.0,131.0,85.0,89.0,83.0,90.0,7.0,92.0,85.0,-7.0,7.0,6.328859060402684,89.0,-0.0167563002800125
palm_up_down,student1,kaiwei_periodic,/Users/ianba/Desktop/COSMOS/final project/Cosmos-Gesture-Recognition-/data/processed/kaiwei_periodic/sessions/student1_palm_up_down_003_seg002,30.0,534696.5,106168.58915980438,362722.0,790637.0,450527.0,686650.0,236123.0,7.833333333333333,2.4776781245530843,0.0,0.0,0.0,300.0,300.0,0.04334000000000002,0.8663210169446427,-1.319,1.655,-0.12661666666666666,0.26985806711841853,-0.949,0.572,-0.5402533333333334,0.3831705831900751,-1.336,0.646,6.011000000000001,86.68310331892832,-240.27,221.56,-1.6210666666666658,295.7815087000237,-770.81,520.86,-12.7179,33.572434822683526,-94.24,92.04,1.0951531653741233,0.28386356060210494,150.0,92.02,10.150194232280489,71.0,126.0,89.0,55.0,85.0,96.75,11.75,89.0,99.0,10.0,10.0,6.214765100671141,42.0,0.04858349259967095
