gesture,collector,source_dataset,session_dir,mmwave_frame_count,mmwave_energy_mean,mmwave_energy_std,mmwave_energy_min,mmwave_energy_max,mmwave_energy_first,mmwave_energy_last,mmwave_energy_delta,mmwave_point_count_mean,mmwave_point_count_std,mmwave_velocity_abs_mean,mmwave_velocity_std,mmwave_velocity_abs_max,imu_line_count,imu_record_count,imu_ax_mean,imu_ax_std,imu_ax_min,imu_ax_max,imu_ay_mean,imu_ay_std,imu_ay_min,imu_ay_max,imu_az_mean,imu_az_std,imu_az_min,imu_az_max,imu_gx_mean,imu_gx_std,imu_gx_min,imu_gx_max,imu_gy_mean,imu_gy_std,imu_gy_min,imu_gy_max,imu_gz_mean,imu_gz_std,imu_gz_min,imu_gz_max,imu_accel_mag_mean,imu_accel_mag_std,uwb_count,uwb_mean_cm,uwb_std_cm,uwb_min_cm,uwb_max_cm,uwb_median_cm,uwb_range_cm,uwb_q25_cm,uwb_q75_cm,uwb_iqr_cm,uwb_first_cm,uwb_last_cm,uwb_delta_cm,uwb_abs_delta_cm,uwb_mean_abs_step_cm,uwb_max_abs_step_cm,uwb_slope_cm_per_sample
pull,student1,student1_minimodel,/Users/ianba/Desktop/COSMOS/final project/Cosmos-Gesture-Recognition-/data/processed/student1_minimodel/sessions/student1_pull_001,40.0,2016898.55,145032.53712718224,1729433.0,2307753.0,2075311.0,1968125.0,-107186.0,12.7,1.9390719429665315,0.0,0.0,0.0,402.0,402.0,0.9341268656716418,0.07313564256611867,0.729,1.082,0.17458706467661692,0.07610554096132369,-0.094,0.3,0.19218905472636816,0.21959735673313802,-0.068,0.715,0.8420895522388057,14.359765883564618,-36.84,68.73,-8.638781094527364,13.043157667800587,-37.11,11.2,1.3369651741293533,11.449341841380107,-49.75,41.29,0.9994351298927997,0.02244042952922392,20.0,61.25,3.56702736329935,57.0,71.0,61.0,14.0,58.0,63.25,5.25,71.0,63.0,-8.0,8.0,2.526315789473684,5.0,-0.175187969924813
pull,student1,student1_minimodel,/Users/ianba/Desktop/COSMOS/final project/Cosmos-Gesture-Recognition-/data/processed/student1_minimodel/sessions/student1_pull_002,41.0,1936706.536585366,132346.1506950982,1636767.0,2250436.0,1973591.0,1725090.0,-248501.0,13.365853658536585,2.205935425286832,0.0,0.0,0.0,402.0,402.0,0.8271641791044776,0.17748241566727757,0.551,1.032,0.14633333333333334,0.0585134957714573,-0.015,0.326,0.37077611940298505,0.35189715343249967,-0.118,0.877,2.5666417910447765,13.630918356436794,-38.58,41.2,-12.81310945273632,16.953720736138287,-76.75,17.64,2.301069651741293,11.572212196658938,-23.59,38.51,1.000515816899432,0.028504353071282247,20.0,72.0,4.242640687119285,66.0,79.0,72.0,13.0,68.75,75.25,6.5,78.0,66.0,-12.0,12.0,2.736842105263158,11.0,-0.6030075187969944
pull,student1,student1_minimodel,/Users/ianba/Desktop/COSMOS/final project/Cosmos-Gesture-Recognition-/data/processed/student1_minimodel/sessions/student1_pull_003,41.0,2005957.3170731708,189288.4765978984,1703516.0,2763732.0,2101704.0,1793317.0,-308387.0,11.878048780487806,3.0936214625771563,0.0,0.0,0.0,400.0,400.0,0.8986274999999999,0.13245442138241365,0.548,1.046,0.1186825,0.08705559541896202,-0.2,0.322,0.3002525,0.258299678171983,-0.032,1.001,-1.4654000000000003,16.168986450609697,-57.31,38.58,-10.5399,15.245683913488433,-59.69,18.31,3.0857000000000006,17.88374409932104,-49.41,52.86,1.0009551766150317,0.041216403379848034,20.0,71.3,6.513952636254612,57.0,83.0,72.0,26.0,66.75,75.0,8.25,79.0,57.0,-22.0,22.0,3.473684210526316,8.0,-0.8060150375939845
pull,student1,student1_minimodel,/Users/ianba/Desktop/COSMOS/final project/Cosmos-Gesture-Recognition-/data/processed/student1_minimodel/sessions/student1_pull_004,40.0,1961062.425,170928.14490318552,1698083.0,2469820.0,2163648.0,2042741.0,-120907.0,11.6,2.4576411454889016,0.0,0.0,0.0,402.0,402.0,0.943863184079602,0.08761215236257427,0.647,1.142,0.08853980099502488,0.09180145490322283,-0.198,0.51,0.2409577114427861,0.20403564146441996,-0.047,0.983,-6.440248756218907,24.07616782530083,-77.43,50.02,-5.637910447761193,20.157689867837057,-78.37,23.22,0.7680597014925374,15.458868639662033,-45.47,52.61,1.0059130564227305,0.05148288642740642,20.0,67.95,3.953346350678252,57.0,75.0,68.5,18.0,67.0,69.25,2.25,69.0,66.0,-3.0,3.0,4.473684210526316,12.0,-0.04887218045112807
push,student1,student1_minimodel,/Users/ianba/Desktop/COSMOS/final project/Cosmos-Gesture-Recognition-/data/processed/student1_minimodel/sessions/student1_push_001,40.0,2015526.0,178308.538888355,1699226.0,2457491.0,1795441.0,1855647.0,60206.0,11.375,2.394655507583502,0.0,0.0,0.0,401.0,401.0,0.74714463840399,0.1372800404416907,0.586,1.067,0.10416957605985037,0.06977670957470082,-0.073,0.276,0.5786783042394015,0.2790125780432691,-0.17,0.853,0.3994513715710729,14.418366549763743,-41.87,69.09,10.273117206982544,19.881811510433028,-9.83,82.09,-2.950448877805486,13.09947840419039,-49.81,17.52,1.002404094485798,0.02633704305556136,20.0,77.4,8.810281075628573,58.0,86.0,81.0,28.0,72.75,84.25,11.5,73.0,86.0,13.0,13.0,3.210526315789474,14.0,1.2300751879699252
push,student1,student1_minimodel,/Users/ianba/Desktop/COSMOS/final project/Cosmos-Gesture-Recognition-/data/processed/student1_minimodel/sessions/student1_push_002,40.0,1973644.45,141068.51191370632,1755475.0,2352326.0,1899979.0,1970272.0,70293.0,12.325,2.381044938677135,0.0,0.0,0.0,401.0,401.0,0.791441396508728,0.1714122276925965,0.558,1.022,0.18314214463840398,0.07593514915502594,-0.046,0.336,0.40833167082294275,0.36694602295167505,-0.238,0.873,-2.6219201995012464,7.670620184741879,-29.02,22.06,13.182917705735662,18.43088960107442,-16.05,80.66,-1.8636907730673316,14.550545210723767,-34.97,47.03,0.997659646732614,0.03358860474383696,20.0,76.3,9.165725629528165,59.0,88.0,76.0,29.0,70.75,85.0,14.25,63.0,88.0,25.0,25.0,3.6315789473684212,12.0,1.3864661654135348
push,student1,student1_minimodel,/Users/ianba/Desktop/COSMOS/final project/Cosmos-Gesture-Recognition-/data/processed/student1_minimodel/sessions/student1_push_003,41.0,2071356.268292683,156895.90656819206,1707428.0,2341206.0,1788107.0,1922270.0,134163.0,13.170731707317072,2.4285139391012933,0.0,0.0,0.0,402.0,402.0,0.7142537313432835,0.173737107108915,0.501,1.03,0.17094278606965171,0.05760954704426841,-0.016,0.334,0.5796567164179104,0.2980326813812667,-0.054,0.978,-2.704054726368159,10.202501045775238,-46.17,22.95,9.738905472636816,22.062536824679032,-27.28,75.69,-0.7871890547263682,12.026295538824243,-46.75,42.09,0.998396180663607,0.03022789506899888,20.0,79.3,14.857569398157041,53.0,110.0,80.5,57.0,66.0,83.5,17.5,65.0,94.0,29.0,29.0,7.842105263157895,55.0,1.4075187969924814
push,student1,student1_minimodel,/Users/ianba/Desktop/COSMOS/final project/Cosmos-Gesture-Recognition-/data/processed/student1_minimodel/sessions/student1_push_004,40.0,1927956.35,109202.17219097566,1697729.0,2160386.0,2044518.0,2021048.0,-23470.0,14.05,2.011839953873071,0.0,0.0,0.0,401.0,401.0,0.8025286783042394,0.1751441153668306,0.543,1.09,0.1617007481296758,0.08052880232828397,-0.105,0.342,0.40337157107231913,0.3622264472564717,-0.304,0.909,-6.830399002493765,18.401665877651325,-93.66,49.68,12.450623441396509,20.035877903200777,-40.62,55.3,-2.645187032418952,16.505343456616686,-60.82,57.56,0.9998857439149134,0.038792823506678745,20.0,79.2,16.106879863814978,59.0,127.0,76.0,68.0,70.75,84.0,13.25,59.0,78.0,19.0,19.0,10.368421052631579,44.0,0.6691729323308276
clockwise,student1,student1_minimodel,/Users/ianba/Desktop/COSMOS/final project/Cosmos-Gesture-Recognition-/data/processed/student1_minimodel/sessions/student1_clockwise_001,40.0,2143201.75,180053.46690243846,1751595.0,2644283.0,2034991.0,2180280.0,145289.0,14.275,2.673831520496383,0.0,0.0,0.0,400.0,400.0,0.5143025,0.6029369295322273,-1.356,1.037,0.23050249999999997,0.22469378049636798,-0.265,0.665,0.3445825,0.5282079970937111,-0.264,1.486,-49.72047499999999,37.45259617869468,-149.72,41.23,4.62155,78.74052290020369,-177.04,154.55,28.542725000000004,100.50855906003416,-89.39,410.57,1.0324421405718014,0.25191806975982606,20.0,87.0,23.40939982143925,34.0,120.0,89.5,86.0,79.75,103.0,23.25,106.0,86.0,-20.0,20.0,10.0,39.0,-1.1759398496240614
clockwise,student1,student1_minimodel,/Users/ianba/Desktop/COSMOS/final project/Cosmos-Gesture-Recognition-/data/processed/student1_minimodel/sessions/student1_clockwise_002,40.0,2041006.325,178572.407007688,1753078.0,2455538.0,1846446.0,2423082.0,576636.0,13.475,3.041278514046354,0.0,0.0,0.0,400.0,400.0,0.5379674999999999,0.458557206293555,-0.445,1.137,0.09254250000000001,0.3790624067271114,-0.465,0.895,0.478075,0.4403732557444877,-0.103,1.33,-35.48805,22.611318331700605,-90.46,8.12,8.329675000000002,60.06025655659802,-103.03,146.03,23.407524999999996,102.56083596638814,-105.99,281.11,1.025650870080802,0.14986916861881014,20.0,78.9,27.915096839863327,28.0,123.0,85.0,95.0,62.0,98.25,36.25,98.0,75.0,-23.0,23.0,11.210526315789474,25.0,-3.735338345864662
clockwise,student1,student1_minimodel,/Users/ianba/Desktop/COSMOS/final project/Cosmos-Gesture-Recognition-/data/processed/student1_minimodel/sessions/student1_clockwise_003,40.0,2146344.85,172601.75687758077,1725966.0,2532926.0,2057543.0,1881246.0,-176297.0,13.125,2.1117232299712003,0.0,0.0,0.0,401.0,401.0,0.5588578553615959,0.45982851866532176,-0.512,1.076,0.0933291770573566,0.2766281773433796,-0.493,0.597,0.4379650872817955,0.5326911760630322,-0.417,1.528,-49.142019950124684,43.401570689478696,-147.47,34.85,6.5687780548628405,72.75818938748925,-122.96,179.85,27.46925187032419,84.52056067016419,-78.95,252.02,1.0252601008014801,0.18279191805311468,20.0,86.9,26.3776220946548,29.0,120.0,95.0,91.0,72.5,105.0,32.5,102.0,108.0,6.0,6.0,12.31578947368421,25.0,-1.4616541353383448
clockwise,student1,student1_minimodel,/Users/ianba/Desktop/COSMOS/final project/Cosmos-Gesture-Recognition-/data/processed/student1_minimodel/sessions/student1_clockwise_004,41.0,2142389.7317073173,229714.87278819966,1742557.0,2701551.0,1889534.0,1873251.0,-16283.0,13.317073170731707,3.087654602747133,0.0,0.0,0.0,401.0,401.0,0.35489027431421444,0.689355167213364,-1.355,1.076,0.21348628428927682,0.37845987336445774,-1.046,1.069,0.3784389027431421,0.4960052005627862,-0.293,1.503,-56.144763092269336,46.89574125266751,-182.87,71.75,7.826184538653365,92.04072951921766,-137.3,272.19,29.96875311720698,100.35511391662286,-121.25,305.92,1.0456881313675928,0.29281293807648195,20.0,88.75,24.069799815492747,32.0,123.0,95.0,91.0,82.0,103.25,21.25,103.0,100.0,-3.0,3.0,16.894736842105264,57.0,-0.11654135338345908
anti_clockwise,student1,student1_minimodel,/Users/ianba/Desktop/COSMOS/final project/Cosmos-Gesture-Recognition-/data/processed/student1_minimodel/sessions/student1_anti_clockwise_001,41.0,2185669.5853658537,221002.81618181136,1820911.0,2804127.0,2034712.0,2203538.0,168826.0,13.634146341463415,2.809010741246433,0.0,0.0,0.0,401.0,401.0,0.34100997506234415,0.6191183175874532,-0.855,1.072,0.19739152119700748,0.2926551149172215,-0.524,0.845,0.4818653366583541,0.4868628792201584,-0.241,1.449,47.87366583541148,49.676855399392224,-62.44,148.44,13.711047381546132,81.86640842451455,-148.23,216.68,-17.52057356608479,76.85522082785886,-196.39,118.2,1.0260915330783622,0.2014238187810154,20.0,78.4,25.371762173516323,26.0,107.0,86.0,81.0,61.75,99.25,37.5,52.0,99.0,47.0,47.0,12.473684210526315,31.0,2.3999999999999995
anti_clockwise,student1,student1_minimodel,/Users/ianba/Desktop/COSMOS/final project/Cosmos-Gesture-Recognition-/data/processed/student1_minimodel/sessions/student1_anti_clockwise_002,40.0,2103021.025,168175.57066165816,1784400.0,2489399.0,2213231.0,2057762.0,-155469.0,14.15,2.0682117879946436,0.0,0.0,0.0,401.0,401.0,0.4180074812967581,0.5563248189533087,-0.724,1.044,0.12968827930174562,0.25177693703400683,-0.459,0.542,0.5336982543640898,0.46654848355041,-0.079,1.27,37.90054862842892,56.07863241613595,-149.42,182.41,10.354413965087279,71.47104570930281,-109.56,176.18,-25.79286783042394,87.65315072446155,-285.2,109.53,1.0208629656160597,0.157411416555511,20.0,84.55,38.25052459220589,21.0,186.0,93.5,165.0,63.5,99.0,35.5,103.0,94.0,-9.0,9.0,18.789473684210527,89.0,2.576691729323306
anti_clockwise,student1,student1_minimodel,/Users/ianba/Desktop/COSMOS/final project/Cosmos-Gesture-Recognition-/data/processed/student1_minimodel/sessions/student1_anti_clockwise_003,40.0,2152358.725,185020.89478866805,1706728.0,2500144.0,2096617.0,2264914.0,168297.0,13.35,2.34040594769369,0.0,0.0,0.0,400.0,400.0,0.3286475,0.5629144635233225,-0.704,1.004,0.112355,0.27935641924788485,-0.698,0.742,0.6185174999999999,0.4083153863054269,0.049,1.392,48.966849999999994,52.17213019493742,-102.94,184.79,17.024625,67.70425454031212,-102.21,155.37,-20.10565,96.20855199293615,-297.28,119.79,1.0195684054559755,0.15909477237156228,20.0,85.35,35.2230113181112,12.0,187.0,91.0,175.0,70.0,100.0,30.0,94.0,106.0,12.0,12.0,24.63157894736842,175.0,0.6548872180451122
anti_clockwise,student1,student1_minimodel,/Users/ianba/Desktop/COSMOS/final project/Cosmos-Gesture-Recognition-/data/processed/student1_minimodel/sessions/student1_anti_clockwise_004,40.0,2088900.05,195088.9941060169,1714197.0,2462198.0,1856347.0,2046191.0,189844.0,14.2,2.5612496949731396,0.0,0.0,0.0,402.0,402.0,0.3188880597014925,0.5777822369543878,-0.84,1.001,0.12074378109452737,0.20701911014158278,-0.313,0.602,0.6526940298507462,0.3959945014621263,0.011,1.517,45.37179104477612,45.94074362861759,-59.97,146.09,2.1880099502487607,71.94994559528229,-110.2,177.19,-25.1023631840796,78.26141190694871,-219.86,118.26,1.0261728536480672,0.15082538521032177,20.0,75.25,27.735356496717326,19.0,111.0,88.5,92.0,56.0,91.25,35.25,91.0,99.0,8.0,8.0,10.736842105263158,47.0,1.03984962406015
right,student1,student1_minimodel,/Users/ianba/Desktop/COSMOS/final project/Cosmos-Gesture-Recognition-/data/processed/student1_minimodel/sessions/student1_right_001,40.0,1978732.95,177467.19713329416,1755761.0,2426259.0,1821790.0,1825337.0,3547.0,14.1,2.5768197453450252,0.0,0.0,0.0,402.0,402.0,0.6485597014925373,0.08773020984423711,0.398,0.906,0.23416417910447765,0.3052118714566284,-0.574,0.717,0.6543034825870646,0.13795060922260008,0.313,0.912,-17.367189054726364,42.85259629547276,-118.93,70.35,-3.3992786069651735,24.063284127731407,-80.84,43.43,-22.822562189054725,50.536042924629186,-139.38,50.6,1.0093648696499187,0.06811316466135427,21.0,91.47619047619048,61.50578757126767,43.0,331.0,80.0,288.0,61.0,93.0,32.0,50.0,67.0,17.0,17.0,44.05,264.0,5.428571428571429
right,student1,student1_minimodel,/Users/ianba/Desktop/COSMOS/final project/Cosmos-Gesture-Recognition-/data/processed/student1_minimodel/sessions/student1_right_002,40.0,1973870.525,218426.58490863556,1642824.0,2648200.0,2026786.0,1703491.0,-323295.0,11.775,3.158223392985366,0.0,0.0,0.0,400.0,400.0,0.5211574999999999,0.6518885661627684,-1.208,0.935,0.21360749999999995,0.3325721477270007,-1.045,1.289,0.5328175,0.3509315591304806,-0.323,2.192,-28.659674999999996,41.314353603128964,-125.92,90.67,-28.700475,93.26228449659796,-416.64,43.15,-5.6030500000000005,60.835229301758204,-103.64,223.49,1.0736235072413183,0.3273778431703205,20.0,101.7,38.101112015820554,39.0,196.0,100.5,157.0,78.5,119.5,41.0,68.0,129.0,61.0,61.0,28.57894736842105,90.0,4.323308270676692
right,student1,student1_minimodel,/Users/ianba/Desktop/COSMOS/final project/Cosmos-Gesture-Recognition-/data/processed/student1_minimodel/sessions/student1_right_003,40.0,1904112.55,147178.14446087947,1651927.0,2279968.0,1970835.0,1799684.0,-171151.0,14.375,2.164341701303193,0.0,0.0,0.0,400.0,400.0,0.8002875,0.0586113030374688,0.686,0.917,0.08917249999999999,0.13196375541697045,-0.207,0.312,0.5648425,0.10771133967113213,0.365,0.773,-24.181975,17.470679747776703,-69.67,9.16,-6.975725,7.060587119664695,-23.77,10.62,-19.686825000000002,18.296817665085232,-78.62,19.47,0.9995667833324856,0.0278668828243827,20.0,83.15,19.631540143887147,56.0,114.0,83.5,58.0,64.0,100.25,36.25,56.0,110.0,54.0,54.0,6.421052631578948,19.0,3.1466165413533824
right,student1,student1_minimodel,/Users/ianba/Desktop/COSMOS/final project/Cosmos-Gesture-Recognition-/data/processed/student1_minimodel/sessions/student1_right_004,40.0,2053736.3,153107.43154615324,1727346.0,2480544.0,1960265.0,2076338.0,116073.0,14.775,2.583481178565077,0.0,0.0,0.0,400.0,400.0,0.7712700000000001,0.07139626810975487,0.613,0.931,0.1270775,0.15806597196661273,-0.187,0.409,0.58007,0.1366270291706586,0.29,0.795,-23.253975,15.73249957728825,-51.82,18.92,-8.1227,11.55216826877102,-32.9,23.83,-22.638625,18.710100557168982,-48.49,34.12,0.9974506191777663,0.036452637790569876,20.0,61.5,3.4716900176927328,56.0,72.0,61.0,16.0,59.75,63.0,3.25,63.0,59.0,-4.0,4.0,3.6842105263157894,14.0,0.1804511278195479
left,student1,student1_minimodel,/Users/ianba/Desktop/COSMOS/final project/Cosmos-Gesture-Recognition-/data/processed/student1_minimodel/sessions/student1_left_001,41.0,2024382.1951219512,181508.95591425753,1658304.0,2425290.0,1949646.0,2116068.0,166422.0,14.048780487804878,2.4787016616414634,0.0,0.0,0.0,400.0,400.0,0.686275,0.04218097171711434,0.564,0.769,0.23698500000000003,0.14078604254328622,-0.155,0.509,0.6721974999999999,0.0701280506912177,0.466,0.868,28.840075000000002,20.499263407361127,-7.66,63.17,12.943600000000002,9.976037516970353,-10.93,40.96,32.467725,17.716036438051685,-14.92,70.41,1.0017766670275932,0.044115098312106416,20.0,81.15,29.63865718955567,44.0,121.0,68.0,77.0,52.75,114.5,61.75,121.0,44.0,-77.0,77.0,9.947368421052632,65.0,-4.507518796992481
left,student1,student1_minimodel,/Users/ianba/Desktop/COSMOS/final project/Cosmos-Gesture-Recognition-/data/processed/student1_minimodel/sessions/student1_left_002,40.0,1971104.7,154808.2966255685,1660481.0,2352696.0,1660481.0,1975982.0,315501.0,13.4,2.5475478405713994,0.0,0.0,0.0,403.0,403.0,0.7152803970223325,0.04651041973858381,0.594,0.848,0.1776848635235732,0.0816790149490424,-0.031,0.392,0.6699007444168735,0.05814088369440167,0.433,0.842,27.16374689826303,14.203776176528276,-8.85,54.81,9.463101736972703,9.580203744113769,-20.14,40.47,25.83831265508685,16.887901512629142,-21.27,62.62,1.00165664980915,0.02939325326122697,20.0,67.4,26.69003362187545,37.0,127.0,63.0,90.0,46.5,76.25,29.75,127.0,37.0,-90.0,90.0,9.578947368421053,48.0,-4.078195488721806
left,student1,student1_minimodel,/Users/ianba/Desktop/COSMOS/final project/Cosmos-Gesture-Recognition-/data/processed/student1_minimodel/sessions/student1_left_003,40.0,2158307.1,147548.9655805489,1827375.0,2522244.0,2058331.0,2167899.0,109568.0,16.0,2.598076211353316,0.0,0.0,0.0,401.0,401.0,0.6766309226932669,0.04945411174488244,0.515,0.76,0.08313216957605984,0.09542802898384635,-0.193,0.298,0.7131022443890275,0.04925385431150315,0.588,0.862,22.111695760598504,15.06693617504732,-13.58,83.47,5.913441396508728,7.47620765661775,-12.67,24.41,19.559775561097258,23.68165221369858,-87.25,63.14,0.9928569485970542,0.038319887619029394,20.0,57.3,19.507353539249323,29.0,109.0,52.5,80.0,40.75,69.0,28.25,109.0,29.0,-80.0,80.0,7.578947368421052,38.0,-2.7563909774436093
left,student1,student1_minimodel,/Users/ianba/Desktop/COSMOS/final project/Cosmos-Gesture-Recognition-/data/processed/student1_minimodel/sessions/student1_left_004,40.0,2037127.325,133442.47731801658,1792596.0,2402285.0,2040990.0,2034011.0,-6979.0,13.725,1.9619824158233425,0.0,0.0,0.0,402.0,402.0,0.7062363184079602,0.10651368713289802,0.394,0.984,0.0905273631840796,0.20780167903188387,-0.422,0.686,0.6770746268656715,0.13832922514903856,0.15,1.071,17.28781094527363,38.76542401020046,-79.56,112.43,11.165945273631841,19.62212266138143,-27.59,79.07,19.838656716417912,44.896864284420786,-94.7,158.09,1.0174613871418448,0.061878872239416516,20.0,64.0,18.21219949721383,44.0,94.0,55.0,50.0,49.0,77.75,28.75,74.0,54.0,-20.0,20.0,5.578947368421052,15.0,-2.5022556390977457
bye_bye,student1,student1_minimodel,/Users/ianba/Desktop/COSMOS/final project/Cosmos-Gesture-Recognition-/data/processed/student1_minimodel/sessions/student1_bye_bye_001,40.0,2038114.7,156509.82516893308,1788786.0,2502441.0,2026277.0,2067395.0,41118.0,15.05,2.5975950415721076,0.0,0.0,0.0,401.0,401.0,0.5028329177057357,0.28529611779105774,-0.022,1.237,0.22420698254364088,0.9582101298352179,-1.948,1.572,0.21278802992518703,0.6426007300111259,-1.047,1.412,-5.381995012468828,91.24476090728392,-162.63,173.19,21.11650872817955,162.88025385552555,-253.49,314.86,-19.5742144638404,199.35230402767118,-323.04,324.47,1.232018127160358,0.49296655072511775,20.0,67.65,8.412240455056205,54.0,84.0,68.0,30.0,60.75,71.75,11.0,84.0,80.0,-4.0,4.0,8.947368421052632,23.0,-0.14210526315789665
bye_bye,student1,student1_minimodel,/Users/ianba/Desktop/COSMOS/final project/Cosmos-Gesture-Recognition-/data/processed/student1_minimodel/sessions/student1_bye_bye_002,40.0,2084142.15,136772.85875175492,1797868.0,2445907.0,1959065.0,2254413.0,295348.0,15.9,2.2561028345356955,0.0,0.0,0.0,402.0,402.0,0.08081592039800994,0.36015648332753825,-0.563,0.977,-0.04927114427860695,1.3203474737190972,-2.794,1.879,0.39914676616915423,0.5996556315666867,-0.921,1.398,-4.148457711442787,85.98072587504397,-266.61,180.88,32.65119402985075,148.21435469239393,-208.44,316.57,11.075049751243782,312.10401630570493,-523.18,546.65,1.4553372949189114,0.5318715802885151,21.0,65.0,5.468089245796926,57.0,77.0,66.0,20.0,60.0,68.0,8.0,68.0,59.0,-9.0,9.0,5.55,14.0,0.09999999999999973
bye_bye,student1,student1_minimodel,/Users/ianba/Desktop/COSMOS/final project/Cosmos-Gesture-Recognition-/data/processed/student1_minimodel/sessions/student1_bye_bye_003,40.0,2128025.55,196628.0986558063,1703518.0,2742687.0,2537807.0,2108509.0,-429298.0,15.05,2.386943652456002,0.0,0.0,0.0,401.0,401.0,0.3129226932668329,0.39199351934783494,-0.485,1.306,0.11794014962593516,1.115630902508709,-2.356,1.464,0.4569451371571073,0.5577432591477299,-0.504,1.465,0.739725685785535,69.02881139183218,-251.69,127.51,12.295760598503742,127.67489819033638,-213.17,259.9,11.798453865336654,227.65990416012653,-303.08,501.42,1.3406488323899157,0.48234720938973985,20.0,66.45,8.666177449080267,54.0,84.0,66.0,30.0,61.0,69.75,8.75,67.0,61.0,-6.0,6.0,8.842105263157896,17.0,0.7060150375939853
bye_bye,student1,student1_minimodel,/Users/ianba/Desktop/COSMOS/final project/Cosmos-Gesture-Recognition-/data/processed/student1_minimodel/sessions/student1_bye_bye_004,40.0,2102606.075,162288.07376504713,1870190.0,2550976.0,2189675.0,2067131.0,-122544.0,15.575,2.4585310654941903,0.0,0.0,0.0,401.0,401.0,0.12038902743142144,0.4391977647800956,-0.619,1.47,0.11902992518703241,1.3247113529673336,-2.828,2.251,0.3291246882793018,0.7382233504341011,-1.295,1.459,-6.468054862842893,72.33070675968881,-220.95,143.44,9.650972568578554,183.7247486978592,-360.61,380.99,-19.29608478802992,311.85868875262486,-609.21,527.39,1.516758395951865,0.5737222587236023,20.0,65.85,8.981120549006649,51.0,80.0,64.5,29.0,59.75,73.25,13.5,59.0,69.0,10.0,10.0,10.0,23.0,0.8127819548872175
one_arm_boxing,student1,student1_minimodel,/Users/ianba/Desktop/COSMOS/final project/Cosmos-Gesture-Recognition-/data/processed/student1_minimodel/sessions/student1_one_arm_boxing_001_seg000,30.0,2108734.1,179712.1959323388,1714112.0,2504234.0,1851072.0,1985687.0,134615.0,15.466666666666667,2.6297443897754693,0.0,0.0,0.0,301.0,301.0,0.44089700996677733,0.5408348161529107,-0.83,1.135,0.20543853820598004,0.24202874621939902,-0.399,0.783,0.7696910299003321,0.26149985399702913,0.31,1.587,-3.9926910299003313,63.298174308833325,-206.0,272.04,-3.798837209302325,71.81498477464714,-190.01,204.41,-3.791129568106313,67.17959472608692,-131.29,154.58,1.0988089000449346,0.20273340886268376,15.0,70.26666666666667,9.254085326929683,50.0,84.0,69.0,34.0,66.0,78.0,12.0,50.0,81.0,31.0,31.0,6.5,15.0,1.1749999999999987
one_arm_boxing,student1,student1_minimodel,/Users/ianba/Desktop/COSMOS/final project/Cosmos-Gesture-Recognition-/data/processed/student1_minimodel/sessions/student1_one_arm_boxing_001_seg001,30.0,2224329.566666667,198779.90391312755,1908207.0,2637813.0,2175427.0,2059752.0,-115675.0,14.366666666666667,2.287405128573035,0.0,0.0,0.0,300.0,300.0,0.3377233333333334,0.5462749675046644,-0.725,1.22,0.21401,0.3904599722122615,-0.51,1.495,0.7804933333333334,0.3380940154585539,0.084,1.444,-6.0685,61.36392748254738,-203.04,143.25,7.49696666666667,79.66832895489623,-155.13,162.33,-1.2377333333333338,105.53026480049324,-271.43,194.25,1.126912130888867,0.2535332639362727,15.0,73.6,14.79285541836232,57.0,121.0,71.0,64.0,66.0,77.0,11.0,66.0,64.0,-2.0,2.0,13.142857142857142,64.0,-0.382142857142859
one_arm_boxing,student1,student1_minimodel,/Users/ianba/Desktop/COSMOS/final project/Cosmos-Gesture-Recognition-/data/processed/student1_minimodel/sessions/student1_one_arm_boxing_001_seg002,30.0,2244910.3,183537.1017068302,1920353.0,2607186.0,2337796.0,2234111.0,-103685.0,14.866666666666667,2.9522119767312707,0.0,0.0,0.0,300.0,300.0,0.3850766666666667,0.6170445344183477,-0.928,1.252,0.06418666666666668,0.29893483987131525,-0.687,1.11,0.8113866666666667,0.3567309403769488,-0.01,1.77,8.048833333333333,63.43771180960808,-146.7,226.63,-7.708833333333334,84.89068658558618,-188.7,241.55,13.481233333333332,76.51866263083943,-180.18,229.29,1.1583631319707444,0.257507484339635,15.0,72.8,9.166709956607738,46.0,86.0,73.0,40.0,70.5,77.5,7.0,71.0,67.0,-4.0,4.0,10.428571428571429,31.0,0.2107142857142845
one_arm_boxing,student1,student1_minimodel,/Users/ianba/Desktop/COSMOS/final project/Cosmos-Gesture-Recognition-/data/processed/student1_minimodel/sessions/student1_one_arm_boxing_001_seg003,30.0,2154207.1333333333,151595.00553354505,1877798.0,2455776.0,2004936.0,2249001.0,244065.0,15.0,2.4358434541926814,0.0,0.0,0.0,300.0,300.0,0.3637566666666667,0.7000369448266442,-1.975,1.607,0.13737,0.36519477875968237,-0.831,1.498,0.7707233333333333,0.46782536640882944,-0.656,2.622,-4.082133333333334,99.0556469740564,-271.4,293.25,3.7110333333333325,95.87351404115158,-182.59,328.47,-5.048533333333334,81.39130292102604,-190.92,175.6,1.2046461140767706,0.36920339900891536,15.0,75.66666666666667,5.420419945073664,68.0,83.0,78.0,15.0,71.5,79.5,8.0,81.0,79.0,-2.0,2.0,7.142857142857143,15.0,-0.18214285714285852
one_arm_boxing,student1,student1_minimodel,/Users/ianba/Desktop/COSMOS/final project/Cosmos-Gesture-Recognition-/data/processed/student1_minimodel/sessions/student1_one_arm_boxing_001_seg004,30.0,2169075.7,167242.29175942112,1876493.0,2762751.0,2119001.0,2256847.0,137846.0,14.766666666666667,2.985334524340986,0.0,0.0,0.0,300.0,300.0,0.40142666666666665,0.8888061344422766,-3.56,1.567,0.21812000000000004,0.545770048280409,-1.093,1.658,0.6423033333333332,0.6201357792093241,-0.423,3.233,-6.386133333333333,94.73181735676539,-329.54,263.65,-1.7762333333333344,102.86127070061673,-168.61,404.03,0.40370000000000195,126.47992725847845,-323.53,194.77,1.3393217852728794,0.5476313591216883,15.0,69.53333333333333,5.221749387577564,62.0,81.0,70.0,19.0,66.0,72.0,6.0,71.0,81.0,10.0,10.0,4.285714285714286,10.0,0.23928571428571394
one_arm_boxing,student1,student1_minimodel,/Users/ianba/Desktop/COSMOS/final project/Cosmos-Gesture-Recognition-/data/processed/student1_minimodel/sessions/student1_one_arm_boxing_001_seg005,30.0,2179321.6333333333,165735.89272302753,1936048.0,2509008.0,2359646.0,2398235.0,38589.0,15.333333333333334,2.958978802822953,0.0,0.0,0.0,299.0,299.0,0.4448060200668897,0.6372921308400477,-1.743,1.253,0.05417725752508363,0.37885778698658396,-0.867,1.259,0.8549364548494983,0.3787970564944197,-0.01,2.131,-0.3149498327759215,102.32749387590759,-269.6,203.34,-9.954481605351171,78.29146764709816,-133.79,254.22,-6.097926421404683,99.63696272057814,-223.33,181.74,1.232328007907392,0.3259344815728605,15.0,79.13333333333334,17.508637324257446,53.0,130.0,73.0,77.0,69.0,86.5,17.5,69.0,87.0,18.0,18.0,19.714285714285715,61.0,1.060714285714286
one_arm_boxing,student1,student1_minimodel,/Users/ianba/Desktop/COSMOS/final project/Cosmos-Gesture-Recognition-/data/processed/student1_minimodel/sessions/student1_one_arm_boxing_002_seg000,30.0,2290746.1666666665,144052.9571565224,2003023.0,2534620.0,2054889.0,2399233.0,344344.0,15.133333333333333,2.8836705005176224,0.0,0.0,0.0,300.0,300.0,0.5782566666666665,0.7249074544074958,-0.906,1.927,-0.02082666666666667,0.4291768982081346,-1.097,1.138,0.6499833333333334,0.514705912525676,-0.571,1.758,2.103933333333331,80.41370192445784,-200.32,286.45,-15.278066666666664,89.91380044017468,-178.78,187.17,5.251899999999999,78.17522061405818,-154.48,137.52,1.2573005930018575,0.3887079608615919,15.0,75.86666666666666,9.156314500829208,61.0,94.0,76.0,33.0,70.0,78.5,8.5,94.0,87.0,-7.0,7.0,8.785714285714286,19.0,0.07857142857142921
one_arm_boxing,student1,student1_minimodel,/Users/ianba/Desktop/COSMOS/final project/Cosmos-Gesture-Recognition-/data/processed/student1_minimodel/sessions/student1_one_arm_boxing_002_seg001,30.0,2278499.966666667,214342.4552688965,1941247.0,2724455.0,2193049.0,2218800.0,25751.0,14.866666666666667,2.741451359326945,0.0,0.0,0.0,300.0,300.0,0.6768466666666666,0.5892376400815624,-0.986,1.571,-0.21645333333333336,0.4606614170467889,-1.619,1.109,0.7259366666666667,0.5060071929550233,-0.375,2.147,11.802799999999998,113.54900705345982,-418.38,248.3,6.616099999999999,87.02896865482971,-182.99,252.94,0.1548000000000002,92.02747475415516,-191.63,163.91,1.2997477703066025,0.39757571637322375,15.0,72.4,9.085309964049502,56.0,88.0,74.0,32.0,65.0,79.0,14.0,64.0,56.0,-8.0,8.0,8.0,22.0,0.5285714285714277
one_arm_boxing,student1,student1_minimodel,/Users/ianba/Desktop/COSMOS/final project/Cosmos-Gesture-Recognition-/data/processed/student1_minimodel/sessions/student1_one_arm_boxing_002_seg002,30.0,2259171.1333333333,158090.66755330274,1903482.0,2631612.0,1903482.0,2319596.0,416114.0,15.166666666666666,2.4506235034283734,0.0,0.0,0.0,300.0,300.0,0.5512933333333333,0.5432419847135855,-1.062,1.502,-0.09942333333333332,0.5681713568888253,-2.102,1.488,0.7377666666666666,0.45768656548146813,0.01,2.341,2.3304333333333327,103.48209632336835,-234.17,260.75,-10.4395,83.27494009654606,-199.59,280.16,5.886866666666668,109.03378401906244,-251.14,226.08,1.2317892281317067,0.4101363522765254,15.0,80.8,26.25479548033627,52.0,164.0,74.0,112.0,70.0,83.5,13.5,62.0,74.0,12.0,12.0,26.0,102.0,1.4321428571428554
one_arm_boxing,student1,student1_minimodel,/Users/ianba/Desktop/COSMOS/final project/Cosmos-Gesture-Recognition-/data/processed/student1_minimodel/sessions/student1_one_arm_boxing_002_seg003,30.0,2146487.3,164694.32196712188,1842640.0,2493963.0,2447253.0,2025142.0,-422111.0,14.966666666666667,2.428762830926249,0.0,0.0,0.0,300.0,300.0,0.66847,0.2406772855228899,0.117,1.054,-0.06256333333333335,0.2287571769123078,-0.948,0.484,0.6588066666666667,0.25122833430080205,-0.058,1.161,-7.546099999999998,41.50218739363826,-108.74,102.21,8.763300000000001,50.75681828854786,-90.33,118.96,-13.029733333333334,51.74929545345414,-136.08,114.96,1.0221820109628144,0.11535835382559131,15.0,72.8,8.670145821808799,58.0,92.0,73.0,34.0,67.0,77.5,10.5,58.0,77.0,19.0,19.0,8.214285714285714,20.0,-0.15714285714285728
one_arm_boxing,student1,student1_minimodel,/Users/ianba/Desktop/COSMOS/final project/Cosmos-Gesture-Recognition-/data/processed/student1_minimodel/sessions/student1_one_arm_boxing_002_seg004,30.0,2161057.9,147230.00980469302,1866403.0,2431633.0,2038404.0,2352111.0,313707.0,15.666666666666666,2.586288632169443,0.0,0.0,0.0,299.0,299.0,0.5007725752508361,0.29852995757369705,0.019,1.027,0.1683478260869565,0.3073732592282307,-0.968,0.904,0.7243578595317727,0.27502885655246345,-0.018,1.233,14.367658862876254,56.55949012276517,-128.85,137.79,3.4736120401337782,45.16073252510417,-86.58,121.25,4.6343143812709044,64.83165885904984,-113.86,111.61,1.0249243145779952,0.1121514543727836,15.0,85.53333333333333,12.229161089477108,69.0,122.0,83.0,53.0,79.5,89.0,9.5,84.0,69.0,-15.0,15.0,12.214285714285714,49.0,-0.2892857142857178
one_arm_boxing,student1,student1_minimodel,/Users/ianba/Desktop/COSMOS/final project/Cosmos-Gesture-Recognition-/data/processed/student1_minimodel/sessions/student1_one_arm_boxing_002_seg005,30.0,2148216.2,179269.5651035799,1790711.0,2682834.0,2135957.0,2682834.0,546877.0,14.8,2.6127890589687235,0.0,0.0,0.0,301.0,301.0,0.3214418604651163,0.48976649203417566,-0.577,1.118,0.7503986710963455,0.272342942391866,-0.251,1.291,-0.016089700996677753,0.30232951912298145,-0.693,0.801,16.216312292358804,59.91726953664021,-167.97,141.97,-13.71664451827242,54.11474778600932,-158.02,102.76,-20.31411960132891,64.49515713081011,-137.39,125.77,1.0273045526939764,0.12950792585043952,15.0,64.46666666666667,8.096442487437365,51.0,76.0,63.0,25.0,61.0,70.5,9.5,65.0,71.0,6.0,6.0,4.571428571428571,12.0,-0.23214285714285915
one_arm_boxing,student1,student1_minimodel,/Users/ianba/Desktop/COSMOS/final project/Cosmos-Gesture-Recognition-/data/processed/student1_minimodel/sessions/student1_one_arm_boxing_003_seg000,30.0,2188748.7666666666,158705.93838599388,1885543.0,2583466.0,2273068.0,2177172.0,-95896.0,13.966666666666667,1.9745604292826515,0.0,0.0,0.0,300.0,300.0,0.28808333333333336,0.3782226985814339,-0.675,1.221,0.88407,0.1922323033034077,0.289,1.315,0.2361366666666667,0.19007178816319784,-0.077,0.814,-0.8983666666666674,49.38859235692883,-243.66,117.44,0.11380000000000033,42.09323012346126,-103.24,100.13,-2.8778333333333346,46.84464116956768,-145.21,104.37,1.0491350895893077,0.18915817136046542,15.0,45.6,17.7313282074412,13.0,73.0,53.0,60.0,31.0,56.0,25.0,34.0,57.0,23.0,23.0,8.5,22.0,2.903571428571428
one_arm_boxing,student1,student1_minimodel,/Users/ianba/Desktop/COSMOS/final project/Cosmos-Gesture-Recognition-/data/processed/student1_minimodel/sessions/student1_one_arm_boxing_003_seg001,30.0,2076151.1,167507.59797202234,1728124.0,2396827.0,2115079.0,2025496.0,-89583.0,13.1,2.7,0.0,0.0,0.0,300.0,300.0,0.14164333333333332,0.4071564025312905,-1.506,0.878,0.8938866666666665,0.17704730202845667,0.228,1.648,0.2548933333333334,0.1300668364939947,-0.111,0.745,2.850433333333333,44.88746803744027,-217.87,169.99,6.454233333333334,28.20957121992857,-113.83,70.68,1.1674,52.0408184207999,-186.07,104.62,1.0331987031490204,0.17494777261947494,15.0,61.8,7.812078560061427,51.0,77.0,61.0,26.0,56.0,65.5,9.5,67.0,58.0,-9.0,9.0,5.5,15.0,0.5321428571428571
one_arm_boxing,student1,student1_minimodel,/Users/ianba/Desktop/COSMOS/final project/Cosmos-Gesture-Recognition-/data/processed/student1_minimodel/sessions/student1_one_arm_boxing_003_seg002,30.0,2094422.5666666667,143076.68843285486,1809214.0,2425010.0,1961654.0,2281617.0,319963.0,14.166666666666666,2.6967058093574505,0.0,0.0,0.0,300.0,300.0,0.41042,0.42673121548190807,-0.862,1.275,0.8037333333333333,0.32185104560270666,0.085,1.665,0.19768666666666665,0.19138537515239304,-0.297,0.777,-3.2506999999999997,42.748959275948074,-104.62,112.43,-4.850266666666667,39.80136629056289,-94.24,89.39,-2.146600000000003,75.93453727898348,-217.78,142.0,1.0610755019930755,0.2234874323166203,15.0,69.0,9.57675757833964,46.0,81.0,69.0,35.0,65.0,76.5,11.5,61.0,81.0,20.0,20.0,8.571428571428571,23.0,1.335714285714287
one_arm_boxing,student1,student1_minimodel,/Users/ianba/Desktop/COSMOS/final project/Cosmos-Gesture-Recognition-/data/processed/student1_minimodel/sessions/student1_one_arm_boxing_003_seg003,30.0,2159054.8333333335,169845.60733542359,1879502.0,2549302.0,2187138.0,2371679.0,184541.0,13.833333333333334,2.745703714694812,0.0,0.0,0.0,300.0,300.0,0.29529,0.8146063911894301,-2.531,2.019,0.7269966666666666,0.5302191779401756,-0.502,3.23,0.2466533333333333,0.27835938369109975,-0.258,1.325,-6.475400000000001,91.86316837652255,-480.27,216.16,13.283666666666669,62.566245115788185,-129.15,174.6,0.828466666666668,106.2975452757442,-371.35,188.82,1.2045476703301081,0.49781824986867335,15.0,62.53333333333333,12.58040804849615,49.0,82.0,56.0,33.0,53.0,75.0,22.0,82.0,49.0,-33.0,33.0,6.357142857142857,16.0,-2.524999999999996
one_arm_boxing,student1,student1_minimodel,/Users/ianba/Desktop/COSMOS/final project/Cosmos-Gesture-Recognition-/data/processed/student1_minimodel/sessions/student1_one_arm_boxing_003_seg004,30.0,2201845.9,195365.17843879788,1842214.0,2772285.0,2177079.0,2448702.0,271623.0,13.733333333333333,2.1746008573733455,0.0,0.0,0.0,300.0,300.0,0.175,0.854141818825578,-1.924,1.665,0.7677766666666668,0.5997694558096655,-0.637,2.096,0.41863,0.3266725676167702,-0.703,1.164,2.1317333333333326,104.8401040235187,-283.0,292.86,-13.427533333333335,80.15276370728309,-275.4,269.14,-0.7575333333333341,124.17698578205042,-322.55,263.1,1.334347386861695,0.4592066541061507,15.0,53.733333333333334,4.542917040635372,45.0,61.0,54.0,16.0,51.0,56.5,5.5,55.0,61.0,6.0,6.0,5.571428571428571,13.0,0.10714285714285735
one_arm_boxing,student1,student1_minimodel,/Users/ianba/Desktop/COSMOS/final project/Cosmos-Gesture-Recognition-/data/processed/student1_minimodel/sessions/student1_one_arm_boxing_003_seg005,30.0,2229331.6333333333,172929.82190732425,1986924.0,2631134.0,2128529.0,2448319.0,319790.0,13.9,2.0872629605937694,0.0,0.0,0.0,300.0,300.0,0.23092666666666664,0.755644851295163,-1.742,1.619,0.7905533333333332,0.5787899508073335,-1.126,2.848,0.3822433333333333,0.26564435646597545,-0.136,1.04,17.752,111.88844610295261,-303.48,407.61,-1.3008666666666648,93.00951634420116,-265.21,181.4,15.090466666666664,114.37816428460266,-272.13,219.09,1.2573899992047222,0.46898392996627825,15.0,63.4,10.231603700579607,42.0,78.0,63.0,36.0,58.0,71.5,13.5,64.0,78.0,14.0,14.0,9.571428571428571,27.0,0.9535714285714271
one_arm_boxing,student1,student1_minimodel,/Users/ianba/Desktop/COSMOS/final project/Cosmos-Gesture-Recognition-/data/processed/student1_minimodel/sessions/student1_one_arm_boxing_004_seg000,30.0,2149397.8,169768.06370406263,1808269.0,2517981.0,2226224.0,2040180.0,-186044.0,14.0,2.0330600909302543,0.0,0.0,0.0,301.0,301.0,0.4872392026578073,0.8806355806112803,-2.098,2.436,0.6781096345514951,0.6525455022437422,-1.021,3.317,0.31486378737541526,0.4152582649735525,-0.808,1.46,2.83345514950166,101.08774347607725,-388.32,279.61,9.12375415282392,66.9827084757219,-182.87,261.97,3.270132890365449,119.9069704871694,-365.06,239.39,1.3723182451455067,0.5356217328351003,15.0,66.73333333333333,10.706918101773976,43.0,82.0,67.0,39.0,61.5,74.0,12.5,82.0,56.0,-26.0,26.0,11.857142857142858,30.0,-0.007142857142856031
one_arm_boxing,student1,student1_minimodel,/Users/ianba/Desktop/COSMOS/final project/Cosmos-Gesture-Recognition-/data/processed/student1_minimodel/sessions/student1_one_arm_boxing_004_seg001,30.0,2302171.2666666666,177513.21888804666,1957924.0,2754215.0,2004399.0,2503454.0,499055.0,14.6,2.6025628394590847,0.0,0.0,0.0,300.0,300.0,0.2751700000000001,0.9475213389505623,-1.716,1.915,0.7289533333333333,0.6039995622147052,-0.484,2.853,0.4238133333333334,0.3197894596275632,-0.21,1.369,1.3444666666666687,125.87575551331912,-359.36,412.12,-4.420066666666667,87.13601236378804,-165.2,341.84,-1.7668666666666677,124.57764979929408,-298.93,240.36,1.3611162145267632,0.546762599811229,15.0,62.53333333333333,12.281616149273486,27.0,78.0,62.0,51.0,60.5,69.0,8.5,58.0,61.0,3.0,3.0,12.642857142857142,36.0,0.8071428571428566
one_arm_boxing,student1,student1_minimodel,/Users/ianba/Desktop/COSMOS/final project/Cosmos-Gesture-Recognition-/data/processed/student1_minimodel/sessions/student1_one_arm_boxing_004_seg002,30.0,2136818.9,139767.28751448484,1933062.0,2461628.0,2370164.0,1969109.0,-401055.0,14.366666666666667,2.8575436226863724,0.0,0.0,0.0,300.0,300.0,0.4687266666666666,0.8580489061171799,-1.432,2.182,0.4928466666666666,0.7846227648721107,-2.17,3.021,0.5030633333333333,0.4663581163178738,-1.671,1.841,7.5589333333333295,117.54323362999486,-264.38,528.67,2.8534,119.96983124841567,-338.21,541.76,-4.9294666666666656,128.2665890936356,-435.38,292.95,1.4118312623924039,0.5401651875721027,15.0,65.66666666666667,9.294135375652345,50.0,82.0,66.0,32.0,59.0,72.5,13.5,59.0,69.0,10.0,10.0,10.857142857142858,20.0,0.053571428571426785
one_arm_boxing,student1,student1_minimodel,/Users/ianba/Desktop/COSMOS/final project/Cosmos-Gesture-Recognition-/data/processed/student1_minimodel/sessions/student1_one_arm_boxing_004_seg003,30.0,2184665.5,139762.05557583694,1973622.0,2482304.0,2195173.0,2184704.0,-10469.0,13.133333333333333,3.1488975142985454,0.0,0.0,0.0,299.0,299.0,0.26680602006688964,1.3199189657263661,-2.672,3.136,0.7535752508361203,0.7724219155194717,-0.794,2.912,0.4924180602006689,0.492103024882573,-0.632,2.263,16.101070234113713,151.15992059240912,-539.23,595.08,8.700234113712373,141.2420133437286,-299.54,368.76,8.026187290969899,126.84550758367007,-306.56,263.92,1.6577605967267415,0.8451943798477074,15.0,65.8,8.325520146770755,51.0,78.0,65.0,27.0,58.0,71.5,13.5,77.0,51.0,-26.0,26.0,10.428571428571429,20.0,-0.8178571428571467
one_arm_boxing,student1,student1_minimodel,/Users/ianba/Desktop/COSMOS/final project/Cosmos-Gesture-Recognition-/data/processed/student1_minimodel/sessions/student1_one_arm_boxing_004_seg004,30.0,2240483.3333333335,196776.87445045184,1977084.0,2732093.0,2078119.0,2654756.0,576637.0,14.7,2.8301943396169813,0.0,0.0,0.0,300.0,300.0,0.21005666666666664,1.30744246532007,-2.416,3.082,0.8215566666666667,0.8350760684645574,-1.01,3.179,0.46314999999999995,0.4539829815092192,-0.616,1.819,11.368366666666667,142.47983375785344,-555.1,390.94,-12.343433333333335,130.2523238892326,-341.62,434.13,2.5465666666666658,128.9149790878167,-267.16,246.41,1.6985264491588998,0.813297836900886,15.0,58.0,9.812528434899656,38.0,72.0,56.0,34.0,51.5,66.5,15.0,56.0,67.0,11.0,11.0,12.785714285714286,28.0,0.37142857142857016
one_arm_boxing,student1,student1_minimodel,/Users/ianba/Desktop/COSMOS/final project/Cosmos-Gesture-Recognition-/data/processed/student1_minimodel/sessions/student1_one_arm_boxing_004_seg005,30.0,2239902.933333333,202483.30001820452,1900037.0,2762811.0,2430389.0,2221279.0,-209110.0,14.9,2.4269322199023193,0.0,0.0,0.0,300.0,300.0,0.32299000000000005,1.0028222922831345,-1.59,2.43,0.7391466666666667,0.644004734834216,-1.812,2.052,0.36682333333333333,0.29382403825343417,-0.272,1.396,4.249533333333334,121.5865973114727,-384.96,356.88,4.473166666666668,91.2386671627709,-200.26,257.85,-1.689433333333333,98.48057239211646,-293.95,192.11,1.4216799009257681,0.5203586897231222,15.0,68.46666666666667,8.96713576397301,54.0,81.0,73.0,27.0,61.5,75.0,13.5,62.0,54.0,-8.0,8.0,10.285714285714286,26.0,0.4321428571428582
clapping,student1,student1_minimodel,/Users/ianba/Desktop/COSMOS/final project/Cosmos-Gesture-Recognition-/data/processed/student1_minimodel/sessions/student1_clapping_001_seg000,30.0,1979457.6,101514.56614680149,1738227.0,2134055.0,1942790.0,1933515.0,-9275.0,12.233333333333333,1.6058919293927874,0.0,0.0,0.0,300.0,300.0,-0.3321733333333333,0.7824443643409345,-2.378,1.084,1.0946133333333334,0.4763032617519594,0.393,2.268,0.19431666666666667,2.3414226081000886,-3.88,4.0,14.839800000000002,110.5184141819513,-294.81,286.6,1.7114333333333327,273.87738058775903,-377.54,563.52,-6.8755999999999995,59.32302563625696,-153.2,123.33,2.4674069215046965,1.2567908870256486,14.0,29.785714285714285,17.781488089620584,2.0,58.0,35.5,56.0,14.25,39.0,24.75,38.0,29.0,-9.0,9.0,27.923076923076923,52.0,0.16483516483516483
clapping,student1,student1_minimodel,/Users/ianba/Desktop/COSMOS/final project/Cosmos-Gesture-Recognition-/data/processed/student1_minimodel/sessions/student1_clapping_001_seg001,30.0,2000496.3333333333,92147.13055989439,1848586.0,2212011.0,1937220.0,2021331.0,84111.0,12.233333333333333,1.6058919293927871,0.0,0.0,0.0,300.0,300.0,-0.0710266666666667,0.7447191635927078,-2.134,1.995,0.6573033333333334,1.154182572785702,-2.426,3.044,0.28481333333333336,2.065534088758213,-3.423,4.0,-8.619966666666667,142.40704721208695,-532.91,253.55,12.934400000000002,283.9479045517094,-374.22,610.86,2.1650999999999994,157.9454365141857,-352.58,349.96,2.3158551868183146,1.1437661315525611,15.0,25.2,8.099382692526635,12.0,39.0,25.0,27.0,20.0,32.5,12.5,34.0,24.0,-10.0,10.0,8.428571428571429,25.0,-0.4821428571428574
clapping,student1,student1_minimodel,/Users/ianba/Desktop/COSMOS/final project/Cosmos-Gesture-Recognition-/data/processed/student1_minimodel/sessions/student1_clapping_001_seg002,30.0,1969228.5666666667,116796.7980342165,1782092.0,2229825.0,1825484.0,1915037.0,89553.0,12.533333333333333,1.4079141387961918,0.0,0.0,0.0,300.0,300.0,-0.20101333333333335,0.505562320413836,-1.103,1.483,0.9800566666666668,0.6360075524621456,-1.823,2.936,-0.16812666666666667,1.7543388737514642,-3.129,4.0,5.005433333333335,97.67276272744732,-222.75,330.61,-7.642366666666665,224.67010155796333,-320.84,481.64,0.05969999999999952,88.7297019543625,-259.35,174.75,1.997008366435078,0.8825788016120535,14.0,19.928571428571427,10.284149758912315,5.0,39.0,20.5,34.0,11.25,27.75,16.5,22.0,24.0,2.0,2.0,13.384615384615385,29.0,0.4373626373626373
clapping,student1,student1_minimodel,/Users/ianba/Desktop/COSMOS/final project/Cosmos-Gesture-Recognition-/data/processed/student1_minimodel/sessions/student1_clapping_001_seg003,30.0,1988775.9666666666,116845.92109882238,1787293.0,2233085.0,1933681.0,1966195.0,32514.0,12.066666666666666,1.6316317667360556,0.0,0.0,0.0,300.0,300.0,-0.13646,0.5811525058594057,-1.301,1.571,0.83706,0.8488997642438908,-2.858,3.823,0.017693333333333356,1.7580867837762983,-3.037,4.0,6.2036,117.14838181713537,-469.28,554.12,-2.3751666666666655,255.70161110228764,-359.42,511.89,-2.4693000000000027,120.48320778920466,-321.85,331.34,2.008892264377588,0.9127945461368729,15.0,24.066666666666666,8.843614860990035,10.0,37.0,27.0,27.0,17.0,31.0,14.0,18.0,35.0,17.0,17.0,13.5,27.0,0.4642857142857144
clapping,student1,student1_minimodel,/Users/ianba/Desktop/COSMOS/final project/Cosmos-Gesture-Recognition-/data/processed/student1_minimodel/sessions/student1_clapping_001_seg004,30.0,1934328.7666666666,97088.46290666511,1740127.0,2291857.0,1967250.0,2291857.0,324607.0,11.533333333333333,1.4079141387961918,0.0,0.0,0.0,301.0,301.0,-0.07893687707641195,0.5728412888356587,-1.479,1.499,0.9080431893687708,0.581527683468003,-0.877,2.886,0.13883388704318939,1.8696466272032437,-2.863,4.0,4.173023255813955,95.98635020534766,-254.89,311.14,-2.4775083056478406,242.88468922906148,-288.61,541.31,0.6796345514950167,85.07936185011766,-243.63,145.48,2.0224010935962413,0.9601261524304293,15.0,18.933333333333334,11.61567085982594,1.0,39.0,16.0,38.0,10.5,29.5,19.0,16.0,17.0,1.0,1.0,16.928571428571427,34.0,-0.3535714285714277
clapping,student1,student1_minimodel,/Users/ianba/Desktop/COSMOS/final project/Cosmos-Gesture-Recognition-/data/processed/student1_minimodel/sessions/student1_clapping_001_seg005,30.0,2033126.3333333333,134110.70397507012,1802588.0,2279294.0,1966293.0,2178914.0,212621.0,12.533333333333333,2.077391526784384,0.0,0.0,0.0,299.0,299.0,-0.3398963210702341,0.4144676150996584,-1.275,0.717,1.0115217391304347,0.7024703914509157,-0.274,3.534,-0.23784949832775917,1.8637677093294682,-3.267,3.931,-0.5844147157190659,105.98862623671972,-209.45,333.08,9.992408026755854,259.1088994072974,-342.72,571.58,5.516354515050164,95.70401219518223,-268.04,226.11,2.099793967047823,0.9617804046588209,14.0,22.857142857142858,16.787619718833753,5.0,53.0,17.5,48.0,9.0,37.0,28.0,9.0,41.0,32.0,32.0,16.46153846153846,44.0,1.9824175824175823
clapping,student1,student1_minimodel,/Users/ianba/Desktop/COSMOS/final project/Cosmos-Gesture-Recognition-/data/processed/student1_minimodel/sessions/student1_clapping_002_seg000,30.0,2054106.6666666667,135114.60597515808,1807993.0,2334277.0,2066462.0,2029495.0,-36967.0,10.733333333333333,1.9652537297311568,0.0,0.0,0.0,301.0,301.0,-0.6127940199335548,0.3661449853039669,-2.293,1.312,0.8394617940199336,0.4695489204967238,-2.536,3.889,-0.21207641196013285,0.9331545492392262,-1.308,4.0,-6.450564784053153,66.30145942792196,-336.5,165.23,12.832956810631229,218.57183333282725,-316.84,368.51,24.9353488372093,100.57856503490017,-189.95,277.87,1.4428544531823364,0.5183394618356011,12.0,50.583333333333336,16.599333685057324,24.0,84.0,56.0,60.0,40.0,58.25,18.25,24.0,59.0,35.0,35.0,17.0,34.0,1.730769230769233
clapping,student1,student1_minimodel,/Users/ianba/Desktop/COSMOS/final project/Cosmos-Gesture-Recognition-/data/processed/student1_minimodel/sessions/student1_clapping_002_seg001,30.0,2059450.4666666666,147322.64618080808,1842702.0,2538545.0,1941218.0,1951874.0,10656.0,11.5,2.7658633371878665,0.0,0.0,0.0,299.0,299.0,-0.39072240802675595,0.4821333304810575,-1.63,2.102,0.8821638795986622,0.49996466420255087,-1.868,3.965,0.08882943143812706,0.971122676000731,-1.148,4.0,3.0871906354515053,72.76703334574144,-287.88,413.74,1.501705685618733,232.89523867774298,-356.55,432.39,-39.49709030100335,88.60050523740227,-224.86,213.69,1.4394871707025416,0.5405006286119837,14.0,51.857142857142854,22.64052575788395,8.0,81.0,55.0,73.0,40.75,68.5,27.75,46.0,50.0,4.0,4.0,24.307692307692307,46.0,-0.49670329670329716
clapping,student1,student1_minimodel,/Users/ianba/Desktop/COSMOS/final project/Cosmos-Gesture-Recognition-/data/processed/student1_minimodel/sessions/student1_clapping_002_seg002,30.0,2089904.9,120441.08509512024,1907316.0,2443079.0,2146765.0,1986828.0,-159937.0,13.333333333333334,1.679947089113887,0.0,0.0,0.0,300.0,300.0,-0.6393166666666668,0.6083101646272968,-1.53,1.734,0.84714,0.5944585663161619,-2.023,1.904,0.13391666666666666,1.4328307261230206,-2.188,4.0,-4.3532,76.5874949045861,-301.1,171.39,-5.595299999999999,287.9601949336806,-408.28,501.17,8.5847,99.09473488658887,-217.6,202.8,1.8732980290591683,0.6414719643053013,15.0,41.46666666666667,19.093254854853345,16.0,83.0,38.0,67.0,30.0,53.0,23.0,58.0,29.0,-29.0,29.0,20.5,48.0,-2.0571428571428587
clapping,student1,student1_minimodel,/Users/ianba/Desktop/COSMOS/final project/Cosmos-Gesture-Recognition-/data/processed/student1_minimodel/sessions/student1_clapping_002_seg003,30.0,2011668.4666666666,106530.46755982796,1879437.0,2310556.0,2310556.0,2087760.0,-222796.0,13.166666666666666,2.1147629234082532,0.0,0.0,0.0,300.0,300.0,-0.45303333333333334,0.5377516330880725,-1.406,1.875,0.9403799999999999,0.719544292544478,-3.934,3.519,0.029296666666666672,1.444943406731058,-2.3,4.0,14.371900000000002,97.25427881618714,-342.17,423.6,0.837199999999998,286.7597595656685,-403.58,578.88,-8.331066666666665,91.11452132817371,-234.14,308.54,1.870394776993155,0.6977232079151389,15.0,31.933333333333334,13.26901151806971,11.0,49.0,34.0,38.0,24.0,43.5,19.5,48.0,49.0,1.0,1.0,20.928571428571427,36.0,-0.2678571428571442
clapping,student1,student1_minimodel,/Users/ianba/Desktop/COSMOS/final project/Cosmos-Gesture-Recognition-/data/processed/student1_minimodel/sessions/student1_clapping_002_seg004,30.0,2075472.9,142726.75338617025,1833015.0,2481626.0,2155902.0,1945414.0,-210488.0,12.366666666666667,1.4487542541400489,0.0,0.0,0.0,300.0,300.0,-0.8996666666666667,0.48452971930407823,-2.875,1.39,0.4803833333333333,0.8340678407992695,-1.211,4.0,-0.7069933333333334,1.3539951919986848,-3.577,4.0,15.306833333333332,122.08874126213367,-875.39,528.43,14.945699999999997,235.37073114240437,-438.52,529.31,-13.377999999999998,117.65960256321341,-383.98,239.27,1.858886192122018,0.9210272243921112,11.0,31.545454545454547,13.170904573062826,4.0,48.0,30.0,44.0,24.5,43.0,18.5,35.0,48.0,13.0,13.0,13.5,26.0,-0.8818181818181802
clapping,student1,student1_minimodel,/Users/ianba/Desktop/COSMOS/final project/Cosmos-Gesture-Recognition-/data/processed/student1_minimodel/sessions/student1_clapping_002_seg005,30.0,2055951.1,148081.19381617414,1870927.0,2525909.0,1886453.0,2003638.0,117185.0,12.4,2.430363484474425,0.0,0.0,0.0,300.0,300.0,-0.6730733333333333,0.6924751653469042,-2.587,2.225,0.6783100000000001,0.7046006154080007,-0.858,3.314,-0.12507333333333331,1.6712429370448276,-2.54,4.0,20.114966666666668,128.95432389932577,-959.29,703.48,-6.6975999999999996,318.8122082369285,-412.79,690.24,26.826633333333326,159.46509070744048,-204.84,659.32,1.9908842081987739,0.856850286151597,15.0,27.0,12.229939843328282,10.0,46.0,22.0,36.0,17.5,39.0,21.5,21.0,21.0,0.0,0.0,17.428571428571427,33.0,0.35357142857142837
clapping,student1,student1_minimodel,/Users/ianba/Desktop/COSMOS/final project/Cosmos-Gesture-Recognition-/data/processed/student1_minimodel/sessions/student1_clapping_003_seg000,30.0,2179550.533333333,167006.5375979302,1880987.0,2691286.0,2119081.0,2165155.0,46074.0,12.8,2.166410241236256,0.0,0.0,0.0,300.0,300.0,-0.08174666666666666,0.5113869335661816,-1.34,1.496,0.6406333333333333,0.6139533740892346,-1.845,3.75,-0.18359999999999999,1.9119313045539406,-3.188,4.0,35.232166666666664,128.34464107617512,-333.2,756.95,-2.831766666666666,317.5734699580748,-421.89,663.29,20.805533333333333,84.25635843493092,-241.86,215.74,1.9788879396729073,0.91035252634192,15.0,30.4,17.847768968217206,3.0,60.0,26.0,57.0,15.5,46.0,30.5,26.0,15.0,-11.0,11.0,29.214285714285715,47.0,-0.19285714285714314
clapping,student1,student1_minimodel,/Users/ianba/Desktop/COSMOS/final project/Cosmos-Gesture-Recognition-/data/processed/student1_minimodel/sessions/student1_clapping_003_seg001,30.0,2055948.6666666667,106046.85890471039,1799322.0,2280023.0,2094170.0,1847999.0,-246171.0,12.866666666666667,2.472964932132187,0.0,0.0,0.0,301.0,301.0,-0.24952159468438542,0.623757414911112,-1.813,2.865,0.6764086378737542,0.6684722820125565,-2.161,3.931,-0.4597176079734219,1.535975430006498,-3.046,3.98,19.87116279069767,127.71124011146156,-424.33,689.38,-7.580764119601329,288.318736169411,-408.09,611.41,-32.827441860465115,87.05544233590325,-237.62,163.21,1.8075126257134893,0.8118972130944374,14.0,31.142857142857142,12.482955412248169,5.0,51.0,33.0,46.0,21.75,37.75,16.0,35.0,18.0,-17.0,17.0,17.0,46.0,-0.048351648351648485
clapping,student1,student1_minimodel,/Users/ianba/Desktop/COSMOS/final project/Cosmos-Gesture-Recognition-/data/processed/student1_minimodel/sessions/student1_clapping_003_seg002,30.0,2100444.8,146304.49692414337,1902883.0,2662199.0,1995776.0,1902883.0,-92893.0,13.266666666666667,1.8245242911205346,0.0,0.0,0.0,300.0,300.0,-0.8632333333333334,0.48846204788317205,-1.874,1.144,0.7104566666666667,0.7561767087056364,-1.906,3.871,-0.2727,1.6012299928492473,-2.639,4.0,-9.6385,71.00918560827184,-285.5,406.08,-5.786300000000001,261.9694279312824,-347.18,537.43,25.522533333333335,114.6931724163019,-287.09,276.96,2.0452031732218225,0.7181682325495796,14.0,34.0,16.88877642787568,10.0,65.0,36.0,55.0,21.5,40.75,19.25,40.0,65.0,25.0,25.0,23.153846153846153,47.0,0.9626373626373627
clapping,student1,student1_minimodel,/Users/ianba/Desktop/COSMOS/final project/Cosmos-Gesture-Recognition-/data/processed/student1_minimodel/sessions/student1_clapping_003_seg003,31.0,2021255.7096774194,99516.93146465842,1854041.0,2192933.0,2053668.0,1919916.0,-133752.0,12.258064516129032,1.4134775677552676,0.0,0.0,0.0,299.0,299.0,-0.40265217391304353,0.5009956769420991,-2.001,1.769,0.9882240802675587,0.548435274933495,-1.765,3.006,0.20021739130434782,1.5055153684527354,-2.059,4.0,20.721672240802675,90.63032125978464,-415.85,366.1,12.31829431438127,270.5606634529998,-347.79,546.59,-14.088428093645486,77.41755308902272,-220.92,134.5,1.8420495650991187,0.7771810942308445,15.0,30.8,15.942754735974225,1.0,51.0,34.0,50.0,19.5,45.5,26.0,12.0,1.0,-11.0,11.0,20.5,45.0,-0.7892857142857136
clapping,student1,student1_minimodel,/Users/ianba/Desktop/COSMOS/final project/Cosmos-Gesture-Recognition-/data/processed/student1_minimodel/sessions/student1_clapping_003_seg004,30.0,2166085.5,165892.94239554016,1912127.0,2469978.0,2447525.0,2050726.0,-396799.0,13.666666666666666,1.849924923401548,0.0,0.0,0.0,300.0,300.0,-1.6911833333333335,0.7147315694642912,-3.908,1.908,0.63715,1.5675456040681348,-1.994,4.0,-0.5513366666666667,2.539585182004249,-4.0,4.0,11.9979,144.29625190762926,-313.24,674.61,5.6491999999999996,372.3541287780044,-610.89,768.79,35.3127,203.83780224901855,-420.3,381.18,3.3470787156306727,1.3359007128920395,14.0,23.642857142857142,15.112944746180306,4.0,50.0,25.0,46.0,11.0,34.25,23.25,42.0,14.0,-28.0,28.0,20.46153846153846,45.0,-1.421978021978022
clapping,student1,student1_minimodel,/Users/ianba/Desktop/COSMOS/final project/Cosmos-Gesture-Recognition-/data/processed/student1_minimodel/sessions/student1_clapping_003_seg005,29.0,1985381.1379310344,161001.37996404193,1740435.0,2475583.0,2052055.0,2106793.0,54738.0,11.862068965517242,2.1611640849644687,0.0,0.0,0.0,301.0,301.0,-0.6720664451827242,0.7201050695555862,-2.668,1.165,0.9489202657807311,0.733552784736459,-1.194,4.0,-0.10245182724252493,1.9020699098696516,-4.0,4.0,0.21654485049833908,94.21067449459426,-202.37,594.5,22.173920265780737,295.4354642739163,-461.38,623.49,14.937375415282395,100.65309721427275,-326.12,233.59,2.230608069230337,1.0303047787744997,14.0,21.785714285714285,14.28381855553593,1.0,48.0,22.0,47.0,10.25,32.25,22.0,37.0,10.0,-27.0,27.0,19.307692307692307,43.0,0.4945054945054941
clapping,student1,student1_minimodel,/Users/ianba/Desktop/COSMOS/final project/Cosmos-Gesture-Recognition-/data/processed/student1_minimodel/sessions/student1_clapping_004_seg000,30.0,2261426.3333333335,238047.0204152019,1820079.0,2753578.0,1954627.0,2541197.0,586570.0,13.7,2.368543856465402,0.0,0.0,0.0,301.0,301.0,-0.4237740863787376,0.769661898066371,-2.217,1.78,0.9647840531561461,0.8322305395591622,-2.485,2.935,0.15558139534883722,1.8934273019299512,-4.0,4.0,6.982990033222592,106.81105017847703,-330.15,316.14,5.392093023255811,297.69934352545414,-445.45,609.58,6.928936877076411,106.94238504821183,-291.7,202.8,2.2287876659616312,1.0184095012078038,15.0,24.666666666666668,13.615467394876768,9.0,51.0,20.0,42.0,14.0,34.5,20.5,32.0,13.0,-19.0,19.0,21.357142857142858,40.0,-0.43928571428571467
clapping,student1,student1_minimodel,/Users/ianba/Desktop/COSMOS/final project/Cosmos-Gesture-Recognition-/data/processed/student1_minimodel/sessions/student1_clapping_004_seg001,30.0,2125883.433333333,141160.62817907913,1896146.0,2437857.0,2368420.0,2401439.0,33019.0,13.166666666666666,1.8988300491501484,0.0,0.0,0.0,299.0,299.0,-0.15573578595317727,0.7185898773266213,-1.797,2.5,0.895391304347826,1.0558469237913086,-4.0,2.922,0.10051839464882943,1.6349220723851046,-3.791,4.0,-3.8919732441471564,148.03457113556365,-582.48,567.37,-9.204916387959864,250.89111056947723,-470.6,621.75,-8.223846153846155,129.67671378180137,-332.87,278.82,2.0483387624798945,0.9718774643755923,15.0,22.733333333333334,10.970523276142346,9.0,42.0,19.0,33.0,12.0,32.0,20.0,16.0,28.0,12.0,12.0,19.428571428571427,31.0,0.02857142857142766
clapping,student1,student1_minimodel,/Users/ianba/Desktop/COSMOS/final project/Cosmos-Gesture-Recognition-/data/processed/student1_minimodel/sessions/student1_clapping_004_seg002,30.0,2218232.033333333,174670.5902637845,1935828.0,2724607.0,2032998.0,2055785.0,22787.0,11.933333333333334,1.4817407180595246,0.0,0.0,0.0,300.0,300.0,-0.021569999999999995,0.6384870751236864,-1.099,2.734,0.8424166666666667,0.9575111990931954,-3.936,2.505,0.10454333333333335,1.2638157202649796,-2.147,3.865,6.353133333333333,103.73422538157575,-445.72,548.17,9.137799999999999,219.75406874161246,-453.23,417.46,-6.918566666666667,115.68957825842492,-230.87,223.27,1.7355678741230591,0.7940958281668309,15.0,28.933333333333334,8.47236403732467,15.0,41.0,32.0,26.0,21.5,36.0,14.5,21.0,37.0,16.0,16.0,9.857142857142858,23.0,0.5749999999999996
clapping,student1,student1_minimodel,/Users/ianba/Desktop/COSMOS/final project/Cosmos-Gesture-Recognition-/data/processed/student1_minimodel/sessions/student1_clapping_004_seg003,30.0,2236060.8,166852.85663569963,1917752.0,2621542.0,2137781.0,2160982.0,23201.0,13.1,2.1031722072463146,0.0,0.0,0.0,300.0,300.0,-0.3832566666666667,1.067428179061971,-3.133,3.458,1.00505,1.1665096088331206,-3.464,4.0,0.08410666666666665,2.0658915126297304,-4.0,4.0,-4.4376999999999995,154.59313441108353,-638.45,393.72,-10.03510000000001,319.90415697360044,-435.87,730.61,-2.060033333333334,108.83238085085503,-349.86,264.69,2.480023935232214,1.334774031066178,15.0,36.4,20.152277432446333,13.0,89.0,33.0,76.0,21.5,44.5,23.0,50.0,28.0,-22.0,22.0,18.571428571428573,50.0,-1.325000000000001
clapping,student1,student1_minimodel,/Users/ianba/Desktop/COSMOS/final project/Cosmos-Gesture-Recognition-/data/processed/student1_minimodel/sessions/student1_clapping_004_seg004,30.0,2188114.3,175227.86624471768,1894286.0,2632120.0,2241859.0,1960973.0,-280886.0,13.066666666666666,2.1746008573733455,0.0,0.0,0.0,300.0,300.0,-0.05574666666666667,1.0972702838508943,-2.788,3.689,0.80988,1.5690033159939465,-3.855,4.0,-0.05434999999999999,1.9655501352462794,-4.0,4.0,0.03580000000000193,168.13675196208592,-474.17,693.47,13.625966666666665,274.82844013444503,-442.06,742.15,-3.6088333333333336,159.96011406067936,-417.16,235.33,2.5122260762554007,1.371075557770514,15.0,21.533333333333335,11.382107930975746,9.0,45.0,17.0,36.0,13.5,30.5,17.0,14.0,22.0,8.0,8.0,14.0,36.0,-0.28571428571428636
clapping,student1,student1_minimodel,/Users/ianba/Desktop/COSMOS/final project/Cosmos-Gesture-Recognition-/data/processed/student1_minimodel/sessions/student1_clapping_004_seg005,30.0,2245431.0,230758.56378474884,1859066.0,2765217.0,1859066.0,2135414.0,276348.0,13.966666666666667,2.167692065051881,0.0,0.0,0.0,300.0,300.0,-0.3322033333333333,0.918990008282039,-2.441,3.572,0.9713166666666666,1.081402017316204,-2.467,3.638,0.00991666666666667,2.0062026292780653,-3.342,4.0,13.370366666666666,153.4780020617468,-365.22,541.12,7.981866666666665,315.1645636423119,-561.66,704.79,-3.808466666666665,118.75014319562828,-305.28,244.09,2.416002959907844,1.120564637902043,15.0,27.466666666666665,15.061145216685723,4.0,47.0,33.0,43.0,14.5,41.5,27.0,16.0,42.0,26.0,26.0,23.571428571428573,38.0,0.41071428571428575
two_arm_boxing,student1,student1_minimodel,/Users/ianba/Desktop/COSMOS/final project/Cosmos-Gesture-Recognition-/data/processed/student1_minimodel/sessions/student1_two_arm_boxing_001_seg000,30.0,2243470.0,114162.14821413736,2042048.0,2443089.0,2057329.0,2440132.0,382803.0,15.533333333333333,2.1249836600678966,0.0,0.0,0.0,300.0,300.0,0.3414466666666666,0.8939463297586097,-2.913,1.65,0.7443000000000001,0.6300969052455344,-0.814,3.73,0.5113466666666666,0.5408203889976372,-0.485,3.505,-14.795899999999998,97.50821424982615,-368.63,197.73,-4.276233333333333,106.93290139216064,-259.71,260.44,10.250200000000001,91.36166976706734,-372.08,240.15,1.3925220463560288,0.693955995539884,15.0,41.333333333333336,9.648587362678441,24.0,61.0,42.0,37.0,35.0,47.5,12.5,34.0,48.0,14.0,14.0,14.285714285714286,30.0,-0.08214285714285686
two_arm_boxing,student1,student1_minimodel,/Users/ianba/Desktop/COSMOS/final project/Cosmos-Gesture-Recognition-/data/processed/student1_minimodel/sessions/student1_two_arm_boxing_001_seg001,30.0,2236282.466666667,127510.25488452116,2031945.0,2508765.0,2185306.0,2285076.0,99770.0,15.066666666666666,2.2050447211388304,0.0,0.0,0.0,300.0,300.0,0.37827,1.2377902153030618,-4.0,1.718,0.5739033333333333,0.9692796813384439,-1.236,4.0,0.51725,0.6727962847945382,-0.239,3.888,14.759766666666668,120.21634566457907,-275.89,259.19,1.9887666666666655,100.68426926856824,-209.11,375.87,-1.7844999999999998,145.77341903818862,-509.38,376.35,1.613759612269627,1.0295937372611508,15.0,39.13333333333333,11.108983923362379,22.0,61.0,42.0,39.0,29.0,46.0,17.0,22.0,35.0,13.0,13.0,16.071428571428573,32.0,0.6285714285714266
two_arm_boxing,student1,student1_minimodel,/Users/ianba/Desktop/COSMOS/final project/Cosmos-Gesture-Recognition-/data/processed/student1_minimodel/sessions/student1_two_arm_boxing_001_seg002,30.0,2292329.5,167849.21503197445,2010706.0,2606301.0,2255824.0,2311192.0,55368.0,15.533333333333333,2.0286832072937253,0.0,0.0,0.0,299.0,299.0,0.2174481605351171,1.3321609295786856,-4.0,2.02,0.6370066889632107,1.0229642153606524,-1.022,4.0,0.5373946488294313,0.5684069842733251,-0.463,2.463,-10.592140468227425,117.36497053121505,-357.22,229.07,-7.291772575250837,118.71889883954464,-284.4,315.35,5.099732441471571,144.1086649266859,-490.71,316.39,1.6868100096436403,1.0201574644316374,15.0,38.266666666666666,9.082688924279973,25.0,50.0,39.0,25.0,30.5,46.5,16.0,50.0,25.0,-25.0,25.0,12.214285714285714,21.0,-0.7321428571428578
two_arm_boxing,student1,student1_minimodel,/Users/ianba/Desktop/COSMOS/final project/Cosmos-Gesture-Recognition-/data/processed/student1_minimodel/sessions/student1_two_arm_boxing_001_seg003,30.0,2294462.4,178637.73670860627,2003820.0,2724416.0,2314111.0,2520442.0,206331.0,14.033333333333333,2.373230334843675,0.0,0.0,0.0,301.0,301.0,-0.0004318936877076556,1.3355858941219307,-3.638,1.8,0.6904784053156147,0.9064410694161906,-0.874,4.0,0.5575448504983389,0.46204820132453367,-0.423,1.895,-7.035315614617939,112.48465094398475,-244.73,215.74,8.894850498338872,116.85958972782844,-259.87,262.55,3.654817275747508,136.06565763052924,-397.17,198.89,1.613446195504878,1.0016595641816053,15.0,34.266666666666666,11.144932651636967,15.0,53.0,37.0,38.0,24.5,42.5,18.0,43.0,15.0,-28.0,28.0,15.142857142857142,35.0,-0.9178571428571436
two_arm_boxing,student1,student1_minimodel,/Users/ianba/Desktop/COSMOS/final project/Cosmos-Gesture-Recognition-/data/processed/student1_minimodel/sessions/student1_two_arm_boxing_001_seg004,30.0,2250360.7666666666,127805.66734035006,2058282.0,2611447.0,2239362.0,2154219.0,-85143.0,15.5,2.4186773244895647,0.0,0.0,0.0,299.0,299.0,0.5442207357859532,1.1082783138007033,-2.241,2.205,0.5497692307692307,0.8467526421845789,-0.528,3.504,0.4942073578595317,0.5491465654210677,-0.648,2.361,-9.338093645484948,128.5097295981224,-328.59,224.25,-1.3057525083612027,110.4535184386198,-254.95,290.87,12.720468227424751,97.3419946349632,-291.79,223.18,1.5748799037607788,0.7805443138311794,15.0,37.06666666666667,13.6772316887105,4.0,55.0,39.0,51.0,31.0,45.5,14.5,27.0,45.0,18.0,18.0,18.285714285714285,51.0,0.14285714285714116
two_arm_boxing,student1,student1_minimodel,/Users/ianba/Desktop/COSMOS/final project/Cosmos-Gesture-Recognition-/data/processed/student1_minimodel/sessions/student1_two_arm_boxing_001_seg005,30.0,2281512.6333333333,152420.9631480052,1963967.0,2553778.0,2479662.0,2405992.0,-73670.0,15.433333333333334,2.290317784840251,0.0,0.0,0.0,301.0,301.0,0.37767109634551493,1.2233940893279043,-2.409,2.184,0.6227342192691029,0.9538486314676085,-0.532,3.807,0.42295681063122925,0.40390348851552477,-0.345,1.343,-3.45485049833887,98.2841776912545,-239.11,219.28,14.514551495016612,85.32115259777494,-192.3,183.17,-3.40906976744186,112.65228262163872,-322.03,205.76,1.5848659511820498,0.8758904514245911,15.0,37.53333333333333,14.579176278253204,14.0,68.0,39.0,54.0,32.5,44.5,12.0,39.0,38.0,-1.0,1.0,21.214285714285715,53.0,0.23928571428571516
two_arm_boxing,student1,student1_minimodel,/Users/ianba/Desktop/COSMOS/final project/Cosmos-Gesture-Recognition-/data/processed/student1_minimodel/sessions/student1_two_arm_boxing_002_seg000,30.0,2204652.966666667,120076.38177579119,2028557.0,2478438.0,2084738.0,2417985.0,333247.0,15.1,2.0387904911164036,0.0,0.0,0.0,300.0,300.0,0.050163333333333344,1.4029713004865383,-4.0,1.619,0.4912966666666667,1.1873927272202551,-0.736,4.0,0.5934200000000001,0.4934417529962376,-1.276,1.797,-0.19283333333333302,83.45931986486325,-261.64,266.73,5.884533333333334,96.85110953132592,-209.3,243.35,8.515466666666665,171.60187758913233,-497.73,297.01,1.702819713198939,1.148109671448863,15.0,30.2,7.608266181313209,18.0,42.0,30.0,24.0,25.0,36.0,11.0,40.0,31.0,-9.0,9.0,9.928571428571429,21.0,-0.35357142857142915
two_arm_boxing,student1,student1_minimodel,/Users/ianba/Desktop/COSMOS/final project/Cosmos-Gesture-Recognition-/data/processed/student1_minimodel/sessions/student1_two_arm_boxing_002_seg001,30.0,2344785.566666667,175728.9024677279,2037599.0,2738586.0,2677078.0,2612996.0,-64082.0,13.733333333333333,2.1592179654268864,0.0,0.0,0.0,301.0,301.0,0.11006644518272424,1.5157632252609496,-4.0,2.424,0.5898239202657808,1.0338479579827795,-1.028,4.0,0.6875083056478405,0.49797219107813884,-0.526,2.324,-17.659235880398672,128.41540458720877,-276.65,236.3,-3.1773754152823908,140.58392251790457,-275.4,315.87,-1.1155481727574743,152.86577283932016,-467.94,290.32,1.8064077929757423,1.088081565623612,15.0,37.53333333333333,14.769015184629255,19.0,73.0,38.0,54.0,25.0,43.5,18.5,44.0,19.0,-25.0,25.0,21.642857142857142,51.0,0.078571428571429
two_arm_boxing,student1,student1_minimodel,/Users/ianba/Desktop/COSMOS/final project/Cosmos-Gesture-Recognition-/data/processed/student1_minimodel/sessions/student1_two_arm_boxing_002_seg002,30.0,2247515.066666667,158196.04449583715,1955220.0,2692484.0,2283980.0,2409436.0,125456.0,14.766666666666667,2.1707653540219916,0.0,0.0,0.0,299.0,299.0,0.22220735785953177,1.3028222916261074,-3.325,1.797,0.6671839464882943,1.0186339053130529,-0.848,4.0,0.5406053511705685,0.4691507143203394,-0.284,1.952,4.395752508361205,108.97698489961842,-284.1,270.55,6.331538461538462,109.62469076989763,-266.95,246.13,5.239063545150501,131.8111217025112,-341.5,235.3,1.6443922715535277,1.0187257141480235,15.0,36.6,14.71539524249543,9.0,77.0,36.0,68.0,29.5,41.0,11.5,38.0,31.0,-7.0,7.0,18.785714285714285,68.0,-0.07142857142857326
two_arm_boxing,student1,student1_minimodel,/Users/ianba/Desktop/COSMOS/final project/Cosmos-Gesture-Recognition-/data/processed/student1_minimodel/sessions/student1_two_arm_boxing_002_seg003,30.0,2291791.4,104798.23534284026,2046760.0,2473293.0,2391238.0,2235956.0,-155282.0,15.566666666666666,2.347812220392045,0.0,0.0,0.0,301.0,301.0,0.004564784053156142,1.306667611063742,-3.43,1.769,0.6687375415282392,0.8948974667335073,-0.806,4.0,0.6313920265780731,0.5212224633320589,-0.189,1.906,-5.77704318936877,116.30319872406761,-310.4,299.45,-0.4749833887043183,159.7259110982389,-314.8,313.91,-2.33405315614618,146.43123362037628,-396.19,286.14,1.6678167711764729,0.9187863863611342,15.0,33.46666666666667,12.356991466179705,14.0,60.0,31.0,46.0,27.5,38.5,11.0,30.0,36.0,6.0,6.0,14.714285714285714,33.0,0.4250000000000001
two_arm_boxing,student1,student1_minimodel,/Users/ianba/Desktop/COSMOS/final project/Cosmos-Gesture-Recognition-/data/processed/student1_minimodel/sessions/student1_two_arm_boxing_002_seg004,30.0,2201252.966666667,111894.22513203659,1956404.0,2467676.0,2308980.0,2180932.0,-128048.0,14.833333333333334,2.252159457547849,0.0,0.0,0.0,300.0,300.0,0.19978333333333334,1.3516769447821309,-4.0,1.506,0.5992166666666666,1.0299695155952702,-1.054,4.0,0.63005,0.4586084395574654,-0.163,2.253,-10.009766666666668,84.74072398171705,-331.89,173.86,2.857666666666666,119.31411134992466,-274.67,292.46,6.000299999999999,140.03352612943564,-425.24,231.7,1.680942938356135,1.033710453330127,15.0,33.0,7.081162132224988,21.0,45.0,36.0,24.0,28.0,37.0,9.0,39.0,37.0,-2.0,2.0,11.428571428571429,24.0,-0.06071428571428554
two_arm_boxing,student1,student1_minimodel,/Users/ianba/Desktop/COSMOS/final project/Cosmos-Gesture-Recognition-/data/processed/student1_minimodel/sessions/student1_two_arm_boxing_002_seg005,30.0,2283891.2666666666,125041.53300482026,2025326.0,2546292.0,2217043.0,2317889.0,100846.0,15.166666666666666,1.6749792701868151,0.0,0.0,0.0,300.0,300.0,0.27924333333333334,1.4293073605032924,-3.787,2.343,0.5204433333333333,1.0730450006665868,-1.419,3.889,0.42708666666666667,0.38091149342363273,-0.69,1.416,-7.582766666666666,73.31821758161853,-242.71,169.26,-2.951,66.50760886044043,-160.5,167.97,-4.210799999999999,155.59024810066558,-395.89,253.4,1.7275051886977053,0.9414911663716445,15.0,33.333333333333336,11.69045194450012,12.0,60.0,34.0,48.0,27.5,39.0,11.5,12.0,41.0,29.0,29.0,11.071428571428571,34.0,1.132142857142856
two_arm_boxing,student1,student1_minimodel,/Users/ianba/Desktop/COSMOS/final project/Cosmos-Gesture-Recognition-/data/processed/student1_minimodel/sessions/student1_two_arm_boxing_003_seg000,30.0,2301827.0,154777.0606095533,2034086.0,2711625.0,2331451.0,2212469.0,-118982.0,15.233333333333333,1.8740923729160797,0.0,0.0,0.0,300.0,300.0,0.16163000000000002,0.8873327183756947,-3.549,1.191,0.89641,0.8207798701438366,-0.767,4.0,0.14434333333333332,0.21577265533169138,-0.192,1.213,6.170399999999999,78.45609063146937,-272.47,233.86,2.5204999999999997,53.740307796693294,-153.08,196.66,0.2092000000000015,124.52154692807184,-382.15,319.41,1.2965099356009315,0.8229027384132757,15.0,31.133333333333333,14.024807952169546,12.0,58.0,30.0,46.0,19.5,41.0,21.5,34.0,58.0,24.0,24.0,19.285714285714285,40.0,0.4250000000000001
two_arm_boxing,student1,student1_minimodel,/Users/ianba/Desktop/COSMOS/final project/Cosmos-Gesture-Recognition-/data/processed/student1_minimodel/sessions/student1_two_arm_boxing_003_seg001,30.0,2202264.8333333335,118198.55228472789,1955335.0,2419808.0,2204454.0,2240594.0,36140.0,15.2,1.92180470738661,0.0,0.0,0.0,300.0,300.0,0.2463933333333333,0.9386495362783468,-2.95,1.378,0.8202233333333333,0.8059367304296011,-0.49,4.0,0.24675666666666662,0.23065793747933805,-0.116,1.132,-3.817399999999998,80.04496350535325,-216.9,196.97,1.2268999999999994,51.77873221754919,-120.49,145.79,12.527733333333332,116.66346226730782,-351.79,270.3,1.3193380690706482,0.7984434562536455,15.0,34.93333333333333,13.17175911164633,18.0,56.0,37.0,38.0,22.0,43.5,21.5,36.0,54.0,18.0,18.0,17.857142857142858,33.0,0.30714285714285694
two_arm_boxing,student1,student1_minimodel,/Users/ianba/Desktop/COSMOS/final project/Cosmos-Gesture-Recognition-/data/processed/student1_minimodel/sessions/student1_two_arm_boxing_003_seg002,30.0,2246081.466666667,135733.26078642462,1899313.0,2497988.0,2335429.0,1899313.0,-436116.0,15.066666666666666,1.8245242911205346,0.0,0.0,0.0,300.0,300.0,0.4452933333333333,0.7249983498525282,-2.597,1.46,0.7733833333333333,0.665033836023067,-0.416,4.0,0.2729833333333333,0.19627306587733553,-0.074,1.102,-4.6518,84.05499535082176,-257.73,169.5,-9.963166666666666,62.96688007441337,-178.11,111.21,-5.013800000000001,93.40339293744455,-277.02,209.63,1.2202063615412821,0.6232495449289841,15.0,30.133333333333333,11.230485720742871,13.0,48.0,29.0,35.0,23.0,38.5,15.5,25.0,14.0,-11.0,11.0,15.642857142857142,34.0,0.06428571428571508
two_arm_boxing,student1,student1_minimodel,/Users/ianba/Desktop/COSMOS/final project/Cosmos-Gesture-Recognition-/data/processed/student1_minimodel/sessions/student1_two_arm_boxing_003_seg003,30.0,2171393.3,130634.0268656805,1920251.0,2438452.0,2225308.0,2221291.0,-4017.0,15.4,1.9595917942265426,0.0,0.0,0.0,300.0,300.0,0.2889566666666667,0.7966070767881044,-2.995,1.552,0.7630300000000001,0.6848657891149186,-0.459,3.978,0.36117,0.23053928320353562,-0.023,1.085,5.029133333333333,70.26953907098643,-302.93,164.28,8.235666666666667,79.64752664849186,-193.46,190.74,8.471666666666666,114.08921172729505,-366.68,212.59,1.245087341478308,0.6345741580701812,15.0,31.533333333333335,11.611980676787885,11.0,51.0,34.0,40.0,23.0,40.0,17.0,34.0,35.0,1.0,1.0,15.785714285714286,29.0,0.02142857142857018
two_arm_boxing,student1,student1_minimodel,/Users/ianba/Desktop/COSMOS/final project/Cosmos-Gesture-Recognition-/data/processed/student1_minimodel/sessions/student1_two_arm_boxing_003_seg004,30.0,2317068.6333333333,156791.1223214893,2076549.0,2720547.0,2176667.0,2141132.0,-35535.0,14.1,1.3988090172238192,0.0,0.0,0.0,299.0,299.0,0.19992307692307695,0.7959043177707047,-2.995,1.337,0.8567357859531772,0.5794241234245621,-0.604,3.226,0.288742474916388,0.3623022037720566,-0.217,2.227,4.284080267558529,89.28082961754762,-293.4,233.47,-4.901872909698997,53.10614477201034,-161.35,282.51,-10.603979933110368,93.899936536105,-313.39,235.6,1.2328032452880942,0.6618101718451028,15.0,33.86666666666667,15.8468864299524,17.0,72.0,29.0,55.0,20.5,44.0,23.5,17.0,49.0,32.0,32.0,17.571428571428573,51.0,0.7357142857142854
two_arm_boxing,student1,student1_minimodel,/Users/ianba/Desktop/COSMOS/final project/Cosmos-Gesture-Recognition-/data/processed/student1_minimodel/sessions/student1_two_arm_boxing_003_seg005,30.0,2251586.3,154323.1821887971,1951525.0,2665677.0,2273684.0,2426050.0,152366.0,15.7,1.9,0.0,0.0,0.0,301.0,301.0,0.08625913621262458,0.8954686996119049,-3.679,1.744,0.8655581395348838,0.791587647765475,-0.789,4.0,0.21102657807308972,0.28259470401171094,-0.294,1.026,-8.363654485049834,76.21922453012523,-257.33,171.76,-7.290033222591362,65.92604364157957,-274.27,127.72,11.619700996677743,119.68876758475336,-374.43,320.05,1.3013123637114639,0.7849107229584382,15.0,36.4,13.18440637376486,14.0,61.0,34.0,47.0,29.5,41.0,11.5,29.0,58.0,29.0,29.0,16.071428571428573,47.0,0.7678571428571426
two_arm_boxing,student1,student1_minimodel,/Users/ianba/Desktop/COSMOS/final project/Cosmos-Gesture-Recognition-/data/processed/student1_minimodel/sessions/student1_two_arm_boxing_004_seg000,30.0,2261154.3,169768.63586857458,2042649.0,2705196.0,2042649.0,2381020.0,338371.0,14.766666666666667,2.2757172251597715,0.0,0.0,0.0,299.0,299.0,0.10063210702341137,1.4340297799576058,-3.651,2.185,0.5710000000000001,1.1381927351468806,-1.256,4.0,0.5236020066889633,0.40242279485060384,-0.39,1.616,-9.810100334448162,97.85536572066133,-290.2,245.34,-8.584147157190637,107.50291988035063,-294.05,213.78,-2.637157190635452,152.76303770406622,-384.38,238.75,1.7226904269962804,1.0754221464475338,15.0,30.466666666666665,7.5485728704803785,24.0,51.0,27.0,27.0,25.5,32.5,7.0,27.0,32.0,5.0,5.0,8.071428571428571,27.0,0.19642857142857129
two_arm_boxing,student1,student1_minimodel,/Users/ianba/Desktop/COSMOS/final project/Cosmos-Gesture-Recognition-/data/processed/student1_minimodel/sessions/student1_two_arm_boxing_004_seg001,30.0,2344029.8,188617.15156552792,1960069.0,2737594.0,2249383.0,2300103.0,50720.0,15.5,2.4324199198877374,0.0,0.0,0.0,301.0,301.0,0.08195016611295679,1.0004402822327405,-2.379,1.852,0.8523853820598006,0.6869271296003675,-0.412,3.242,0.42479734219269105,0.4857552691646023,-0.602,1.84,-3.836179401993355,69.11510721641052,-226.87,160.31,2.2415282392026588,110.21593405036641,-194.34,218.91,2.9877408637873746,88.94864698732843,-321.88,163.37,1.4280464517209177,0.7636233391879442,15.0,36.333333333333336,16.667619020409717,13.0,70.0,32.0,57.0,26.5,44.5,18.0,28.0,17.0,-11.0,11.0,22.214285714285715,54.0,0.47142857142857125
two_arm_boxing,student1,student1_minimodel,/Users/ianba/Desktop/COSMOS/final project/Cosmos-Gesture-Recognition-/data/processed/student1_minimodel/sessions/student1_two_arm_boxing_004_seg002,30.0,2222461.7333333334,176953.0630835822,1955171.0,2692765.0,2692765.0,2074219.0,-618546.0,16.233333333333334,2.525646231935282,0.0,0.0,0.0,299.0,299.0,0.1865351170568562,1.0600393448577232,-2.639,1.278,0.6728528428093645,0.7999462513823126,-1.004,3.311,0.5146856187290969,0.3981063724346951,-0.446,1.391,-8.563043478260871,94.6432896689776,-289.83,176.67,5.711538461538463,78.02269293620768,-219.73,167.0,3.825685618729095,124.9453760720558,-318.58,217.35,1.4763192894858148,0.7035588398356092,15.0,31.733333333333334,13.424214085357988,7.0,58.0,31.0,51.0,23.0,38.5,15.5,30.0,26.0,-4.0,4.0,17.428571428571427,39.0,-0.12142857142857029
two_arm_boxing,student1,student1_minimodel,/Users/ianba/Desktop/COSMOS/final project/Cosmos-Gesture-Recognition-/data/processed/student1_minimodel/sessions/student1_two_arm_boxing_004_seg003,30.0,2251636.7,137557.71440651134,1967529.0,2560162.0,2476900.0,2104974.0,-371926.0,15.8,2.1354156504062622,0.0,0.0,0.0,301.0,301.0,0.13780398671096344,1.1597677242462714,-4.0,1.659,0.6592890365448504,0.8219322098895316,-0.778,4.0,0.46063455149501664,0.3786805638495636,-0.341,1.754,-4.018372093023254,93.8414075684414,-267.89,189.06,4.962923588039866,88.92386126204617,-177.5,213.14,5.175215946843854,162.47465203079562,-536.67,272.19,1.4741901104231925,0.810328564298353,15.0,30.733333333333334,10.187293673049403,16.0,54.0,29.0,38.0,24.0,33.0,9.0,21.0,34.0,13.0,13.0,13.071428571428571,27.0,0.667857142857142
two_arm_boxing,student1,student1_minimodel,/Users/ianba/Desktop/COSMOS/final project/Cosmos-Gesture-Recognition-/data/processed/student1_minimodel/sessions/student1_two_arm_boxing_004_seg004,30.0,2288945.1333333333,172170.63020769702,2017461.0,2744363.0,2040088.0,2206539.0,166451.0,15.0,1.9148542155126762,0.0,0.0,0.0,299.0,299.0,0.1719096989966555,1.1464097637235906,-3.408,1.46,0.546989966555184,0.8127756007391308,-0.674,4.0,0.5595752508361204,0.4310943492819137,-0.214,2.012,-16.817525083612043,99.34613049355275,-466.48,276.83,-9.107725752508358,91.20722490989544,-231.45,150.64,4.380969899665552,149.06384373962229,-406.6,246.16,1.479618033244014,0.7831396852854643,15.0,32.2,14.268847185389575,14.0,71.0,31.0,57.0,26.0,37.0,11.0,29.0,32.0,3.0,3.0,16.785714285714285,55.0,0.02857142857142687
two_arm_boxing,student1,student1_minimodel,/Users/ianba/Desktop/COSMOS/final project/Cosmos-Gesture-Recognition-/data/processed/student1_minimodel/sessions/student1_two_arm_boxing_004_seg005,30.0,2248123.2333333334,117941.28031883303,1981369.0,2517719.0,2304148.0,2392417.0,88269.0,14.3,2.1470910553583886,0.0,0.0,0.0,300.0,300.0,0.15607666666666664,1.2885370531946514,-3.779,1.788,0.5913233333333333,1.0203058228404962,-0.963,4.0,0.4777766666666667,0.3824744176049193,-0.197,1.88,2.4012666666666664,126.15788024955961,-564.17,325.82,0.7405000000000003,78.1067160113862,-119.39,299.97,-8.909266666666667,161.06283410767227,-467.48,333.38,1.5553023086568794,1.0153653884291678,15.0,31.933333333333334,10.518464490508833,18.0,57.0,28.0,39.0,25.5,35.0,9.5,26.0,26.0,0.0,0.0,14.428571428571429,39.0,-0.24285714285714377
t_arm,student1,student1_minimodel,/Users/ianba/Desktop/COSMOS/final project/Cosmos-Gesture-Recognition-/data/processed/student1_minimodel/sessions/student1_t_arm_001,40.0,1840179.575,120111.82735328097,1616223.0,2163029.0,1830766.0,1907190.0,76424.0,12.4,1.9595917942265424,0.0,0.0,0.0,402.0,402.0,0.5901592039800995,0.4448160495504572,-0.237,0.972,0.004094527363184046,0.6810690097484263,-0.976,1.257,-0.08820149253731344,0.13441117837960584,-0.411,0.278,4.706243781094527,25.650628129794573,-69.46,125.4,8.974278606965173,23.726402670518176,-25.64,70.35,27.80995024875622,59.7918159552075,-54.23,199.13,1.0112067796754483,0.1154455805639294,16.0,99.625,46.41102598880285,36.0,202.0,92.5,166.0,60.75,126.0,65.25,124.0,121.0,-3.0,3.0,40.86666666666667,124.0,-4.220588235294117
t_arm,student1,student1_minimodel,/Users/ianba/Desktop/COSMOS/final project/Cosmos-Gesture-Recognition-/data/processed/student1_minimodel/sessions/student1_t_arm_002,40.0,1931604.65,116529.8675751307,1766405.0,2318088.0,2080164.0,1816672.0,-263492.0,12.775,1.588828184543565,0.0,0.0,0.0,401.0,401.0,0.3994588528678304,0.6746933164405565,-0.767,0.983,0.13771820448877803,0.5780145938607243,-0.872,1.088,-0.17259102244389027,0.11723186020270057,-0.422,0.098,1.6861845386533667,22.98948223475911,-61.37,56.7,10.201970074812968,23.869792361699037,-45.17,66.84,35.604064837905234,56.89153191097812,-45.47,161.53,1.0012959280855827,0.09371795677283833,21.0,80.04761904761905,19.54603844894456,52.0,117.0,74.0,65.0,67.0,94.0,27.0,81.0,73.0,-8.0,8.0,7.6,19.0,-2.0766233766233775
t_arm,student1,student1_minimodel,/Users/ianba/Desktop/COSMOS/final project/Cosmos-Gesture-Recognition-/data/processed/student1_minimodel/sessions/student1_t_arm_003,40.0,1936018.3,182536.4765018488,1674446.0,2481923.0,1868110.0,1764221.0,-103889.0,14.55,3.1460292433478743,0.0,0.0,0.0,402.0,402.0,0.4282089552238806,0.3022443677395027,-0.286,0.799,-0.19807213930348264,0.7694784091572063,-1.438,1.871,-0.3600696517412935,0.23413198455873355,-0.699,0.119,6.456990049751244,22.457255764286685,-49.2,82.74,0.2808208955223875,26.665797630231854,-122.62,84.29,32.261343283582086,85.60502963141587,-25.73,312.88,1.0232740884296296,0.20838004208311434,20.0,71.25,26.779558189822797,42.0,128.0,64.0,86.0,52.0,78.0,26.0,120.0,74.0,-46.0,46.0,9.368421052631579,28.0,-2.6759398496240614
t_arm,student1,student1_minimodel,/Users/ianba/Desktop/COSMOS/final project/Cosmos-Gesture-Recognition-/data/processed/student1_minimodel/sessions/student1_t_arm_004,40.0,2009146.575,126479.26393620567,1767080.0,2258006.0,1781289.0,1822870.0,41581.0,13.025,1.724637643100718,0.0,0.0,0.0,401.0,401.0,0.541643391521197,0.22512395036933341,0.026,0.815,-0.224423940149626,0.7122020117645923,-0.899,1.308,-0.29006982543640897,0.19042750202740794,-0.514,0.122,7.280773067331671,21.53660704575502,-25.88,95.37,-3.6065336658354115,14.04515710518098,-56.55,27.41,32.20511221945137,56.31230614166316,-26.22,202.55,1.0060143846371659,0.0999718067382303,18.0,143.44444444444446,83.81648175853653,59.0,330.0,120.5,271.0,72.0,215.5,143.5,193.0,61.0,-132.0,132.0,88.3529411764706,259.0,0.32198142414860803
raise_arms,student1,student1_minimodel,/Users/ianba/Desktop/COSMOS/final project/Cosmos-Gesture-Recognition-/data/processed/student1_minimodel/sessions/student1_raise_arms_001,40.0,1986203.225,151362.9646722552,1701988.0,2516975.0,1856485.0,2002359.0,145874.0,14.625,2.198721219254501,0.0,0.0,0.0,401.0,401.0,-0.2307780548628429,0.5070005072299026,-1.065,0.305,0.11906733167082295,0.11522426557227666,-0.122,0.37,0.7784214463840399,0.24753773875639884,0.247,1.064,2.4811720698254365,22.71667569180406,-63.72,100.34,-19.346783042394016,37.90774765854537,-111.88,36.96,6.073940149625934,18.25939091385708,-18.89,59.18,0.9967451279603201,0.10712476824783786,20.0,47.4,20.407428987864613,26.0,103.0,41.5,77.0,34.25,51.75,17.5,63.0,45.0,-18.0,18.0,10.736842105263158,40.0,-2.3052631578947382
raise_arms,student1,student1_minimodel,/Users/ianba/Desktop/COSMOS/final project/Cosmos-Gesture-Recognition-/data/processed/student1_minimodel/sessions/student1_raise_arms_002,40.0,2060662.825,198840.06747055377,1732842.0,2525042.0,1805588.0,1999884.0,194296.0,14.0,2.345207879911715,0.0,0.0,0.0,401.0,401.0,0.0800199501246883,0.6305215191693764,-1.14,0.61,0.16986533665835413,0.19576762860448946,-0.266,0.484,0.7370822942643391,0.2177302449404277,0.218,1.141,6.080124688279302,20.919436349754633,-28.75,113.19,-23.634688279301745,55.474231783640995,-160.47,23.47,13.002992518703241,27.57528913891398,-19.14,102.94,1.0130813554346694,0.18842163068913045,20.0,49.1,7.4190366802677215,37.0,61.0,46.0,24.0,44.5,56.5,12.0,54.0,48.0,-6.0,6.0,4.105263157894737,13.0,-0.9714285714285701
raise_arms,student1,student1_minimodel,/Users/ianba/Desktop/COSMOS/final project/Cosmos-Gesture-Recognition-/data/processed/student1_minimodel/sessions/student1_raise_arms_003,40.0,1970048.45,140545.50372707588,1628351.0,2251572.0,1628351.0,1911000.0,282649.0,14.875,2.8476964374736293,0.0,0.0,0.0,401.0,401.0,-0.16817206982543645,0.5788302701258119,-0.984,0.404,0.1033840399002494,0.14712482068802055,-0.196,0.378,0.74114463840399,0.22673707190926332,0.251,1.034,-1.7519201995012466,20.02377737597503,-47.3,82.58,-21.700798004987533,32.23405331135688,-100.89,13.61,9.342967581047379,19.36523865721307,-25.91,63.51,0.9945383293250784,0.08519909370480408,20.0,43.3,9.537184843382354,29.0,69.0,41.5,40.0,38.75,45.0,6.25,69.0,40.0,-29.0,29.0,5.315789473684211,16.0,-1.1488721804511293
raise_arms,student1,student1_minimodel,/Users/ianba/Desktop/COSMOS/final project/Cosmos-Gesture-Recognition-/data/processed/student1_minimodel/sessions/student1_raise_arms_004,40.0,1989589.875,183410.89124670153,1640505.0,2408604.0,1740605.0,1754746.0,14141.0,14.125,2.491861753789724,0.0,0.0,0.0,402.0,402.0,-0.16953233830845774,0.537263978215148,-0.974,0.4,0.10025373134328357,0.18565033011859083,-0.257,0.566,0.7624751243781094,0.23576839682916048,0.253,1.048,-0.021815920398010186,26.786961630037474,-52.89,110.35,-20.15176616915423,32.19228306860518,-111.85,26.7,12.917039800995026,23.096004897649436,-24.26,76.85,0.9958151311419412,0.08495839316311095,20.0,42.45,6.816967994026299,31.0,63.0,42.0,32.0,38.0,45.25,7.25,46.0,38.0,-8.0,8.0,6.7368421052631575,25.0,-0.4684210526315793
soli,student1,student1_minimodel,/Users/ianba/Desktop/COSMOS/final project/Cosmos-Gesture-Recognition-/data/processed/student1_minimodel/sessions/student1_soli_001_seg000,30.0,1797558.0,158912.54070399856,1534013.0,2052997.0,1739569.0,1735934.0,-3635.0,8.3,2.5185974933151454,0.0,0.0,0.0,300.0,300.0,-0.5189933333333333,0.021782101724938212,-0.57,-0.473,0.8227733333333334,0.03829963388278738,0.689,0.939,-0.12492333333333334,0.03827563353129798,-0.269,-0.019,-0.6081333333333334,19.29952733053901,-60.03,48.22,-1.0373333333333332,6.657710433942154,-17.03,17.06,-1.232,7.951976232358847,-22.0,16.91,0.9819328253499574,0.03361770119421389,15.0,42.06666666666667,9.735550954155208,29.0,57.0,40.0,28.0,34.0,53.0,19.0,53.0,29.0,-24.0,24.0,3.5714285714285716,10.0,-1.9142857142857137
soli,student1,student1_minimodel,/Users/ianba/Desktop/COSMOS/final project/Cosmos-Gesture-Recognition-/data/processed/student1_minimodel/sessions/student1_soli_001_seg001,30.0,1665917.8333333333,201538.56224687843,1369335.0,2060749.0,1694826.0,1646504.0,-48322.0,6.766666666666667,2.1860669909426123,0.0,0.0,0.0,299.0,299.0,-0.5561638795986622,0.022780982056907494,-0.619,-0.491,0.8018227424749164,0.042835284011646636,0.621,0.935,-0.10126755852842809,0.0433545928377395,-0.269,0.055,0.18434782608695663,16.519741099041216,-65.03,38.36,0.11063545150501682,6.482450241587892,-19.78,15.9,-0.6784615384615387,8.877333334479665,-27.1,23.32,0.9824648268684276,0.038592863548743875,15.0,43.06666666666667,8.119347850893538,29.0,54.0,44.0,25.0,37.0,49.0,12.0,32.0,54.0,22.0,22.0,4.857142857142857,15.0,1.4142857142857126
soli,student1,student1_minimodel,/Users/ianba/Desktop/COSMOS/final project/Cosmos-Gesture-Recognition-/data/processed/student1_minimodel/sessions/student1_soli_001_seg002,30.0,1860203.4,187301.45479531118,1554840.0,2160677.0,1700511.0,1625097.0,-75414.0,7.866666666666666,2.1406125810669763,0.0,0.0,0.0,301.0,301.0,-0.564611295681063,0.014783882936046424,-0.594,-0.494,0.7980232558139534,0.03366607750810502,0.601,0.957,-0.08677408637873754,0.0433876384355705,-0.253,0.07,-0.3641528239202658,14.24978919340139,-56.86,46.42,-0.18418604651162782,5.315786095448422,-10.8,12.63,0.6496013289036544,6.281880115161439,-17.61,18.49,0.9826075527048405,0.029557175157386924,15.0,39.666666666666664,8.482474930843058,28.0,51.0,38.0,23.0,32.5,48.0,15.5,48.0,48.0,0.0,0.0,8.285714285714286,23.0,0.014285714285712956
soli,student1,student1_minimodel,/Users/ianba/Desktop/COSMOS/final project/Cosmos-Gesture-Recognition-/data/processed/student1_minimodel/sessions/student1_soli_001_seg003,30.0,1674366.1333333333,150470.256393245,1470095.0,2011339.0,1598324.0,1579748.0,-18576.0,6.8,2.256841450641434,0.0,0.0,0.0,299.0,299.0,-0.5644749163879599,0.018213575174720144,-0.611,-0.512,0.7965785953177258,0.041545112000537864,0.657,0.914,-0.10187959866220737,0.040459884156110536,-0.226,0.01,0.3082943143812709,15.529934760946851,-52.61,36.71,0.2188628762541807,5.857990972912314,-14.56,17.03,-0.24120401337792635,7.762362966127667,-20.45,20.11,0.9827977960684134,0.03677046768678859,15.0,51.2,6.258708219067939,40.0,60.0,53.0,20.0,46.0,55.5,9.5,55.0,40.0,-15.0,15.0,4.785714285714286,10.0,-0.792857142857142
soli,student1,student1_minimodel,/Users/ianba/Desktop/COSMOS/final project/Cosmos-Gesture-Recognition-/data/processed/student1_minimodel/sessions/student1_soli_001_seg004,30.0,1710516.9666666666,116075.28394752645,1548118.0,1964932.0,1607499.0,1566713.0,-40786.0,10.0,1.7126976771553504,0.0,0.0,0.0,300.0,300.0,-0.5544533333333332,0.018424109808135136,-0.601,-0.506,0.8002166666666667,0.04515945514384433,0.602,0.961,-0.11209000000000001,0.04401812391882841,-0.325,0.012,-0.31743333333333357,19.373567845879315,-84.78,41.51,-0.059599999999999986,6.807607644393146,-15.72,18.98,0.06383333333333316,8.439159573414615,-29.05,17.85,0.9813901375139824,0.038976890464568786,15.0,39.13333333333333,3.5630377622526113,33.0,45.0,39.0,12.0,37.0,41.0,4.0,45.0,33.0,-12.0,12.0,3.142857142857143,9.0,-0.4392857142857143
soli,student1,student1_minimodel,/Users/ianba/Desktop/COSMOS/final project/Cosmos-Gesture-Recognition-/data/processed/student1_minimodel/sessions/student1_soli_001_seg005,30.0,2000514.7,293835.8340930243,1606285.0,2760156.0,1753945.0,1709705.0,-44240.0,8.833333333333334,2.2373098926066444,0.0,0.0,0.0,300.0,300.0,-0.5784433333333333,0.03462321170672773,-0.693,-0.507,0.7853266666666667,0.04657467075090875,0.651,0.909,-0.09326666666666666,0.04169223215686853,-0.201,0.024,0.20393333333333316,14.64026069424843,-48.16,37.45,-0.09050000000000002,7.482953967741171,-14.89,20.02,-1.0749000000000002,7.974110043760369,-21.33,21.85,0.9816705802723016,0.03824153711837732,15.0,48.266666666666666,11.95507463480716,27.0,66.0,48.0,39.0,43.0,60.0,17.0,43.0,43.0,0.0,0.0,11.285714285714286,24.0,-1.5749999999999995
soli,student1,student1_minimodel,/Users/ianba/Desktop/COSMOS/final project/Cosmos-Gesture-Recognition-/data/processed/student1_minimodel/sessions/student1_soli_002_seg000,30.0,1917393.2,134376.00807619392,1683077.0,2187770.0,2094452.0,1869483.0,-224969.0,8.866666666666667,2.1406125810669763,0.0,0.0,0.0,300.0,300.0,-0.5873499999999999,0.02613568760654034,-0.649,-0.516,0.7817966666666666,0.04868006425176075,0.609,1.005,-0.07786666666666667,0.053539601127472816,-0.298,0.035,0.012166666666666496,21.399807856743845,-80.72,43.09,0.0007666666666666799,9.96447481868574,-28.87,26.98,0.2144333333333331,11.57445238498229,-27.31,30.49,0.9829913901162765,0.043548903054732656,15.0,51.53333333333333,5.878127333801212,38.0,58.0,54.0,20.0,50.5,55.0,4.5,51.0,56.0,5.0,5.0,4.642857142857143,16.0,0.5214285714285719
soli,student1,student1_minimodel,/Users/ianba/Desktop/COSMOS/final project/Cosmos-Gesture-Recognition-/data/processed/student1_minimodel/sessions/student1_soli_002_seg001,30.0,2012182.7666666666,112309.82409230975,1738209.0,2179597.0,1844934.0,2149645.0,304711.0,9.266666666666667,1.8427033281447003,0.0,0.0,0.0,300.0,300.0,-0.6081366666666667,0.02131458003860791,-0.655,-0.55,0.7667033333333333,0.04501735208659978,0.594,0.919,-0.06228999999999999,0.044160003396739006,-0.193,0.037,-0.6209333333333334,17.110762903181403,-54.72,41.81,0.03873333333333336,6.142650925744972,-13.52,13.28,-0.36266666666666664,9.708509474796955,-27.89,21.94,0.9820558057398384,0.03926352521968246,15.0,54.6,2.6939084723024385,51.0,59.0,54.0,8.0,53.0,57.0,4.0,56.0,54.0,-2.0,2.0,2.4285714285714284,6.0,-0.42142857142857154
soli,student1,student1_minimodel,/Users/ianba/Desktop/COSMOS/final project/Cosmos-Gesture-Recognition-/data/processed/student1_minimodel/sessions/student1_soli_002_seg002,30.0,1952994.1,217883.90109770998,1620148.0,2271380.0,2230875.0,1992295.0,-238580.0,7.833333333333333,1.8811934746029948,0.0,0.0,0.0,300.0,300.0,-0.62417,0.018057715802393185,-0.658,-0.571,0.7534066666666667,0.03202469810769322,0.598,0.879,-0.06054666666666667,0.038066185636190145,-0.185,0.025,-1.8949333333333334,14.16757517463341,-62.81,32.32,-0.39076666666666665,5.4700930289672,-16.02,15.5,0.21660000000000015,7.647681245972534,-15.72,21.79,0.9812757448294599,0.0278262934899505,15.0,54.46666666666667,2.445598573141631,50.0,59.0,54.0,9.0,53.5,55.0,1.5,53.0,55.0,2.0,2.0,2.7142857142857144,5.0,0.10357142857142962
soli,student1,student1_minimodel,/Users/ianba/Desktop/COSMOS/final project/Cosmos-Gesture-Recognition-/data/processed/student1_minimodel/sessions/student1_soli_002_seg003,30.0,1929701.9333333333,106062.0647796793,1671490.0,2061218.0,1938453.0,1671490.0,-266963.0,8.0,1.983263304085802,0.0,0.0,0.0,300.0,300.0,-0.6415433333333334,0.02242427528867372,-0.702,-0.581,0.7399566666666666,0.04300745813874096,0.602,0.874,-0.03731333333333334,0.0471377607538679,-0.184,0.13,0.36816666666666703,18.096610040895015,-54.96,45.26,0.23623333333333327,6.195861695160371,-19.62,14.83,-0.6732666666666667,10.015323991874762,-30.88,22.77,0.9816374025500803,0.038320619968001,15.0,52.53333333333333,3.563037762252611,46.0,60.0,53.0,14.0,51.0,53.5,2.5,60.0,56.0,-4.0,4.0,3.142857142857143,6.0,-0.33214285714285785
soli,student1,student1_minimodel,/Users/ianba/Desktop/COSMOS/final project/Cosmos-Gesture-Recognition-/data/processed/student1_minimodel/sessions/student1_soli_002_seg004,30.0,1804899.4333333333,128553.51911109067,1548244.0,2084019.0,1882440.0,1712151.0,-170289.0,8.133333333333333,2.9181424837652385,0.0,0.0,0.0,300.0,300.0,-0.6153700000000001,0.04624903350341497,-0.694,-0.517,0.7596700000000001,0.054259755804832006,0.545,0.959,-0.06831333333333334,0.052368837638003346,-0.284,0.057,1.1760333333333333,19.01482291789458,-78.59,43.73,0.2112,7.8635348217791545,-15.56,27.95,2.3261333333333334,12.471653233722554,-27.28,54.41,0.9830960397171647,0.04234646808287086,15.0,47.06666666666667,5.712976040392191,39.0,58.0,47.0,19.0,43.0,50.0,7.0,49.0,44.0,-5.0,5.0,4.214285714285714,13.0,-0.4964285714285735
soli,student1,student1_minimodel,/Users/ianba/Desktop/COSMOS/final project/Cosmos-Gesture-Recognition-/data/processed/student1_minimodel/sessions/student1_soli_002_seg005,30.0,1955590.8333333333,205168.88864397924,1606216.0,2351461.0,1652810.0,1772872.0,120062.0,8.4,1.7625738755203049,0.0,0.0,0.0,300.0,300.0,-0.5638566666666666,0.03209967999148207,-0.612,-0.486,0.7960633333333333,0.028914114008367752,0.712,0.889,-0.08971333333333334,0.042123126928354,-0.217,0.0,0.18893333333333318,13.49896591825545,-35.71,36.62,-0.22389999999999988,6.275720127868461,-11.57,15.72,-1.062466666666667,7.2741327030940415,-21.06,15.96,0.9812879889863374,0.020354590092077546,15.0,44.0,9.673232581274398,24.0,59.0,46.0,35.0,37.5,49.0,11.5,38.0,44.0,6.0,6.0,8.857142857142858,22.0,0.6321428571428571
soli,student1,student1_minimodel,/Users/ianba/Desktop/COSMOS/final project/Cosmos-Gesture-Recognition-/data/processed/student1_minimodel/sessions/student1_soli_003_seg000,30.0,1934415.7666666666,272168.8029256455,1614396.0,2555070.0,2555070.0,1764935.0,-790135.0,7.0,1.6733200530681511,0.0,0.0,0.0,300.0,300.0,-0.49468333333333325,0.02023601712019658,-0.535,-0.446,0.8453633333333334,0.024435179329992427,0.762,0.997,-0.04778333333333334,0.03574441292783469,-0.185,0.064,-1.094766666666667,11.915874353660424,-32.87,34.85,0.1303333333333333,3.728134281677931,-9.13,10.9,0.09803333333333361,6.139597255973355,-16.63,14.92,0.9815388275645827,0.022355759507215092,15.0,50.6,2.3237900077244498,46.0,54.0,51.0,8.0,49.0,52.5,3.5,50.0,49.0,-1.0,1.0,2.2142857142857144,7.0,-0.03214285714285807
soli,student1,student1_minimodel,/Users/ianba/Desktop/COSMOS/final project/Cosmos-Gesture-Recognition-/data/processed/student1_minimodel/sessions/student1_soli_003_seg001,30.0,1739312.4,78631.7853138284,1591096.0,1875418.0,1746248.0,1591096.0,-155152.0,6.433333333333334,1.9779338265529063,0.0,0.0,0.0,300.0,300.0,-0.5087366666666666,0.02361399279146913,-0.565,-0.455,0.8386033333333334,0.036127542432640256,0.705,1.002,-0.02845,0.03917925684168431,-0.169,0.073,0.7695999999999998,16.207932065504224,-58.72,39.49,-0.38089999999999996,5.237745970994266,-11.57,15.29,-1.4584333333333337,9.219095646838445,-23.41,32.53,0.9823748421551659,0.03486334513419449,15.0,51.733333333333334,2.1865389045137933,47.0,56.0,52.0,9.0,51.0,53.0,2.0,53.0,49.0,-4.0,4.0,2.5714285714285716,7.0,-0.08214285714285564
soli,student1,student1_minimodel,/Users/ianba/Desktop/COSMOS/final project/Cosmos-Gesture-Recognition-/data/processed/student1_minimodel/sessions/student1_soli_003_seg002,30.0,1636368.4,91179.68933982319,1508117.0,1946986.0,1643651.0,1803607.0,159956.0,7.4,1.518771433319269,0.0,0.0,0.0,300.0,300.0,-0.4991466666666667,0.051858832313202825,-0.572,-0.347,0.8379833333333333,0.05027507389905613,0.661,1.003,-0.02494666666666667,0.058700515235293196,-0.212,0.115,-0.27660000000000007,20.888749470468543,-69.4,79.47,0.19673333333333326,8.62981282119658,-26.37,22.46,2.0913333333333335,14.634416793602979,-30.43,57.53,0.9788845889123183,0.049329824548250405,15.0,52.0,2.2038926600773587,46.0,54.0,53.0,8.0,51.0,53.5,2.5,53.0,50.0,-3.0,3.0,2.2142857142857144,7.0,-0.2142857142857145
soli,student1,student1_minimodel,/Users/ianba/Desktop/COSMOS/final project/Cosmos-Gesture-Recognition-/data/processed/student1_minimodel/sessions/student1_soli_003_seg003,30.0,1941296.1,202030.01133698758,1647398.0,2410706.0,1867514.0,1987570.0,120056.0,6.933333333333334,2.1123972690339814,0.0,0.0,0.0,300.0,300.0,-0.5203500000000001,0.024233327602016762,-0.562,-0.429,0.8332766666666666,0.028632850403377975,0.716,0.97,-0.029623333333333328,0.044896044245444265,-0.151,0.062,-0.17880000000000007,13.69305852953727,-36.35,35.62,0.08770000000000001,7.443006720629327,-17.58,15.66,-1.1233666666666664,8.490541973212833,-27.04,16.82,0.9842671349100507,0.025152013888098148,14.0,49.642857142857146,5.343682724015812,39.0,56.0,51.0,17.0,44.75,53.75,9.0,44.0,39.0,-5.0,5.0,3.3076923076923075,11.0,0.39780219780219805
soli,student1,student1_minimodel,/Users/ianba/Desktop/COSMOS/final project/Cosmos-Gesture-Recognition-/data/processed/student1_minimodel/sessions/student1_soli_003_seg004,30.0,2080006.0666666667,187525.86983008208,1759535.0,2396544.0,2334702.0,1956478.0,-378224.0,8.566666666666666,1.8917951498216947,0.0,0.0,0.0,300.0,300.0,-0.51993,0.024256788053381412,-0.577,-0.446,0.8299233333333333,0.052274698681314485,0.574,1.09,-0.012260000000000004,0.05345508145474416,-0.22,0.148,-0.6142,21.76070969339006,-96.87,47.79,-0.11586666666666647,8.309378692109831,-26.28,21.49,-0.4752666666666666,9.976556433069591,-28.02,29.11,0.9813770224494534,0.04824803769666481,15.0,43.86666666666667,2.356349072692956,40.0,47.0,44.0,7.0,42.0,46.0,4.0,40.0,41.0,1.0,1.0,1.9285714285714286,4.0,0.14285714285714318
soli,student1,student1_minimodel,/Users/ianba/Desktop/COSMOS/final project/Cosmos-Gesture-Recognition-/data/processed/student1_minimodel/sessions/student1_soli_003_seg005,30.0,1909406.3666666667,90136.30239752954,1758489.0,2084954.0,1966400.0,1758489.0,-207911.0,7.2,1.1944315244779276,0.0,0.0,0.0,300.0,300.0,-0.5514366666666666,0.020474357675449098,-0.591,-0.477,0.8104633333333333,0.04257223651891243,0.631,1.022,0.0005266666666666679,0.04767133263876264,-0.178,0.189,-1.4790000000000005,18.49021823379414,-60.98,46.27,0.5923666666666668,6.970466751389194,-23.16,16.45,-0.6652999999999999,7.287937585032774,-25.33,19.38,0.9818164571826954,0.038393806860229515,15.0,43.6,2.7202941017470885,40.0,49.0,43.0,9.0,42.0,45.5,3.5,42.0,49.0,7.0,7.0,2.642857142857143,5.0,0.1928571428571419
soli,student1,student1_minimodel,/Users/ianba/Desktop/COSMOS/final project/Cosmos-Gesture-Recognition-/data/processed/student1_minimodel/sessions/student1_soli_004_seg000,30.0,2067160.7666666666,236440.56955532302,1623538.0,2385258.0,2252247.0,2195135.0,-57112.0,6.4,1.4966629547095767,0.0,0.0,0.0,300.0,300.0,-0.5330333333333334,0.02139358678565976,-0.589,-0.48,0.8231499999999999,0.050364744613667994,0.631,1.022,-0.01964333333333333,0.05407528198929916,-0.199,0.128,0.47589999999999993,21.373381533814438,-88.66,37.29,-0.5894333333333333,5.77532660076948,-24.45,15.2,0.32896666666666674,8.817959019271724,-24.78,22.71,0.9827938109012685,0.04605509657820789,15.0,43.266666666666666,2.9390636669006063,38.0,48.0,43.0,10.0,42.0,45.5,3.5,45.0,42.0,-3.0,3.0,3.5,10.0,-0.11428571428571421
soli,student1,student1_minimodel,/Users/ianba/Desktop/COSMOS/final project/Cosmos-Gesture-Recognition-/data/processed/student1_minimodel/sessions/student1_soli_004_seg001,30.0,2107146.466666667,137285.4700201332,1788953.0,2251909.0,2189863.0,2191147.0,1284.0,6.933333333333334,1.4817407180595248,0.0,0.0,0.0,299.0,299.0,-0.53361872909699,0.019821826346797574,-0.593,-0.477,0.8224749163879598,0.04635628208999353,0.668,1.046,-0.018207357859531776,0.04788717033805243,-0.186,0.113,-0.1702675585284278,18.124069583186103,-57.31,48.71,-0.24986622073578585,5.218262564891684,-14.68,15.56,0.2685953177257525,7.622345606302424,-23.01,16.63,0.9820783469216579,0.043618290776143494,15.0,44.93333333333333,2.433887738538802,39.0,48.0,46.0,9.0,44.0,46.5,2.5,47.0,47.0,0.0,0.0,2.857142857142857,8.0,0.15357142857142783
soli,student1,student1_minimodel,/Users/ianba/Desktop/COSMOS/final project/Cosmos-Gesture-Recognition-/data/processed/student1_minimodel/sessions/student1_soli_004_seg002,30.0,1922614.4666666666,154905.84586875845,1661006.0,2261424.0,2163255.0,1862220.0,-301035.0,6.0,1.7511900715418263,0.0,0.0,0.0,301.0,301.0,-0.5138671096345515,0.024363981665754954,-0.554,-0.446,0.833139534883721,0.0232876094936738,0.73,0.928,-0.04639867109634552,0.042150661568464906,-0.129,0.043,0.8214285714285714,11.238683534726619,-25.48,27.95,-0.5369767441860466,2.9297633780369376,-10.62,7.17,0.1894352159468438,5.64623839265283,-17.88,11.84,0.9812314106828294,0.02076634172213356,15.0,43.2,1.7808505191139907,41.0,47.0,43.0,6.0,42.0,43.5,1.5,42.0,42.0,0.0,0.0,1.8571428571428572,4.0,-0.10357142857142852
soli,student1,student1_minimodel,/Users/ianba/Desktop/COSMOS/final project/Cosmos-Gesture-Recognition-/data/processed/student1_minimodel/sessions/student1_soli_004_seg003,30.0,1822341.9666666666,164079.06373625356,1564421.0,2257111.0,1831589.0,2257111.0,425522.0,4.733333333333333,1.2092238098144703,0.0,0.0,0.0,300.0,300.0,-0.5587366666666665,0.025875741320566796,-0.604,-0.471,0.8041466666666667,0.0321700454184047,0.652,1.008,-0.03172,0.04095877927868457,-0.22,0.071,-0.8522666666666662,12.525271555095678,-40.07,32.5,-0.11879999999999996,4.357167951777852,-11.96,9.16,-0.6248666666666668,6.388949651459846,-20.36,14.53,0.9810346913633271,0.028243660202983488,15.0,42.8,2.1111946516469904,40.0,47.0,42.0,7.0,41.0,43.5,2.5,41.0,43.0,2.0,2.0,2.142857142857143,6.0,0.20357142857142882
soli,student1,student1_minimodel,/Users/ianba/Desktop/COSMOS/final project/Cosmos-Gesture-Recognition-/data/processed/student1_minimodel/sessions/student1_soli_004_seg004,30.0,2234959.2,199529.4036992042,1847839.0,2578306.0,2451607.0,2459166.0,7559.0,5.7,1.6360521589077368,0.0,0.0,0.0,300.0,300.0,-0.5656866666666667,0.024272243864591935,-0.628,-0.444,0.7990133333333334,0.03442663439192909,0.596,1.059,-0.038783333333333336,0.04603306480732687,-0.249,0.129,-0.8130666666666662,12.658158762719886,-36.13,36.84,0.5856,3.9513372386235694,-8.94,15.44,0.5601666666666667,6.328377277961723,-17.43,25.88,0.9812912557736596,0.02981120609470277,15.0,41.13333333333333,3.0205644379502194,36.0,45.0,41.0,9.0,39.0,44.0,5.0,45.0,41.0,-4.0,4.0,1.4285714285714286,6.0,-0.4785714285714295
soli,student1,student1_minimodel,/Users/ianba/Desktop/COSMOS/final project/Cosmos-Gesture-Recognition-/data/processed/student1_minimodel/sessions/student1_soli_004_seg005,30.0,2089442.3666666667,233608.08391727135,1694207.0,2533860.0,2329735.0,1865917.0,-463818.0,7.366666666666666,2.0572365498945966,0.0,0.0,0.0,300.0,300.0,-0.5650933333333334,0.023485838759180415,-0.621,-0.516,0.8008266666666667,0.0245711881863472,0.681,0.92,-0.039299999999999995,0.03133374113209805,-0.166,0.05,0.13883333333333306,11.088217754545688,-24.87,40.62,0.21453333333333324,4.448920930842545,-10.68,9.37,-1.0750666666666666,6.941328618899667,-18.25,24.38,0.9818213145286265,0.01903557206774068,15.0,41.06666666666667,2.840187787218772,37.0,47.0,42.0,10.0,39.0,42.5,3.5,39.0,47.0,8.0,8.0,2.142857142857143,6.0,-4.64494951776251e-16
fist_open,student1,student1_minimodel,/Users/ianba/Desktop/COSMOS/final project/Cosmos-Gesture-Recognition-/data/processed/student1_minimodel/sessions/student1_fist_open_001,40.0,1844819.9,256404.92457359316,1504287.0,2513205.0,2263906.0,1713206.0,-550700.0,9.825,2.234809835310378,0.0,0.0,0.0,402.0,402.0,0.869952736318408,0.025875135589331577,0.77,0.949,0.36396268656716413,0.0400176714789017,0.273,0.609,0.3115223880597015,0.06621858681720953,0.023,0.59,1.265547263681592,10.023042473315948,-20.42,40.74,-0.6827860696517415,12.480634718798742,-60.24,37.48,1.0162437810945275,7.496242413281486,-11.96,40.47,0.9958378950653779,0.03599338227615999,20.0,57.2,2.627786741327145,53.0,62.0,57.5,9.0,55.0,58.5,3.5,62.0,58.0,-4.0,4.0,3.263157894736842,7.0,-0.04060150375939879
fist_open,student1,student1_minimodel,/Users/ianba/Desktop/COSMOS/final project/Cosmos-Gesture-Recognition-/data/processed/student1_minimodel/sessions/student1_fist_open_002,41.0,1861719.6097560977,65168.87466734934,1754506.0,2001519.0,1835795.0,1863288.0,27493.0,16.463414634146343,2.6235105969804597,0.0,0.0,0.0,402.0,402.0,0.9647189054726368,0.010429965002160294,0.917,0.987,0.23354726368159204,0.02013570885565062,0.193,0.294,0.09431592039800994,0.01482928376519542,0.034,0.142,0.1493781094527363,1.8771797575373192,-7.84,8.03,-0.33487562189054726,2.7130358075388163,-14.13,6.13,0.5687064676616915,2.323170401592141,-4.73,8.15,0.997374469657573,0.010034423916418938,21.0,71.19047619047619,3.6690468465126957,64.0,79.0,72.0,15.0,70.0,73.0,3.0,72.0,64.0,-8.0,8.0,3.5,9.0,-0.14935064935064984
fist_open,student1,student1_minimodel,/Users/ianba/Desktop/COSMOS/final project/Cosmos-Gesture-Recognition-/data/processed/student1_minimodel/sessions/student1_fist_open_003,40.0,1764590.7,62034.45496423742,1645422.0,1896485.0,1847111.0,1704770.0,-142341.0,12.8,1.8466185312619385,0.0,0.0,0.0,402.0,402.0,0.9433258706467661,0.02198316355676239,0.866,1.005,0.24650248756218904,0.023294913154735333,0.174,0.339,0.19776368159203978,0.061396731032447936,0.05,0.302,1.2053980099502488,4.301575780434643,-10.86,18.52,-2.002910447761194,6.398764552470308,-32.72,11.9,0.9945771144278607,3.6100030243883685,-5.71,20.81,0.9971522732444726,0.014848008835046837,20.0,80.45,1.4680814547887784,78.0,83.0,80.5,5.0,79.0,81.25,2.25,81.0,79.0,-2.0,2.0,1.4736842105263157,4.0,0.00827067669172934
fist_open,student1,student1_minimodel,/Users/ianba/Desktop/COSMOS/final project/Cosmos-Gesture-Recognition-/data/processed/student1_minimodel/sessions/student1_fist_open_004,40.0,1821163.475,113299.61083141183,1621070.0,2046872.0,2035912.0,1842159.0,-193753.0,12.825,1.8559027452967467,0.0,0.0,0.0,402.0,402.0,0.9458781094527363,0.018323721634408305,0.893,0.998,0.23129104477611945,0.02567036290636079,0.159,0.301,0.21041293532338312,0.0364026491824878,0.118,0.31,0.4044029850746269,3.9561357681091383,-11.38,15.26,-1.2670398009950246,4.93954687464084,-20.05,13.46,0.8042537313432836,3.544313231625996,-9.31,14.89,0.9972783520301561,0.014502290602257897,20.0,81.15,2.300457620378584,77.0,84.0,81.0,7.0,79.0,83.25,4.25,79.0,84.0,5.0,5.0,1.9473684210526316,5.0,0.09248120300751574
palm_up_down,student1,student1_minimodel,/Users/ianba/Desktop/COSMOS/final project/Cosmos-Gesture-Recognition-/data/processed/student1_minimodel/sessions/student1_palm_up_down_001_seg000,30.0,1992506.6,139985.77900358307,1700243.0,2320769.0,1918426.0,1995608.0,77182.0,16.1,2.2561028345356955,0.0,0.0,0.0,300.0,300.0,0.2781233333333334,0.6793192583674402,-0.87,0.974,0.33739,0.10712739098848623,-0.06,0.56,0.3972433333333333,0.47779581146715333,-0.506,1.304,5.582999999999999,37.82330279514645,-144.26,114.47,38.08756666666666,194.4517754810831,-295.18,555.68,2.0183,31.060345267076475,-68.79,115.48,1.0135452220062002,0.1515015498767881,15.0,55.666666666666664,2.2253945610567474,51.0,58.0,56.0,7.0,54.5,57.5,3.0,58.0,55.0,-3.0,3.0,1.9285714285714286,4.0,0.23928571428571557
palm_up_down,student1,student1_minimodel,/Users/ianba/Desktop/COSMOS/final project/Cosmos-Gesture-Recognition-/data/processed/student1_minimodel/sessions/student1_palm_up_down_001_seg001,30.0,2006695.3333333333,203944.2469435104,1639782.0,2443286.0,1758331.0,2443286.0,684955.0,16.033333333333335,2.272785857830771,0.0,0.0,0.0,300.0,300.0,-0.18250999999999995,0.6709161720364177,-0.958,0.914,0.29469999999999996,0.12860029808156226,-0.173,0.565,0.5359566666666666,0.4453928694110652,-0.558,1.191,-0.8401333333333324,25.586406494768966,-95.43,71.41,-14.50526666666666,188.96656631512593,-342.23,555.86,-0.13826666666666634,24.862393415133806,-50.6,88.35,1.0224628178856217,0.16437359695135637,15.0,54.06666666666667,3.899938949461108,46.0,59.0,55.0,13.0,52.5,56.5,4.0,54.0,48.0,-6.0,6.0,2.2857142857142856,6.0,-0.503571428571428
palm_up_down,student1,student1_minimodel,/Users/ianba/Desktop/COSMOS/final project/Cosmos-Gesture-Recognition-/data/processed/student1_minimodel/sessions/student1_palm_up_down_001_seg002,30.0,2142581.2666666666,194146.78928205042,1781084.0,2591496.0,2294175.0,1897951.0,-396224.0,15.9,2.5865034312755126,0.0,0.0,0.0,299.0,299.0,0.20948829431438126,0.7236877749985658,-1.134,0.995,0.209685618729097,0.19574263397734729,-0.288,0.67,0.43057859531772574,0.46929574684134745,-0.494,1.34,4.706889632107022,44.42862093160376,-139.01,90.73,16.56642140468228,215.9260928608758,-329.05,576.65,-12.975719063545151,36.64648019620129,-127.75,113.07,1.0098193459230334,0.18919273755633143,15.0,54.333333333333336,2.9439202887759492,49.0,59.0,54.0,10.0,52.5,57.0,4.5,56.0,58.0,2.0,2.0,2.2857142857142856,6.0,-0.2857142857142861
palm_up_down,student1,student1_minimodel,/Users/ianba/Desktop/COSMOS/final project/Cosmos-Gesture-Recognition-/data/processed/student1_minimodel/sessions/student1_palm_up_down_001_seg003,30.0,2078855.1,212057.8103836074,1830702.0,2610580.0,1830702.0,1881763.0,51061.0,13.733333333333333,1.8427033281447003,0.0,0.0,0.0,301.0,301.0,0.14167441860465116,0.5951614876000768,-0.749,0.896,0.18810963455149501,0.21009837422192731,-0.211,0.649,0.6622691029900332,0.3494118513578139,-0.104,1.326,3.2962126245847148,50.58668496047491,-190.31,81.18,-33.14850498338871,134.9882850783584,-250.68,341.01,-2.617475083056479,24.836820036091435,-71.57,64.24,1.0013976240446045,0.10819983305641473,15.0,56.2,3.4267852490135917,49.0,62.0,56.0,13.0,54.5,58.5,4.0,53.0,62.0,9.0,9.0,2.7857142857142856,7.0,0.5964285714285689
palm_up_down,student1,student1_minimodel,/Users/ianba/Desktop/COSMOS/final project/Cosmos-Gesture-Recognition-/data/processed/student1_minimodel/sessions/student1_palm_up_down_001_seg004,30.0,2047363.0,201553.5084988599,1736132.0,2533610.0,1850235.0,2234250.0,384015.0,13.533333333333333,3.537733109712426,0.0,0.0,0.0,300.0,300.0,0.24714,0.5872376637557688,-0.739,0.923,0.32281666666666664,0.22354646732962602,-0.28,0.601,0.5679199999999999,0.3298861929009255,-0.171,1.272,1.7926000000000015,46.575257808268404,-191.02,72.45,26.672666666666668,148.79132997889658,-180.64,459.43,1.8150666666666666,26.485198916795436,-56.46,97.14,0.9854193932657384,0.14288639791497834,15.0,57.733333333333334,5.762770497731435,46.0,65.0,59.0,19.0,55.5,62.0,6.5,62.0,46.0,-16.0,16.0,2.5714285714285716,9.0,-0.9928571428571438
palm_up_down,student1,student1_minimodel,/Users/ianba/Desktop/COSMOS/final project/Cosmos-Gesture-Recognition-/data/processed/student1_minimodel/sessions/student1_palm_up_down_001_seg005,30.0,2020166.9,131036.17063145834,1792414.0,2308110.0,1956255.0,2000597.0,44342.0,13.6,3.2310988842807027,0.0,0.0,0.0,300.0,300.0,-0.10003666666666665,0.6401776383595069,-0.957,0.894,0.25423666666666667,0.15058627866516333,-0.208,0.533,0.6919833333333334,0.32025825472924535,-0.058,1.359,2.438633333333333,41.13616576443275,-193.24,68.94,4.550666666666663,142.18202541656086,-200.78,529.8,4.191366666666667,21.050932531970062,-57.44,86.55,1.0315020070324579,0.15670719879660241,15.0,64.26666666666667,9.129752513205435,46.0,76.0,64.0,30.0,61.0,72.5,11.5,46.0,73.0,27.0,27.0,5.357142857142857,15.0,1.671428571428569
palm_up_down,student1,student1_minimodel,/Users/ianba/Desktop/COSMOS/final project/Cosmos-Gesture-Recognition-/data/processed/student1_minimodel/sessions/student1_palm_up_down_002_seg000,30.0,1977856.3,86115.28016372395,1799396.0,2175593.0,1799396.0,1979307.0,179911.0,13.966666666666667,2.509758731210809,0.0,0.0,0.0,299.0,299.0,0.05342809364548498,0.5614095411757104,-0.622,0.87,0.1943846153846154,0.2039048303258244,-0.129,0.569,0.7485083612040134,0.30612751583312003,-0.052,1.398,0.24551839464883046,34.6030633512864,-91.49,57.77,-4.372107023411372,109.11534039234986,-197.79,361.06,-1.0942140468227428,21.660810989976383,-33.69,74.01,1.018940257325582,0.11461835536201087,15.0,62.86666666666667,9.395034149308168,42.0,75.0,65.0,33.0,62.0,69.0,7.0,64.0,42.0,-22.0,22.0,5.857142857142857,12.0,-1.5285714285714331
palm_up_down,student1,student1_minimodel,/Users/ianba/Desktop/COSMOS/final project/Cosmos-Gesture-Recognition-/data/processed/student1_minimodel/sessions/student1_palm_up_down_002_seg001,30.0,2109124.2,233437.31288041046,1825998.0,2973459.0,2288407.0,2268700.0,-19707.0,14.166666666666666,2.1921577396609844,0.0,0.0,0.0,300.0,300.0,0.14502666666666666,0.5885168697289446,-1.107,0.947,0.19594999999999999,0.14921349637348494,-0.319,0.513,0.71342,0.3673582405953803,-0.265,1.548,3.778933333333333,41.1364466970863,-133.21,107.7,-21.611200000000004,224.39891955449934,-454.54,644.15,-2.665333333333333,43.472967909827474,-132.24,166.78,1.013519117417191,0.21153033343521235,15.0,72.53333333333333,10.439394253545194,61.0,92.0,69.0,31.0,65.0,80.0,15.0,66.0,67.0,1.0,1.0,6.357142857142857,17.0,-1.3214285714285732
palm_up_down,student1,student1_minimodel,/Users/ianba/Desktop/COSMOS/final project/Cosmos-Gesture-Recognition-/data/processed/student1_minimodel/sessions/student1_palm_up_down_002_seg002,30.0,2075115.2666666666,163043.18048049588,1844249.0,2412808.0,1931541.0,2365520.0,433979.0,17.1,3.4961884007206097,0.0,0.0,0.0,300.0,300.0,0.20785666666666666,0.6267832183370011,-0.9,0.971,0.18941333333333332,0.17074271821141368,-0.34,0.511,0.5899199999999999,0.48160723997880267,-0.292,1.286,2.4904000000000006,44.95940576979787,-153.97,79.2,-6.582366666666674,212.1538854795395,-345.32,605.76,1.8251666666666666,34.413134541512235,-58.57,113.71,1.0159627837923781,0.22104941819008425,15.0,64.53333333333333,4.778921974472405,57.0,75.0,64.0,18.0,61.5,67.5,6.0,66.0,58.0,-8.0,8.0,5.0,10.0,-0.5857142857142873
palm_up_down,student1,student1_minimodel,/Users/ianba/Desktop/COSMOS/final project/Cosmos-Gesture-Recognition-/data/processed/student1_minimodel/sessions/student1_palm_up_down_002_seg003,30.0,2111412.2666666666,181636.41108432953,1784281.0,2421437.0,1872256.0,1917196.0,44940.0,17.066666666666666,2.7438820836342237,0.0,0.0,0.0,300.0,300.0,0.28032999999999997,0.5926995706932813,-1.066,0.946,0.25973,0.1940565135040134,-0.364,0.59,0.5150133333333333,0.5678562727388762,-0.338,1.656,0.16940000000000055,55.684793953466325,-158.85,116.76,0.8191000000000046,201.98346061874307,-397.41,645.1,-2.875033333333334,35.20083183201152,-68.91,121.43,1.0198337484739386,0.28746112573168686,15.0,59.4,3.2026774513120824,54.0,65.0,59.0,11.0,57.0,60.5,3.5,56.0,64.0,8.0,8.0,3.5714285714285716,9.0,0.18571428571428306
palm_up_down,student1,student1_minimodel,/Users/ianba/Desktop/COSMOS/final project/Cosmos-Gesture-Recognition-/data/processed/student1_minimodel/sessions/student1_palm_up_down_002_seg004,30.0,2097666.566666667,152238.38866783533,1846506.0,2407348.0,2059725.0,2179598.0,119873.0,16.966666666666665,2.359142970562733,0.0,0.0,0.0,300.0,300.0,0.14784666666666668,0.6720321493963084,-1.414,0.92,0.20348000000000002,0.1940195941994863,-0.573,0.643,0.6380633333333333,0.40420203610185945,-0.128,1.739,-8.186666666666667,45.39953928792181,-132.97,106.33,32.0768,243.6193876817415,-567.25,646.75,6.972733333333332,42.28673456135177,-103.09,134.5,1.0252924053437187,0.2679797508727576,15.0,49.733333333333334,12.423863366617526,34.0,69.0,50.0,35.0,37.0,60.0,23.0,65.0,39.0,-26.0,26.0,6.571428571428571,18.0,-2.007142857142857
palm_up_down,student1,student1_minimodel,/Users/ianba/Desktop/COSMOS/final project/Cosmos-Gesture-Recognition-/data/processed/student1_minimodel/sessions/student1_palm_up_down_002_seg005,30.0,2051868.0333333334,118248.97177100058,1809858.0,2348994.0,2057103.0,2019617.0,-37486.0,17.433333333333334,2.6417586734766085,0.0,0.0,0.0,300.0,300.0,-0.08611666666666665,0.5873932382900648,-1.058,1.171,0.08132333333333333,0.13063692225230797,-0.327,0.564,0.78961,0.20711699889997762,0.262,1.126,-5.564299999999999,34.49138712553227,-116.0,78.22,-26.914666666666665,160.49779222019086,-301.49,493.06,0.12720000000000103,29.323534600953774,-88.14,84.93,1.013762376870067,0.12162908058006575,15.0,29.933333333333334,23.260839767013284,2.0,64.0,17.0,62.0,9.0,55.5,46.5,17.0,56.0,39.0,39.0,7.357142857142857,24.0,4.428571428571427
palm_up_down,student1,student1_minimodel,/Users/ianba/Desktop/COSMOS/final project/Cosmos-Gesture-Recognition-/data/processed/student1_minimodel/sessions/student1_palm_up_down_003_seg000,30.0,1981959.8,135703.6256153829,1767924.0,2245707.0,1843006.0,2040015.0,197009.0,16.533333333333335,3.333999933346663,0.0,0.0,0.0,300.0,300.0,0.17064666666666667,0.6438969962829632,-1.004,1.057,0.12343333333333334,0.14144110277976327,-0.267,0.413,0.6575666666666666,0.4047557686089504,-0.032,1.284,9.415366666666666,45.94386904545105,-117.07,115.42,-19.84806666666667,209.6445142718078,-348.86,538.71,-1.6927999999999994,27.363498889822793,-60.52,57.68,1.020953295462232,0.18121954038718174,15.0,62.266666666666666,2.5203930154602774,59.0,67.0,63.0,8.0,60.0,64.0,4.0,59.0,63.0,4.0,4.0,1.8571428571428572,4.0,0.38928571428571396
palm_up_down,student1,student1_minimodel,/Users/ianba/Desktop/COSMOS/final project/Cosmos-Gesture-Recognition-/data/processed/student1_minimodel/sessions/student1_palm_up_down_003_seg001,30.0,2169033.066666667,141335.31599283867,1951343.0,2432208.0,2381139.0,1985735.0,-395404.0,18.433333333333334,1.5423647068345698,0.0,0.0,0.0,300.0,300.0,0.29208666666666666,0.6080898336777406,-0.841,1.008,0.16794,0.14452922334254756,-0.275,0.399,0.6349133333333334,0.38713497967619626,-0.042,1.452,5.541033333333332,50.018448729099504,-145.63,128.76,-13.019499999999995,196.72861421786953,-402.81,585.65,2.6925,16.81948041458673,-54.17,50.02,1.0076497945108815,0.20447672635823008,15.0,62.4,1.9566735620873061,60.0,66.0,62.0,6.0,61.0,64.0,3.0,62.0,61.0,-1.0,1.0,1.7857142857142858,6.0,-0.1821428571428577
palm_up_down,student1,student1_minimodel,/Users/ianba/Desktop/COSMOS/final project/Cosmos-Gesture-Recognition-/data/processed/student1_minimodel/sessions/student1_palm_up_down_003_seg002,30.0,2089628.8333333333,184764.28644412197,1801835.0,2471414.0,1909749.0,2471414.0,561665.0,15.866666666666667,2.539466260632121,0.0,0.0,0.0,300.0,300.0,0.1420566666666667,0.6962913998144423,-1.711,1.047,0.1654,0.24727769814522294,-0.44,0.716,0.5961799999999999,0.5489446975181865,-0.562,1.699,0.7769333333333331,85.14297435448735,-239.57,239.75,0.058699999999995874,293.19098880646044,-734.76,851.13,-14.960666666666667,44.99034040275263,-143.07,135.44,1.0655955484990167,0.33879526317883046,15.0,62.06666666666667,3.0581662728473336,56.0,69.0,62.0,13.0,61.0,63.5,2.5,64.0,69.0,5.0,5.0,2.9285714285714284,8.0,0.17500000000000038
palm_up_down,student1,student1_minimodel,/Users/ianba/Desktop/COSMOS/final project/Cosmos-Gesture-Recognition-/data/processed/student1_minimodel/sessions/student1_palm_up_down_003_seg003,30.0,2046933.0333333334,173257.29708432357,1842873.0,2538136.0,2034522.0,2122567.0,88045.0,13.933333333333334,1.9136933459209764,0.0,0.0,0.0,300.0,300.0,-0.02644666666666668,0.8629970918194851,-2.682,0.955,0.25512333333333337,0.32538405224527456,-1.136,0.796,0.48461666666666675,0.6793801167649489,-1.142,2.33,-13.459699999999998,123.0938393512987,-527.91,225.62,-0.5087666666666686,341.62098455375786,-805.9,1000.0,-3.9253000000000013,43.08284640368291,-85.24,138.1,1.1650047795578324,0.5055696031283977,15.0,63.8,4.916444708468568,54.0,72.0,64.0,18.0,62.0,67.0,5.0,68.0,62.0,-6.0,6.0,4.0,13.0,-0.4178571428571417
palm_up_down,student1,student1_minimodel,/Users/ianba/Desktop/COSMOS/final project/Cosmos-Gesture-Recognition-/data/processed/student1_minimodel/sessions/student1_palm_up_down_003_seg004,30.0,2302287.5,237721.22884655604,1883494.0,2780481.0,2460817.0,1895532.0,-565285.0,13.0,2.594866727470475,0.0,0.0,0.0,300.0,300.0,0.33355,0.4996706456924067,-1.069,0.98,0.3205933333333334,0.2770946191385816,-0.442,0.768,0.6254033333333333,0.39282828393021235,-0.112,1.725,-5.946300000000001,59.963718546940264,-230.63,105.53,32.0979,153.2065697827283,-192.36,648.7,3.8491999999999993,24.683268611753995,-42.85,60.55,1.017097390273059,0.22681304790450907,15.0,61.733333333333334,6.238894896038042,50.0,72.0,62.0,22.0,57.5,66.0,8.5,60.0,62.0,2.0,2.0,4.285714285714286,13.0,-0.22857142857142915
palm_up_down,student1,student1_minimodel,/Users/ianba/Desktop/COSMOS/final project/Cosmos-Gesture-Recognition-/data/processed/student1_minimodel/sessions/student1_palm_up_down_003_seg005,30.0,1838970.7666666666,106958.48244768726,1694713.0,2126251.0,1846833.0,2011252.0,164419.0,12.766666666666667,2.6291105382281326,0.0,0.0,0.0,300.0,300.0,0.27942,0.5871044344350784,-0.941,1.035,0.22659666666666667,0.18340276439816516,-0.112,0.541,0.5501666666666666,0.4839399331413858,-0.263,1.458,0.8057333333333296,65.66612645138198,-173.5,264.41,2.3685333333333256,193.27756462623614,-428.94,432.78,-3.3537000000000003,26.485255608419816,-61.95,56.83,1.0086789821683193,0.16491727501553602,15.0,77.33333333333333,18.7451581049868,46.0,108.0,72.0,62.0,64.0,94.0,30.0,67.0,61.0,-6.0,6.0,16.571428571428573,62.0,0.19642857142857056
palm_up_down,student1,student1_minimodel,/Users/ianba/Desktop/COSMOS/final project/Cosmos-Gesture-Recognition-/data/processed/student1_minimodel/sessions/student1_palm_up_down_004_seg000,30.0,1949324.7,88048.74948843206,1752543.0,2179428.0,1855028.0,1930624.0,75596.0,13.5,2.0124611797498106,0.0,0.0,0.0,301.0,301.0,0.20286378737541527,0.5693074168974905,-0.852,0.953,0.27335548172757473,0.25267100037416945,-0.301,0.68,0.5988338870431894,0.4295940511907092,-0.241,1.313,-0.2854817275747509,82.77567451379132,-229.44,165.44,-3.911893687707639,173.6154106677483,-316.69,466.69,-4.690332225913621,20.5986498095386,-53.19,37.08,1.0055495375630474,0.1893507475027005,13.0,66.38461538461539,5.362500373558053,57.0,73.0,65.0,16.0,64.0,72.0,8.0,72.0,72.0,0.0,0.0,6.5,16.0,0.20879120879120933
palm_up_down,student1,student1_minimodel,/Users/ianba/Desktop/COSMOS/final project/Cosmos-Gesture-Recognition-/data/processed/student1_minimodel/sessions/student1_palm_up_down_004_seg001,30.0,1896372.6,137291.17188190456,1618859.0,2238976.0,1996783.0,1840442.0,-156341.0,12.4,3.7558842722675396,0.0,0.0,0.0,299.0,299.0,0.26289297658862876,0.6072653670383182,-1.207,0.976,0.2553913043478261,0.2162639383440165,-0.356,0.612,0.5857458193979932,0.43068648896869455,-0.123,1.698,2.501036789297659,72.50546473185263,-232.06,113.9,-9.503678929765881,195.14778536008828,-277.57,590.26,3.336588628762542,19.460062276725925,-73.06,48.74,1.012016628011541,0.23300239024293068,15.0,81.8,27.913642337957768,62.0,149.0,70.0,87.0,66.5,79.0,12.5,70.0,101.0,31.0,31.0,22.071428571428573,82.0,3.9964285714285688
palm_up_down,student1,student1_minimodel,/Users/ianba/Desktop/COSMOS/final project/Cosmos-Gesture-Recognition-/data/processed/student1_minimodel/sessions/student1_palm_up_down_004_seg002,30.0,1931410.6666666667,195853.93966752084,1714816.0,2633894.0,1894929.0,1839433.0,-55496.0,12.066666666666666,3.0976693747970514,0.0,0.0,0.0,300.0,300.0,0.23423000000000002,0.5413239052853045,-0.947,0.952,0.3349,0.21808939298675975,-0.196,0.78,0.61824,0.44086752628576914,-0.304,1.82,-2.957233333333335,74.35525869776947,-257.27,104.95,-3.0890666666666675,169.4860191632205,-258.95,490.4,-2.2489999999999997,28.898191863851967,-104.71,68.27,1.015239443511643,0.23127905728398557,15.0,105.13333333333334,46.2228556122659,56.0,190.0,82.0,134.0,75.0,139.5,64.5,82.0,84.0,2.0,2.0,45.857142857142854,134.0,1.3464285714285695
palm_up_down,student1,student1_minimodel,/Users/ianba/Desktop/COSMOS/final project/Cosmos-Gesture-Recognition-/data/processed/student1_minimodel/sessions/student1_palm_up_down_004_seg003,30.0,2068679.8666666667,247285.75157507334,1777004.0,2749203.0,2044302.0,2240049.0,195747.0,14.033333333333333,2.983100549577384,0.0,0.0,0.0,301.0,301.0,0.24597009966777406,0.5173669175209918,-0.787,0.888,0.3445813953488372,0.20743327194949768,-0.08,0.664,0.5972790697674418,0.4555927924714773,-0.266,1.537,-4.446345514950168,66.56920802001613,-206.67,151.55,3.7267774086378775,174.01343939939886,-306.44,466.14,-9.318803986710964,26.33759784725198,-75.17,46.02,1.0108987428677823,0.17979301713506574,15.0,118.13333333333334,80.54445681615542,56.0,340.0,84.0,284.0,73.5,126.0,52.5,87.0,67.0,-20.0,20.0,64.85714285714286,256.0,-8.12142857142857
palm_up_down,student1,student1_minimodel,/Users/ianba/Desktop/COSMOS/final project/Cosmos-Gesture-Recognition-/data/processed/student1_minimodel/sessions/student1_palm_up_down_004_seg004,30.0,2305609.6,243062.50820129926,1808291.0,2998262.0,2998262.0,2115153.0,-883109.0,15.333333333333334,2.2558565754251507,0.0,0.0,0.0,300.0,300.0,0.18255,0.5753136832777982,-1.061,0.934,0.22247,0.2345403073389874,-0.228,0.61,0.61197,0.4737932767568573,-0.139,1.724,-17.809366666666666,88.40522368389148,-270.36,148.75,23.650833333333335,210.38123880304906,-300.97,555.19,-2.2276666666666673,29.757682681209495,-90.58,67.54,1.001910639019868,0.2529324311987953,15.0,58.06666666666667,8.396144239782812,46.0,70.0,59.0,24.0,50.5,65.5,15.0,55.0,50.0,-5.0,5.0,5.785714285714286,17.0,-0.37142857142857216
palm_up_down,student1,student1_minimodel,/Users/ianba/Desktop/COSMOS/final project/Cosmos-Gesture-Recognition-/data/processed/student1_minimodel/sessions/student1_palm_up_down_004_seg005,30.0,2054719.6,130765.37912857516,1849468.0,2361765.0,2080894.0,1849468.0,-231426.0,15.4,2.690724809414742,0.0,0.0,0.0,299.0,299.0,0.13864882943143814,0.6007610617107775,-0.845,0.94,0.25401672240802675,0.24708212191738438,-0.167,0.646,0.6122709030100335,0.4557134399165656,-0.136,1.535,-7.187759197324416,73.2847649874088,-212.53,129.8,-2.3055183946488307,189.65283677015057,-331.06,494.58,1.0237458193979938,22.472900708106096,-72.05,45.14,1.0207169799845175,0.21540349618629578,15.0,57.0,2.5071326821120348,53.0,61.0,58.0,8.0,55.0,58.5,3.5,59.0,59.0,0.0,0.0,2.4285714285714284,4.0,-0.035714285714286115
