dataset_name,collector,gesture,gesture_group,input_type,trial_index,attempt_index,segment_index,duration_s,capture_duration_s,sensors_enabled,mmwave_frame_count,mmwave_mean_frame_rate_hz,imu_line_count,uwb_sample_count,uwb_ok_sample_count,rfid_line_count,npz_path,session_dir,started_at,finished_at
combined,ian,pull,discrete,cosmos_multi_sensor_gesture,1,2,0,3.0,3.0037260000000003,"mmwave,imu,uwb,rfid",30,9.98759540650512,300,150,149,0,/Users/ianba/Desktop/COSMOS/final project/Cosmos-Gesture-Recognition-/data/processed/ian_discrete/sessions/student1_pull_001/trial_data.npz,/Users/ianba/Desktop/COSMOS/final project/Cosmos-Gesture-Recognition-/data/processed/ian_discrete/sessions/student1_pull_001,,
combined,ian,pull,discrete,cosmos_multi_sensor_gesture,2,1,0,3.0,3.004434,"mmwave,imu,uwb,rfid",30,9.985241812600977,300,150,150,0,/Users/ianba/Desktop/COSMOS/final project/Cosmos-Gesture-Recognition-/data/processed/ian_discrete/sessions/student1_pull_002/trial_data.npz,/Users/ianba/Desktop/COSMOS/final project/Cosmos-Gesture-Recognition-/data/processed/ian_discrete/sessions/student1_pull_002,,
combined,ian,pull,discrete,cosmos_multi_sensor_gesture,3,1,0,3.0,3.009532,"mmwave,imu,uwb,rfid",30,9.968327301387724,301,150,150,0,/Users/ianba/Desktop/COSMOS/final project/Cosmos-Gesture-Recognition-/data/processed/ian_discrete/sessions/student1_pull_003/trial_data.npz,/Users/ianba/Desktop/COSMOS/final project/Cosmos-Gesture-Recognition-/data/processed/ian_discrete/sessions/student1_pull_003,,
combined,ian,pull,discrete,cosmos_multi_sensor_gesture,4,1,0,3.0,3.0176770000000026,"mmwave,imu,uwb,rfid",31,10.272802556403477,302,151,151,0,/Users/ianba/Desktop/COSMOS/final project/Cosmos-Gesture-Recognition-/data/processed/ian_discrete/sessions/student1_pull_004/trial_data.npz,/Users/ianba/Desktop/COSMOS/final project/Cosmos-Gesture-Recognition-/data/processed/ian_discrete/sessions/student1_pull_004,,
combined,ian,pull,discrete,cosmos_multi_sensor_gesture,5,1,0,3.0,3.021388999999999,"mmwave,imu,uwb,rfid",31,10.26018165817113,302,151,151,0,/Users/ianba/Desktop/COSMOS/final project/Cosmos-Gesture-Recognition-/data/processed/ian_discrete/sessions/student1_pull_005/trial_data.npz,/Users/ianba/Desktop/COSMOS/final project/Cosmos-Gesture-Recognition-/data/processed/ian_discrete/sessions/student1_pull_005,,
combined,ian,pull,discrete,cosmos_multi_sensor_gesture,6,2,0,3.0,3.001526999999996,"mmwave,imu,uwb,rfid",30,9.994912589491962,300,150,150,0,/Users/ianba/Desktop/COSMOS/final project/Cosmos-Gesture-Recognition-/data/processed/ian_discrete/sessions/student1_pull_006/trial_data.npz,/Users/ianba/Desktop/COSMOS/final project/Cosmos-Gesture-Recognition-/data/processed/ian_discrete/sessions/student1_pull_006,,
combined,ian,pull,discrete,cosmos_multi_sensor_gesture,7,1,0,3.0,3.0065349999999995,"mmwave,imu,uwb,rfid",30,9.978264014887571,300,150,150,0,/Users/ianba/Desktop/COSMOS/final project/Cosmos-Gesture-Recognition-/data/processed/ian_discrete/sessions/student1_pull_007/trial_data.npz,/Users/ianba/Desktop/COSMOS/final project/Cosmos-Gesture-Recognition-/data/processed/ian_discrete/sessions/student1_pull_007,,
combined,ian,pull,discrete,cosmos_multi_sensor_gesture,8,1,0,3.0,3.0135819999999995,"mmwave,imu,uwb,rfid",30,9.954930710363946,301,150,150,0,/Users/ianba/Desktop/COSMOS/final project/Cosmos-Gesture-Recognition-/data/processed/ian_discrete/sessions/student1_pull_008/trial_data.npz,/Users/ianba/Desktop/COSMOS/final project/Cosmos-Gesture-Recognition-/data/processed/ian_discrete/sessions/student1_pull_008,,
combined,ian,push,discrete,cosmos_multi_sensor_gesture,1,1,0,3.0,3.0212100000000106,"mmwave,imu,uwb,rfid",31,10.260789551206269,302,151,151,0,/Users/ianba/Desktop/COSMOS/final project/Cosmos-Gesture-Recognition-/data/processed/ian_discrete/sessions/student1_push_001/trial_data.npz,/Users/ianba/Desktop/COSMOS/final project/Cosmos-Gesture-Recognition-/data/processed/ian_discrete/sessions/student1_push_001,,
combined,ian,push,discrete,cosmos_multi_sensor_gesture,2,1,0,3.0,3.020144000000002,"mmwave,imu,uwb,rfid",30,9.933301193585464,302,151,151,0,/Users/ianba/Desktop/COSMOS/final project/Cosmos-Gesture-Recognition-/data/processed/ian_discrete/sessions/student1_push_002/trial_data.npz,/Users/ianba/Desktop/COSMOS/final project/Cosmos-Gesture-Recognition-/data/processed/ian_discrete/sessions/student1_push_002,,
combined,ian,push,discrete,cosmos_multi_sensor_gesture,3,1,0,3.0,3.01039200000001,"mmwave,imu,uwb,rfid",31,10.297662231363853,301,151,151,0,/Users/ianba/Desktop/COSMOS/final project/Cosmos-Gesture-Recognition-/data/processed/ian_discrete/sessions/student1_push_003/trial_data.npz,/Users/ianba/Desktop/COSMOS/final project/Cosmos-Gesture-Recognition-/data/processed/ian_discrete/sessions/student1_push_003,,
combined,ian,push,discrete,cosmos_multi_sensor_gesture,4,1,0,3.0,3.002589999999998,"mmwave,imu,uwb,rfid",30,9.991374113681863,300,150,150,0,/Users/ianba/Desktop/COSMOS/final project/Cosmos-Gesture-Recognition-/data/processed/ian_discrete/sessions/student1_push_004/trial_data.npz,/Users/ianba/Desktop/COSMOS/final project/Cosmos-Gesture-Recognition-/data/processed/ian_discrete/sessions/student1_push_004,,
combined,ian,push,discrete,cosmos_multi_sensor_gesture,5,1,0,3.0,3.010426999999993,"mmwave,imu,uwb,rfid",31,10.297542508089409,301,151,151,0,/Users/ianba/Desktop/COSMOS/final project/Cosmos-Gesture-Recognition-/data/processed/ian_discrete/sessions/student1_push_005/trial_data.npz,/Users/ianba/Desktop/COSMOS/final project/Cosmos-Gesture-Recognition-/data/processed/ian_discrete/sessions/student1_push_005,,
combined,ian,push,discrete,cosmos_multi_sensor_gesture,6,1,0,3.0,3.0072580000000073,"mmwave,imu,uwb,rfid",30,9.975865057138405,301,150,150,0,/Users/ianba/Desktop/COSMOS/final project/Cosmos-Gesture-Recognition-/data/processed/ian_discrete/sessions/student1_push_006/trial_data.npz,/Users/ianba/Desktop/COSMOS/final project/Cosmos-Gesture-Recognition-/data/processed/ian_discrete/sessions/student1_push_006,,
combined,ian,push,discrete,cosmos_multi_sensor_gesture,7,1,0,3.0,3.010624000000007,"mmwave,imu,uwb,rfid",30,9.964711634531556,301,150,150,0,/Users/ianba/Desktop/COSMOS/final project/Cosmos-Gesture-Recognition-/data/processed/ian_discrete/sessions/student1_push_007/trial_data.npz,/Users/ianba/Desktop/COSMOS/final project/Cosmos-Gesture-Recognition-/data/processed/ian_discrete/sessions/student1_push_007,,
combined,ian,push,discrete,cosmos_multi_sensor_gesture,8,1,0,3.0,3.012743999999998,"mmwave,imu,uwb,rfid",30,9.957699691709625,301,150,150,0,/Users/ianba/Desktop/COSMOS/final project/Cosmos-Gesture-Recognition-/data/processed/ian_discrete/sessions/student1_push_008/trial_data.npz,/Users/ianba/Desktop/COSMOS/final project/Cosmos-Gesture-Recognition-/data/processed/ian_discrete/sessions/student1_push_008,,
combined,ian,clockwise,discrete,cosmos_multi_sensor_gesture,1,1,0,3.0,3.0016719999999992,"mmwave,imu,uwb,rfid",30,9.994429771140886,299,150,150,0,/Users/ianba/Desktop/COSMOS/final project/Cosmos-Gesture-Recognition-/data/processed/ian_discrete/sessions/student1_clockwise_001/trial_data.npz,/Users/ianba/Desktop/COSMOS/final project/Cosmos-Gesture-Recognition-/data/processed/ian_discrete/sessions/student1_clockwise_001,,
combined,ian,clockwise,discrete,cosmos_multi_sensor_gesture,2,1,0,3.0,3.023996000000011,"mmwave,imu,uwb,rfid",30,9.920648043185206,303,151,151,0,/Users/ianba/Desktop/COSMOS/final project/Cosmos-Gesture-Recognition-/data/processed/ian_discrete/sessions/student1_clockwise_002/trial_data.npz,/Users/ianba/Desktop/COSMOS/final project/Cosmos-Gesture-Recognition-/data/processed/ian_discrete/sessions/student1_clockwise_002,,
combined,ian,clockwise,discrete,cosmos_multi_sensor_gesture,3,1,0,3.0,3.018726999999984,"mmwave,imu,uwb,rfid",30,9.937963916578132,303,151,151,0,/Users/ianba/Desktop/COSMOS/final project/Cosmos-Gesture-Recognition-/data/processed/ian_discrete/sessions/student1_clockwise_003/trial_data.npz,/Users/ianba/Desktop/COSMOS/final project/Cosmos-Gesture-Recognition-/data/processed/ian_discrete/sessions/student1_clockwise_003,,
combined,ian,clockwise,discrete,cosmos_multi_sensor_gesture,4,1,0,3.0,3.0093960000000095,"mmwave,imu,uwb,rfid",30,9.968777787968053,300,150,150,0,/Users/ianba/Desktop/COSMOS/final project/Cosmos-Gesture-Recognition-/data/processed/ian_discrete/sessions/student1_clockwise_004/trial_data.npz,/Users/ianba/Desktop/COSMOS/final project/Cosmos-Gesture-Recognition-/data/processed/ian_discrete/sessions/student1_clockwise_004,,
combined,ian,clockwise,discrete,cosmos_multi_sensor_gesture,5,1,0,3.0,3.0070929999999407,"mmwave,imu,uwb,rfid",30,9.976412435531788,301,150,150,0,/Users/ianba/Desktop/COSMOS/final project/Cosmos-Gesture-Recognition-/data/processed/ian_discrete/sessions/student1_clockwise_005/trial_data.npz,/Users/ianba/Desktop/COSMOS/final project/Cosmos-Gesture-Recognition-/data/processed/ian_discrete/sessions/student1_clockwise_005,,
combined,ian,clockwise,discrete,cosmos_multi_sensor_gesture,6,1,0,3.0,3.005080000000021,"mmwave,imu,uwb,rfid",30,9.983095291972191,300,150,149,0,/Users/ianba/Desktop/COSMOS/final project/Cosmos-Gesture-Recognition-/data/processed/ian_discrete/sessions/student1_clockwise_006/trial_data.npz,/Users/ianba/Desktop/COSMOS/final project/Cosmos-Gesture-Recognition-/data/processed/ian_discrete/sessions/student1_clockwise_006,,
combined,ian,clockwise,discrete,cosmos_multi_sensor_gesture,7,1,0,3.0,3.019578000000024,"mmwave,imu,uwb,rfid",30,9.935163125443278,301,151,150,0,/Users/ianba/Desktop/COSMOS/final project/Cosmos-Gesture-Recognition-/data/processed/ian_discrete/sessions/student1_clockwise_007/trial_data.npz,/Users/ianba/Desktop/COSMOS/final project/Cosmos-Gesture-Recognition-/data/processed/ian_discrete/sessions/student1_clockwise_007,,
combined,ian,clockwise,discrete,cosmos_multi_sensor_gesture,8,1,0,3.0,3.0158310000000483,"mmwave,imu,uwb,rfid",31,10.279090572382705,302,151,147,0,/Users/ianba/Desktop/COSMOS/final project/Cosmos-Gesture-Recognition-/data/processed/ian_discrete/sessions/student1_clockwise_008/trial_data.npz,/Users/ianba/Desktop/COSMOS/final project/Cosmos-Gesture-Recognition-/data/processed/ian_discrete/sessions/student1_clockwise_008,,
combined,ian,anti_clockwise,discrete,cosmos_multi_sensor_gesture,1,2,0,3.0,3.005657000000042,"mmwave,imu,uwb,rfid",30,9.981178823797785,301,151,151,0,/Users/ianba/Desktop/COSMOS/final project/Cosmos-Gesture-Recognition-/data/processed/ian_discrete/sessions/student1_anti_clockwise_001/trial_data.npz,/Users/ianba/Desktop/COSMOS/final project/Cosmos-Gesture-Recognition-/data/processed/ian_discrete/sessions/student1_anti_clockwise_001,,
combined,ian,anti_clockwise,discrete,cosmos_multi_sensor_gesture,2,1,0,3.0,3.0238800000000765,"mmwave,imu,uwb,rfid",31,10.251729565987809,302,152,152,0,/Users/ianba/Desktop/COSMOS/final project/Cosmos-Gesture-Recognition-/data/processed/ian_discrete/sessions/student1_anti_clockwise_002/trial_data.npz,/Users/ianba/Desktop/COSMOS/final project/Cosmos-Gesture-Recognition-/data/processed/ian_discrete/sessions/student1_anti_clockwise_002,,
combined,ian,anti_clockwise,discrete,cosmos_multi_sensor_gesture,3,1,0,3.0,3.009108000000083,"mmwave,imu,uwb,rfid",30,9.969731893969632,301,150,149,0,/Users/ianba/Desktop/COSMOS/final project/Cosmos-Gesture-Recognition-/data/processed/ian_discrete/sessions/student1_anti_clockwise_003/trial_data.npz,/Users/ianba/Desktop/COSMOS/final project/Cosmos-Gesture-Recognition-/data/processed/ian_discrete/sessions/student1_anti_clockwise_003,,
combined,ian,anti_clockwise,discrete,cosmos_multi_sensor_gesture,4,1,0,3.0,3.014949999999999,"mmwave,imu,uwb,rfid",30,9.950413771372663,302,150,148,0,/Users/ianba/Desktop/COSMOS/final project/Cosmos-Gesture-Recognition-/data/processed/ian_discrete/sessions/student1_anti_clockwise_004/trial_data.npz,/Users/ianba/Desktop/COSMOS/final project/Cosmos-Gesture-Recognition-/data/processed/ian_discrete/sessions/student1_anti_clockwise_004,,
combined,ian,anti_clockwise,discrete,cosmos_multi_sensor_gesture,5,1,0,3.0,3.013781000000108,"mmwave,imu,uwb,rfid",30,9.954273386154775,301,151,150,0,/Users/ianba/Desktop/COSMOS/final project/Cosmos-Gesture-Recognition-/data/processed/ian_discrete/sessions/student1_anti_clockwise_005/trial_data.npz,/Users/ianba/Desktop/COSMOS/final project/Cosmos-Gesture-Recognition-/data/processed/ian_discrete/sessions/student1_anti_clockwise_005,,
combined,ian,anti_clockwise,discrete,cosmos_multi_sensor_gesture,6,1,0,3.0,3.0131380000000263,"mmwave,imu,uwb,rfid",30,9.956397616040068,301,151,151,0,/Users/ianba/Desktop/COSMOS/final project/Cosmos-Gesture-Recognition-/data/processed/ian_discrete/sessions/student1_anti_clockwise_006/trial_data.npz,/Users/ianba/Desktop/COSMOS/final project/Cosmos-Gesture-Recognition-/data/processed/ian_discrete/sessions/student1_anti_clockwise_006,,
combined,ian,anti_clockwise,discrete,cosmos_multi_sensor_gesture,7,1,0,3.0,3.0204720000000407,"mmwave,imu,uwb,rfid",30,9.932222513567282,302,151,151,0,/Users/ianba/Desktop/COSMOS/final project/Cosmos-Gesture-Recognition-/data/processed/ian_discrete/sessions/student1_anti_clockwise_007/trial_data.npz,/Users/ianba/Desktop/COSMOS/final project/Cosmos-Gesture-Recognition-/data/processed/ian_discrete/sessions/student1_anti_clockwise_007,,
combined,ian,anti_clockwise,discrete,cosmos_multi_sensor_gesture,8,1,0,3.0,3.018587000000025,"mmwave,imu,uwb,rfid",30,9.938424832545742,302,151,151,0,/Users/ianba/Desktop/COSMOS/final project/Cosmos-Gesture-Recognition-/data/processed/ian_discrete/sessions/student1_anti_clockwise_008/trial_data.npz,/Users/ianba/Desktop/COSMOS/final project/Cosmos-Gesture-Recognition-/data/processed/ian_discrete/sessions/student1_anti_clockwise_008,,
combined,ian,right,discrete,cosmos_multi_sensor_gesture,1,1,0,3.0,3.0057469999999284,"mmwave,imu,uwb,rfid",30,9.980879960955034,301,151,150,0,/Users/ianba/Desktop/COSMOS/final project/Cosmos-Gesture-Recognition-/data/processed/ian_discrete/sessions/student1_right_001/trial_data.npz,/Users/ianba/Desktop/COSMOS/final project/Cosmos-Gesture-Recognition-/data/processed/ian_discrete/sessions/student1_right_001,,
combined,ian,right,discrete,cosmos_multi_sensor_gesture,2,1,0,3.0,3.000595999999973,"mmwave,imu,uwb,rfid",30,9.998013727939473,300,150,150,0,/Users/ianba/Desktop/COSMOS/final project/Cosmos-Gesture-Recognition-/data/processed/ian_discrete/sessions/student1_right_002/trial_data.npz,/Users/ianba/Desktop/COSMOS/final project/Cosmos-Gesture-Recognition-/data/processed/ian_discrete/sessions/student1_right_002,,
combined,ian,right,discrete,cosmos_multi_sensor_gesture,3,1,0,3.0,3.0061699999999973,"mmwave,imu,uwb,rfid",30,9.979475545295186,301,151,151,0,/Users/ianba/Desktop/COSMOS/final project/Cosmos-Gesture-Recognition-/data/processed/ian_discrete/sessions/student1_right_003/trial_data.npz,/Users/ianba/Desktop/COSMOS/final project/Cosmos-Gesture-Recognition-/data/processed/ian_discrete/sessions/student1_right_003,,
combined,ian,right,discrete,cosmos_multi_sensor_gesture,4,1,0,3.0,3.0033560000000534,"mmwave,imu,uwb,rfid",30,9.988825833500746,300,150,150,0,/Users/ianba/Desktop/COSMOS/final project/Cosmos-Gesture-Recognition-/data/processed/ian_discrete/sessions/student1_right_004/trial_data.npz,/Users/ianba/Desktop/COSMOS/final project/Cosmos-Gesture-Recognition-/data/processed/ian_discrete/sessions/student1_right_004,,
combined,ian,right,discrete,cosmos_multi_sensor_gesture,5,2,0,3.0,3.017139000000043,"mmwave,imu,uwb,rfid",30,9.943194529651956,302,151,151,0,/Users/ianba/Desktop/COSMOS/final project/Cosmos-Gesture-Recognition-/data/processed/ian_discrete/sessions/student1_right_005/trial_data.npz,/Users/ianba/Desktop/COSMOS/final project/Cosmos-Gesture-Recognition-/data/processed/ian_discrete/sessions/student1_right_005,,
combined,ian,right,discrete,cosmos_multi_sensor_gesture,6,1,0,3.0,3.0229930000000422,"mmwave,imu,uwb,rfid",30,9.923939618781645,303,151,150,0,/Users/ianba/Desktop/COSMOS/final project/Cosmos-Gesture-Recognition-/data/processed/ian_discrete/sessions/student1_right_006/trial_data.npz,/Users/ianba/Desktop/COSMOS/final project/Cosmos-Gesture-Recognition-/data/processed/ian_discrete/sessions/student1_right_006,,
combined,ian,right,discrete,cosmos_multi_sensor_gesture,7,1,0,3.0,3.008623000000057,"mmwave,imu,uwb,rfid",30,9.97133904779676,301,150,150,0,/Users/ianba/Desktop/COSMOS/final project/Cosmos-Gesture-Recognition-/data/processed/ian_discrete/sessions/student1_right_007/trial_data.npz,/Users/ianba/Desktop/COSMOS/final project/Cosmos-Gesture-Recognition-/data/processed/ian_discrete/sessions/student1_right_007,,
combined,ian,right,discrete,cosmos_multi_sensor_gesture,8,1,0,3.0,3.015017000000057,"mmwave,imu,uwb,rfid",31,10.281865740723655,302,151,151,0,/Users/ianba/Desktop/COSMOS/final project/Cosmos-Gesture-Recognition-/data/processed/ian_discrete/sessions/student1_right_008/trial_data.npz,/Users/ianba/Desktop/COSMOS/final project/Cosmos-Gesture-Recognition-/data/processed/ian_discrete/sessions/student1_right_008,,
combined,ian,left,discrete,cosmos_multi_sensor_gesture,1,1,0,3.0,3.017091999999934,"mmwave,imu,uwb,rfid",30,9.943349423882552,302,151,151,0,/Users/ianba/Desktop/COSMOS/final project/Cosmos-Gesture-Recognition-/data/processed/ian_discrete/sessions/student1_left_001/trial_data.npz,/Users/ianba/Desktop/COSMOS/final project/Cosmos-Gesture-Recognition-/data/processed/ian_discrete/sessions/student1_left_001,,
combined,ian,left,discrete,cosmos_multi_sensor_gesture,2,1,0,3.0,3.02168800000004,"mmwave,imu,uwb,rfid",30,9.928225548104107,302,151,149,0,/Users/ianba/Desktop/COSMOS/final project/Cosmos-Gesture-Recognition-/data/processed/ian_discrete/sessions/student1_left_002/trial_data.npz,/Users/ianba/Desktop/COSMOS/final project/Cosmos-Gesture-Recognition-/data/processed/ian_discrete/sessions/student1_left_002,,
combined,ian,left,discrete,cosmos_multi_sensor_gesture,3,1,0,3.0,3.0064879999999903,"mmwave,imu,uwb,rfid",30,9.97842000367209,301,150,148,0,/Users/ianba/Desktop/COSMOS/final project/Cosmos-Gesture-Recognition-/data/processed/ian_discrete/sessions/student1_left_003/trial_data.npz,/Users/ianba/Desktop/COSMOS/final project/Cosmos-Gesture-Recognition-/data/processed/ian_discrete/sessions/student1_left_003,,
combined,ian,left,discrete,cosmos_multi_sensor_gesture,4,1,0,3.0,3.0040050000000065,"mmwave,imu,uwb,rfid",30,9.986667798488996,300,150,150,0,/Users/ianba/Desktop/COSMOS/final project/Cosmos-Gesture-Recognition-/data/processed/ian_discrete/sessions/student1_left_004/trial_data.npz,/Users/ianba/Desktop/COSMOS/final project/Cosmos-Gesture-Recognition-/data/processed/ian_discrete/sessions/student1_left_004,,
combined,ian,left,discrete,cosmos_multi_sensor_gesture,5,1,0,3.0,3.021457000000055,"mmwave,imu,uwb,rfid",30,9.928984592532496,302,151,151,0,/Users/ianba/Desktop/COSMOS/final project/Cosmos-Gesture-Recognition-/data/processed/ian_discrete/sessions/student1_left_005/trial_data.npz,/Users/ianba/Desktop/COSMOS/final project/Cosmos-Gesture-Recognition-/data/processed/ian_discrete/sessions/student1_left_005,,
combined,ian,left,discrete,cosmos_multi_sensor_gesture,6,1,0,3.0,3.001547999999957,"mmwave,imu,uwb,rfid",30,9.99484266118697,300,150,150,0,/Users/ianba/Desktop/COSMOS/final project/Cosmos-Gesture-Recognition-/data/processed/ian_discrete/sessions/student1_left_006/trial_data.npz,/Users/ianba/Desktop/COSMOS/final project/Cosmos-Gesture-Recognition-/data/processed/ian_discrete/sessions/student1_left_006,,
combined,ian,left,discrete,cosmos_multi_sensor_gesture,7,1,0,3.0,3.008436999999958,"mmwave,imu,uwb,rfid",30,9.97195553704479,301,151,150,0,/Users/ianba/Desktop/COSMOS/final project/Cosmos-Gesture-Recognition-/data/processed/ian_discrete/sessions/student1_left_007/trial_data.npz,/Users/ianba/Desktop/COSMOS/final project/Cosmos-Gesture-Recognition-/data/processed/ian_discrete/sessions/student1_left_007,,
combined,ian,left,discrete,cosmos_multi_sensor_gesture,8,1,0,3.0,3.0008909999999105,"mmwave,imu,uwb,rfid",30,9.997030881828396,300,150,150,0,/Users/ianba/Desktop/COSMOS/final project/Cosmos-Gesture-Recognition-/data/processed/ian_discrete/sessions/student1_left_008/trial_data.npz,/Users/ianba/Desktop/COSMOS/final project/Cosmos-Gesture-Recognition-/data/processed/ian_discrete/sessions/student1_left_008,,
combined,ian,bye_bye,discrete,cosmos_multi_sensor_gesture,1,1,0,3.0,3.018326000000002,"mmwave,imu,uwb,rfid",30,9.93928422575957,302,151,151,0,/Users/ianba/Desktop/COSMOS/final project/Cosmos-Gesture-Recognition-/data/processed/ian_discrete/sessions/student1_bye_bye_001/trial_data.npz,/Users/ianba/Desktop/COSMOS/final project/Cosmos-Gesture-Recognition-/data/processed/ian_discrete/sessions/student1_bye_bye_001,,
combined,ian,bye_bye,discrete,cosmos_multi_sensor_gesture,2,1,0,3.0,3.000227999999993,"mmwave,imu,uwb,rfid",30,9.999240057755635,300,150,150,0,/Users/ianba/Desktop/COSMOS/final project/Cosmos-Gesture-Recognition-/data/processed/ian_discrete/sessions/student1_bye_bye_002/trial_data.npz,/Users/ianba/Desktop/COSMOS/final project/Cosmos-Gesture-Recognition-/data/processed/ian_discrete/sessions/student1_bye_bye_002,,
combined,ian,bye_bye,discrete,cosmos_multi_sensor_gesture,3,1,0,3.0,3.0099630000000843,"mmwave,imu,uwb,rfid",30,9.96689992534764,302,150,150,0,/Users/ianba/Desktop/COSMOS/final project/Cosmos-Gesture-Recognition-/data/processed/ian_discrete/sessions/student1_bye_bye_003/trial_data.npz,/Users/ianba/Desktop/COSMOS/final project/Cosmos-Gesture-Recognition-/data/processed/ian_discrete/sessions/student1_bye_bye_003,,
combined,ian,bye_bye,discrete,cosmos_multi_sensor_gesture,4,1,0,3.0,3.0074600000000373,"mmwave,imu,uwb,rfid",30,9.97519501506242,301,150,150,0,/Users/ianba/Desktop/COSMOS/final project/Cosmos-Gesture-Recognition-/data/processed/ian_discrete/sessions/student1_bye_bye_004/trial_data.npz,/Users/ianba/Desktop/COSMOS/final project/Cosmos-Gesture-Recognition-/data/processed/ian_discrete/sessions/student1_bye_bye_004,,
combined,ian,bye_bye,discrete,cosmos_multi_sensor_gesture,5,1,0,3.0,3.023292000000083,"mmwave,imu,uwb,rfid",30,9.922958152900605,303,152,152,0,/Users/ianba/Desktop/COSMOS/final project/Cosmos-Gesture-Recognition-/data/processed/ian_discrete/sessions/student1_bye_bye_005/trial_data.npz,/Users/ianba/Desktop/COSMOS/final project/Cosmos-Gesture-Recognition-/data/processed/ian_discrete/sessions/student1_bye_bye_005,,
combined,ian,bye_bye,discrete,cosmos_multi_sensor_gesture,6,1,0,3.0,3.0136209999999437,"mmwave,imu,uwb,rfid",30,9.95480188119228,301,151,151,0,/Users/ianba/Desktop/COSMOS/final project/Cosmos-Gesture-Recognition-/data/processed/ian_discrete/sessions/student1_bye_bye_006/trial_data.npz,/Users/ianba/Desktop/COSMOS/final project/Cosmos-Gesture-Recognition-/data/processed/ian_discrete/sessions/student1_bye_bye_006,,
combined,ian,bye_bye,discrete,cosmos_multi_sensor_gesture,7,1,0,3.0,3.0039860000000544,"mmwave,imu,uwb,rfid",30,9.986730963459703,300,150,150,0,/Users/ianba/Desktop/COSMOS/final project/Cosmos-Gesture-Recognition-/data/processed/ian_discrete/sessions/student1_bye_bye_007/trial_data.npz,/Users/ianba/Desktop/COSMOS/final project/Cosmos-Gesture-Recognition-/data/processed/ian_discrete/sessions/student1_bye_bye_007,,
combined,ian,bye_bye,discrete,cosmos_multi_sensor_gesture,8,1,0,3.0,3.0102540000000317,"mmwave,imu,uwb,rfid",30,9.9659364292846,302,150,150,0,/Users/ianba/Desktop/COSMOS/final project/Cosmos-Gesture-Recognition-/data/processed/ian_discrete/sessions/student1_bye_bye_008/trial_data.npz,/Users/ianba/Desktop/COSMOS/final project/Cosmos-Gesture-Recognition-/data/processed/ian_discrete/sessions/student1_bye_bye_008,,
combined,ian,t_arm,discrete,cosmos_multi_sensor_gesture,1,1,0,3.0,3.017195000000015,"mmwave,imu,uwb,rfid",30,9.943009981124803,302,151,150,0,/Users/ianba/Desktop/COSMOS/final project/Cosmos-Gesture-Recognition-/data/processed/ian_discrete/sessions/student1_t_arm_001/trial_data.npz,/Users/ianba/Desktop/COSMOS/final project/Cosmos-Gesture-Recognition-/data/processed/ian_discrete/sessions/student1_t_arm_001,,
combined,ian,t_arm,discrete,cosmos_multi_sensor_gesture,2,1,0,3.0,3.0180649999999787,"mmwave,imu,uwb,rfid",31,10.271481893199855,301,151,151,0,/Users/ianba/Desktop/COSMOS/final project/Cosmos-Gesture-Recognition-/data/processed/ian_discrete/sessions/student1_t_arm_002/trial_data.npz,/Users/ianba/Desktop/COSMOS/final project/Cosmos-Gesture-Recognition-/data/processed/ian_discrete/sessions/student1_t_arm_002,,
combined,ian,t_arm,discrete,cosmos_multi_sensor_gesture,3,1,0,3.0,3.013456000000133,"mmwave,imu,uwb,rfid",30,9.955346950477683,301,151,151,0,/Users/ianba/Desktop/COSMOS/final project/Cosmos-Gesture-Recognition-/data/processed/ian_discrete/sessions/student1_t_arm_003/trial_data.npz,/Users/ianba/Desktop/COSMOS/final project/Cosmos-Gesture-Recognition-/data/processed/ian_discrete/sessions/student1_t_arm_003,,
combined,ian,t_arm,discrete,cosmos_multi_sensor_gesture,4,1,0,3.0,3.007088000000067,"mmwave,imu,uwb,rfid",31,10.308976657816237,301,150,150,0,/Users/ianba/Desktop/COSMOS/final project/Cosmos-Gesture-Recognition-/data/processed/ian_discrete/sessions/student1_t_arm_004/trial_data.npz,/Users/ianba/Desktop/COSMOS/final project/Cosmos-Gesture-Recognition-/data/processed/ian_discrete/sessions/student1_t_arm_004,,
combined,ian,t_arm,discrete,cosmos_multi_sensor_gesture,5,1,0,3.0,3.0189070000001266,"mmwave,imu,uwb,rfid",30,9.937371373148872,302,151,151,0,/Users/ianba/Desktop/COSMOS/final project/Cosmos-Gesture-Recognition-/data/processed/ian_discrete/sessions/student1_t_arm_005/trial_data.npz,/Users/ianba/Desktop/COSMOS/final project/Cosmos-Gesture-Recognition-/data/processed/ian_discrete/sessions/student1_t_arm_005,,
combined,ian,t_arm,discrete,cosmos_multi_sensor_gesture,6,1,0,3.0,3.023234000000002,"mmwave,imu,uwb,rfid",30,9.9231485224101,303,151,151,0,/Users/ianba/Desktop/COSMOS/final project/Cosmos-Gesture-Recognition-/data/processed/ian_discrete/sessions/student1_t_arm_006/trial_data.npz,/Users/ianba/Desktop/COSMOS/final project/Cosmos-Gesture-Recognition-/data/processed/ian_discrete/sessions/student1_t_arm_006,,
combined,ian,t_arm,discrete,cosmos_multi_sensor_gesture,7,1,0,3.0,3.002672999999959,"mmwave,imu,uwb,rfid",30,9.991097931742955,300,150,150,0,/Users/ianba/Desktop/COSMOS/final project/Cosmos-Gesture-Recognition-/data/processed/ian_discrete/sessions/student1_t_arm_007/trial_data.npz,/Users/ianba/Desktop/COSMOS/final project/Cosmos-Gesture-Recognition-/data/processed/ian_discrete/sessions/student1_t_arm_007,,
combined,ian,t_arm,discrete,cosmos_multi_sensor_gesture,8,1,0,3.0,3.021400999999969,"mmwave,imu,uwb,rfid",30,9.929168620782315,302,151,150,0,/Users/ianba/Desktop/COSMOS/final project/Cosmos-Gesture-Recognition-/data/processed/ian_discrete/sessions/student1_t_arm_008/trial_data.npz,/Users/ianba/Desktop/COSMOS/final project/Cosmos-Gesture-Recognition-/data/processed/ian_discrete/sessions/student1_t_arm_008,,
combined,ian,raise_arms,discrete,cosmos_multi_sensor_gesture,1,1,0,3.0,3.0046970000000783,"mmwave,imu,uwb,rfid",30,9.984367808134802,300,151,149,0,/Users/ianba/Desktop/COSMOS/final project/Cosmos-Gesture-Recognition-/data/processed/ian_discrete/sessions/student1_raise_arms_001/trial_data.npz,/Users/ianba/Desktop/COSMOS/final project/Cosmos-Gesture-Recognition-/data/processed/ian_discrete/sessions/student1_raise_arms_001,,
combined,ian,raise_arms,discrete,cosmos_multi_sensor_gesture,2,1,0,3.0,3.0079399999999623,"mmwave,imu,uwb,rfid",30,9.973603196872403,300,150,150,0,/Users/ianba/Desktop/COSMOS/final project/Cosmos-Gesture-Recognition-/data/processed/ian_discrete/sessions/student1_raise_arms_002/trial_data.npz,/Users/ianba/Desktop/COSMOS/final project/Cosmos-Gesture-Recognition-/data/processed/ian_discrete/sessions/student1_raise_arms_002,,
combined,ian,raise_arms,discrete,cosmos_multi_sensor_gesture,3,1,0,3.0,3.002899999999954,"mmwave,imu,uwb,rfid",31,10.32335409104548,300,150,150,0,/Users/ianba/Desktop/COSMOS/final project/Cosmos-Gesture-Recognition-/data/processed/ian_discrete/sessions/student1_raise_arms_003/trial_data.npz,/Users/ianba/Desktop/COSMOS/final project/Cosmos-Gesture-Recognition-/data/processed/ian_discrete/sessions/student1_raise_arms_003,,
combined,ian,raise_arms,discrete,cosmos_multi_sensor_gesture,4,1,0,3.0,3.0048269999999775,"mmwave,imu,uwb,rfid",30,9.983935847221895,300,151,150,0,/Users/ianba/Desktop/COSMOS/final project/Cosmos-Gesture-Recognition-/data/processed/ian_discrete/sessions/student1_raise_arms_004/trial_data.npz,/Users/ianba/Desktop/COSMOS/final project/Cosmos-Gesture-Recognition-/data/processed/ian_discrete/sessions/student1_raise_arms_004,,
combined,ian,raise_arms,discrete,cosmos_multi_sensor_gesture,5,1,0,3.0,3.0066130000000157,"mmwave,imu,uwb,rfid",30,9.978005150646206,301,151,151,0,/Users/ianba/Desktop/COSMOS/final project/Cosmos-Gesture-Recognition-/data/processed/ian_discrete/sessions/student1_raise_arms_005/trial_data.npz,/Users/ianba/Desktop/COSMOS/final project/Cosmos-Gesture-Recognition-/data/processed/ian_discrete/sessions/student1_raise_arms_005,,
combined,ian,raise_arms,discrete,cosmos_multi_sensor_gesture,6,1,0,3.0,3.007462999999916,"mmwave,imu,uwb,rfid",31,10.307691233441895,301,150,147,0,/Users/ianba/Desktop/COSMOS/final project/Cosmos-Gesture-Recognition-/data/processed/ian_discrete/sessions/student1_raise_arms_006/trial_data.npz,/Users/ianba/Desktop/COSMOS/final project/Cosmos-Gesture-Recognition-/data/processed/ian_discrete/sessions/student1_raise_arms_006,,
combined,ian,raise_arms,discrete,cosmos_multi_sensor_gesture,7,1,0,3.0,3.010633999999982,"mmwave,imu,uwb,rfid",30,9.964678536148924,301,150,150,0,/Users/ianba/Desktop/COSMOS/final project/Cosmos-Gesture-Recognition-/data/processed/ian_discrete/sessions/student1_raise_arms_007/trial_data.npz,/Users/ianba/Desktop/COSMOS/final project/Cosmos-Gesture-Recognition-/data/processed/ian_discrete/sessions/student1_raise_arms_007,,
combined,ian,raise_arms,discrete,cosmos_multi_sensor_gesture,8,1,0,3.0,3.0090499999998883,"mmwave,imu,uwb,rfid",30,9.969924062412094,301,150,149,0,/Users/ianba/Desktop/COSMOS/final project/Cosmos-Gesture-Recognition-/data/processed/ian_discrete/sessions/student1_raise_arms_008/trial_data.npz,/Users/ianba/Desktop/COSMOS/final project/Cosmos-Gesture-Recognition-/data/processed/ian_discrete/sessions/student1_raise_arms_008,,
combined,ian,fist_open,discrete,cosmos_multi_sensor_gesture,1,1,0,3.0,3.023981000000049,"mmwave,imu,uwb,rfid",30,9.920697253057977,303,151,151,0,/Users/ianba/Desktop/COSMOS/final project/Cosmos-Gesture-Recognition-/data/processed/ian_discrete/sessions/student1_fist_open_001/trial_data.npz,/Users/ianba/Desktop/COSMOS/final project/Cosmos-Gesture-Recognition-/data/processed/ian_discrete/sessions/student1_fist_open_001,,
combined,ian,fist_open,discrete,cosmos_multi_sensor_gesture,2,1,0,3.0,3.010519999999815,"mmwave,imu,uwb,rfid",30,9.965055870747195,301,151,151,0,/Users/ianba/Desktop/COSMOS/final project/Cosmos-Gesture-Recognition-/data/processed/ian_discrete/sessions/student1_fist_open_002/trial_data.npz,/Users/ianba/Desktop/COSMOS/final project/Cosmos-Gesture-Recognition-/data/processed/ian_discrete/sessions/student1_fist_open_002,,
combined,ian,fist_open,discrete,cosmos_multi_sensor_gesture,3,1,0,3.0,3.0135159999999814,"mmwave,imu,uwb,rfid",30,9.955148736558952,302,150,150,0,/Users/ianba/Desktop/COSMOS/final project/Cosmos-Gesture-Recognition-/data/processed/ian_discrete/sessions/student1_fist_open_003/trial_data.npz,/Users/ianba/Desktop/COSMOS/final project/Cosmos-Gesture-Recognition-/data/processed/ian_discrete/sessions/student1_fist_open_003,,
combined,ian,fist_open,discrete,cosmos_multi_sensor_gesture,4,1,0,3.0,3.0044339999999465,"mmwave,imu,uwb,rfid",30,9.985241812601153,300,150,150,0,/Users/ianba/Desktop/COSMOS/final project/Cosmos-Gesture-Recognition-/data/processed/ian_discrete/sessions/student1_fist_open_004/trial_data.npz,/Users/ianba/Desktop/COSMOS/final project/Cosmos-Gesture-Recognition-/data/processed/ian_discrete/sessions/student1_fist_open_004,,
combined,ian,fist_open,discrete,cosmos_multi_sensor_gesture,5,1,0,3.0,3.007377000000133,"mmwave,imu,uwb,rfid",30,9.9754703184864,301,150,150,0,/Users/ianba/Desktop/COSMOS/final project/Cosmos-Gesture-Recognition-/data/processed/ian_discrete/sessions/student1_fist_open_005/trial_data.npz,/Users/ianba/Desktop/COSMOS/final project/Cosmos-Gesture-Recognition-/data/processed/ian_discrete/sessions/student1_fist_open_005,,
combined,ian,fist_open,discrete,cosmos_multi_sensor_gesture,6,1,0,3.0,3.0117820000000393,"mmwave,imu,uwb,rfid",30,9.960880302757507,302,151,151,0,/Users/ianba/Desktop/COSMOS/final project/Cosmos-Gesture-Recognition-/data/processed/ian_discrete/sessions/student1_fist_open_006/trial_data.npz,/Users/ianba/Desktop/COSMOS/final project/Cosmos-Gesture-Recognition-/data/processed/ian_discrete/sessions/student1_fist_open_006,,
combined,ian,fist_open,discrete,cosmos_multi_sensor_gesture,7,1,0,3.0,3.012792999999874,"mmwave,imu,uwb,rfid",30,9.957537739898244,302,151,151,0,/Users/ianba/Desktop/COSMOS/final project/Cosmos-Gesture-Recognition-/data/processed/ian_discrete/sessions/student1_fist_open_007/trial_data.npz,/Users/ianba/Desktop/COSMOS/final project/Cosmos-Gesture-Recognition-/data/processed/ian_discrete/sessions/student1_fist_open_007,,
combined,ian,fist_open,discrete,cosmos_multi_sensor_gesture,8,1,0,3.0,3.0053029999999126,"mmwave,imu,uwb,rfid",30,9.982354524652214,301,150,150,0,/Users/ianba/Desktop/COSMOS/final project/Cosmos-Gesture-Recognition-/data/processed/ian_discrete/sessions/student1_fist_open_008/trial_data.npz,/Users/ianba/Desktop/COSMOS/final project/Cosmos-Gesture-Recognition-/data/processed/ian_discrete/sessions/student1_fist_open_008,,
combined,ian,one_arm_boxing,periodic,cosmos_multi_sensor_gesture,1,1,0,9.0,3.0,"mmwave,imu,uwb,rfid",30,10.0,300,150,150,0,/Users/ianba/Desktop/COSMOS/final project/Cosmos-Gesture-Recognition-/data/processed/ian_periodic/sessions/student1_one_arm_boxing_001_seg000/trial_data.npz,/Users/ianba/Desktop/COSMOS/final project/Cosmos-Gesture-Recognition-/data/processed/ian_periodic/sessions/student1_one_arm_boxing_001_seg000,,
combined,ian,one_arm_boxing,periodic,cosmos_multi_sensor_gesture,1,1,1,9.0,3.0,"mmwave,imu,uwb,rfid",30,10.0,299,150,150,0,/Users/ianba/Desktop/COSMOS/final project/Cosmos-Gesture-Recognition-/data/processed/ian_periodic/sessions/student1_one_arm_boxing_001_seg001/trial_data.npz,/Users/ianba/Desktop/COSMOS/final project/Cosmos-Gesture-Recognition-/data/processed/ian_periodic/sessions/student1_one_arm_boxing_001_seg001,,
combined,ian,one_arm_boxing,periodic,cosmos_multi_sensor_gesture,1,1,2,9.0,3.0,"mmwave,imu,uwb,rfid",30,10.0,300,150,150,0,/Users/ianba/Desktop/COSMOS/final project/Cosmos-Gesture-Recognition-/data/processed/ian_periodic/sessions/student1_one_arm_boxing_001_seg002/trial_data.npz,/Users/ianba/Desktop/COSMOS/final project/Cosmos-Gesture-Recognition-/data/processed/ian_periodic/sessions/student1_one_arm_boxing_001_seg002,,
combined,ian,one_arm_boxing,periodic,cosmos_multi_sensor_gesture,2,1,0,9.0,3.0,"mmwave,imu,uwb,rfid",30,10.0,300,150,150,0,/Users/ianba/Desktop/COSMOS/final project/Cosmos-Gesture-Recognition-/data/processed/ian_periodic/sessions/student1_one_arm_boxing_002_seg000/trial_data.npz,/Users/ianba/Desktop/COSMOS/final project/Cosmos-Gesture-Recognition-/data/processed/ian_periodic/sessions/student1_one_arm_boxing_002_seg000,,
combined,ian,one_arm_boxing,periodic,cosmos_multi_sensor_gesture,2,1,1,9.0,3.0,"mmwave,imu,uwb,rfid",30,10.0,300,150,150,0,/Users/ianba/Desktop/COSMOS/final project/Cosmos-Gesture-Recognition-/data/processed/ian_periodic/sessions/student1_one_arm_boxing_002_seg001/trial_data.npz,/Users/ianba/Desktop/COSMOS/final project/Cosmos-Gesture-Recognition-/data/processed/ian_periodic/sessions/student1_one_arm_boxing_002_seg001,,
combined,ian,one_arm_boxing,periodic,cosmos_multi_sensor_gesture,2,1,2,9.0,3.0,"mmwave,imu,uwb,rfid",30,10.0,300,150,150,0,/Users/ianba/Desktop/COSMOS/final project/Cosmos-Gesture-Recognition-/data/processed/ian_periodic/sessions/student1_one_arm_boxing_002_seg002/trial_data.npz,/Users/ianba/Desktop/COSMOS/final project/Cosmos-Gesture-Recognition-/data/processed/ian_periodic/sessions/student1_one_arm_boxing_002_seg002,,
combined,ian,one_arm_boxing,periodic,cosmos_multi_sensor_gesture,3,1,0,9.0,3.0,"mmwave,imu,uwb,rfid",30,10.0,300,150,150,0,/Users/ianba/Desktop/COSMOS/final project/Cosmos-Gesture-Recognition-/data/processed/ian_periodic/sessions/student1_one_arm_boxing_003_seg000/trial_data.npz,/Users/ianba/Desktop/COSMOS/final project/Cosmos-Gesture-Recognition-/data/processed/ian_periodic/sessions/student1_one_arm_boxing_003_seg000,,
combined,ian,one_arm_boxing,periodic,cosmos_multi_sensor_gesture,3,1,1,9.0,3.0,"mmwave,imu,uwb,rfid",30,10.0,300,150,150,0,/Users/ianba/Desktop/COSMOS/final project/Cosmos-Gesture-Recognition-/data/processed/ian_periodic/sessions/student1_one_arm_boxing_003_seg001/trial_data.npz,/Users/ianba/Desktop/COSMOS/final project/Cosmos-Gesture-Recognition-/data/processed/ian_periodic/sessions/student1_one_arm_boxing_003_seg001,,
combined,ian,one_arm_boxing,periodic,cosmos_multi_sensor_gesture,3,1,2,9.0,3.0,"mmwave,imu,uwb,rfid",30,10.0,300,150,150,0,/Users/ianba/Desktop/COSMOS/final project/Cosmos-Gesture-Recognition-/data/processed/ian_periodic/sessions/student1_one_arm_boxing_003_seg002/trial_data.npz,/Users/ianba/Desktop/COSMOS/final project/Cosmos-Gesture-Recognition-/data/processed/ian_periodic/sessions/student1_one_arm_boxing_003_seg002,,
combined,ian,clapping,periodic,cosmos_multi_sensor_gesture,1,1,0,9.0,3.0,"mmwave,imu,uwb,rfid",30,10.0,300,150,147,0,/Users/ianba/Desktop/COSMOS/final project/Cosmos-Gesture-Recognition-/data/processed/ian_periodic/sessions/student1_clapping_001_seg000/trial_data.npz,/Users/ianba/Desktop/COSMOS/final project/Cosmos-Gesture-Recognition-/data/processed/ian_periodic/sessions/student1_clapping_001_seg000,,
combined,ian,clapping,periodic,cosmos_multi_sensor_gesture,1,1,1,9.0,3.0,"mmwave,imu,uwb,rfid",30,10.0,300,150,143,0,/Users/ianba/Desktop/COSMOS/final project/Cosmos-Gesture-Recognition-/data/processed/ian_periodic/sessions/student1_clapping_001_seg001/trial_data.npz,/Users/ianba/Desktop/COSMOS/final project/Cosmos-Gesture-Recognition-/data/processed/ian_periodic/sessions/student1_clapping_001_seg001,,
combined,ian,clapping,periodic,cosmos_multi_sensor_gesture,1,1,2,9.0,3.0,"mmwave,imu,uwb,rfid",30,10.0,300,150,146,0,/Users/ianba/Desktop/COSMOS/final project/Cosmos-Gesture-Recognition-/data/processed/ian_periodic/sessions/student1_clapping_001_seg002/trial_data.npz,/Users/ianba/Desktop/COSMOS/final project/Cosmos-Gesture-Recognition-/data/processed/ian_periodic/sessions/student1_clapping_001_seg002,,
combined,ian,clapping,periodic,cosmos_multi_sensor_gesture,2,1,0,9.0,3.0,"mmwave,imu,uwb,rfid",30,10.0,300,150,140,0,/Users/ianba/Desktop/COSMOS/final project/Cosmos-Gesture-Recognition-/data/processed/ian_periodic/sessions/student1_clapping_002_seg000/trial_data.npz,/Users/ianba/Desktop/COSMOS/final project/Cosmos-Gesture-Recognition-/data/processed/ian_periodic/sessions/student1_clapping_002_seg000,,
combined,ian,clapping,periodic,cosmos_multi_sensor_gesture,2,1,1,9.0,3.0,"mmwave,imu,uwb,rfid",30,10.0,300,150,147,0,/Users/ianba/Desktop/COSMOS/final project/Cosmos-Gesture-Recognition-/data/processed/ian_periodic/sessions/student1_clapping_002_seg001/trial_data.npz,/Users/ianba/Desktop/COSMOS/final project/Cosmos-Gesture-Recognition-/data/processed/ian_periodic/sessions/student1_clapping_002_seg001,,
combined,ian,clapping,periodic,cosmos_multi_sensor_gesture,2,1,2,9.0,3.0,"mmwave,imu,uwb,rfid",30,10.0,300,150,147,0,/Users/ianba/Desktop/COSMOS/final project/Cosmos-Gesture-Recognition-/data/processed/ian_periodic/sessions/student1_clapping_002_seg002/trial_data.npz,/Users/ianba/Desktop/COSMOS/final project/Cosmos-Gesture-Recognition-/data/processed/ian_periodic/sessions/student1_clapping_002_seg002,,
combined,ian,clapping,periodic,cosmos_multi_sensor_gesture,3,1,0,9.0,3.0,"mmwave,imu,uwb,rfid",30,10.0,300,150,148,0,/Users/ianba/Desktop/COSMOS/final project/Cosmos-Gesture-Recognition-/data/processed/ian_periodic/sessions/student1_clapping_003_seg000/trial_data.npz,/Users/ianba/Desktop/COSMOS/final project/Cosmos-Gesture-Recognition-/data/processed/ian_periodic/sessions/student1_clapping_003_seg000,,
combined,ian,clapping,periodic,cosmos_multi_sensor_gesture,3,1,1,9.0,3.0,"mmwave,imu,uwb,rfid",30,10.0,300,150,148,0,/Users/ianba/Desktop/COSMOS/final project/Cosmos-Gesture-Recognition-/data/processed/ian_periodic/sessions/student1_clapping_003_seg001/trial_data.npz,/Users/ianba/Desktop/COSMOS/final project/Cosmos-Gesture-Recognition-/data/processed/ian_periodic/sessions/student1_clapping_003_seg001,,
combined,ian,clapping,periodic,cosmos_multi_sensor_gesture,3,1,2,9.0,3.0,"mmwave,imu,uwb,rfid",30,10.0,300,150,144,0,/Users/ianba/Desktop/COSMOS/final project/Cosmos-Gesture-Recognition-/data/processed/ian_periodic/sessions/student1_clapping_003_seg002/trial_data.npz,/Users/ianba/Desktop/COSMOS/final project/Cosmos-Gesture-Recognition-/data/processed/ian_periodic/sessions/student1_clapping_003_seg002,,
combined,ian,two_arm_boxing,periodic,cosmos_multi_sensor_gesture,1,2,0,9.0,3.0,"mmwave,imu,uwb,rfid",30,10.0,300,150,150,0,/Users/ianba/Desktop/COSMOS/final project/Cosmos-Gesture-Recognition-/data/processed/ian_periodic/sessions/student1_two_arm_boxing_001_seg000/trial_data.npz,/Users/ianba/Desktop/COSMOS/final project/Cosmos-Gesture-Recognition-/data/processed/ian_periodic/sessions/student1_two_arm_boxing_001_seg000,,
combined,ian,two_arm_boxing,periodic,cosmos_multi_sensor_gesture,1,2,1,9.0,3.0,"mmwave,imu,uwb,rfid",30,10.0,300,150,150,0,/Users/ianba/Desktop/COSMOS/final project/Cosmos-Gesture-Recognition-/data/processed/ian_periodic/sessions/student1_two_arm_boxing_001_seg001/trial_data.npz,/Users/ianba/Desktop/COSMOS/final project/Cosmos-Gesture-Recognition-/data/processed/ian_periodic/sessions/student1_two_arm_boxing_001_seg001,,
combined,ian,two_arm_boxing,periodic,cosmos_multi_sensor_gesture,1,2,2,9.0,3.0,"mmwave,imu,uwb,rfid",30,10.0,300,150,150,0,/Users/ianba/Desktop/COSMOS/final project/Cosmos-Gesture-Recognition-/data/processed/ian_periodic/sessions/student1_two_arm_boxing_001_seg002/trial_data.npz,/Users/ianba/Desktop/COSMOS/final project/Cosmos-Gesture-Recognition-/data/processed/ian_periodic/sessions/student1_two_arm_boxing_001_seg002,,
combined,ian,two_arm_boxing,periodic,cosmos_multi_sensor_gesture,2,1,0,9.0,3.0,"mmwave,imu,uwb,rfid",30,10.0,299,150,149,0,/Users/ianba/Desktop/COSMOS/final project/Cosmos-Gesture-Recognition-/data/processed/ian_periodic/sessions/student1_two_arm_boxing_002_seg000/trial_data.npz,/Users/ianba/Desktop/COSMOS/final project/Cosmos-Gesture-Recognition-/data/processed/ian_periodic/sessions/student1_two_arm_boxing_002_seg000,,
combined,ian,two_arm_boxing,periodic,cosmos_multi_sensor_gesture,2,1,1,9.0,3.0,"mmwave,imu,uwb,rfid",30,10.0,300,150,150,0,/Users/ianba/Desktop/COSMOS/final project/Cosmos-Gesture-Recognition-/data/processed/ian_periodic/sessions/student1_two_arm_boxing_002_seg001/trial_data.npz,/Users/ianba/Desktop/COSMOS/final project/Cosmos-Gesture-Recognition-/data/processed/ian_periodic/sessions/student1_two_arm_boxing_002_seg001,,
combined,ian,two_arm_boxing,periodic,cosmos_multi_sensor_gesture,2,1,2,9.0,3.0,"mmwave,imu,uwb,rfid",30,10.0,301,150,149,0,/Users/ianba/Desktop/COSMOS/final project/Cosmos-Gesture-Recognition-/data/processed/ian_periodic/sessions/student1_two_arm_boxing_002_seg002/trial_data.npz,/Users/ianba/Desktop/COSMOS/final project/Cosmos-Gesture-Recognition-/data/processed/ian_periodic/sessions/student1_two_arm_boxing_002_seg002,,
combined,ian,two_arm_boxing,periodic,cosmos_multi_sensor_gesture,3,1,0,9.0,3.0,"mmwave,imu,uwb,rfid",30,10.0,300,150,150,0,/Users/ianba/Desktop/COSMOS/final project/Cosmos-Gesture-Recognition-/data/processed/ian_periodic/sessions/student1_two_arm_boxing_003_seg000/trial_data.npz,/Users/ianba/Desktop/COSMOS/final project/Cosmos-Gesture-Recognition-/data/processed/ian_periodic/sessions/student1_two_arm_boxing_003_seg000,,
combined,ian,two_arm_boxing,periodic,cosmos_multi_sensor_gesture,3,1,1,9.0,3.0,"mmwave,imu,uwb,rfid",30,10.0,299,150,150,0,/Users/ianba/Desktop/COSMOS/final project/Cosmos-Gesture-Recognition-/data/processed/ian_periodic/sessions/student1_two_arm_boxing_003_seg001/trial_data.npz,/Users/ianba/Desktop/COSMOS/final project/Cosmos-Gesture-Recognition-/data/processed/ian_periodic/sessions/student1_two_arm_boxing_003_seg001,,
combined,ian,two_arm_boxing,periodic,cosmos_multi_sensor_gesture,3,1,2,9.0,3.0,"mmwave,imu,uwb,rfid",30,10.0,301,150,150,0,/Users/ianba/Desktop/COSMOS/final project/Cosmos-Gesture-Recognition-/data/processed/ian_periodic/sessions/student1_two_arm_boxing_003_seg002/trial_data.npz,/Users/ianba/Desktop/COSMOS/final project/Cosmos-Gesture-Recognition-/data/processed/ian_periodic/sessions/student1_two_arm_boxing_003_seg002,,
combined,ian,soli,periodic,cosmos_multi_sensor_gesture,1,2,0,9.0,3.0,"mmwave,imu,uwb,rfid",30,10.0,300,150,145,0,/Users/ianba/Desktop/COSMOS/final project/Cosmos-Gesture-Recognition-/data/processed/ian_periodic/sessions/student1_soli_001_seg000/trial_data.npz,/Users/ianba/Desktop/COSMOS/final project/Cosmos-Gesture-Recognition-/data/processed/ian_periodic/sessions/student1_soli_001_seg000,,
combined,ian,soli,periodic,cosmos_multi_sensor_gesture,1,2,1,9.0,3.0,"mmwave,imu,uwb,rfid",30,10.0,300,150,150,0,/Users/ianba/Desktop/COSMOS/final project/Cosmos-Gesture-Recognition-/data/processed/ian_periodic/sessions/student1_soli_001_seg001/trial_data.npz,/Users/ianba/Desktop/COSMOS/final project/Cosmos-Gesture-Recognition-/data/processed/ian_periodic/sessions/student1_soli_001_seg001,,
combined,ian,soli,periodic,cosmos_multi_sensor_gesture,1,2,2,9.0,3.0,"mmwave,imu,uwb,rfid",30,10.0,300,150,150,0,/Users/ianba/Desktop/COSMOS/final project/Cosmos-Gesture-Recognition-/data/processed/ian_periodic/sessions/student1_soli_001_seg002/trial_data.npz,/Users/ianba/Desktop/COSMOS/final project/Cosmos-Gesture-Recognition-/data/processed/ian_periodic/sessions/student1_soli_001_seg002,,
combined,ian,soli,periodic,cosmos_multi_sensor_gesture,2,1,0,9.0,3.0,"mmwave,imu,uwb,rfid",30,10.0,300,150,150,0,/Users/ianba/Desktop/COSMOS/final project/Cosmos-Gesture-Recognition-/data/processed/ian_periodic/sessions/student1_soli_002_seg000/trial_data.npz,/Users/ianba/Desktop/COSMOS/final project/Cosmos-Gesture-Recognition-/data/processed/ian_periodic/sessions/student1_soli_002_seg000,,
combined,ian,soli,periodic,cosmos_multi_sensor_gesture,2,1,1,9.0,3.0,"mmwave,imu,uwb,rfid",30,10.0,300,150,150,0,/Users/ianba/Desktop/COSMOS/final project/Cosmos-Gesture-Recognition-/data/processed/ian_periodic/sessions/student1_soli_002_seg001/trial_data.npz,/Users/ianba/Desktop/COSMOS/final project/Cosmos-Gesture-Recognition-/data/processed/ian_periodic/sessions/student1_soli_002_seg001,,
combined,ian,soli,periodic,cosmos_multi_sensor_gesture,2,1,2,9.0,3.0,"mmwave,imu,uwb,rfid",30,10.0,300,150,150,0,/Users/ianba/Desktop/COSMOS/final project/Cosmos-Gesture-Recognition-/data/processed/ian_periodic/sessions/student1_soli_002_seg002/trial_data.npz,/Users/ianba/Desktop/COSMOS/final project/Cosmos-Gesture-Recognition-/data/processed/ian_periodic/sessions/student1_soli_002_seg002,,
combined,ian,soli,periodic,cosmos_multi_sensor_gesture,3,1,0,9.0,3.0,"mmwave,imu,uwb,rfid",30,10.0,300,150,150,0,/Users/ianba/Desktop/COSMOS/final project/Cosmos-Gesture-Recognition-/data/processed/ian_periodic/sessions/student1_soli_003_seg000/trial_data.npz,/Users/ianba/Desktop/COSMOS/final project/Cosmos-Gesture-Recognition-/data/processed/ian_periodic/sessions/student1_soli_003_seg000,,
combined,ian,soli,periodic,cosmos_multi_sensor_gesture,3,1,1,9.0,3.0,"mmwave,imu,uwb,rfid",30,10.0,300,150,150,0,/Users/ianba/Desktop/COSMOS/final project/Cosmos-Gesture-Recognition-/data/processed/ian_periodic/sessions/student1_soli_003_seg001/trial_data.npz,/Users/ianba/Desktop/COSMOS/final project/Cosmos-Gesture-Recognition-/data/processed/ian_periodic/sessions/student1_soli_003_seg001,,
combined,ian,soli,periodic,cosmos_multi_sensor_gesture,3,1,2,9.0,3.0,"mmwave,imu,uwb,rfid",30,10.0,300,150,150,0,/Users/ianba/Desktop/COSMOS/final project/Cosmos-Gesture-Recognition-/data/processed/ian_periodic/sessions/student1_soli_003_seg002/trial_data.npz,/Users/ianba/Desktop/COSMOS/final project/Cosmos-Gesture-Recognition-/data/processed/ian_periodic/sessions/student1_soli_003_seg002,,
combined,ian,palm_up_down,periodic,cosmos_multi_sensor_gesture,1,1,0,9.0,3.0,"mmwave,imu,uwb,rfid",30,10.0,301,150,150,0,/Users/ianba/Desktop/COSMOS/final project/Cosmos-Gesture-Recognition-/data/processed/ian_periodic/sessions/student1_palm_up_down_001_seg000/trial_data.npz,/Users/ianba/Desktop/COSMOS/final project/Cosmos-Gesture-Recognition-/data/processed/ian_periodic/sessions/student1_palm_up_down_001_seg000,,
combined,ian,palm_up_down,periodic,cosmos_multi_sensor_gesture,1,1,1,9.0,3.0,"mmwave,imu,uwb,rfid",30,10.0,299,150,150,0,/Users/ianba/Desktop/COSMOS/final project/Cosmos-Gesture-Recognition-/data/processed/ian_periodic/sessions/student1_palm_up_down_001_seg001/trial_data.npz,/Users/ianba/Desktop/COSMOS/final project/Cosmos-Gesture-Recognition-/data/processed/ian_periodic/sessions/student1_palm_up_down_001_seg001,,
combined,ian,palm_up_down,periodic,cosmos_multi_sensor_gesture,1,1,2,9.0,3.0,"mmwave,imu,uwb,rfid",30,10.0,300,150,150,0,/Users/ianba/Desktop/COSMOS/final project/Cosmos-Gesture-Recognition-/data/processed/ian_periodic/sessions/student1_palm_up_down_001_seg002/trial_data.npz,/Users/ianba/Desktop/COSMOS/final project/Cosmos-Gesture-Recognition-/data/processed/ian_periodic/sessions/student1_palm_up_down_001_seg002,,
combined,ian,palm_up_down,periodic,cosmos_multi_sensor_gesture,2,1,0,9.0,3.0,"mmwave,imu,uwb,rfid",30,10.0,300,150,150,0,/Users/ianba/Desktop/COSMOS/final project/Cosmos-Gesture-Recognition-/data/processed/ian_periodic/sessions/student1_palm_up_down_002_seg000/trial_data.npz,/Users/ianba/Desktop/COSMOS/final project/Cosmos-Gesture-Recognition-/data/processed/ian_periodic/sessions/student1_palm_up_down_002_seg000,,
combined,ian,palm_up_down,periodic,cosmos_multi_sensor_gesture,2,1,1,9.0,3.0,"mmwave,imu,uwb,rfid",30,10.0,300,150,150,0,/Users/ianba/Desktop/COSMOS/final project/Cosmos-Gesture-Recognition-/data/processed/ian_periodic/sessions/student1_palm_up_down_002_seg001/trial_data.npz,/Users/ianba/Desktop/COSMOS/final project/Cosmos-Gesture-Recognition-/data/processed/ian_periodic/sessions/student1_palm_up_down_002_seg001,,
combined,ian,palm_up_down,periodic,cosmos_multi_sensor_gesture,2,1,2,9.0,3.0,"mmwave,imu,uwb,rfid",30,10.0,300,150,150,0,/Users/ianba/Desktop/COSMOS/final project/Cosmos-Gesture-Recognition-/data/processed/ian_periodic/sessions/student1_palm_up_down_002_seg002/trial_data.npz,/Users/ianba/Desktop/COSMOS/final project/Cosmos-Gesture-Recognition-/data/processed/ian_periodic/sessions/student1_palm_up_down_002_seg002,,
combined,ian,palm_up_down,periodic,cosmos_multi_sensor_gesture,3,1,0,9.0,3.0,"mmwave,imu,uwb,rfid",30,10.0,300,150,150,0,/Users/ianba/Desktop/COSMOS/final project/Cosmos-Gesture-Recognition-/data/processed/ian_periodic/sessions/student1_palm_up_down_003_seg000/trial_data.npz,/Users/ianba/Desktop/COSMOS/final project/Cosmos-Gesture-Recognition-/data/processed/ian_periodic/sessions/student1_palm_up_down_003_seg000,,
combined,ian,palm_up_down,periodic,cosmos_multi_sensor_gesture,3,1,1,9.0,3.0,"mmwave,imu,uwb,rfid",30,10.0,299,150,150,0,/Users/ianba/Desktop/COSMOS/final project/Cosmos-Gesture-Recognition-/data/processed/ian_periodic/sessions/student1_palm_up_down_003_seg001/trial_data.npz,/Users/ianba/Desktop/COSMOS/final project/Cosmos-Gesture-Recognition-/data/processed/ian_periodic/sessions/student1_palm_up_down_003_seg001,,
combined,ian,palm_up_down,periodic,cosmos_multi_sensor_gesture,3,1,2,9.0,3.0,"mmwave,imu,uwb,rfid",30,10.0,301,150,150,0,/Users/ianba/Desktop/COSMOS/final project/Cosmos-Gesture-Recognition-/data/processed/ian_periodic/sessions/student1_palm_up_down_003_seg002/trial_data.npz,/Users/ianba/Desktop/COSMOS/final project/Cosmos-Gesture-Recognition-/data/processed/ian_periodic/sessions/student1_palm_up_down_003_seg002,,
combined,joanna,pull,discrete,cosmos_multi_sensor_gesture,1,2,0,3.0,3.0046330000000125,"mmwave,imu,uwb,rfid",30,9.984580479546047,300,150,150,0,/Users/ianba/Desktop/COSMOS/final project/Cosmos-Gesture-Recognition-/data/processed/joanna_discrete/sessions/student1_pull_001/trial_data.npz,/Users/ianba/Desktop/COSMOS/final project/Cosmos-Gesture-Recognition-/data/processed/joanna_discrete/sessions/student1_pull_001,,
combined,joanna,pull,discrete,cosmos_multi_sensor_gesture,2,1,0,3.0,3.018103999999994,"mmwave,imu,uwb,rfid",30,9.940015320876968,302,151,151,0,/Users/ianba/Desktop/COSMOS/final project/Cosmos-Gesture-Recognition-/data/processed/joanna_discrete/sessions/student1_pull_002/trial_data.npz,/Users/ianba/Desktop/COSMOS/final project/Cosmos-Gesture-Recognition-/data/processed/joanna_discrete/sessions/student1_pull_002,,
combined,joanna,pull,discrete,cosmos_multi_sensor_gesture,3,1,0,3.0,3.01099099999999,"mmwave,imu,uwb,rfid",30,9.963497067908904,301,151,151,0,/Users/ianba/Desktop/COSMOS/final project/Cosmos-Gesture-Recognition-/data/processed/joanna_discrete/sessions/student1_pull_003/trial_data.npz,/Users/ianba/Desktop/COSMOS/final project/Cosmos-Gesture-Recognition-/data/processed/joanna_discrete/sessions/student1_pull_003,,
combined,joanna,pull,discrete,cosmos_multi_sensor_gesture,4,1,0,3.0,3.019712999999996,"mmwave,imu,uwb,rfid",30,9.934718961702666,302,151,151,0,/Users/ianba/Desktop/COSMOS/final project/Cosmos-Gesture-Recognition-/data/processed/joanna_discrete/sessions/student1_pull_004/trial_data.npz,/Users/ianba/Desktop/COSMOS/final project/Cosmos-Gesture-Recognition-/data/processed/joanna_discrete/sessions/student1_pull_004,,
combined,joanna,pull,discrete,cosmos_multi_sensor_gesture,5,1,0,3.0,3.011448999999999,"mmwave,imu,uwb,rfid",30,9.961981756954877,302,150,150,0,/Users/ianba/Desktop/COSMOS/final project/Cosmos-Gesture-Recognition-/data/processed/joanna_discrete/sessions/student1_pull_005/trial_data.npz,/Users/ianba/Desktop/COSMOS/final project/Cosmos-Gesture-Recognition-/data/processed/joanna_discrete/sessions/student1_pull_005,,
combined,joanna,pull,discrete,cosmos_multi_sensor_gesture,6,1,0,3.0,3.0097539999999867,"mmwave,imu,uwb,rfid",30,9.967592035761106,301,150,149,0,/Users/ianba/Desktop/COSMOS/final project/Cosmos-Gesture-Recognition-/data/processed/joanna_discrete/sessions/student1_pull_006/trial_data.npz,/Users/ianba/Desktop/COSMOS/final project/Cosmos-Gesture-Recognition-/data/processed/joanna_discrete/sessions/student1_pull_006,,
combined,joanna,pull,discrete,cosmos_multi_sensor_gesture,7,1,0,3.0,3.0230459999999653,"mmwave,imu,uwb,rfid",30,9.923765632411927,303,151,151,0,/Users/ianba/Desktop/COSMOS/final project/Cosmos-Gesture-Recognition-/data/processed/joanna_discrete/sessions/student1_pull_007/trial_data.npz,/Users/ianba/Desktop/COSMOS/final project/Cosmos-Gesture-Recognition-/data/processed/joanna_discrete/sessions/student1_pull_007,,
combined,joanna,pull,discrete,cosmos_multi_sensor_gesture,8,1,0,3.0,3.005773999999974,"mmwave,imu,uwb,rfid",30,9.980790305591924,301,150,150,0,/Users/ianba/Desktop/COSMOS/final project/Cosmos-Gesture-Recognition-/data/processed/joanna_discrete/sessions/student1_pull_008/trial_data.npz,/Users/ianba/Desktop/COSMOS/final project/Cosmos-Gesture-Recognition-/data/processed/joanna_discrete/sessions/student1_pull_008,,
combined,joanna,push,discrete,cosmos_multi_sensor_gesture,1,1,0,3.0,3.006578999999988,"mmwave,imu,uwb,rfid",30,9.978117987253992,300,150,150,0,/Users/ianba/Desktop/COSMOS/final project/Cosmos-Gesture-Recognition-/data/processed/joanna_discrete/sessions/student1_push_001/trial_data.npz,/Users/ianba/Desktop/COSMOS/final project/Cosmos-Gesture-Recognition-/data/processed/joanna_discrete/sessions/student1_push_001,,
combined,joanna,push,discrete,cosmos_multi_sensor_gesture,2,1,0,3.0,3.021552999999983,"mmwave,imu,uwb,rfid",30,9.928669131403675,303,151,151,0,/Users/ianba/Desktop/COSMOS/final project/Cosmos-Gesture-Recognition-/data/processed/joanna_discrete/sessions/student1_push_002/trial_data.npz,/Users/ianba/Desktop/COSMOS/final project/Cosmos-Gesture-Recognition-/data/processed/joanna_discrete/sessions/student1_push_002,,
combined,joanna,push,discrete,cosmos_multi_sensor_gesture,3,1,0,3.0,3.0082309999999666,"mmwave,imu,uwb,rfid",30,9.972638404431153,301,150,150,0,/Users/ianba/Desktop/COSMOS/final project/Cosmos-Gesture-Recognition-/data/processed/joanna_discrete/sessions/student1_push_003/trial_data.npz,/Users/ianba/Desktop/COSMOS/final project/Cosmos-Gesture-Recognition-/data/processed/joanna_discrete/sessions/student1_push_003,,
combined,joanna,push,discrete,cosmos_multi_sensor_gesture,4,1,0,3.0,3.0141570000000115,"mmwave,imu,uwb,rfid",30,9.953031643673466,301,151,151,0,/Users/ianba/Desktop/COSMOS/final project/Cosmos-Gesture-Recognition-/data/processed/joanna_discrete/sessions/student1_push_004/trial_data.npz,/Users/ianba/Desktop/COSMOS/final project/Cosmos-Gesture-Recognition-/data/processed/joanna_discrete/sessions/student1_push_004,,
combined,joanna,push,discrete,cosmos_multi_sensor_gesture,5,1,0,3.0,3.005505000000028,"mmwave,imu,uwb,rfid",30,9.981683610574503,300,151,151,0,/Users/ianba/Desktop/COSMOS/final project/Cosmos-Gesture-Recognition-/data/processed/joanna_discrete/sessions/student1_push_005/trial_data.npz,/Users/ianba/Desktop/COSMOS/final project/Cosmos-Gesture-Recognition-/data/processed/joanna_discrete/sessions/student1_push_005,,
combined,joanna,push,discrete,cosmos_multi_sensor_gesture,6,1,0,3.0,3.0232089999999516,"mmwave,imu,uwb,rfid",30,9.923230580485994,302,152,152,0,/Users/ianba/Desktop/COSMOS/final project/Cosmos-Gesture-Recognition-/data/processed/joanna_discrete/sessions/student1_push_006/trial_data.npz,/Users/ianba/Desktop/COSMOS/final project/Cosmos-Gesture-Recognition-/data/processed/joanna_discrete/sessions/student1_push_006,,
combined,joanna,push,discrete,cosmos_multi_sensor_gesture,7,1,0,3.0,3.001358000000039,"mmwave,imu,uwb,rfid",30,9.995475381477188,300,150,150,0,/Users/ianba/Desktop/COSMOS/final project/Cosmos-Gesture-Recognition-/data/processed/joanna_discrete/sessions/student1_push_007/trial_data.npz,/Users/ianba/Desktop/COSMOS/final project/Cosmos-Gesture-Recognition-/data/processed/joanna_discrete/sessions/student1_push_007,,
combined,joanna,push,discrete,cosmos_multi_sensor_gesture,8,1,0,3.0,3.0173490000000243,"mmwave,imu,uwb,rfid",31,10.273919258262717,301,151,151,0,/Users/ianba/Desktop/COSMOS/final project/Cosmos-Gesture-Recognition-/data/processed/joanna_discrete/sessions/student1_push_008/trial_data.npz,/Users/ianba/Desktop/COSMOS/final project/Cosmos-Gesture-Recognition-/data/processed/joanna_discrete/sessions/student1_push_008,,
combined,joanna,clockwise,discrete,cosmos_multi_sensor_gesture,1,1,0,3.0,3.0180139999999938,"mmwave,imu,uwb,rfid",30,9.94031174142998,302,151,151,0,/Users/ianba/Desktop/COSMOS/final project/Cosmos-Gesture-Recognition-/data/processed/joanna_discrete/sessions/student1_clockwise_001/trial_data.npz,/Users/ianba/Desktop/COSMOS/final project/Cosmos-Gesture-Recognition-/data/processed/joanna_discrete/sessions/student1_clockwise_001,,
combined,joanna,clockwise,discrete,cosmos_multi_sensor_gesture,2,1,0,3.0,3.014616999999987,"mmwave,imu,uwb,rfid",30,9.951512911922187,302,151,151,0,/Users/ianba/Desktop/COSMOS/final project/Cosmos-Gesture-Recognition-/data/processed/joanna_discrete/sessions/student1_clockwise_002/trial_data.npz,/Users/ianba/Desktop/COSMOS/final project/Cosmos-Gesture-Recognition-/data/processed/joanna_discrete/sessions/student1_clockwise_002,,
combined,joanna,clockwise,discrete,cosmos_multi_sensor_gesture,3,1,0,3.0,3.009558000000027,"mmwave,imu,uwb,rfid",30,9.968241183588995,301,151,150,0,/Users/ianba/Desktop/COSMOS/final project/Cosmos-Gesture-Recognition-/data/processed/joanna_discrete/sessions/student1_clockwise_003/trial_data.npz,/Users/ianba/Desktop/COSMOS/final project/Cosmos-Gesture-Recognition-/data/processed/joanna_discrete/sessions/student1_clockwise_003,,
combined,joanna,clockwise,discrete,cosmos_multi_sensor_gesture,4,1,0,3.0,3.011999000000003,"mmwave,imu,uwb,rfid",30,9.960162669376706,301,150,150,0,/Users/ianba/Desktop/COSMOS/final project/Cosmos-Gesture-Recognition-/data/processed/joanna_discrete/sessions/student1_clockwise_004/trial_data.npz,/Users/ianba/Desktop/COSMOS/final project/Cosmos-Gesture-Recognition-/data/processed/joanna_discrete/sessions/student1_clockwise_004,,
combined,joanna,clockwise,discrete,cosmos_multi_sensor_gesture,5,1,0,3.0,3.018259999999998,"mmwave,imu,uwb,rfid",30,9.939501567128087,302,150,150,0,/Users/ianba/Desktop/COSMOS/final project/Cosmos-Gesture-Recognition-/data/processed/joanna_discrete/sessions/student1_clockwise_005/trial_data.npz,/Users/ianba/Desktop/COSMOS/final project/Cosmos-Gesture-Recognition-/data/processed/joanna_discrete/sessions/student1_clockwise_005,,
combined,joanna,clockwise,discrete,cosmos_multi_sensor_gesture,6,1,0,3.0,3.024911999999972,"mmwave,imu,uwb,rfid",30,9.917643885177577,302,151,151,0,/Users/ianba/Desktop/COSMOS/final project/Cosmos-Gesture-Recognition-/data/processed/joanna_discrete/sessions/student1_clockwise_006/trial_data.npz,/Users/ianba/Desktop/COSMOS/final project/Cosmos-Gesture-Recognition-/data/processed/joanna_discrete/sessions/student1_clockwise_006,,
combined,joanna,clockwise,discrete,cosmos_multi_sensor_gesture,7,1,0,3.0,3.0234370000000013,"mmwave,imu,uwb,rfid",30,9.922482261082333,302,151,151,0,/Users/ianba/Desktop/COSMOS/final project/Cosmos-Gesture-Recognition-/data/processed/joanna_discrete/sessions/student1_clockwise_007/trial_data.npz,/Users/ianba/Desktop/COSMOS/final project/Cosmos-Gesture-Recognition-/data/processed/joanna_discrete/sessions/student1_clockwise_007,,
combined,joanna,clockwise,discrete,cosmos_multi_sensor_gesture,8,1,0,3.0,3.022839000000033,"mmwave,imu,uwb,rfid",30,9.924445198702172,302,151,151,0,/Users/ianba/Desktop/COSMOS/final project/Cosmos-Gesture-Recognition-/data/processed/joanna_discrete/sessions/student1_clockwise_008/trial_data.npz,/Users/ianba/Desktop/COSMOS/final project/Cosmos-Gesture-Recognition-/data/processed/joanna_discrete/sessions/student1_clockwise_008,,
combined,joanna,anti_clockwise,discrete,cosmos_multi_sensor_gesture,1,1,0,3.0,3.01276299999995,"mmwave,imu,uwb,rfid",30,9.957636893443162,301,150,150,0,/Users/ianba/Desktop/COSMOS/final project/Cosmos-Gesture-Recognition-/data/processed/joanna_discrete/sessions/student1_anti_clockwise_001/trial_data.npz,/Users/ianba/Desktop/COSMOS/final project/Cosmos-Gesture-Recognition-/data/processed/joanna_discrete/sessions/student1_anti_clockwise_001,,
combined,joanna,anti_clockwise,discrete,cosmos_multi_sensor_gesture,2,1,0,3.0,3.0105819999999994,"mmwave,imu,uwb,rfid",30,9.964850650140075,301,150,149,0,/Users/ianba/Desktop/COSMOS/final project/Cosmos-Gesture-Recognition-/data/processed/joanna_discrete/sessions/student1_anti_clockwise_002/trial_data.npz,/Users/ianba/Desktop/COSMOS/final project/Cosmos-Gesture-Recognition-/data/processed/joanna_discrete/sessions/student1_anti_clockwise_002,,
combined,joanna,anti_clockwise,discrete,cosmos_multi_sensor_gesture,3,1,0,3.0,3.021671999999967,"mmwave,imu,uwb,rfid",30,9.928278118869397,303,151,151,0,/Users/ianba/Desktop/COSMOS/final project/Cosmos-Gesture-Recognition-/data/processed/joanna_discrete/sessions/student1_anti_clockwise_003/trial_data.npz,/Users/ianba/Desktop/COSMOS/final project/Cosmos-Gesture-Recognition-/data/processed/joanna_discrete/sessions/student1_anti_clockwise_003,,
combined,joanna,anti_clockwise,discrete,cosmos_multi_sensor_gesture,4,1,0,3.0,3.004986000000031,"mmwave,imu,uwb,rfid",30,9.983407576607576,301,150,150,0,/Users/ianba/Desktop/COSMOS/final project/Cosmos-Gesture-Recognition-/data/processed/joanna_discrete/sessions/student1_anti_clockwise_004/trial_data.npz,/Users/ianba/Desktop/COSMOS/final project/Cosmos-Gesture-Recognition-/data/processed/joanna_discrete/sessions/student1_anti_clockwise_004,,
combined,joanna,anti_clockwise,discrete,cosmos_multi_sensor_gesture,5,1,0,3.0,3.0084620000000086,"mmwave,imu,uwb,rfid",30,9.971872671152209,300,150,150,0,/Users/ianba/Desktop/COSMOS/final project/Cosmos-Gesture-Recognition-/data/processed/joanna_discrete/sessions/student1_anti_clockwise_005/trial_data.npz,/Users/ianba/Desktop/COSMOS/final project/Cosmos-Gesture-Recognition-/data/processed/joanna_discrete/sessions/student1_anti_clockwise_005,,
combined,joanna,anti_clockwise,discrete,cosmos_multi_sensor_gesture,6,1,0,3.0,3.003355000000056,"mmwave,imu,uwb,rfid",30,9.988829159389896,300,150,148,0,/Users/ianba/Desktop/COSMOS/final project/Cosmos-Gesture-Recognition-/data/processed/joanna_discrete/sessions/student1_anti_clockwise_006/trial_data.npz,/Users/ianba/Desktop/COSMOS/final project/Cosmos-Gesture-Recognition-/data/processed/joanna_discrete/sessions/student1_anti_clockwise_006,,
combined,joanna,anti_clockwise,discrete,cosmos_multi_sensor_gesture,7,1,0,3.0,3.0231449999999995,"mmwave,imu,uwb,rfid",30,9.923440655344022,303,151,150,0,/Users/ianba/Desktop/COSMOS/final project/Cosmos-Gesture-Recognition-/data/processed/joanna_discrete/sessions/student1_anti_clockwise_007/trial_data.npz,/Users/ianba/Desktop/COSMOS/final project/Cosmos-Gesture-Recognition-/data/processed/joanna_discrete/sessions/student1_anti_clockwise_007,,
combined,joanna,anti_clockwise,discrete,cosmos_multi_sensor_gesture,8,1,0,3.0,3.0010019999999713,"mmwave,imu,uwb,rfid",30,9.996661115187623,301,150,150,0,/Users/ianba/Desktop/COSMOS/final project/Cosmos-Gesture-Recognition-/data/processed/joanna_discrete/sessions/student1_anti_clockwise_008/trial_data.npz,/Users/ianba/Desktop/COSMOS/final project/Cosmos-Gesture-Recognition-/data/processed/joanna_discrete/sessions/student1_anti_clockwise_008,,
combined,joanna,right,discrete,cosmos_multi_sensor_gesture,1,1,0,3.0,3.007385999999997,"mmwave,imu,uwb,rfid",31,10.30795514775956,301,150,150,0,/Users/ianba/Desktop/COSMOS/final project/Cosmos-Gesture-Recognition-/data/processed/joanna_discrete/sessions/student1_right_001/trial_data.npz,/Users/ianba/Desktop/COSMOS/final project/Cosmos-Gesture-Recognition-/data/processed/joanna_discrete/sessions/student1_right_001,,
combined,joanna,right,discrete,cosmos_multi_sensor_gesture,2,1,0,3.0,3.0129230000000007,"mmwave,imu,uwb,rfid",31,10.289011700597722,302,151,151,0,/Users/ianba/Desktop/COSMOS/final project/Cosmos-Gesture-Recognition-/data/processed/joanna_discrete/sessions/student1_right_002/trial_data.npz,/Users/ianba/Desktop/COSMOS/final project/Cosmos-Gesture-Recognition-/data/processed/joanna_discrete/sessions/student1_right_002,,
combined,joanna,right,discrete,cosmos_multi_sensor_gesture,3,1,0,3.0,3.018330999999989,"mmwave,imu,uwb,rfid",30,9.939267760891733,302,151,151,0,/Users/ianba/Desktop/COSMOS/final project/Cosmos-Gesture-Recognition-/data/processed/joanna_discrete/sessions/student1_right_003/trial_data.npz,/Users/ianba/Desktop/COSMOS/final project/Cosmos-Gesture-Recognition-/data/processed/joanna_discrete/sessions/student1_right_003,,
combined,joanna,right,discrete,cosmos_multi_sensor_gesture,4,1,0,3.0,3.004764000000023,"mmwave,imu,uwb,rfid",30,9.984145177458121,300,151,151,0,/Users/ianba/Desktop/COSMOS/final project/Cosmos-Gesture-Recognition-/data/processed/joanna_discrete/sessions/student1_right_004/trial_data.npz,/Users/ianba/Desktop/COSMOS/final project/Cosmos-Gesture-Recognition-/data/processed/joanna_discrete/sessions/student1_right_004,,
combined,joanna,right,discrete,cosmos_multi_sensor_gesture,5,1,0,3.0,3.016452000000072,"mmwave,imu,uwb,rfid",30,9.945459102282841,302,151,151,0,/Users/ianba/Desktop/COSMOS/final project/Cosmos-Gesture-Recognition-/data/processed/joanna_discrete/sessions/student1_right_005/trial_data.npz,/Users/ianba/Desktop/COSMOS/final project/Cosmos-Gesture-Recognition-/data/processed/joanna_discrete/sessions/student1_right_005,,
combined,joanna,right,discrete,cosmos_multi_sensor_gesture,6,1,0,3.0,3.0117740000000595,"mmwave,imu,uwb,rfid",30,9.960906761264095,301,150,150,0,/Users/ianba/Desktop/COSMOS/final project/Cosmos-Gesture-Recognition-/data/processed/joanna_discrete/sessions/student1_right_006/trial_data.npz,/Users/ianba/Desktop/COSMOS/final project/Cosmos-Gesture-Recognition-/data/processed/joanna_discrete/sessions/student1_right_006,,
combined,joanna,right,discrete,cosmos_multi_sensor_gesture,7,1,0,3.0,3.018778999999995,"mmwave,imu,uwb,rfid",31,10.26905248777736,302,151,150,0,/Users/ianba/Desktop/COSMOS/final project/Cosmos-Gesture-Recognition-/data/processed/joanna_discrete/sessions/student1_right_007/trial_data.npz,/Users/ianba/Desktop/COSMOS/final project/Cosmos-Gesture-Recognition-/data/processed/joanna_discrete/sessions/student1_right_007,,
combined,joanna,right,discrete,cosmos_multi_sensor_gesture,8,1,0,3.0,3.021912000000043,"mmwave,imu,uwb,rfid",30,9.92748961584572,302,151,151,0,/Users/ianba/Desktop/COSMOS/final project/Cosmos-Gesture-Recognition-/data/processed/joanna_discrete/sessions/student1_right_008/trial_data.npz,/Users/ianba/Desktop/COSMOS/final project/Cosmos-Gesture-Recognition-/data/processed/joanna_discrete/sessions/student1_right_008,,
combined,joanna,left,discrete,cosmos_multi_sensor_gesture,1,2,0,3.0,3.0058890000000247,"mmwave,imu,uwb,rfid",30,9.980408458196479,300,150,150,0,/Users/ianba/Desktop/COSMOS/final project/Cosmos-Gesture-Recognition-/data/processed/joanna_discrete/sessions/student1_left_001/trial_data.npz,/Users/ianba/Desktop/COSMOS/final project/Cosmos-Gesture-Recognition-/data/processed/joanna_discrete/sessions/student1_left_001,,
combined,joanna,left,discrete,cosmos_multi_sensor_gesture,2,1,0,3.0,3.003922999999986,"mmwave,imu,uwb,rfid",30,9.986940410922696,300,151,151,0,/Users/ianba/Desktop/COSMOS/final project/Cosmos-Gesture-Recognition-/data/processed/joanna_discrete/sessions/student1_left_002/trial_data.npz,/Users/ianba/Desktop/COSMOS/final project/Cosmos-Gesture-Recognition-/data/processed/joanna_discrete/sessions/student1_left_002,,
combined,joanna,left,discrete,cosmos_multi_sensor_gesture,3,1,0,3.0,3.0084969999999203,"mmwave,imu,uwb,rfid",30,9.971756661216812,301,151,149,0,/Users/ianba/Desktop/COSMOS/final project/Cosmos-Gesture-Recognition-/data/processed/joanna_discrete/sessions/student1_left_003/trial_data.npz,/Users/ianba/Desktop/COSMOS/final project/Cosmos-Gesture-Recognition-/data/processed/joanna_discrete/sessions/student1_left_003,,
combined,joanna,left,discrete,cosmos_multi_sensor_gesture,4,1,0,3.0,3.015696000000048,"mmwave,imu,uwb,rfid",30,9.947952313495632,301,151,150,0,/Users/ianba/Desktop/COSMOS/final project/Cosmos-Gesture-Recognition-/data/processed/joanna_discrete/sessions/student1_left_004/trial_data.npz,/Users/ianba/Desktop/COSMOS/final project/Cosmos-Gesture-Recognition-/data/processed/joanna_discrete/sessions/student1_left_004,,
combined,joanna,left,discrete,cosmos_multi_sensor_gesture,5,1,0,3.0,3.0172830000000204,"mmwave,imu,uwb,rfid",31,10.27414398980798,302,151,151,0,/Users/ianba/Desktop/COSMOS/final project/Cosmos-Gesture-Recognition-/data/processed/joanna_discrete/sessions/student1_left_005/trial_data.npz,/Users/ianba/Desktop/COSMOS/final project/Cosmos-Gesture-Recognition-/data/processed/joanna_discrete/sessions/student1_left_005,,
combined,joanna,left,discrete,cosmos_multi_sensor_gesture,6,1,0,3.0,3.0243849999999384,"mmwave,imu,uwb,rfid",30,9.919372037621073,303,152,150,0,/Users/ianba/Desktop/COSMOS/final project/Cosmos-Gesture-Recognition-/data/processed/joanna_discrete/sessions/student1_left_006/trial_data.npz,/Users/ianba/Desktop/COSMOS/final project/Cosmos-Gesture-Recognition-/data/processed/joanna_discrete/sessions/student1_left_006,,
combined,joanna,left,discrete,cosmos_multi_sensor_gesture,7,1,0,3.0,3.000676999999996,"mmwave,imu,uwb,rfid",30,9.997743842472895,300,150,149,0,/Users/ianba/Desktop/COSMOS/final project/Cosmos-Gesture-Recognition-/data/processed/joanna_discrete/sessions/student1_left_007/trial_data.npz,/Users/ianba/Desktop/COSMOS/final project/Cosmos-Gesture-Recognition-/data/processed/joanna_discrete/sessions/student1_left_007,,
combined,joanna,left,discrete,cosmos_multi_sensor_gesture,8,1,0,3.0,3.006153999999924,"mmwave,imu,uwb,rfid",30,9.979528660208612,300,150,150,0,/Users/ianba/Desktop/COSMOS/final project/Cosmos-Gesture-Recognition-/data/processed/joanna_discrete/sessions/student1_left_008/trial_data.npz,/Users/ianba/Desktop/COSMOS/final project/Cosmos-Gesture-Recognition-/data/processed/joanna_discrete/sessions/student1_left_008,,
combined,joanna,bye_bye,discrete,cosmos_multi_sensor_gesture,1,1,0,3.0,3.0015589999999293,"mmwave,imu,uwb,rfid",30,9.994806032465364,299,150,149,0,/Users/ianba/Desktop/COSMOS/final project/Cosmos-Gesture-Recognition-/data/processed/joanna_discrete/sessions/student1_bye_bye_001/trial_data.npz,/Users/ianba/Desktop/COSMOS/final project/Cosmos-Gesture-Recognition-/data/processed/joanna_discrete/sessions/student1_bye_bye_001,,
combined,joanna,bye_bye,discrete,cosmos_multi_sensor_gesture,2,1,0,3.0,3.0186689999999317,"mmwave,imu,uwb,rfid",30,9.938154862292182,302,151,151,0,/Users/ianba/Desktop/COSMOS/final project/Cosmos-Gesture-Recognition-/data/processed/joanna_discrete/sessions/student1_bye_bye_002/trial_data.npz,/Users/ianba/Desktop/COSMOS/final project/Cosmos-Gesture-Recognition-/data/processed/joanna_discrete/sessions/student1_bye_bye_002,,
combined,joanna,bye_bye,discrete,cosmos_multi_sensor_gesture,3,1,0,3.0,3.012316999999939,"mmwave,imu,uwb,rfid",30,9.959111209079458,301,150,150,0,/Users/ianba/Desktop/COSMOS/final project/Cosmos-Gesture-Recognition-/data/processed/joanna_discrete/sessions/student1_bye_bye_003/trial_data.npz,/Users/ianba/Desktop/COSMOS/final project/Cosmos-Gesture-Recognition-/data/processed/joanna_discrete/sessions/student1_bye_bye_003,,
combined,joanna,bye_bye,discrete,cosmos_multi_sensor_gesture,4,1,0,3.0,3.0020620000000235,"mmwave,imu,uwb,rfid",30,9.993131387692781,300,150,150,0,/Users/ianba/Desktop/COSMOS/final project/Cosmos-Gesture-Recognition-/data/processed/joanna_discrete/sessions/student1_bye_bye_004/trial_data.npz,/Users/ianba/Desktop/COSMOS/final project/Cosmos-Gesture-Recognition-/data/processed/joanna_discrete/sessions/student1_bye_bye_004,,
combined,joanna,bye_bye,discrete,cosmos_multi_sensor_gesture,5,1,0,3.0,3.0021500000000287,"mmwave,imu,uwb,rfid",30,9.992838465766106,301,150,150,0,/Users/ianba/Desktop/COSMOS/final project/Cosmos-Gesture-Recognition-/data/processed/joanna_discrete/sessions/student1_bye_bye_005/trial_data.npz,/Users/ianba/Desktop/COSMOS/final project/Cosmos-Gesture-Recognition-/data/processed/joanna_discrete/sessions/student1_bye_bye_005,,
combined,joanna,bye_bye,discrete,cosmos_multi_sensor_gesture,6,1,0,3.0,3.0174619999999095,"mmwave,imu,uwb,rfid",31,10.2735345134424,301,151,151,0,/Users/ianba/Desktop/COSMOS/final project/Cosmos-Gesture-Recognition-/data/processed/joanna_discrete/sessions/student1_bye_bye_006/trial_data.npz,/Users/ianba/Desktop/COSMOS/final project/Cosmos-Gesture-Recognition-/data/processed/joanna_discrete/sessions/student1_bye_bye_006,,
combined,joanna,bye_bye,discrete,cosmos_multi_sensor_gesture,7,1,0,3.0,3.0156200000000126,"mmwave,imu,uwb,rfid",30,9.94820302292725,302,151,151,0,/Users/ianba/Desktop/COSMOS/final project/Cosmos-Gesture-Recognition-/data/processed/joanna_discrete/sessions/student1_bye_bye_007/trial_data.npz,/Users/ianba/Desktop/COSMOS/final project/Cosmos-Gesture-Recognition-/data/processed/joanna_discrete/sessions/student1_bye_bye_007,,
combined,joanna,bye_bye,discrete,cosmos_multi_sensor_gesture,8,1,0,3.0,3.0242529999999306,"mmwave,imu,uwb,rfid",31,10.250465156189218,302,151,151,0,/Users/ianba/Desktop/COSMOS/final project/Cosmos-Gesture-Recognition-/data/processed/joanna_discrete/sessions/student1_bye_bye_008/trial_data.npz,/Users/ianba/Desktop/COSMOS/final project/Cosmos-Gesture-Recognition-/data/processed/joanna_discrete/sessions/student1_bye_bye_008,,
combined,joanna,t_arm,discrete,cosmos_multi_sensor_gesture,1,2,0,3.0,3.0056849999999713,"mmwave,imu,uwb,rfid",30,9.981085842328882,301,150,150,0,/Users/ianba/Desktop/COSMOS/final project/Cosmos-Gesture-Recognition-/data/processed/joanna_discrete/sessions/student1_t_arm_001/trial_data.npz,/Users/ianba/Desktop/COSMOS/final project/Cosmos-Gesture-Recognition-/data/processed/joanna_discrete/sessions/student1_t_arm_001,,
combined,joanna,t_arm,discrete,cosmos_multi_sensor_gesture,2,1,0,3.0,3.006279999999947,"mmwave,imu,uwb,rfid",30,9.979110395572112,300,150,150,0,/Users/ianba/Desktop/COSMOS/final project/Cosmos-Gesture-Recognition-/data/processed/joanna_discrete/sessions/student1_t_arm_002/trial_data.npz,/Users/ianba/Desktop/COSMOS/final project/Cosmos-Gesture-Recognition-/data/processed/joanna_discrete/sessions/student1_t_arm_002,,
combined,joanna,t_arm,discrete,cosmos_multi_sensor_gesture,3,1,0,3.0,3.0024439999999686,"mmwave,imu,uwb,rfid",30,9.991859964748823,300,150,149,0,/Users/ianba/Desktop/COSMOS/final project/Cosmos-Gesture-Recognition-/data/processed/joanna_discrete/sessions/student1_t_arm_003/trial_data.npz,/Users/ianba/Desktop/COSMOS/final project/Cosmos-Gesture-Recognition-/data/processed/joanna_discrete/sessions/student1_t_arm_003,,
combined,joanna,t_arm,discrete,cosmos_multi_sensor_gesture,4,1,0,3.0,3.012691000000018,"mmwave,imu,uwb,rfid",30,9.957874870008183,302,150,149,0,/Users/ianba/Desktop/COSMOS/final project/Cosmos-Gesture-Recognition-/data/processed/joanna_discrete/sessions/student1_t_arm_004/trial_data.npz,/Users/ianba/Desktop/COSMOS/final project/Cosmos-Gesture-Recognition-/data/processed/joanna_discrete/sessions/student1_t_arm_004,,
combined,joanna,t_arm,discrete,cosmos_multi_sensor_gesture,5,1,0,3.0,3.01094999999998,"mmwave,imu,uwb,rfid",30,9.963632740497252,301,150,150,0,/Users/ianba/Desktop/COSMOS/final project/Cosmos-Gesture-Recognition-/data/processed/joanna_discrete/sessions/student1_t_arm_005/trial_data.npz,/Users/ianba/Desktop/COSMOS/final project/Cosmos-Gesture-Recognition-/data/processed/joanna_discrete/sessions/student1_t_arm_005,,
combined,joanna,t_arm,discrete,cosmos_multi_sensor_gesture,6,1,0,3.0,3.019247000000064,"mmwave,imu,uwb,rfid",30,9.936252317216631,302,151,151,0,/Users/ianba/Desktop/COSMOS/final project/Cosmos-Gesture-Recognition-/data/processed/joanna_discrete/sessions/student1_t_arm_006/trial_data.npz,/Users/ianba/Desktop/COSMOS/final project/Cosmos-Gesture-Recognition-/data/processed/joanna_discrete/sessions/student1_t_arm_006,,
combined,joanna,t_arm,discrete,cosmos_multi_sensor_gesture,7,1,0,3.0,3.0108529999999973,"mmwave,imu,uwb,rfid",30,9.963953736698546,302,151,150,0,/Users/ianba/Desktop/COSMOS/final project/Cosmos-Gesture-Recognition-/data/processed/joanna_discrete/sessions/student1_t_arm_007/trial_data.npz,/Users/ianba/Desktop/COSMOS/final project/Cosmos-Gesture-Recognition-/data/processed/joanna_discrete/sessions/student1_t_arm_007,,
combined,joanna,t_arm,discrete,cosmos_multi_sensor_gesture,8,1,0,3.0,3.004191999999989,"mmwave,imu,uwb,rfid",30,9.98604616482572,300,151,151,0,/Users/ianba/Desktop/COSMOS/final project/Cosmos-Gesture-Recognition-/data/processed/joanna_discrete/sessions/student1_t_arm_008/trial_data.npz,/Users/ianba/Desktop/COSMOS/final project/Cosmos-Gesture-Recognition-/data/processed/joanna_discrete/sessions/student1_t_arm_008,,
combined,joanna,raise_arms,discrete,cosmos_multi_sensor_gesture,1,1,0,3.0,3.0022200000000794,"mmwave,imu,uwb,rfid",30,9.992605471950492,300,150,150,0,/Users/ianba/Desktop/COSMOS/final project/Cosmos-Gesture-Recognition-/data/processed/joanna_discrete/sessions/student1_raise_arms_001/trial_data.npz,/Users/ianba/Desktop/COSMOS/final project/Cosmos-Gesture-Recognition-/data/processed/joanna_discrete/sessions/student1_raise_arms_001,,
combined,joanna,raise_arms,discrete,cosmos_multi_sensor_gesture,2,1,0,3.0,3.0024820000001,"mmwave,imu,uwb,rfid",30,9.991733505812524,300,150,150,0,/Users/ianba/Desktop/COSMOS/final project/Cosmos-Gesture-Recognition-/data/processed/joanna_discrete/sessions/student1_raise_arms_002/trial_data.npz,/Users/ianba/Desktop/COSMOS/final project/Cosmos-Gesture-Recognition-/data/processed/joanna_discrete/sessions/student1_raise_arms_002,,
combined,joanna,raise_arms,discrete,cosmos_multi_sensor_gesture,3,1,0,3.0,3.014440000000036,"mmwave,imu,uwb,rfid",30,9.952097238624635,302,151,151,0,/Users/ianba/Desktop/COSMOS/final project/Cosmos-Gesture-Recognition-/data/processed/joanna_discrete/sessions/student1_raise_arms_003/trial_data.npz,/Users/ianba/Desktop/COSMOS/final project/Cosmos-Gesture-Recognition-/data/processed/joanna_discrete/sessions/student1_raise_arms_003,,
combined,joanna,raise_arms,discrete,cosmos_multi_sensor_gesture,4,1,0,3.0,3.013046000000031,"mmwave,imu,uwb,rfid",30,9.956701623539663,302,151,151,0,/Users/ianba/Desktop/COSMOS/final project/Cosmos-Gesture-Recognition-/data/processed/joanna_discrete/sessions/student1_raise_arms_004/trial_data.npz,/Users/ianba/Desktop/COSMOS/final project/Cosmos-Gesture-Recognition-/data/processed/joanna_discrete/sessions/student1_raise_arms_004,,
combined,joanna,raise_arms,discrete,cosmos_multi_sensor_gesture,5,1,0,3.0,3.023274000000015,"mmwave,imu,uwb,rfid",30,9.923017232311677,302,151,151,0,/Users/ianba/Desktop/COSMOS/final project/Cosmos-Gesture-Recognition-/data/processed/joanna_discrete/sessions/student1_raise_arms_005/trial_data.npz,/Users/ianba/Desktop/COSMOS/final project/Cosmos-Gesture-Recognition-/data/processed/joanna_discrete/sessions/student1_raise_arms_005,,
combined,joanna,raise_arms,discrete,cosmos_multi_sensor_gesture,6,1,0,3.0,3.014630000000011,"mmwave,imu,uwb,rfid",30,9.951469997976497,302,151,151,0,/Users/ianba/Desktop/COSMOS/final project/Cosmos-Gesture-Recognition-/data/processed/joanna_discrete/sessions/student1_raise_arms_006/trial_data.npz,/Users/ianba/Desktop/COSMOS/final project/Cosmos-Gesture-Recognition-/data/processed/joanna_discrete/sessions/student1_raise_arms_006,,
combined,joanna,raise_arms,discrete,cosmos_multi_sensor_gesture,7,1,0,3.0,3.005288999999948,"mmwave,imu,uwb,rfid",30,9.98240102698959,300,151,151,0,/Users/ianba/Desktop/COSMOS/final project/Cosmos-Gesture-Recognition-/data/processed/joanna_discrete/sessions/student1_raise_arms_007/trial_data.npz,/Users/ianba/Desktop/COSMOS/final project/Cosmos-Gesture-Recognition-/data/processed/joanna_discrete/sessions/student1_raise_arms_007,,
combined,joanna,raise_arms,discrete,cosmos_multi_sensor_gesture,8,1,0,3.0,3.0226259999999456,"mmwave,imu,uwb,rfid",30,9.925144559730692,303,151,151,0,/Users/ianba/Desktop/COSMOS/final project/Cosmos-Gesture-Recognition-/data/processed/joanna_discrete/sessions/student1_raise_arms_008/trial_data.npz,/Users/ianba/Desktop/COSMOS/final project/Cosmos-Gesture-Recognition-/data/processed/joanna_discrete/sessions/student1_raise_arms_008,,
combined,joanna,fist_open,discrete,cosmos_multi_sensor_gesture,1,1,0,3.0,3.010951999999861,"mmwave,imu,uwb,rfid",30,9.963626122236882,301,150,150,0,/Users/ianba/Desktop/COSMOS/final project/Cosmos-Gesture-Recognition-/data/processed/joanna_discrete/sessions/student1_fist_open_001/trial_data.npz,/Users/ianba/Desktop/COSMOS/final project/Cosmos-Gesture-Recognition-/data/processed/joanna_discrete/sessions/student1_fist_open_001,,
combined,joanna,fist_open,discrete,cosmos_multi_sensor_gesture,2,1,0,3.0,3.000383000000056,"mmwave,imu,uwb,rfid",30,9.99872349630012,300,150,150,0,/Users/ianba/Desktop/COSMOS/final project/Cosmos-Gesture-Recognition-/data/processed/joanna_discrete/sessions/student1_fist_open_002/trial_data.npz,/Users/ianba/Desktop/COSMOS/final project/Cosmos-Gesture-Recognition-/data/processed/joanna_discrete/sessions/student1_fist_open_002,,
combined,joanna,fist_open,discrete,cosmos_multi_sensor_gesture,3,1,0,3.0,3.019596999999976,"mmwave,imu,uwb,rfid",30,9.935100611108117,302,151,151,0,/Users/ianba/Desktop/COSMOS/final project/Cosmos-Gesture-Recognition-/data/processed/joanna_discrete/sessions/student1_fist_open_003/trial_data.npz,/Users/ianba/Desktop/COSMOS/final project/Cosmos-Gesture-Recognition-/data/processed/joanna_discrete/sessions/student1_fist_open_003,,
combined,joanna,fist_open,discrete,cosmos_multi_sensor_gesture,4,1,0,3.0,3.01954499999988,"mmwave,imu,uwb,rfid",30,9.935271704843343,302,151,151,0,/Users/ianba/Desktop/COSMOS/final project/Cosmos-Gesture-Recognition-/data/processed/joanna_discrete/sessions/student1_fist_open_004/trial_data.npz,/Users/ianba/Desktop/COSMOS/final project/Cosmos-Gesture-Recognition-/data/processed/joanna_discrete/sessions/student1_fist_open_004,,
combined,joanna,fist_open,discrete,cosmos_multi_sensor_gesture,5,1,0,3.0,3.001563000000033,"mmwave,imu,uwb,rfid",30,9.99479271299642,300,151,151,0,/Users/ianba/Desktop/COSMOS/final project/Cosmos-Gesture-Recognition-/data/processed/joanna_discrete/sessions/student1_fist_open_005/trial_data.npz,/Users/ianba/Desktop/COSMOS/final project/Cosmos-Gesture-Recognition-/data/processed/joanna_discrete/sessions/student1_fist_open_005,,
combined,joanna,fist_open,discrete,cosmos_multi_sensor_gesture,6,1,0,3.0,3.0245609999999488,"mmwave,imu,uwb,rfid",30,9.918794826753539,302,151,151,0,/Users/ianba/Desktop/COSMOS/final project/Cosmos-Gesture-Recognition-/data/processed/joanna_discrete/sessions/student1_fist_open_006/trial_data.npz,/Users/ianba/Desktop/COSMOS/final project/Cosmos-Gesture-Recognition-/data/processed/joanna_discrete/sessions/student1_fist_open_006,,
combined,joanna,fist_open,discrete,cosmos_multi_sensor_gesture,7,1,0,3.0,3.00338499999998,"mmwave,imu,uwb,rfid",30,9.988729383678814,300,150,150,0,/Users/ianba/Desktop/COSMOS/final project/Cosmos-Gesture-Recognition-/data/processed/joanna_discrete/sessions/student1_fist_open_007/trial_data.npz,/Users/ianba/Desktop/COSMOS/final project/Cosmos-Gesture-Recognition-/data/processed/joanna_discrete/sessions/student1_fist_open_007,,
combined,joanna,fist_open,discrete,cosmos_multi_sensor_gesture,8,1,0,3.0,3.0126880000000256,"mmwave,imu,uwb,rfid",31,10.289814278810065,302,151,151,0,/Users/ianba/Desktop/COSMOS/final project/Cosmos-Gesture-Recognition-/data/processed/joanna_discrete/sessions/student1_fist_open_008/trial_data.npz,/Users/ianba/Desktop/COSMOS/final project/Cosmos-Gesture-Recognition-/data/processed/joanna_discrete/sessions/student1_fist_open_008,,
combined,joanna,one_arm_boxing,periodic,cosmos_multi_sensor_gesture,1,1,0,9.0,3.0,"mmwave,imu,uwb,rfid",30,10.0,300,150,150,0,/Users/ianba/Desktop/COSMOS/final project/Cosmos-Gesture-Recognition-/data/processed/joanna_periodic/sessions/student1_one_arm_boxing_001_seg000/trial_data.npz,/Users/ianba/Desktop/COSMOS/final project/Cosmos-Gesture-Recognition-/data/processed/joanna_periodic/sessions/student1_one_arm_boxing_001_seg000,,
combined,joanna,one_arm_boxing,periodic,cosmos_multi_sensor_gesture,1,1,1,9.0,3.0,"mmwave,imu,uwb,rfid",30,10.0,301,150,150,0,/Users/ianba/Desktop/COSMOS/final project/Cosmos-Gesture-Recognition-/data/processed/joanna_periodic/sessions/student1_one_arm_boxing_001_seg001/trial_data.npz,/Users/ianba/Desktop/COSMOS/final project/Cosmos-Gesture-Recognition-/data/processed/joanna_periodic/sessions/student1_one_arm_boxing_001_seg001,,
combined,joanna,one_arm_boxing,periodic,cosmos_multi_sensor_gesture,1,1,2,9.0,3.0,"mmwave,imu,uwb,rfid",30,10.0,300,150,150,0,/Users/ianba/Desktop/COSMOS/final project/Cosmos-Gesture-Recognition-/data/processed/joanna_periodic/sessions/student1_one_arm_boxing_001_seg002/trial_data.npz,/Users/ianba/Desktop/COSMOS/final project/Cosmos-Gesture-Recognition-/data/processed/joanna_periodic/sessions/student1_one_arm_boxing_001_seg002,,
combined,joanna,one_arm_boxing,periodic,cosmos_multi_sensor_gesture,2,1,0,9.0,3.0,"mmwave,imu,uwb,rfid",30,10.0,300,150,150,0,/Users/ianba/Desktop/COSMOS/final project/Cosmos-Gesture-Recognition-/data/processed/joanna_periodic/sessions/student1_one_arm_boxing_002_seg000/trial_data.npz,/Users/ianba/Desktop/COSMOS/final project/Cosmos-Gesture-Recognition-/data/processed/joanna_periodic/sessions/student1_one_arm_boxing_002_seg000,,
combined,joanna,one_arm_boxing,periodic,cosmos_multi_sensor_gesture,2,1,1,9.0,3.0,"mmwave,imu,uwb,rfid",30,10.0,300,150,150,0,/Users/ianba/Desktop/COSMOS/final project/Cosmos-Gesture-Recognition-/data/processed/joanna_periodic/sessions/student1_one_arm_boxing_002_seg001/trial_data.npz,/Users/ianba/Desktop/COSMOS/final project/Cosmos-Gesture-Recognition-/data/processed/joanna_periodic/sessions/student1_one_arm_boxing_002_seg001,,
combined,joanna,one_arm_boxing,periodic,cosmos_multi_sensor_gesture,2,1,2,9.0,3.0,"mmwave,imu,uwb,rfid",30,10.0,300,150,150,0,/Users/ianba/Desktop/COSMOS/final project/Cosmos-Gesture-Recognition-/data/processed/joanna_periodic/sessions/student1_one_arm_boxing_002_seg002/trial_data.npz,/Users/ianba/Desktop/COSMOS/final project/Cosmos-Gesture-Recognition-/data/processed/joanna_periodic/sessions/student1_one_arm_boxing_002_seg002,,
combined,joanna,one_arm_boxing,periodic,cosmos_multi_sensor_gesture,3,1,0,9.0,3.0,"mmwave,imu,uwb,rfid",30,10.0,300,150,150,0,/Users/ianba/Desktop/COSMOS/final project/Cosmos-Gesture-Recognition-/data/processed/joanna_periodic/sessions/student1_one_arm_boxing_003_seg000/trial_data.npz,/Users/ianba/Desktop/COSMOS/final project/Cosmos-Gesture-Recognition-/data/processed/joanna_periodic/sessions/student1_one_arm_boxing_003_seg000,,
combined,joanna,one_arm_boxing,periodic,cosmos_multi_sensor_gesture,3,1,1,9.0,3.0,"mmwave,imu,uwb,rfid",30,10.0,299,150,150,0,/Users/ianba/Desktop/COSMOS/final project/Cosmos-Gesture-Recognition-/data/processed/joanna_periodic/sessions/student1_one_arm_boxing_003_seg001/trial_data.npz,/Users/ianba/Desktop/COSMOS/final project/Cosmos-Gesture-Recognition-/data/processed/joanna_periodic/sessions/student1_one_arm_boxing_003_seg001,,
combined,joanna,one_arm_boxing,periodic,cosmos_multi_sensor_gesture,3,1,2,9.0,3.0,"mmwave,imu,uwb,rfid",30,10.0,301,150,150,0,/Users/ianba/Desktop/COSMOS/final project/Cosmos-Gesture-Recognition-/data/processed/joanna_periodic/sessions/student1_one_arm_boxing_003_seg002/trial_data.npz,/Users/ianba/Desktop/COSMOS/final project/Cosmos-Gesture-Recognition-/data/processed/joanna_periodic/sessions/student1_one_arm_boxing_003_seg002,,
combined,joanna,clapping,periodic,cosmos_multi_sensor_gesture,1,1,0,9.0,3.0,"mmwave,imu,uwb,rfid",30,10.0,300,150,148,0,/Users/ianba/Desktop/COSMOS/final project/Cosmos-Gesture-Recognition-/data/processed/joanna_periodic/sessions/student1_clapping_001_seg000/trial_data.npz,/Users/ianba/Desktop/COSMOS/final project/Cosmos-Gesture-Recognition-/data/processed/joanna_periodic/sessions/student1_clapping_001_seg000,,
combined,joanna,clapping,periodic,cosmos_multi_sensor_gesture,1,1,1,9.0,3.0,"mmwave,imu,uwb,rfid",30,10.0,300,150,149,0,/Users/ianba/Desktop/COSMOS/final project/Cosmos-Gesture-Recognition-/data/processed/joanna_periodic/sessions/student1_clapping_001_seg001/trial_data.npz,/Users/ianba/Desktop/COSMOS/final project/Cosmos-Gesture-Recognition-/data/processed/joanna_periodic/sessions/student1_clapping_001_seg001,,
combined,joanna,clapping,periodic,cosmos_multi_sensor_gesture,1,1,2,9.0,3.0,"mmwave,imu,uwb,rfid",30,10.0,300,150,139,0,/Users/ianba/Desktop/COSMOS/final project/Cosmos-Gesture-Recognition-/data/processed/joanna_periodic/sessions/student1_clapping_001_seg002/trial_data.npz,/Users/ianba/Desktop/COSMOS/final project/Cosmos-Gesture-Recognition-/data/processed/joanna_periodic/sessions/student1_clapping_001_seg002,,
combined,joanna,clapping,periodic,cosmos_multi_sensor_gesture,2,1,0,9.0,3.0,"mmwave,imu,uwb,rfid",30,10.0,300,150,145,0,/Users/ianba/Desktop/COSMOS/final project/Cosmos-Gesture-Recognition-/data/processed/joanna_periodic/sessions/student1_clapping_002_seg000/trial_data.npz,/Users/ianba/Desktop/COSMOS/final project/Cosmos-Gesture-Recognition-/data/processed/joanna_periodic/sessions/student1_clapping_002_seg000,,
combined,joanna,clapping,periodic,cosmos_multi_sensor_gesture,2,1,1,9.0,3.0,"mmwave,imu,uwb,rfid",30,10.0,299,150,145,0,/Users/ianba/Desktop/COSMOS/final project/Cosmos-Gesture-Recognition-/data/processed/joanna_periodic/sessions/student1_clapping_002_seg001/trial_data.npz,/Users/ianba/Desktop/COSMOS/final project/Cosmos-Gesture-Recognition-/data/processed/joanna_periodic/sessions/student1_clapping_002_seg001,,
combined,joanna,clapping,periodic,cosmos_multi_sensor_gesture,2,1,2,9.0,3.0,"mmwave,imu,uwb,rfid",30,10.0,301,150,142,0,/Users/ianba/Desktop/COSMOS/final project/Cosmos-Gesture-Recognition-/data/processed/joanna_periodic/sessions/student1_clapping_002_seg002/trial_data.npz,/Users/ianba/Desktop/COSMOS/final project/Cosmos-Gesture-Recognition-/data/processed/joanna_periodic/sessions/student1_clapping_002_seg002,,
combined,joanna,clapping,periodic,cosmos_multi_sensor_gesture,3,1,0,9.0,3.0,"mmwave,imu,uwb,rfid",30,10.0,300,150,132,0,/Users/ianba/Desktop/COSMOS/final project/Cosmos-Gesture-Recognition-/data/processed/joanna_periodic/sessions/student1_clapping_003_seg000/trial_data.npz,/Users/ianba/Desktop/COSMOS/final project/Cosmos-Gesture-Recognition-/data/processed/joanna_periodic/sessions/student1_clapping_003_seg000,,
combined,joanna,clapping,periodic,cosmos_multi_sensor_gesture,3,1,1,9.0,3.0,"mmwave,imu,uwb,rfid",30,10.0,300,150,133,0,/Users/ianba/Desktop/COSMOS/final project/Cosmos-Gesture-Recognition-/data/processed/joanna_periodic/sessions/student1_clapping_003_seg001/trial_data.npz,/Users/ianba/Desktop/COSMOS/final project/Cosmos-Gesture-Recognition-/data/processed/joanna_periodic/sessions/student1_clapping_003_seg001,,
combined,joanna,clapping,periodic,cosmos_multi_sensor_gesture,3,1,2,9.0,3.0,"mmwave,imu,uwb,rfid",30,10.0,300,150,146,0,/Users/ianba/Desktop/COSMOS/final project/Cosmos-Gesture-Recognition-/data/processed/joanna_periodic/sessions/student1_clapping_003_seg002/trial_data.npz,/Users/ianba/Desktop/COSMOS/final project/Cosmos-Gesture-Recognition-/data/processed/joanna_periodic/sessions/student1_clapping_003_seg002,,
combined,joanna,two_arm_boxing,periodic,cosmos_multi_sensor_gesture,1,1,0,9.0,3.0,"mmwave,imu,uwb,rfid",30,10.0,300,150,150,0,/Users/ianba/Desktop/COSMOS/final project/Cosmos-Gesture-Recognition-/data/processed/joanna_periodic/sessions/student1_two_arm_boxing_001_seg000/trial_data.npz,/Users/ianba/Desktop/COSMOS/final project/Cosmos-Gesture-Recognition-/data/processed/joanna_periodic/sessions/student1_two_arm_boxing_001_seg000,,
combined,joanna,two_arm_boxing,periodic,cosmos_multi_sensor_gesture,1,1,1,9.0,3.0,"mmwave,imu,uwb,rfid",30,10.0,300,150,150,0,/Users/ianba/Desktop/COSMOS/final project/Cosmos-Gesture-Recognition-/data/processed/joanna_periodic/sessions/student1_two_arm_boxing_001_seg001/trial_data.npz,/Users/ianba/Desktop/COSMOS/final project/Cosmos-Gesture-Recognition-/data/processed/joanna_periodic/sessions/student1_two_arm_boxing_001_seg001,,
combined,joanna,two_arm_boxing,periodic,cosmos_multi_sensor_gesture,1,1,2,9.0,3.0,"mmwave,imu,uwb,rfid",30,10.0,301,150,149,0,/Users/ianba/Desktop/COSMOS/final project/Cosmos-Gesture-Recognition-/data/processed/joanna_periodic/sessions/student1_two_arm_boxing_001_seg002/trial_data.npz,/Users/ianba/Desktop/COSMOS/final project/Cosmos-Gesture-Recognition-/data/processed/joanna_periodic/sessions/student1_two_arm_boxing_001_seg002,,
combined,joanna,two_arm_boxing,periodic,cosmos_multi_sensor_gesture,2,1,0,9.0,3.0,"mmwave,imu,uwb,rfid",30,10.0,300,150,150,0,/Users/ianba/Desktop/COSMOS/final project/Cosmos-Gesture-Recognition-/data/processed/joanna_periodic/sessions/student1_two_arm_boxing_002_seg000/trial_data.npz,/Users/ianba/Desktop/COSMOS/final project/Cosmos-Gesture-Recognition-/data/processed/joanna_periodic/sessions/student1_two_arm_boxing_002_seg000,,
combined,joanna,two_arm_boxing,periodic,cosmos_multi_sensor_gesture,2,1,1,9.0,3.0,"mmwave,imu,uwb,rfid",30,10.0,300,150,150,0,/Users/ianba/Desktop/COSMOS/final project/Cosmos-Gesture-Recognition-/data/processed/joanna_periodic/sessions/student1_two_arm_boxing_002_seg001/trial_data.npz,/Users/ianba/Desktop/COSMOS/final project/Cosmos-Gesture-Recognition-/data/processed/joanna_periodic/sessions/student1_two_arm_boxing_002_seg001,,
combined,joanna,two_arm_boxing,periodic,cosmos_multi_sensor_gesture,2,1,2,9.0,3.0,"mmwave,imu,uwb,rfid",30,10.0,300,150,149,0,/Users/ianba/Desktop/COSMOS/final project/Cosmos-Gesture-Recognition-/data/processed/joanna_periodic/sessions/student1_two_arm_boxing_002_seg002/trial_data.npz,/Users/ianba/Desktop/COSMOS/final project/Cosmos-Gesture-Recognition-/data/processed/joanna_periodic/sessions/student1_two_arm_boxing_002_seg002,,
combined,joanna,two_arm_boxing,periodic,cosmos_multi_sensor_gesture,3,1,0,9.0,3.0,"mmwave,imu,uwb,rfid",30,10.0,300,150,147,0,/Users/ianba/Desktop/COSMOS/final project/Cosmos-Gesture-Recognition-/data/processed/joanna_periodic/sessions/student1_two_arm_boxing_003_seg000/trial_data.npz,/Users/ianba/Desktop/COSMOS/final project/Cosmos-Gesture-Recognition-/data/processed/joanna_periodic/sessions/student1_two_arm_boxing_003_seg000,,
combined,joanna,two_arm_boxing,periodic,cosmos_multi_sensor_gesture,3,1,1,9.0,3.0,"mmwave,imu,uwb,rfid",30,10.0,300,150,148,0,/Users/ianba/Desktop/COSMOS/final project/Cosmos-Gesture-Recognition-/data/processed/joanna_periodic/sessions/student1_two_arm_boxing_003_seg001/trial_data.npz,/Users/ianba/Desktop/COSMOS/final project/Cosmos-Gesture-Recognition-/data/processed/joanna_periodic/sessions/student1_two_arm_boxing_003_seg001,,
combined,joanna,two_arm_boxing,periodic,cosmos_multi_sensor_gesture,3,1,2,9.0,3.0,"mmwave,imu,uwb,rfid",30,10.0,300,150,139,0,/Users/ianba/Desktop/COSMOS/final project/Cosmos-Gesture-Recognition-/data/processed/joanna_periodic/sessions/student1_two_arm_boxing_003_seg002/trial_data.npz,/Users/ianba/Desktop/COSMOS/final project/Cosmos-Gesture-Recognition-/data/processed/joanna_periodic/sessions/student1_two_arm_boxing_003_seg002,,
combined,joanna,soli,periodic,cosmos_multi_sensor_gesture,1,2,0,9.0,3.0,"mmwave,imu,uwb,rfid",30,10.0,300,150,150,0,/Users/ianba/Desktop/COSMOS/final project/Cosmos-Gesture-Recognition-/data/processed/joanna_periodic/sessions/student1_soli_001_seg000/trial_data.npz,/Users/ianba/Desktop/COSMOS/final project/Cosmos-Gesture-Recognition-/data/processed/joanna_periodic/sessions/student1_soli_001_seg000,,
combined,joanna,soli,periodic,cosmos_multi_sensor_gesture,1,2,1,9.0,3.0,"mmwave,imu,uwb,rfid",30,10.0,300,150,148,0,/Users/ianba/Desktop/COSMOS/final project/Cosmos-Gesture-Recognition-/data/processed/joanna_periodic/sessions/student1_soli_001_seg001/trial_data.npz,/Users/ianba/Desktop/COSMOS/final project/Cosmos-Gesture-Recognition-/data/processed/joanna_periodic/sessions/student1_soli_001_seg001,,
combined,joanna,soli,periodic,cosmos_multi_sensor_gesture,1,2,2,9.0,3.0,"mmwave,imu,uwb,rfid",30,10.0,300,150,150,0,/Users/ianba/Desktop/COSMOS/final project/Cosmos-Gesture-Recognition-/data/processed/joanna_periodic/sessions/student1_soli_001_seg002/trial_data.npz,/Users/ianba/Desktop/COSMOS/final project/Cosmos-Gesture-Recognition-/data/processed/joanna_periodic/sessions/student1_soli_001_seg002,,
combined,joanna,soli,periodic,cosmos_multi_sensor_gesture,2,1,0,9.0,3.0,"mmwave,imu,uwb,rfid",30,10.0,300,150,150,0,/Users/ianba/Desktop/COSMOS/final project/Cosmos-Gesture-Recognition-/data/processed/joanna_periodic/sessions/student1_soli_002_seg000/trial_data.npz,/Users/ianba/Desktop/COSMOS/final project/Cosmos-Gesture-Recognition-/data/processed/joanna_periodic/sessions/student1_soli_002_seg000,,
combined,joanna,soli,periodic,cosmos_multi_sensor_gesture,2,1,1,9.0,3.0,"mmwave,imu,uwb,rfid",30,10.0,301,150,150,0,/Users/ianba/Desktop/COSMOS/final project/Cosmos-Gesture-Recognition-/data/processed/joanna_periodic/sessions/student1_soli_002_seg001/trial_data.npz,/Users/ianba/Desktop/COSMOS/final project/Cosmos-Gesture-Recognition-/data/processed/joanna_periodic/sessions/student1_soli_002_seg001,,
combined,joanna,soli,periodic,cosmos_multi_sensor_gesture,2,1,2,9.0,3.0,"mmwave,imu,uwb,rfid",30,10.0,299,150,150,0,/Users/ianba/Desktop/COSMOS/final project/Cosmos-Gesture-Recognition-/data/processed/joanna_periodic/sessions/student1_soli_002_seg002/trial_data.npz,/Users/ianba/Desktop/COSMOS/final project/Cosmos-Gesture-Recognition-/data/processed/joanna_periodic/sessions/student1_soli_002_seg002,,
combined,joanna,soli,periodic,cosmos_multi_sensor_gesture,3,1,0,9.0,3.0,"mmwave,imu,uwb,rfid",30,10.0,300,150,150,0,/Users/ianba/Desktop/COSMOS/final project/Cosmos-Gesture-Recognition-/data/processed/joanna_periodic/sessions/student1_soli_003_seg000/trial_data.npz,/Users/ianba/Desktop/COSMOS/final project/Cosmos-Gesture-Recognition-/data/processed/joanna_periodic/sessions/student1_soli_003_seg000,,
combined,joanna,soli,periodic,cosmos_multi_sensor_gesture,3,1,1,9.0,3.0,"mmwave,imu,uwb,rfid",30,10.0,300,150,150,0,/Users/ianba/Desktop/COSMOS/final project/Cosmos-Gesture-Recognition-/data/processed/joanna_periodic/sessions/student1_soli_003_seg001/trial_data.npz,/Users/ianba/Desktop/COSMOS/final project/Cosmos-Gesture-Recognition-/data/processed/joanna_periodic/sessions/student1_soli_003_seg001,,
combined,joanna,soli,periodic,cosmos_multi_sensor_gesture,3,1,2,9.0,3.0,"mmwave,imu,uwb,rfid",30,10.0,300,150,150,0,/Users/ianba/Desktop/COSMOS/final project/Cosmos-Gesture-Recognition-/data/processed/joanna_periodic/sessions/student1_soli_003_seg002/trial_data.npz,/Users/ianba/Desktop/COSMOS/final project/Cosmos-Gesture-Recognition-/data/processed/joanna_periodic/sessions/student1_soli_003_seg002,,
combined,joanna,palm_up_down,periodic,cosmos_multi_sensor_gesture,1,1,0,9.0,3.0,"mmwave,imu,uwb,rfid",30,10.0,300,150,150,0,/Users/ianba/Desktop/COSMOS/final project/Cosmos-Gesture-Recognition-/data/processed/joanna_periodic/sessions/student1_palm_up_down_001_seg000/trial_data.npz,/Users/ianba/Desktop/COSMOS/final project/Cosmos-Gesture-Recognition-/data/processed/joanna_periodic/sessions/student1_palm_up_down_001_seg000,,
combined,joanna,palm_up_down,periodic,cosmos_multi_sensor_gesture,1,1,1,9.0,3.0,"mmwave,imu,uwb,rfid",30,10.0,300,150,150,0,/Users/ianba/Desktop/COSMOS/final project/Cosmos-Gesture-Recognition-/data/processed/joanna_periodic/sessions/student1_palm_up_down_001_seg001/trial_data.npz,/Users/ianba/Desktop/COSMOS/final project/Cosmos-Gesture-Recognition-/data/processed/joanna_periodic/sessions/student1_palm_up_down_001_seg001,,
combined,joanna,palm_up_down,periodic,cosmos_multi_sensor_gesture,1,1,2,9.0,3.0,"mmwave,imu,uwb,rfid",30,10.0,300,150,150,0,/Users/ianba/Desktop/COSMOS/final project/Cosmos-Gesture-Recognition-/data/processed/joanna_periodic/sessions/student1_palm_up_down_001_seg002/trial_data.npz,/Users/ianba/Desktop/COSMOS/final project/Cosmos-Gesture-Recognition-/data/processed/joanna_periodic/sessions/student1_palm_up_down_001_seg002,,
combined,joanna,palm_up_down,periodic,cosmos_multi_sensor_gesture,2,1,0,9.0,3.0,"mmwave,imu,uwb,rfid",30,10.0,299,150,150,0,/Users/ianba/Desktop/COSMOS/final project/Cosmos-Gesture-Recognition-/data/processed/joanna_periodic/sessions/student1_palm_up_down_002_seg000/trial_data.npz,/Users/ianba/Desktop/COSMOS/final project/Cosmos-Gesture-Recognition-/data/processed/joanna_periodic/sessions/student1_palm_up_down_002_seg000,,
combined,joanna,palm_up_down,periodic,cosmos_multi_sensor_gesture,2,1,1,9.0,3.0,"mmwave,imu,uwb,rfid",30,10.0,300,150,150,0,/Users/ianba/Desktop/COSMOS/final project/Cosmos-Gesture-Recognition-/data/processed/joanna_periodic/sessions/student1_palm_up_down_002_seg001/trial_data.npz,/Users/ianba/Desktop/COSMOS/final project/Cosmos-Gesture-Recognition-/data/processed/joanna_periodic/sessions/student1_palm_up_down_002_seg001,,
combined,joanna,palm_up_down,periodic,cosmos_multi_sensor_gesture,2,1,2,9.0,3.0,"mmwave,imu,uwb,rfid",30,10.0,300,150,150,0,/Users/ianba/Desktop/COSMOS/final project/Cosmos-Gesture-Recognition-/data/processed/joanna_periodic/sessions/student1_palm_up_down_002_seg002/trial_data.npz,/Users/ianba/Desktop/COSMOS/final project/Cosmos-Gesture-Recognition-/data/processed/joanna_periodic/sessions/student1_palm_up_down_002_seg002,,
combined,joanna,palm_up_down,periodic,cosmos_multi_sensor_gesture,3,1,0,9.0,3.0,"mmwave,imu,uwb,rfid",30,10.0,300,150,150,0,/Users/ianba/Desktop/COSMOS/final project/Cosmos-Gesture-Recognition-/data/processed/joanna_periodic/sessions/student1_palm_up_down_003_seg000/trial_data.npz,/Users/ianba/Desktop/COSMOS/final project/Cosmos-Gesture-Recognition-/data/processed/joanna_periodic/sessions/student1_palm_up_down_003_seg000,,
combined,joanna,palm_up_down,periodic,cosmos_multi_sensor_gesture,3,1,1,9.0,3.0,"mmwave,imu,uwb,rfid",30,10.0,300,150,150,0,/Users/ianba/Desktop/COSMOS/final project/Cosmos-Gesture-Recognition-/data/processed/joanna_periodic/sessions/student1_palm_up_down_003_seg001/trial_data.npz,/Users/ianba/Desktop/COSMOS/final project/Cosmos-Gesture-Recognition-/data/processed/joanna_periodic/sessions/student1_palm_up_down_003_seg001,,
combined,joanna,palm_up_down,periodic,cosmos_multi_sensor_gesture,3,1,2,9.0,3.0,"mmwave,imu,uwb,rfid",30,10.0,300,150,150,0,/Users/ianba/Desktop/COSMOS/final project/Cosmos-Gesture-Recognition-/data/processed/joanna_periodic/sessions/student1_palm_up_down_003_seg002/trial_data.npz,/Users/ianba/Desktop/COSMOS/final project/Cosmos-Gesture-Recognition-/data/processed/joanna_periodic/sessions/student1_palm_up_down_003_seg002,,
combined,kaiwei,pull,discrete,cosmos_multi_sensor_gesture,1,2,0,3.0,3.0240930000000006,"mmwave,imu,uwb,rfid",30,9.920329831126223,302,151,151,0,/Users/ianba/Desktop/COSMOS/final project/Cosmos-Gesture-Recognition-/data/processed/kaiwei_discrete/sessions/student1_pull_001/trial_data.npz,/Users/ianba/Desktop/COSMOS/final project/Cosmos-Gesture-Recognition-/data/processed/kaiwei_discrete/sessions/student1_pull_001,,
combined,kaiwei,pull,discrete,cosmos_multi_sensor_gesture,2,1,0,3.0,3.0150329999999954,"mmwave,imu,uwb,rfid",30,9.950139849215596,302,151,151,0,/Users/ianba/Desktop/COSMOS/final project/Cosmos-Gesture-Recognition-/data/processed/kaiwei_discrete/sessions/student1_pull_002/trial_data.npz,/Users/ianba/Desktop/COSMOS/final project/Cosmos-Gesture-Recognition-/data/processed/kaiwei_discrete/sessions/student1_pull_002,,
combined,kaiwei,pull,discrete,cosmos_multi_sensor_gesture,3,1,0,3.0,3.005412000000007,"mmwave,imu,uwb,rfid",30,9.981992485556034,301,150,150,0,/Users/ianba/Desktop/COSMOS/final project/Cosmos-Gesture-Recognition-/data/processed/kaiwei_discrete/sessions/student1_pull_003/trial_data.npz,/Users/ianba/Desktop/COSMOS/final project/Cosmos-Gesture-Recognition-/data/processed/kaiwei_discrete/sessions/student1_pull_003,,
combined,kaiwei,pull,discrete,cosmos_multi_sensor_gesture,4,1,0,3.0,3.0138120000000015,"mmwave,imu,uwb,rfid",30,9.954170996731046,301,150,150,0,/Users/ianba/Desktop/COSMOS/final project/Cosmos-Gesture-Recognition-/data/processed/kaiwei_discrete/sessions/student1_pull_004/trial_data.npz,/Users/ianba/Desktop/COSMOS/final project/Cosmos-Gesture-Recognition-/data/processed/kaiwei_discrete/sessions/student1_pull_004,,
combined,kaiwei,pull,discrete,cosmos_multi_sensor_gesture,5,1,0,3.0,3.0022730000000024,"mmwave,imu,uwb,rfid",30,9.992429069574944,300,150,149,0,/Users/ianba/Desktop/COSMOS/final project/Cosmos-Gesture-Recognition-/data/processed/kaiwei_discrete/sessions/student1_pull_005/trial_data.npz,/Users/ianba/Desktop/COSMOS/final project/Cosmos-Gesture-Recognition-/data/processed/kaiwei_discrete/sessions/student1_pull_005,,
combined,kaiwei,pull,discrete,cosmos_multi_sensor_gesture,6,1,0,3.0,3.01108099999999,"mmwave,imu,uwb,rfid",30,9.963199262988972,301,151,151,0,/Users/ianba/Desktop/COSMOS/final project/Cosmos-Gesture-Recognition-/data/processed/kaiwei_discrete/sessions/student1_pull_006/trial_data.npz,/Users/ianba/Desktop/COSMOS/final project/Cosmos-Gesture-Recognition-/data/processed/kaiwei_discrete/sessions/student1_pull_006,,
combined,kaiwei,pull,discrete,cosmos_multi_sensor_gesture,7,1,0,3.0,3.018326000000002,"mmwave,imu,uwb,rfid",30,9.93928422575957,302,151,151,0,/Users/ianba/Desktop/COSMOS/final project/Cosmos-Gesture-Recognition-/data/processed/kaiwei_discrete/sessions/student1_pull_007/trial_data.npz,/Users/ianba/Desktop/COSMOS/final project/Cosmos-Gesture-Recognition-/data/processed/kaiwei_discrete/sessions/student1_pull_007,,
combined,kaiwei,pull,discrete,cosmos_multi_sensor_gesture,8,1,0,3.0,3.0017780000000016,"mmwave,imu,uwb,rfid",30,9.994076843790575,301,151,151,0,/Users/ianba/Desktop/COSMOS/final project/Cosmos-Gesture-Recognition-/data/processed/kaiwei_discrete/sessions/student1_pull_008/trial_data.npz,/Users/ianba/Desktop/COSMOS/final project/Cosmos-Gesture-Recognition-/data/processed/kaiwei_discrete/sessions/student1_pull_008,,
combined,kaiwei,push,discrete,cosmos_multi_sensor_gesture,1,1,0,3.0,3.0091040000000078,"mmwave,imu,uwb,rfid",30,9.969745146728037,301,150,150,0,/Users/ianba/Desktop/COSMOS/final project/Cosmos-Gesture-Recognition-/data/processed/kaiwei_discrete/sessions/student1_push_001/trial_data.npz,/Users/ianba/Desktop/COSMOS/final project/Cosmos-Gesture-Recognition-/data/processed/kaiwei_discrete/sessions/student1_push_001,,
combined,kaiwei,push,discrete,cosmos_multi_sensor_gesture,2,1,0,3.0,3.018336000000005,"mmwave,imu,uwb,rfid",30,9.939251296078352,302,151,151,0,/Users/ianba/Desktop/COSMOS/final project/Cosmos-Gesture-Recognition-/data/processed/kaiwei_discrete/sessions/student1_push_002/trial_data.npz,/Users/ianba/Desktop/COSMOS/final project/Cosmos-Gesture-Recognition-/data/processed/kaiwei_discrete/sessions/student1_push_002,,
combined,kaiwei,push,discrete,cosmos_multi_sensor_gesture,3,1,0,3.0,3.010582999999997,"mmwave,imu,uwb,rfid",30,9.964847340199567,302,151,151,0,/Users/ianba/Desktop/COSMOS/final project/Cosmos-Gesture-Recognition-/data/processed/kaiwei_discrete/sessions/student1_push_003/trial_data.npz,/Users/ianba/Desktop/COSMOS/final project/Cosmos-Gesture-Recognition-/data/processed/kaiwei_discrete/sessions/student1_push_003,,
combined,kaiwei,push,discrete,cosmos_multi_sensor_gesture,4,1,0,3.0,3.0081830000000025,"mmwave,imu,uwb,rfid",30,9.972797532596912,301,150,150,0,/Users/ianba/Desktop/COSMOS/final project/Cosmos-Gesture-Recognition-/data/processed/kaiwei_discrete/sessions/student1_push_004/trial_data.npz,/Users/ianba/Desktop/COSMOS/final project/Cosmos-Gesture-Recognition-/data/processed/kaiwei_discrete/sessions/student1_push_004,,
combined,kaiwei,push,discrete,cosmos_multi_sensor_gesture,5,1,0,3.0,3.022041999999999,"mmwave,imu,uwb,rfid",30,9.927062562333683,302,151,150,0,/Users/ianba/Desktop/COSMOS/final project/Cosmos-Gesture-Recognition-/data/processed/kaiwei_discrete/sessions/student1_push_005/trial_data.npz,/Users/ianba/Desktop/COSMOS/final project/Cosmos-Gesture-Recognition-/data/processed/kaiwei_discrete/sessions/student1_push_005,,
combined,kaiwei,push,discrete,cosmos_multi_sensor_gesture,6,1,0,3.0,3.0063080000000184,"mmwave,imu,uwb,rfid",30,9.979017452636196,301,150,150,0,/Users/ianba/Desktop/COSMOS/final project/Cosmos-Gesture-Recognition-/data/processed/kaiwei_discrete/sessions/student1_push_006/trial_data.npz,/Users/ianba/Desktop/COSMOS/final project/Cosmos-Gesture-Recognition-/data/processed/kaiwei_discrete/sessions/student1_push_006,,
combined,kaiwei,push,discrete,cosmos_multi_sensor_gesture,7,1,0,3.0,3.0229190000000017,"mmwave,imu,uwb,rfid",30,9.924182553353226,303,151,151,0,/Users/ianba/Desktop/COSMOS/final project/Cosmos-Gesture-Recognition-/data/processed/kaiwei_discrete/sessions/student1_push_007/trial_data.npz,/Users/ianba/Desktop/COSMOS/final project/Cosmos-Gesture-Recognition-/data/processed/kaiwei_discrete/sessions/student1_push_007,,
combined,kaiwei,push,discrete,cosmos_multi_sensor_gesture,8,1,0,3.0,3.0119929999999897,"mmwave,imu,uwb,rfid",31,10.292188594063832,301,150,150,0,/Users/ianba/Desktop/COSMOS/final project/Cosmos-Gesture-Recognition-/data/processed/kaiwei_discrete/sessions/student1_push_008/trial_data.npz,/Users/ianba/Desktop/COSMOS/final project/Cosmos-Gesture-Recognition-/data/processed/kaiwei_discrete/sessions/student1_push_008,,
combined,kaiwei,clockwise,discrete,cosmos_multi_sensor_gesture,1,1,0,3.0,3.00473199999999,"mmwave,imu,uwb,rfid",30,9.984251507289203,300,150,149,0,/Users/ianba/Desktop/COSMOS/final project/Cosmos-Gesture-Recognition-/data/processed/kaiwei_discrete/sessions/student1_clockwise_001/trial_data.npz,/Users/ianba/Desktop/COSMOS/final project/Cosmos-Gesture-Recognition-/data/processed/kaiwei_discrete/sessions/student1_clockwise_001,,
combined,kaiwei,clockwise,discrete,cosmos_multi_sensor_gesture,2,1,0,3.0,3.0064880000000187,"mmwave,imu,uwb,rfid",30,9.978420003671996,300,150,149,0,/Users/ianba/Desktop/COSMOS/final project/Cosmos-Gesture-Recognition-/data/processed/kaiwei_discrete/sessions/student1_clockwise_002/trial_data.npz,/Users/ianba/Desktop/COSMOS/final project/Cosmos-Gesture-Recognition-/data/processed/kaiwei_discrete/sessions/student1_clockwise_002,,
combined,kaiwei,clockwise,discrete,cosmos_multi_sensor_gesture,3,1,0,3.0,3.0185030000000097,"mmwave,imu,uwb,rfid",30,9.938701402648897,302,151,151,0,/Users/ianba/Desktop/COSMOS/final project/Cosmos-Gesture-Recognition-/data/processed/kaiwei_discrete/sessions/student1_clockwise_003/trial_data.npz,/Users/ianba/Desktop/COSMOS/final project/Cosmos-Gesture-Recognition-/data/processed/kaiwei_discrete/sessions/student1_clockwise_003,,
combined,kaiwei,clockwise,discrete,cosmos_multi_sensor_gesture,4,1,0,3.0,3.018917999999985,"mmwave,imu,uwb,rfid",31,10.268579669934775,302,151,150,0,/Users/ianba/Desktop/COSMOS/final project/Cosmos-Gesture-Recognition-/data/processed/kaiwei_discrete/sessions/student1_clockwise_004/trial_data.npz,/Users/ianba/Desktop/COSMOS/final project/Cosmos-Gesture-Recognition-/data/processed/kaiwei_discrete/sessions/student1_clockwise_004,,
combined,kaiwei,clockwise,discrete,cosmos_multi_sensor_gesture,5,1,0,3.0,3.0202790000000164,"mmwave,imu,uwb,rfid",30,9.93285719630532,302,151,151,0,/Users/ianba/Desktop/COSMOS/final project/Cosmos-Gesture-Recognition-/data/processed/kaiwei_discrete/sessions/student1_clockwise_005/trial_data.npz,/Users/ianba/Desktop/COSMOS/final project/Cosmos-Gesture-Recognition-/data/processed/kaiwei_discrete/sessions/student1_clockwise_005,,
combined,kaiwei,clockwise,discrete,cosmos_multi_sensor_gesture,6,1,0,3.0,3.0038339999999835,"mmwave,imu,uwb,rfid",31,10.320144189059771,301,151,150,0,/Users/ianba/Desktop/COSMOS/final project/Cosmos-Gesture-Recognition-/data/processed/kaiwei_discrete/sessions/student1_clockwise_006/trial_data.npz,/Users/ianba/Desktop/COSMOS/final project/Cosmos-Gesture-Recognition-/data/processed/kaiwei_discrete/sessions/student1_clockwise_006,,
combined,kaiwei,clockwise,discrete,cosmos_multi_sensor_gesture,7,1,0,3.0,3.012516000000005,"mmwave,imu,uwb,rfid",30,9.958453332695976,302,150,147,0,/Users/ianba/Desktop/COSMOS/final project/Cosmos-Gesture-Recognition-/data/processed/kaiwei_discrete/sessions/student1_clockwise_007/trial_data.npz,/Users/ianba/Desktop/COSMOS/final project/Cosmos-Gesture-Recognition-/data/processed/kaiwei_discrete/sessions/student1_clockwise_007,,
combined,kaiwei,clockwise,discrete,cosmos_multi_sensor_gesture,8,1,0,3.0,3.0216389999999933,"mmwave,imu,uwb,rfid",30,9.92838654783052,302,151,150,0,/Users/ianba/Desktop/COSMOS/final project/Cosmos-Gesture-Recognition-/data/processed/kaiwei_discrete/sessions/student1_clockwise_008/trial_data.npz,/Users/ianba/Desktop/COSMOS/final project/Cosmos-Gesture-Recognition-/data/processed/kaiwei_discrete/sessions/student1_clockwise_008,,
combined,kaiwei,anti_clockwise,discrete,cosmos_multi_sensor_gesture,1,1,0,3.0,3.0234820000000013,"mmwave,imu,uwb,rfid",31,10.25307906579235,302,151,151,0,/Users/ianba/Desktop/COSMOS/final project/Cosmos-Gesture-Recognition-/data/processed/kaiwei_discrete/sessions/student1_anti_clockwise_001/trial_data.npz,/Users/ianba/Desktop/COSMOS/final project/Cosmos-Gesture-Recognition-/data/processed/kaiwei_discrete/sessions/student1_anti_clockwise_001,,
combined,kaiwei,anti_clockwise,discrete,cosmos_multi_sensor_gesture,2,1,0,3.0,3.0148469999999747,"mmwave,imu,uwb,rfid",30,9.950753719840593,302,150,150,0,/Users/ianba/Desktop/COSMOS/final project/Cosmos-Gesture-Recognition-/data/processed/kaiwei_discrete/sessions/student1_anti_clockwise_002/trial_data.npz,/Users/ianba/Desktop/COSMOS/final project/Cosmos-Gesture-Recognition-/data/processed/kaiwei_discrete/sessions/student1_anti_clockwise_002,,
combined,kaiwei,anti_clockwise,discrete,cosmos_multi_sensor_gesture,3,1,0,3.0,3.015138000000036,"mmwave,imu,uwb,rfid",30,9.949793342792152,302,151,151,0,/Users/ianba/Desktop/COSMOS/final project/Cosmos-Gesture-Recognition-/data/processed/kaiwei_discrete/sessions/student1_anti_clockwise_003/trial_data.npz,/Users/ianba/Desktop/COSMOS/final project/Cosmos-Gesture-Recognition-/data/processed/kaiwei_discrete/sessions/student1_anti_clockwise_003,,
combined,kaiwei,anti_clockwise,discrete,cosmos_multi_sensor_gesture,4,1,0,3.0,3.015194000000008,"mmwave,imu,uwb,rfid",30,9.949608549234284,302,151,150,0,/Users/ianba/Desktop/COSMOS/final project/Cosmos-Gesture-Recognition-/data/processed/kaiwei_discrete/sessions/student1_anti_clockwise_004/trial_data.npz,/Users/ianba/Desktop/COSMOS/final project/Cosmos-Gesture-Recognition-/data/processed/kaiwei_discrete/sessions/student1_anti_clockwise_004,,
combined,kaiwei,anti_clockwise,discrete,cosmos_multi_sensor_gesture,5,1,0,3.0,3.0042910000000234,"mmwave,imu,uwb,rfid",30,9.985717095980306,301,150,150,0,/Users/ianba/Desktop/COSMOS/final project/Cosmos-Gesture-Recognition-/data/processed/kaiwei_discrete/sessions/student1_anti_clockwise_005/trial_data.npz,/Users/ianba/Desktop/COSMOS/final project/Cosmos-Gesture-Recognition-/data/processed/kaiwei_discrete/sessions/student1_anti_clockwise_005,,
combined,kaiwei,anti_clockwise,discrete,cosmos_multi_sensor_gesture,6,1,0,3.0,3.016052000000002,"mmwave,imu,uwb,rfid",30,9.94677810594777,301,151,151,0,/Users/ianba/Desktop/COSMOS/final project/Cosmos-Gesture-Recognition-/data/processed/kaiwei_discrete/sessions/student1_anti_clockwise_006/trial_data.npz,/Users/ianba/Desktop/COSMOS/final project/Cosmos-Gesture-Recognition-/data/processed/kaiwei_discrete/sessions/student1_anti_clockwise_006,,
combined,kaiwei,anti_clockwise,discrete,cosmos_multi_sensor_gesture,7,1,0,3.0,3.0057469999999853,"mmwave,imu,uwb,rfid",30,9.980879960954846,301,150,150,0,/Users/ianba/Desktop/COSMOS/final project/Cosmos-Gesture-Recognition-/data/processed/kaiwei_discrete/sessions/student1_anti_clockwise_007/trial_data.npz,/Users/ianba/Desktop/COSMOS/final project/Cosmos-Gesture-Recognition-/data/processed/kaiwei_discrete/sessions/student1_anti_clockwise_007,,
combined,kaiwei,anti_clockwise,discrete,cosmos_multi_sensor_gesture,8,1,0,3.0,3.0085639999999785,"mmwave,imu,uwb,rfid",30,9.971534592583112,301,151,150,0,/Users/ianba/Desktop/COSMOS/final project/Cosmos-Gesture-Recognition-/data/processed/kaiwei_discrete/sessions/student1_anti_clockwise_008/trial_data.npz,/Users/ianba/Desktop/COSMOS/final project/Cosmos-Gesture-Recognition-/data/processed/kaiwei_discrete/sessions/student1_anti_clockwise_008,,
combined,kaiwei,right,discrete,cosmos_multi_sensor_gesture,1,1,0,3.0,3.0072440000000142,"mmwave,imu,uwb,rfid",30,9.97591149903362,301,150,149,0,/Users/ianba/Desktop/COSMOS/final project/Cosmos-Gesture-Recognition-/data/processed/kaiwei_discrete/sessions/student1_right_001/trial_data.npz,/Users/ianba/Desktop/COSMOS/final project/Cosmos-Gesture-Recognition-/data/processed/kaiwei_discrete/sessions/student1_right_001,,
combined,kaiwei,right,discrete,cosmos_multi_sensor_gesture,2,1,0,3.0,3.008763999999985,"mmwave,imu,uwb,rfid",30,9.97087175996527,301,151,151,0,/Users/ianba/Desktop/COSMOS/final project/Cosmos-Gesture-Recognition-/data/processed/kaiwei_discrete/sessions/student1_right_002/trial_data.npz,/Users/ianba/Desktop/COSMOS/final project/Cosmos-Gesture-Recognition-/data/processed/kaiwei_discrete/sessions/student1_right_002,,
combined,kaiwei,right,discrete,cosmos_multi_sensor_gesture,3,1,0,3.0,3.0164739999999597,"mmwave,imu,uwb,rfid",30,9.945386567230615,301,150,150,0,/Users/ianba/Desktop/COSMOS/final project/Cosmos-Gesture-Recognition-/data/processed/kaiwei_discrete/sessions/student1_right_003/trial_data.npz,/Users/ianba/Desktop/COSMOS/final project/Cosmos-Gesture-Recognition-/data/processed/kaiwei_discrete/sessions/student1_right_003,,
combined,kaiwei,right,discrete,cosmos_multi_sensor_gesture,4,1,0,3.0,3.0161750000000325,"mmwave,imu,uwb,rfid",30,9.946372475071797,302,151,151,0,/Users/ianba/Desktop/COSMOS/final project/Cosmos-Gesture-Recognition-/data/processed/kaiwei_discrete/sessions/student1_right_004/trial_data.npz,/Users/ianba/Desktop/COSMOS/final project/Cosmos-Gesture-Recognition-/data/processed/kaiwei_discrete/sessions/student1_right_004,,
combined,kaiwei,right,discrete,cosmos_multi_sensor_gesture,5,1,0,3.0,3.017351000000019,"mmwave,imu,uwb,rfid",30,9.94249591777682,302,151,151,0,/Users/ianba/Desktop/COSMOS/final project/Cosmos-Gesture-Recognition-/data/processed/kaiwei_discrete/sessions/student1_right_005/trial_data.npz,/Users/ianba/Desktop/COSMOS/final project/Cosmos-Gesture-Recognition-/data/processed/kaiwei_discrete/sessions/student1_right_005,,
combined,kaiwei,right,discrete,cosmos_multi_sensor_gesture,6,1,0,3.0,3.0101769999999988,"mmwave,imu,uwb,rfid",31,10.298397735415563,301,150,150,0,/Users/ianba/Desktop/COSMOS/final project/Cosmos-Gesture-Recognition-/data/processed/kaiwei_discrete/sessions/student1_right_006/trial_data.npz,/Users/ianba/Desktop/COSMOS/final project/Cosmos-Gesture-Recognition-/data/processed/kaiwei_discrete/sessions/student1_right_006,,
combined,kaiwei,right,discrete,cosmos_multi_sensor_gesture,7,1,0,3.0,3.0217570000000364,"mmwave,imu,uwb,rfid",30,9.927998843057082,301,151,151,0,/Users/ianba/Desktop/COSMOS/final project/Cosmos-Gesture-Recognition-/data/processed/kaiwei_discrete/sessions/student1_right_007/trial_data.npz,/Users/ianba/Desktop/COSMOS/final project/Cosmos-Gesture-Recognition-/data/processed/kaiwei_discrete/sessions/student1_right_007,,
combined,kaiwei,right,discrete,cosmos_multi_sensor_gesture,8,1,0,3.0,3.011218000000042,"mmwave,imu,uwb,rfid",30,9.962745971895618,301,150,150,0,/Users/ianba/Desktop/COSMOS/final project/Cosmos-Gesture-Recognition-/data/processed/kaiwei_discrete/sessions/student1_right_008/trial_data.npz,/Users/ianba/Desktop/COSMOS/final project/Cosmos-Gesture-Recognition-/data/processed/kaiwei_discrete/sessions/student1_right_008,,
combined,kaiwei,left,discrete,cosmos_multi_sensor_gesture,1,1,0,3.0,3.004353999999978,"mmwave,imu,uwb,rfid",30,9.98550769982506,301,150,150,0,/Users/ianba/Desktop/COSMOS/final project/Cosmos-Gesture-Recognition-/data/processed/kaiwei_discrete/sessions/student1_left_001/trial_data.npz,/Users/ianba/Desktop/COSMOS/final project/Cosmos-Gesture-Recognition-/data/processed/kaiwei_discrete/sessions/student1_left_001,,
combined,kaiwei,left,discrete,cosmos_multi_sensor_gesture,2,1,0,3.0,3.024030000000039,"mmwave,imu,uwb,rfid",30,9.920536502613935,303,151,151,0,/Users/ianba/Desktop/COSMOS/final project/Cosmos-Gesture-Recognition-/data/processed/kaiwei_discrete/sessions/student1_left_002/trial_data.npz,/Users/ianba/Desktop/COSMOS/final project/Cosmos-Gesture-Recognition-/data/processed/kaiwei_discrete/sessions/student1_left_002,,
combined,kaiwei,left,discrete,cosmos_multi_sensor_gesture,3,1,0,3.0,3.005650000000003,"mmwave,imu,uwb,rfid",30,9.981202069435886,301,150,150,0,/Users/ianba/Desktop/COSMOS/final project/Cosmos-Gesture-Recognition-/data/processed/kaiwei_discrete/sessions/student1_left_003/trial_data.npz,/Users/ianba/Desktop/COSMOS/final project/Cosmos-Gesture-Recognition-/data/processed/kaiwei_discrete/sessions/student1_left_003,,
combined,kaiwei,left,discrete,cosmos_multi_sensor_gesture,4,1,0,3.0,3.014896999999962,"mmwave,imu,uwb,rfid",30,9.950588693411541,302,151,151,0,/Users/ianba/Desktop/COSMOS/final project/Cosmos-Gesture-Recognition-/data/processed/kaiwei_discrete/sessions/student1_left_004/trial_data.npz,/Users/ianba/Desktop/COSMOS/final project/Cosmos-Gesture-Recognition-/data/processed/kaiwei_discrete/sessions/student1_left_004,,
combined,kaiwei,left,discrete,cosmos_multi_sensor_gesture,5,1,0,3.0,3.0193629999999985,"mmwave,imu,uwb,rfid",30,9.935870579324186,302,151,151,0,/Users/ianba/Desktop/COSMOS/final project/Cosmos-Gesture-Recognition-/data/processed/kaiwei_discrete/sessions/student1_left_005/trial_data.npz,/Users/ianba/Desktop/COSMOS/final project/Cosmos-Gesture-Recognition-/data/processed/kaiwei_discrete/sessions/student1_left_005,,
combined,kaiwei,left,discrete,cosmos_multi_sensor_gesture,6,1,0,3.0,3.003562000000045,"mmwave,imu,uwb,rfid",30,9.988140747552256,301,150,149,0,/Users/ianba/Desktop/COSMOS/final project/Cosmos-Gesture-Recognition-/data/processed/kaiwei_discrete/sessions/student1_left_006/trial_data.npz,/Users/ianba/Desktop/COSMOS/final project/Cosmos-Gesture-Recognition-/data/processed/kaiwei_discrete/sessions/student1_left_006,,
combined,kaiwei,left,discrete,cosmos_multi_sensor_gesture,7,1,0,3.0,3.019124999999974,"mmwave,imu,uwb,rfid",30,9.93665383182222,302,150,150,0,/Users/ianba/Desktop/COSMOS/final project/Cosmos-Gesture-Recognition-/data/processed/kaiwei_discrete/sessions/student1_left_007/trial_data.npz,/Users/ianba/Desktop/COSMOS/final project/Cosmos-Gesture-Recognition-/data/processed/kaiwei_discrete/sessions/student1_left_007,,
combined,kaiwei,left,discrete,cosmos_multi_sensor_gesture,8,1,0,3.0,3.0000689999999963,"mmwave,imu,uwb,rfid",30,9.999770005289891,300,150,150,0,/Users/ianba/Desktop/COSMOS/final project/Cosmos-Gesture-Recognition-/data/processed/kaiwei_discrete/sessions/student1_left_008/trial_data.npz,/Users/ianba/Desktop/COSMOS/final project/Cosmos-Gesture-Recognition-/data/processed/kaiwei_discrete/sessions/student1_left_008,,
combined,kaiwei,bye_bye,discrete,cosmos_multi_sensor_gesture,1,1,0,3.0,3.012488000000019,"mmwave,imu,uwb,rfid",30,9.95854589296283,301,151,150,0,/Users/ianba/Desktop/COSMOS/final project/Cosmos-Gesture-Recognition-/data/processed/kaiwei_discrete/sessions/student1_bye_bye_001/trial_data.npz,/Users/ianba/Desktop/COSMOS/final project/Cosmos-Gesture-Recognition-/data/processed/kaiwei_discrete/sessions/student1_bye_bye_001,,
combined,kaiwei,bye_bye,discrete,cosmos_multi_sensor_gesture,2,1,0,3.0,3.011980000000051,"mmwave,imu,uwb,rfid",30,9.96022549950514,301,151,151,0,/Users/ianba/Desktop/COSMOS/final project/Cosmos-Gesture-Recognition-/data/processed/kaiwei_discrete/sessions/student1_bye_bye_002/trial_data.npz,/Users/ianba/Desktop/COSMOS/final project/Cosmos-Gesture-Recognition-/data/processed/kaiwei_discrete/sessions/student1_bye_bye_002,,
combined,kaiwei,bye_bye,discrete,cosmos_multi_sensor_gesture,3,1,0,3.0,3.0133349999999837,"mmwave,imu,uwb,rfid",30,9.955746705892363,301,151,151,0,/Users/ianba/Desktop/COSMOS/final project/Cosmos-Gesture-Recognition-/data/processed/kaiwei_discrete/sessions/student1_bye_bye_003/trial_data.npz,/Users/ianba/Desktop/COSMOS/final project/Cosmos-Gesture-Recognition-/data/processed/kaiwei_discrete/sessions/student1_bye_bye_003,,
combined,kaiwei,bye_bye,discrete,cosmos_multi_sensor_gesture,4,1,0,3.0,3.007673000000011,"mmwave,imu,uwb,rfid",30,9.97448858303409,301,151,151,0,/Users/ianba/Desktop/COSMOS/final project/Cosmos-Gesture-Recognition-/data/processed/kaiwei_discrete/sessions/student1_bye_bye_004/trial_data.npz,/Users/ianba/Desktop/COSMOS/final project/Cosmos-Gesture-Recognition-/data/processed/kaiwei_discrete/sessions/student1_bye_bye_004,,
combined,kaiwei,bye_bye,discrete,cosmos_multi_sensor_gesture,5,1,0,3.0,3.00487099999998,"mmwave,imu,uwb,rfid",30,9.983789653532614,300,150,150,0,/Users/ianba/Desktop/COSMOS/final project/Cosmos-Gesture-Recognition-/data/processed/kaiwei_discrete/sessions/student1_bye_bye_005/trial_data.npz,/Users/ianba/Desktop/COSMOS/final project/Cosmos-Gesture-Recognition-/data/processed/kaiwei_discrete/sessions/student1_bye_bye_005,,
combined,kaiwei,bye_bye,discrete,cosmos_multi_sensor_gesture,6,1,0,3.0,3.012411000000043,"mmwave,imu,uwb,rfid",30,9.95880044256895,301,151,151,0,/Users/ianba/Desktop/COSMOS/final project/Cosmos-Gesture-Recognition-/data/processed/kaiwei_discrete/sessions/student1_bye_bye_006/trial_data.npz,/Users/ianba/Desktop/COSMOS/final project/Cosmos-Gesture-Recognition-/data/processed/kaiwei_discrete/sessions/student1_bye_bye_006,,
combined,kaiwei,bye_bye,discrete,cosmos_multi_sensor_gesture,7,1,0,3.0,3.004946000000018,"mmwave,imu,uwb,rfid",31,10.316325151932785,300,151,151,0,/Users/ianba/Desktop/COSMOS/final project/Cosmos-Gesture-Recognition-/data/processed/kaiwei_discrete/sessions/student1_bye_bye_007/trial_data.npz,/Users/ianba/Desktop/COSMOS/final project/Cosmos-Gesture-Recognition-/data/processed/kaiwei_discrete/sessions/student1_bye_bye_007,,
combined,kaiwei,bye_bye,discrete,cosmos_multi_sensor_gesture,8,1,0,3.0,3.0191619999999375,"mmwave,imu,uwb,rfid",30,9.936532057571148,302,151,151,0,/Users/ianba/Desktop/COSMOS/final project/Cosmos-Gesture-Recognition-/data/processed/kaiwei_discrete/sessions/student1_bye_bye_008/trial_data.npz,/Users/ianba/Desktop/COSMOS/final project/Cosmos-Gesture-Recognition-/data/processed/kaiwei_discrete/sessions/student1_bye_bye_008,,
combined,kaiwei,t_arm,discrete,cosmos_multi_sensor_gesture,1,1,0,3.0,3.015284999999949,"mmwave,imu,uwb,rfid",30,9.949308274342394,301,151,150,0,/Users/ianba/Desktop/COSMOS/final project/Cosmos-Gesture-Recognition-/data/processed/kaiwei_discrete/sessions/student1_t_arm_001/trial_data.npz,/Users/ianba/Desktop/COSMOS/final project/Cosmos-Gesture-Recognition-/data/processed/kaiwei_discrete/sessions/student1_t_arm_001,,
combined,kaiwei,t_arm,discrete,cosmos_multi_sensor_gesture,2,1,0,3.0,3.009863999999993,"mmwave,imu,uwb,rfid",30,9.967227755141119,301,150,149,0,/Users/ianba/Desktop/COSMOS/final project/Cosmos-Gesture-Recognition-/data/processed/kaiwei_discrete/sessions/student1_t_arm_002/trial_data.npz,/Users/ianba/Desktop/COSMOS/final project/Cosmos-Gesture-Recognition-/data/processed/kaiwei_discrete/sessions/student1_t_arm_002,,
combined,kaiwei,t_arm,discrete,cosmos_multi_sensor_gesture,3,1,0,3.0,3.0163949999999886,"mmwave,imu,uwb,rfid",30,9.945647038932274,302,150,149,0,/Users/ianba/Desktop/COSMOS/final project/Cosmos-Gesture-Recognition-/data/processed/kaiwei_discrete/sessions/student1_t_arm_003/trial_data.npz,/Users/ianba/Desktop/COSMOS/final project/Cosmos-Gesture-Recognition-/data/processed/kaiwei_discrete/sessions/student1_t_arm_003,,
combined,kaiwei,t_arm,discrete,cosmos_multi_sensor_gesture,4,1,0,3.0,3.0200419999999895,"mmwave,imu,uwb,rfid",30,9.933636684522964,302,151,150,0,/Users/ianba/Desktop/COSMOS/final project/Cosmos-Gesture-Recognition-/data/processed/kaiwei_discrete/sessions/student1_t_arm_004/trial_data.npz,/Users/ianba/Desktop/COSMOS/final project/Cosmos-Gesture-Recognition-/data/processed/kaiwei_discrete/sessions/student1_t_arm_004,,
combined,kaiwei,t_arm,discrete,cosmos_multi_sensor_gesture,5,1,0,3.0,3.0098829999999452,"mmwave,imu,uwb,rfid",30,9.967164836640011,301,150,150,0,/Users/ianba/Desktop/COSMOS/final project/Cosmos-Gesture-Recognition-/data/processed/kaiwei_discrete/sessions/student1_t_arm_005/trial_data.npz,/Users/ianba/Desktop/COSMOS/final project/Cosmos-Gesture-Recognition-/data/processed/kaiwei_discrete/sessions/student1_t_arm_005,,
combined,kaiwei,t_arm,discrete,cosmos_multi_sensor_gesture,6,2,0,3.0,3.010477000000037,"mmwave,imu,uwb,rfid",30,9.96519820613133,301,151,148,0,/Users/ianba/Desktop/COSMOS/final project/Cosmos-Gesture-Recognition-/data/processed/kaiwei_discrete/sessions/student1_t_arm_006/trial_data.npz,/Users/ianba/Desktop/COSMOS/final project/Cosmos-Gesture-Recognition-/data/processed/kaiwei_discrete/sessions/student1_t_arm_006,,
combined,kaiwei,t_arm,discrete,cosmos_multi_sensor_gesture,7,1,0,3.0,3.024349999999913,"mmwave,imu,uwb,rfid",30,9.919486831881516,303,151,151,0,/Users/ianba/Desktop/COSMOS/final project/Cosmos-Gesture-Recognition-/data/processed/kaiwei_discrete/sessions/student1_t_arm_007/trial_data.npz,/Users/ianba/Desktop/COSMOS/final project/Cosmos-Gesture-Recognition-/data/processed/kaiwei_discrete/sessions/student1_t_arm_007,,
combined,kaiwei,t_arm,discrete,cosmos_multi_sensor_gesture,8,1,0,3.0,3.0241039999999657,"mmwave,imu,uwb,rfid",30,9.920293746511476,303,152,152,0,/Users/ianba/Desktop/COSMOS/final project/Cosmos-Gesture-Recognition-/data/processed/kaiwei_discrete/sessions/student1_t_arm_008/trial_data.npz,/Users/ianba/Desktop/COSMOS/final project/Cosmos-Gesture-Recognition-/data/processed/kaiwei_discrete/sessions/student1_t_arm_008,,
combined,kaiwei,raise_arms,discrete,cosmos_multi_sensor_gesture,1,1,0,3.0,3.0161130000000185,"mmwave,imu,uwb,rfid",30,9.946576935280547,302,151,151,0,/Users/ianba/Desktop/COSMOS/final project/Cosmos-Gesture-Recognition-/data/processed/kaiwei_discrete/sessions/student1_raise_arms_001/trial_data.npz,/Users/ianba/Desktop/COSMOS/final project/Cosmos-Gesture-Recognition-/data/processed/kaiwei_discrete/sessions/student1_raise_arms_001,,
combined,kaiwei,raise_arms,discrete,cosmos_multi_sensor_gesture,2,2,0,3.0,3.008613999999966,"mmwave,imu,uwb,rfid",30,9.971368876167013,301,151,151,0,/Users/ianba/Desktop/COSMOS/final project/Cosmos-Gesture-Recognition-/data/processed/kaiwei_discrete/sessions/student1_raise_arms_002/trial_data.npz,/Users/ianba/Desktop/COSMOS/final project/Cosmos-Gesture-Recognition-/data/processed/kaiwei_discrete/sessions/student1_raise_arms_002,,
combined,kaiwei,raise_arms,discrete,cosmos_multi_sensor_gesture,3,1,0,3.0,3.0188759999999775,"mmwave,imu,uwb,rfid",30,9.937473417258683,302,151,151,0,/Users/ianba/Desktop/COSMOS/final project/Cosmos-Gesture-Recognition-/data/processed/kaiwei_discrete/sessions/student1_raise_arms_003/trial_data.npz,/Users/ianba/Desktop/COSMOS/final project/Cosmos-Gesture-Recognition-/data/processed/kaiwei_discrete/sessions/student1_raise_arms_003,,
combined,kaiwei,raise_arms,discrete,cosmos_multi_sensor_gesture,4,1,0,3.0,3.0105740000000196,"mmwave,imu,uwb,rfid",30,9.9648771297433,301,150,149,0,/Users/ianba/Desktop/COSMOS/final project/Cosmos-Gesture-Recognition-/data/processed/kaiwei_discrete/sessions/student1_raise_arms_004/trial_data.npz,/Users/ianba/Desktop/COSMOS/final project/Cosmos-Gesture-Recognition-/data/processed/kaiwei_discrete/sessions/student1_raise_arms_004,,
combined,kaiwei,raise_arms,discrete,cosmos_multi_sensor_gesture,5,1,0,3.0,3.002599000000032,"mmwave,imu,uwb,rfid",30,9.991344165504511,301,150,149,0,/Users/ianba/Desktop/COSMOS/final project/Cosmos-Gesture-Recognition-/data/processed/kaiwei_discrete/sessions/student1_raise_arms_005/trial_data.npz,/Users/ianba/Desktop/COSMOS/final project/Cosmos-Gesture-Recognition-/data/processed/kaiwei_discrete/sessions/student1_raise_arms_005,,
combined,kaiwei,raise_arms,discrete,cosmos_multi_sensor_gesture,6,1,0,3.0,3.0098239999999805,"mmwave,imu,uwb,rfid",30,9.96736021774037,301,151,150,0,/Users/ianba/Desktop/COSMOS/final project/Cosmos-Gesture-Recognition-/data/processed/kaiwei_discrete/sessions/student1_raise_arms_006/trial_data.npz,/Users/ianba/Desktop/COSMOS/final project/Cosmos-Gesture-Recognition-/data/processed/kaiwei_discrete/sessions/student1_raise_arms_006,,
combined,kaiwei,raise_arms,discrete,cosmos_multi_sensor_gesture,7,1,0,3.0,3.020313999999985,"mmwave,imu,uwb,rfid",30,9.932742092378524,302,151,151,0,/Users/ianba/Desktop/COSMOS/final project/Cosmos-Gesture-Recognition-/data/processed/kaiwei_discrete/sessions/student1_raise_arms_007/trial_data.npz,/Users/ianba/Desktop/COSMOS/final project/Cosmos-Gesture-Recognition-/data/processed/kaiwei_discrete/sessions/student1_raise_arms_007,,
combined,kaiwei,raise_arms,discrete,cosmos_multi_sensor_gesture,8,1,0,3.0,3.004485999999929,"mmwave,imu,uwb,rfid",30,9.985068993498626,300,150,150,0,/Users/ianba/Desktop/COSMOS/final project/Cosmos-Gesture-Recognition-/data/processed/kaiwei_discrete/sessions/student1_raise_arms_008/trial_data.npz,/Users/ianba/Desktop/COSMOS/final project/Cosmos-Gesture-Recognition-/data/processed/kaiwei_discrete/sessions/student1_raise_arms_008,,
combined,kaiwei,fist_open,discrete,cosmos_multi_sensor_gesture,1,1,0,3.0,3.022085000000061,"mmwave,imu,uwb,rfid",31,10.257818691399935,302,152,152,0,/Users/ianba/Desktop/COSMOS/final project/Cosmos-Gesture-Recognition-/data/processed/kaiwei_discrete/sessions/student1_fist_open_001/trial_data.npz,/Users/ianba/Desktop/COSMOS/final project/Cosmos-Gesture-Recognition-/data/processed/kaiwei_discrete/sessions/student1_fist_open_001,,
combined,kaiwei,fist_open,discrete,cosmos_multi_sensor_gesture,2,1,0,3.0,3.0097379999999703,"mmwave,imu,uwb,rfid",30,9.967645024251379,301,150,150,0,/Users/ianba/Desktop/COSMOS/final project/Cosmos-Gesture-Recognition-/data/processed/kaiwei_discrete/sessions/student1_fist_open_002/trial_data.npz,/Users/ianba/Desktop/COSMOS/final project/Cosmos-Gesture-Recognition-/data/processed/kaiwei_discrete/sessions/student1_fist_open_002,,
combined,kaiwei,fist_open,discrete,cosmos_multi_sensor_gesture,3,1,0,3.0,3.0088590000000295,"mmwave,imu,uwb,rfid",30,9.970556945340313,301,151,151,0,/Users/ianba/Desktop/COSMOS/final project/Cosmos-Gesture-Recognition-/data/processed/kaiwei_discrete/sessions/student1_fist_open_003/trial_data.npz,/Users/ianba/Desktop/COSMOS/final project/Cosmos-Gesture-Recognition-/data/processed/kaiwei_discrete/sessions/student1_fist_open_003,,
combined,kaiwei,fist_open,discrete,cosmos_multi_sensor_gesture,4,2,0,3.0,3.0216050000000223,"mmwave,imu,uwb,rfid",30,9.928498264994856,302,151,150,0,/Users/ianba/Desktop/COSMOS/final project/Cosmos-Gesture-Recognition-/data/processed/kaiwei_discrete/sessions/student1_fist_open_004/trial_data.npz,/Users/ianba/Desktop/COSMOS/final project/Cosmos-Gesture-Recognition-/data/processed/kaiwei_discrete/sessions/student1_fist_open_004,,
combined,kaiwei,fist_open,discrete,cosmos_multi_sensor_gesture,5,1,0,3.0,3.0139460000000327,"mmwave,imu,uwb,rfid",30,9.953728434417762,301,151,151,0,/Users/ianba/Desktop/COSMOS/final project/Cosmos-Gesture-Recognition-/data/processed/kaiwei_discrete/sessions/student1_fist_open_005/trial_data.npz,/Users/ianba/Desktop/COSMOS/final project/Cosmos-Gesture-Recognition-/data/processed/kaiwei_discrete/sessions/student1_fist_open_005,,
combined,kaiwei,fist_open,discrete,cosmos_multi_sensor_gesture,6,1,0,3.0,3.0157800000000634,"mmwave,imu,uwb,rfid",30,9.947675228298937,302,151,151,0,/Users/ianba/Desktop/COSMOS/final project/Cosmos-Gesture-Recognition-/data/processed/kaiwei_discrete/sessions/student1_fist_open_006/trial_data.npz,/Users/ianba/Desktop/COSMOS/final project/Cosmos-Gesture-Recognition-/data/processed/kaiwei_discrete/sessions/student1_fist_open_006,,
combined,kaiwei,fist_open,discrete,cosmos_multi_sensor_gesture,7,1,0,3.0,3.00492799999995,"mmwave,imu,uwb,rfid",30,9.983600272619011,301,150,150,0,/Users/ianba/Desktop/COSMOS/final project/Cosmos-Gesture-Recognition-/data/processed/kaiwei_discrete/sessions/student1_fist_open_007/trial_data.npz,/Users/ianba/Desktop/COSMOS/final project/Cosmos-Gesture-Recognition-/data/processed/kaiwei_discrete/sessions/student1_fist_open_007,,
combined,kaiwei,fist_open,discrete,cosmos_multi_sensor_gesture,8,1,0,3.0,3.0018139999999676,"mmwave,imu,uwb,rfid",30,9.993956987341763,300,150,150,0,/Users/ianba/Desktop/COSMOS/final project/Cosmos-Gesture-Recognition-/data/processed/kaiwei_discrete/sessions/student1_fist_open_008/trial_data.npz,/Users/ianba/Desktop/COSMOS/final project/Cosmos-Gesture-Recognition-/data/processed/kaiwei_discrete/sessions/student1_fist_open_008,,
combined,kaiwei,one_arm_boxing,periodic,cosmos_multi_sensor_gesture,1,1,0,9.0,3.0,"mmwave,imu,uwb,rfid",30,10.0,300,150,150,0,/Users/ianba/Desktop/COSMOS/final project/Cosmos-Gesture-Recognition-/data/processed/kaiwei_periodic/sessions/student1_one_arm_boxing_001_seg000/trial_data.npz,/Users/ianba/Desktop/COSMOS/final project/Cosmos-Gesture-Recognition-/data/processed/kaiwei_periodic/sessions/student1_one_arm_boxing_001_seg000,,
combined,kaiwei,one_arm_boxing,periodic,cosmos_multi_sensor_gesture,1,1,1,9.0,2.9999999999999982,"mmwave,imu,uwb,rfid",30,10.000000000000005,300,150,150,0,/Users/ianba/Desktop/COSMOS/final project/Cosmos-Gesture-Recognition-/data/processed/kaiwei_periodic/sessions/student1_one_arm_boxing_001_seg001/trial_data.npz,/Users/ianba/Desktop/COSMOS/final project/Cosmos-Gesture-Recognition-/data/processed/kaiwei_periodic/sessions/student1_one_arm_boxing_001_seg001,,
combined,kaiwei,one_arm_boxing,periodic,cosmos_multi_sensor_gesture,1,1,2,9.0,3.0,"mmwave,imu,uwb,rfid",30,10.0,300,150,150,0,/Users/ianba/Desktop/COSMOS/final project/Cosmos-Gesture-Recognition-/data/processed/kaiwei_periodic/sessions/student1_one_arm_boxing_001_seg002/trial_data.npz,/Users/ianba/Desktop/COSMOS/final project/Cosmos-Gesture-Recognition-/data/processed/kaiwei_periodic/sessions/student1_one_arm_boxing_001_seg002,,
combined,kaiwei,one_arm_boxing,periodic,cosmos_multi_sensor_gesture,2,1,0,9.0,3.0,"mmwave,imu,uwb,rfid",30,10.0,299,150,150,0,/Users/ianba/Desktop/COSMOS/final project/Cosmos-Gesture-Recognition-/data/processed/kaiwei_periodic/sessions/student1_one_arm_boxing_002_seg000/trial_data.npz,/Users/ianba/Desktop/COSMOS/final project/Cosmos-Gesture-Recognition-/data/processed/kaiwei_periodic/sessions/student1_one_arm_boxing_002_seg000,,
combined,kaiwei,one_arm_boxing,periodic,cosmos_multi_sensor_gesture,2,1,1,9.0,3.0,"mmwave,imu,uwb,rfid",30,10.0,301,150,150,0,/Users/ianba/Desktop/COSMOS/final project/Cosmos-Gesture-Recognition-/data/processed/kaiwei_periodic/sessions/student1_one_arm_boxing_002_seg001/trial_data.npz,/Users/ianba/Desktop/COSMOS/final project/Cosmos-Gesture-Recognition-/data/processed/kaiwei_periodic/sessions/student1_one_arm_boxing_002_seg001,,
combined,kaiwei,one_arm_boxing,periodic,cosmos_multi_sensor_gesture,2,1,2,9.0,3.0,"mmwave,imu,uwb,rfid",30,10.0,300,150,150,0,/Users/ianba/Desktop/COSMOS/final project/Cosmos-Gesture-Recognition-/data/processed/kaiwei_periodic/sessions/student1_one_arm_boxing_002_seg002/trial_data.npz,/Users/ianba/Desktop/COSMOS/final project/Cosmos-Gesture-Recognition-/data/processed/kaiwei_periodic/sessions/student1_one_arm_boxing_002_seg002,,
combined,kaiwei,one_arm_boxing,periodic,cosmos_multi_sensor_gesture,3,1,0,9.0,3.0,"mmwave,imu,uwb,rfid",30,10.0,299,150,150,0,/Users/ianba/Desktop/COSMOS/final project/Cosmos-Gesture-Recognition-/data/processed/kaiwei_periodic/sessions/student1_one_arm_boxing_003_seg000/trial_data.npz,/Users/ianba/Desktop/COSMOS/final project/Cosmos-Gesture-Recognition-/data/processed/kaiwei_periodic/sessions/student1_one_arm_boxing_003_seg000,,
combined,kaiwei,one_arm_boxing,periodic,cosmos_multi_sensor_gesture,3,1,1,9.0,3.0,"mmwave,imu,uwb,rfid",30,10.0,300,150,150,0,/Users/ianba/Desktop/COSMOS/final project/Cosmos-Gesture-Recognition-/data/processed/kaiwei_periodic/sessions/student1_one_arm_boxing_003_seg001/trial_data.npz,/Users/ianba/Desktop/COSMOS/final project/Cosmos-Gesture-Recognition-/data/processed/kaiwei_periodic/sessions/student1_one_arm_boxing_003_seg001,,
combined,kaiwei,one_arm_boxing,periodic,cosmos_multi_sensor_gesture,3,1,2,9.0,3.0,"mmwave,imu,uwb,rfid",30,10.0,301,150,150,0,/Users/ianba/Desktop/COSMOS/final project/Cosmos-Gesture-Recognition-/data/processed/kaiwei_periodic/sessions/student1_one_arm_boxing_003_seg002/trial_data.npz,/Users/ianba/Desktop/COSMOS/final project/Cosmos-Gesture-Recognition-/data/processed/kaiwei_periodic/sessions/student1_one_arm_boxing_003_seg002,,
combined,kaiwei,clapping,periodic,cosmos_multi_sensor_gesture,1,1,0,9.0,3.0,"mmwave,imu,uwb,rfid",30,10.0,300,150,150,0,/Users/ianba/Desktop/COSMOS/final project/Cosmos-Gesture-Recognition-/data/processed/kaiwei_periodic/sessions/student1_clapping_001_seg000/trial_data.npz,/Users/ianba/Desktop/COSMOS/final project/Cosmos-Gesture-Recognition-/data/processed/kaiwei_periodic/sessions/student1_clapping_001_seg000,,
combined,kaiwei,clapping,periodic,cosmos_multi_sensor_gesture,1,1,1,9.0,3.0,"mmwave,imu,uwb,rfid",30,10.0,300,150,149,0,/Users/ianba/Desktop/COSMOS/final project/Cosmos-Gesture-Recognition-/data/processed/kaiwei_periodic/sessions/student1_clapping_001_seg001/trial_data.npz,/Users/ianba/Desktop/COSMOS/final project/Cosmos-Gesture-Recognition-/data/processed/kaiwei_periodic/sessions/student1_clapping_001_seg001,,
combined,kaiwei,clapping,periodic,cosmos_multi_sensor_gesture,1,1,2,9.0,3.0,"mmwave,imu,uwb,rfid",30,10.0,300,150,150,0,/Users/ianba/Desktop/COSMOS/final project/Cosmos-Gesture-Recognition-/data/processed/kaiwei_periodic/sessions/student1_clapping_001_seg002/trial_data.npz,/Users/ianba/Desktop/COSMOS/final project/Cosmos-Gesture-Recognition-/data/processed/kaiwei_periodic/sessions/student1_clapping_001_seg002,,
combined,kaiwei,clapping,periodic,cosmos_multi_sensor_gesture,2,1,0,9.0,3.0,"mmwave,imu,uwb,rfid",30,10.0,300,150,150,0,/Users/ianba/Desktop/COSMOS/final project/Cosmos-Gesture-Recognition-/data/processed/kaiwei_periodic/sessions/student1_clapping_002_seg000/trial_data.npz,/Users/ianba/Desktop/COSMOS/final project/Cosmos-Gesture-Recognition-/data/processed/kaiwei_periodic/sessions/student1_clapping_002_seg000,,
combined,kaiwei,clapping,periodic,cosmos_multi_sensor_gesture,2,1,1,9.0,3.0,"mmwave,imu,uwb,rfid",30,10.0,301,150,150,0,/Users/ianba/Desktop/COSMOS/final project/Cosmos-Gesture-Recognition-/data/processed/kaiwei_periodic/sessions/student1_clapping_002_seg001/trial_data.npz,/Users/ianba/Desktop/COSMOS/final project/Cosmos-Gesture-Recognition-/data/processed/kaiwei_periodic/sessions/student1_clapping_002_seg001,,
combined,kaiwei,clapping,periodic,cosmos_multi_sensor_gesture,2,1,2,9.0,3.0,"mmwave,imu,uwb,rfid",30,10.0,300,150,145,0,/Users/ianba/Desktop/COSMOS/final project/Cosmos-Gesture-Recognition-/data/processed/kaiwei_periodic/sessions/student1_clapping_002_seg002/trial_data.npz,/Users/ianba/Desktop/COSMOS/final project/Cosmos-Gesture-Recognition-/data/processed/kaiwei_periodic/sessions/student1_clapping_002_seg002,,
combined,kaiwei,clapping,periodic,cosmos_multi_sensor_gesture,3,1,0,9.0,3.0,"mmwave,imu,uwb,rfid",30,10.0,299,150,145,0,/Users/ianba/Desktop/COSMOS/final project/Cosmos-Gesture-Recognition-/data/processed/kaiwei_periodic/sessions/student1_clapping_003_seg000/trial_data.npz,/Users/ianba/Desktop/COSMOS/final project/Cosmos-Gesture-Recognition-/data/processed/kaiwei_periodic/sessions/student1_clapping_003_seg000,,
combined,kaiwei,clapping,periodic,cosmos_multi_sensor_gesture,3,1,1,9.0,3.0,"mmwave,imu,uwb,rfid",30,10.0,301,150,149,0,/Users/ianba/Desktop/COSMOS/final project/Cosmos-Gesture-Recognition-/data/processed/kaiwei_periodic/sessions/student1_clapping_003_seg001/trial_data.npz,/Users/ianba/Desktop/COSMOS/final project/Cosmos-Gesture-Recognition-/data/processed/kaiwei_periodic/sessions/student1_clapping_003_seg001,,
combined,kaiwei,clapping,periodic,cosmos_multi_sensor_gesture,3,1,2,9.0,3.0,"mmwave,imu,uwb,rfid",30,10.0,300,150,150,0,/Users/ianba/Desktop/COSMOS/final project/Cosmos-Gesture-Recognition-/data/processed/kaiwei_periodic/sessions/student1_clapping_003_seg002/trial_data.npz,/Users/ianba/Desktop/COSMOS/final project/Cosmos-Gesture-Recognition-/data/processed/kaiwei_periodic/sessions/student1_clapping_003_seg002,,
combined,kaiwei,two_arm_boxing,periodic,cosmos_multi_sensor_gesture,1,2,0,9.0,3.0,"mmwave,imu,uwb,rfid",30,10.0,300,150,150,0,/Users/ianba/Desktop/COSMOS/final project/Cosmos-Gesture-Recognition-/data/processed/kaiwei_periodic/sessions/student1_two_arm_boxing_001_seg000/trial_data.npz,/Users/ianba/Desktop/COSMOS/final project/Cosmos-Gesture-Recognition-/data/processed/kaiwei_periodic/sessions/student1_two_arm_boxing_001_seg000,,
combined,kaiwei,two_arm_boxing,periodic,cosmos_multi_sensor_gesture,1,2,1,9.0,3.0,"mmwave,imu,uwb,rfid",30,10.0,300,150,149,0,/Users/ianba/Desktop/COSMOS/final project/Cosmos-Gesture-Recognition-/data/processed/kaiwei_periodic/sessions/student1_two_arm_boxing_001_seg001/trial_data.npz,/Users/ianba/Desktop/COSMOS/final project/Cosmos-Gesture-Recognition-/data/processed/kaiwei_periodic/sessions/student1_two_arm_boxing_001_seg001,,
combined,kaiwei,two_arm_boxing,periodic,cosmos_multi_sensor_gesture,1,2,2,9.0,3.0,"mmwave,imu,uwb,rfid",30,10.0,300,150,150,0,/Users/ianba/Desktop/COSMOS/final project/Cosmos-Gesture-Recognition-/data/processed/kaiwei_periodic/sessions/student1_two_arm_boxing_001_seg002/trial_data.npz,/Users/ianba/Desktop/COSMOS/final project/Cosmos-Gesture-Recognition-/data/processed/kaiwei_periodic/sessions/student1_two_arm_boxing_001_seg002,,
combined,kaiwei,two_arm_boxing,periodic,cosmos_multi_sensor_gesture,2,1,0,9.0,3.0,"mmwave,imu,uwb,rfid",30,10.0,300,150,150,0,/Users/ianba/Desktop/COSMOS/final project/Cosmos-Gesture-Recognition-/data/processed/kaiwei_periodic/sessions/student1_two_arm_boxing_002_seg000/trial_data.npz,/Users/ianba/Desktop/COSMOS/final project/Cosmos-Gesture-Recognition-/data/processed/kaiwei_periodic/sessions/student1_two_arm_boxing_002_seg000,,
combined,kaiwei,two_arm_boxing,periodic,cosmos_multi_sensor_gesture,2,1,1,9.0,3.0,"mmwave,imu,uwb,rfid",30,10.0,300,150,150,0,/Users/ianba/Desktop/COSMOS/final project/Cosmos-Gesture-Recognition-/data/processed/kaiwei_periodic/sessions/student1_two_arm_boxing_002_seg001/trial_data.npz,/Users/ianba/Desktop/COSMOS/final project/Cosmos-Gesture-Recognition-/data/processed/kaiwei_periodic/sessions/student1_two_arm_boxing_002_seg001,,
combined,kaiwei,two_arm_boxing,periodic,cosmos_multi_sensor_gesture,2,1,2,9.0,3.0,"mmwave,imu,uwb,rfid",30,10.0,300,150,149,0,/Users/ianba/Desktop/COSMOS/final project/Cosmos-Gesture-Recognition-/data/processed/kaiwei_periodic/sessions/student1_two_arm_boxing_002_seg002/trial_data.npz,/Users/ianba/Desktop/COSMOS/final project/Cosmos-Gesture-Recognition-/data/processed/kaiwei_periodic/sessions/student1_two_arm_boxing_002_seg002,,
combined,kaiwei,two_arm_boxing,periodic,cosmos_multi_sensor_gesture,3,1,0,9.0,3.0,"mmwave,imu,uwb,rfid",30,10.0,300,150,150,0,/Users/ianba/Desktop/COSMOS/final project/Cosmos-Gesture-Recognition-/data/processed/kaiwei_periodic/sessions/student1_two_arm_boxing_003_seg000/trial_data.npz,/Users/ianba/Desktop/COSMOS/final project/Cosmos-Gesture-Recognition-/data/processed/kaiwei_periodic/sessions/student1_two_arm_boxing_003_seg000,,
combined,kaiwei,two_arm_boxing,periodic,cosmos_multi_sensor_gesture,3,1,1,9.0,3.0,"mmwave,imu,uwb,rfid",30,10.0,300,150,149,0,/Users/ianba/Desktop/COSMOS/final project/Cosmos-Gesture-Recognition-/data/processed/kaiwei_periodic/sessions/student1_two_arm_boxing_003_seg001/trial_data.npz,/Users/ianba/Desktop/COSMOS/final project/Cosmos-Gesture-Recognition-/data/processed/kaiwei_periodic/sessions/student1_two_arm_boxing_003_seg001,,
combined,kaiwei,two_arm_boxing,periodic,cosmos_multi_sensor_gesture,3,1,2,9.0,3.0,"mmwave,imu,uwb,rfid",30,10.0,300,150,150,0,/Users/ianba/Desktop/COSMOS/final project/Cosmos-Gesture-Recognition-/data/processed/kaiwei_periodic/sessions/student1_two_arm_boxing_003_seg002/trial_data.npz,/Users/ianba/Desktop/COSMOS/final project/Cosmos-Gesture-Recognition-/data/processed/kaiwei_periodic/sessions/student1_two_arm_boxing_003_seg002,,
combined,kaiwei,soli,periodic,cosmos_multi_sensor_gesture,1,1,0,9.0,3.0,"mmwave,imu,uwb,rfid",30,10.0,300,150,150,0,/Users/ianba/Desktop/COSMOS/final project/Cosmos-Gesture-Recognition-/data/processed/kaiwei_periodic/sessions/student1_soli_001_seg000/trial_data.npz,/Users/ianba/Desktop/COSMOS/final project/Cosmos-Gesture-Recognition-/data/processed/kaiwei_periodic/sessions/student1_soli_001_seg000,,
combined,kaiwei,soli,periodic,cosmos_multi_sensor_gesture,1,1,1,9.0,3.0,"mmwave,imu,uwb,rfid",30,10.0,300,150,150,0,/Users/ianba/Desktop/COSMOS/final project/Cosmos-Gesture-Recognition-/data/processed/kaiwei_periodic/sessions/student1_soli_001_seg001/trial_data.npz,/Users/ianba/Desktop/COSMOS/final project/Cosmos-Gesture-Recognition-/data/processed/kaiwei_periodic/sessions/student1_soli_001_seg001,,
combined,kaiwei,soli,periodic,cosmos_multi_sensor_gesture,1,1,2,9.0,3.0,"mmwave,imu,uwb,rfid",30,10.0,300,150,150,0,/Users/ianba/Desktop/COSMOS/final project/Cosmos-Gesture-Recognition-/data/processed/kaiwei_periodic/sessions/student1_soli_001_seg002/trial_data.npz,/Users/ianba/Desktop/COSMOS/final project/Cosmos-Gesture-Recognition-/data/processed/kaiwei_periodic/sessions/student1_soli_001_seg002,,
combined,kaiwei,soli,periodic,cosmos_multi_sensor_gesture,2,1,0,9.0,3.0,"mmwave,imu,uwb,rfid",30,10.0,300,150,150,0,/Users/ianba/Desktop/COSMOS/final project/Cosmos-Gesture-Recognition-/data/processed/kaiwei_periodic/sessions/student1_soli_002_seg000/trial_data.npz,/Users/ianba/Desktop/COSMOS/final project/Cosmos-Gesture-Recognition-/data/processed/kaiwei_periodic/sessions/student1_soli_002_seg000,,
combined,kaiwei,soli,periodic,cosmos_multi_sensor_gesture,2,1,1,9.0,3.0,"mmwave,imu,uwb,rfid",30,10.0,300,150,150,0,/Users/ianba/Desktop/COSMOS/final project/Cosmos-Gesture-Recognition-/data/processed/kaiwei_periodic/sessions/student1_soli_002_seg001/trial_data.npz,/Users/ianba/Desktop/COSMOS/final project/Cosmos-Gesture-Recognition-/data/processed/kaiwei_periodic/sessions/student1_soli_002_seg001,,
combined,kaiwei,soli,periodic,cosmos_multi_sensor_gesture,2,1,2,9.0,3.0,"mmwave,imu,uwb,rfid",30,10.0,299,150,150,0,/Users/ianba/Desktop/COSMOS/final project/Cosmos-Gesture-Recognition-/data/processed/kaiwei_periodic/sessions/student1_soli_002_seg002/trial_data.npz,/Users/ianba/Desktop/COSMOS/final project/Cosmos-Gesture-Recognition-/data/processed/kaiwei_periodic/sessions/student1_soli_002_seg002,,
combined,kaiwei,soli,periodic,cosmos_multi_sensor_gesture,3,2,0,9.0,3.0,"mmwave,imu,uwb,rfid",30,10.0,300,150,150,0,/Users/ianba/Desktop/COSMOS/final project/Cosmos-Gesture-Recognition-/data/processed/kaiwei_periodic/sessions/student1_soli_003_seg000/trial_data.npz,/Users/ianba/Desktop/COSMOS/final project/Cosmos-Gesture-Recognition-/data/processed/kaiwei_periodic/sessions/student1_soli_003_seg000,,
combined,kaiwei,soli,periodic,cosmos_multi_sensor_gesture,3,2,1,9.0,3.0,"mmwave,imu,uwb,rfid",30,10.0,300,150,150,0,/Users/ianba/Desktop/COSMOS/final project/Cosmos-Gesture-Recognition-/data/processed/kaiwei_periodic/sessions/student1_soli_003_seg001/trial_data.npz,/Users/ianba/Desktop/COSMOS/final project/Cosmos-Gesture-Recognition-/data/processed/kaiwei_periodic/sessions/student1_soli_003_seg001,,
combined,kaiwei,soli,periodic,cosmos_multi_sensor_gesture,3,2,2,9.0,3.0,"mmwave,imu,uwb,rfid",30,10.0,300,150,150,0,/Users/ianba/Desktop/COSMOS/final project/Cosmos-Gesture-Recognition-/data/processed/kaiwei_periodic/sessions/student1_soli_003_seg002/trial_data.npz,/Users/ianba/Desktop/COSMOS/final project/Cosmos-Gesture-Recognition-/data/processed/kaiwei_periodic/sessions/student1_soli_003_seg002,,
combined,kaiwei,palm_up_down,periodic,cosmos_multi_sensor_gesture,1,1,0,9.0,3.0,"mmwave,imu,uwb,rfid",30,10.0,300,150,150,0,/Users/ianba/Desktop/COSMOS/final project/Cosmos-Gesture-Recognition-/data/processed/kaiwei_periodic/sessions/student1_palm_up_down_001_seg000/trial_data.npz,/Users/ianba/Desktop/COSMOS/final project/Cosmos-Gesture-Recognition-/data/processed/kaiwei_periodic/sessions/student1_palm_up_down_001_seg000,,
combined,kaiwei,palm_up_down,periodic,cosmos_multi_sensor_gesture,1,1,1,9.0,3.0,"mmwave,imu,uwb,rfid",30,10.0,300,150,150,0,/Users/ianba/Desktop/COSMOS/final project/Cosmos-Gesture-Recognition-/data/processed/kaiwei_periodic/sessions/student1_palm_up_down_001_seg001/trial_data.npz,/Users/ianba/Desktop/COSMOS/final project/Cosmos-Gesture-Recognition-/data/processed/kaiwei_periodic/sessions/student1_palm_up_down_001_seg001,,
combined,kaiwei,palm_up_down,periodic,cosmos_multi_sensor_gesture,1,1,2,9.0,3.0,"mmwave,imu,uwb,rfid",30,10.0,300,150,150,0,/Users/ianba/Desktop/COSMOS/final project/Cosmos-Gesture-Recognition-/data/processed/kaiwei_periodic/sessions/student1_palm_up_down_001_seg002/trial_data.npz,/Users/ianba/Desktop/COSMOS/final project/Cosmos-Gesture-Recognition-/data/processed/kaiwei_periodic/sessions/student1_palm_up_down_001_seg002,,
combined,kaiwei,palm_up_down,periodic,cosmos_multi_sensor_gesture,2,1,0,9.0,3.0,"mmwave,imu,uwb,rfid",30,10.0,300,150,150,0,/Users/ianba/Desktop/COSMOS/final project/Cosmos-Gesture-Recognition-/data/processed/kaiwei_periodic/sessions/student1_palm_up_down_002_seg000/trial_data.npz,/Users/ianba/Desktop/COSMOS/final project/Cosmos-Gesture-Recognition-/data/processed/kaiwei_periodic/sessions/student1_palm_up_down_002_seg000,,
combined,kaiwei,palm_up_down,periodic,cosmos_multi_sensor_gesture,2,1,1,9.0,3.0,"mmwave,imu,uwb,rfid",30,10.0,300,150,150,0,/Users/ianba/Desktop/COSMOS/final project/Cosmos-Gesture-Recognition-/data/processed/kaiwei_periodic/sessions/student1_palm_up_down_002_seg001/trial_data.npz,/Users/ianba/Desktop/COSMOS/final project/Cosmos-Gesture-Recognition-/data/processed/kaiwei_periodic/sessions/student1_palm_up_down_002_seg001,,
combined,kaiwei,palm_up_down,periodic,cosmos_multi_sensor_gesture,2,1,2,9.0,3.0,"mmwave,imu,uwb,rfid",30,10.0,300,150,150,0,/Users/ianba/Desktop/COSMOS/final project/Cosmos-Gesture-Recognition-/data/processed/kaiwei_periodic/sessions/student1_palm_up_down_002_seg002/trial_data.npz,/Users/ianba/Desktop/COSMOS/final project/Cosmos-Gesture-Recognition-/data/processed/kaiwei_periodic/sessions/student1_palm_up_down_002_seg002,,
combined,kaiwei,palm_up_down,periodic,cosmos_multi_sensor_gesture,3,1,0,9.0,3.0,"mmwave,imu,uwb,rfid",30,10.0,300,150,150,0,/Users/ianba/Desktop/COSMOS/final project/Cosmos-Gesture-Recognition-/data/processed/kaiwei_periodic/sessions/student1_palm_up_down_003_seg000/trial_data.npz,/Users/ianba/Desktop/COSMOS/final project/Cosmos-Gesture-Recognition-/data/processed/kaiwei_periodic/sessions/student1_palm_up_down_003_seg000,,
combined,kaiwei,palm_up_down,periodic,cosmos_multi_sensor_gesture,3,1,1,9.0,3.0,"mmwave,imu,uwb,rfid",30,10.0,300,150,150,0,/Users/ianba/Desktop/COSMOS/final project/Cosmos-Gesture-Recognition-/data/processed/kaiwei_periodic/sessions/student1_palm_up_down_003_seg001/trial_data.npz,/Users/ianba/Desktop/COSMOS/final project/Cosmos-Gesture-Recognition-/data/processed/kaiwei_periodic/sessions/student1_palm_up_down_003_seg001,,
combined,kaiwei,palm_up_down,periodic,cosmos_multi_sensor_gesture,3,1,2,9.0,3.0,"mmwave,imu,uwb,rfid",30,10.0,300,150,150,0,/Users/ianba/Desktop/COSMOS/final project/Cosmos-Gesture-Recognition-/data/processed/kaiwei_periodic/sessions/student1_palm_up_down_003_seg002/trial_data.npz,/Users/ianba/Desktop/COSMOS/final project/Cosmos-Gesture-Recognition-/data/processed/kaiwei_periodic/sessions/student1_palm_up_down_003_seg002,,
